{
    "earlystopping": {
        "confusion_matrices": {
            "abs": [
                "[[1204, 56, 65, 3, 160], [49, 125, 82, 1, 214], [28, 47, 1713, 193, 1859], [3, 0, 56, 519, 341], [22, 10, 23, 2, 1109]]"
            ]
        },
        "markov_matrices": {
            "abs": {
                "actual": [
                    "[[1224, 231, 17, 0, 15], [74, 164, 222, 0, 11], [132, 73, 3531, 73, 31], [11, 0, 62, 846, 0], [46, 3, 8, 0, 1109]]"
                ],
                "predicted": [
                    "[[1083, 89, 17, 3, 113], [35, 92, 89, 1, 21], [52, 37, 1723, 23, 104], [9, 2, 16, 679, 12], [126, 18, 94, 12, 3433]]"
                ]
            }
        },
        "metrics": {
            "downstream": {
                "cohen_kappa": [
                    0.4688032065707868
                ],
                "f1_scores": {
                    "N1": [
                        0.3526093088857546
                    ],
                    "N2": [
                        0.5928361308184806
                    ],
                    "N3": [
                        0.6340867440439828
                    ],
                    "REM": [
                        0.4574138997731491
                    ],
                    "Wake": [
                        0.8618468146027202
                    ],
                    "macro": [
                        0.5797585796248175
                    ]
                },
                "loss": [
                    3.9944515228271484
                ],
                "precisions": {
                    "N1": [
                        0.5252100840336135
                    ],
                    "N2": [
                        0.8834450747808148
                    ],
                    "N3": [
                        0.7228412256267409
                    ],
                    "REM": [
                        0.301113222916101
                    ],
                    "Wake": [
                        0.9218989280245024
                    ],
                    "macro": [
                        0.6709017070763544
                    ]
                },
                "recalls": {
                    "N1": [
                        0.2653927813163482
                    ],
                    "N2": [
                        0.44609375
                    ],
                    "N3": [
                        0.5647442872687704
                    ],
                    "REM": [
                        0.951114922813036
                    ],
                    "Wake": [
                        0.8091397849462365
                    ],
                    "macro": [
                        0.6072971052688783
                    ]
                }
            }
        }
    },
    "test": {
        "confusion_matrices": {
            "abs": [
                "[[1886, 77, 114, 37, 402], [151, 138, 94, 12, 311], [184, 183, 2768, 947, 2449], [1, 0, 163, 1141, 222], [129, 6, 90, 37, 1909]]"
            ]
        },
        "markov_matrices": {
            "abs": {
                "actual": [
                    "[[2107, 335, 57, 1, 15], [101, 257, 328, 0, 20], [233, 100, 5972, 176, 50], [18, 3, 155, 1350, 1], [56, 11, 19, 0, 2085]]"
                ],
                "predicted": [
                    "[[1931, 160, 31, 26, 202], [79, 146, 131, 4, 44], [89, 53, 2803, 94, 190], [43, 8, 79, 2005, 39], [208, 37, 185, 45, 4818]]"
                ]
            }
        },
        "metrics": {
            "downstream": {
                "cohen_kappa": [
                    0.45655230693100946
                ],
                "f1_scores": {
                    "N1": [
                        0.24864864864864863
                    ],
                    "N2": [
                        0.5672131147540984
                    ],
                    "N3": [
                        0.61659011078087
                    ],
                    "REM": [
                        0.5115219721329046
                    ],
                    "Wake": [
                        0.7750154099034312
                    ],
                    "macro": [
                        0.5437978512439906
                    ]
                },
                "loss": [
                    3.7166674578631365
                ],
                "precisions": {
                    "N1": [
                        0.3415841584158416
                    ],
                    "N2": [
                        0.8572313409724373
                    ],
                    "N3": [
                        0.5248390064397425
                    ],
                    "REM": [
                        0.36066502928395994
                    ],
                    "Wake": [
                        0.8022118247554232
                    ],
                    "macro": [
                        0.5773062719734808
                    ]
                },
                "recalls": {
                    "N1": [
                        0.1954674220963173
                    ],
                    "N2": [
                        0.4238248354003981
                    ],
                    "N3": [
                        0.7472167648984938
                    ],
                    "REM": [
                        0.8793182865039152
                    ],
                    "Wake": [
                        0.7496025437201908
                    ],
                    "macro": [
                        0.599085970523863
                    ]
                }
            }
        }
    },
    "train": {},
    "valid_pretraining": {}
}
