{"earlystopping":{"confusion_matrices":{"abs":["[[6156, 53, 1462, 40, 247], [621, 69, 992, 77, 187], [1225, 97, 4908, 245, 153], [95, 22, 1269, 133, 12], [1321, 54, 781, 99, 527]]"]},"markov_matrices":{"abs":{"actual":["[[7584, 353, 15, 0, 5], [200, 1236, 385, 2, 123], [98, 210, 5964, 245, 111], [13, 14, 220, 1284, 0], [62, 133, 44, 0, 2543]]"],"predicted":["[[8101, 66, 863, 84, 303], [59, 104, 92, 16, 24], [875, 78, 8032, 216, 211], [132, 12, 186, 238, 26], [250, 35, 239, 40, 562]]"]}},"metrics":{"downstream":{"cohen_kappa":[0.3550569603364023],"f1_scores":{"N1":[0.06157965194109773],"N2":[0.6119700748129676],"N3":[0.1251764705882353],"REM":[0.26970317297850566],"Wake":[0.7085635359116023],"macro":[0.3553985812464817]},"loss":[2.3571226538681405],"precisions":{"N1":[0.23389830508474577],"N2":[0.5214619634509138],"N3":[0.2239057239057239],"REM":[0.46802841918294846],"Wake":[0.6536419622000424],"macro":[0.42018727476487483]},"recalls":{"N1":[0.03545734840698869],"N2":[0.7404948702474351],"N3":[0.0868713259307642],"REM":[0.18943206326383896],"Wake":[0.7735611962804725],"macro":[0.3651633608258999]}}}},"test":{"confusion_matrices":{"abs":["[[9308, 93, 2563, 105, 479], [1144, 115, 2733, 174, 326], [1941, 164, 9221, 534, 305], [243, 58, 2099, 157, 44], [2373, 75, 1250, 153, 721]]"]},"markov_matrices":{"abs":{"actual":["[[11874, 617, 28, 3, 25], [348, 3420, 622, 0, 102], [199, 328, 10935, 568, 135], [29, 16, 522, 2030, 4], [97, 111, 58, 0, 4306]]"],"predicted":["[[12797, 91, 1508, 158, 454], [90, 173, 176, 21, 45], [1539, 152, 15452, 393, 330], [231, 29, 328, 488, 47], [351, 60, 402, 63, 999]]"]}},"metrics":{"downstream":{"cohen_kappa":[0.32163827205246154],"f1_scores":{"N1":[0.04602761656994196],"N2":[0.6140987646099031],"N3":[0.08431793770139635],"REM":[0.22366992399565688],"Wake":[0.675545233515985],"macro":[0.32873189527857666]},"loss":[2.548390918307834],"precisions":{"N1":[0.22772277227722773],"N2":[0.5161200044777791],"N3":[0.13980409617097062],"REM":[0.38453333333333334],"Wake":[0.6201612365913785],"macro":[0.37766828857013784]},"recalls":{"N1":[0.02560106856634016],"N2":[0.7579942457870941],"N3":[0.060361399461745485],"REM":[0.15769903762029747],"Wake":[0.7417915205610456],"macro":[0.34868945439930454]}}}},"train":{},"valid_pretraining":{}}