{
    "earlystopping": {
        "confusion_matrices": {
            "abs": [
                "[[1036, 30, 206, 6, 94], [81, 49, 189, 4, 89], [207, 27, 2745, 328, 638], [2, 1, 257, 644, 1], [20, 18, 766, 7, 498]]"
            ]
        },
        "markov_matrices": {
            "abs": {
                "actual": [
                    "[[1122, 217, 18, 0, 15], [56, 131, 215, 0, 10], [138, 60, 3629, 84, 34], [13, 1, 70, 821, 0], [42, 3, 13, 0, 1250]]"
                ],
                "predicted": [
                    "[[1138, 53, 94, 8, 53], [12, 34, 60, 4, 15], [134, 24, 3698, 99, 208], [9, 3, 98, 878, 1], [52, 11, 213, 0, 1043]]"
                ]
            }
        },
        "metrics": {
            "downstream": {
                "cohen_kappa": [
                    0.44008802793133195
                ],
                "f1_scores": {
                    "N1": [
                        0.18249534450651772
                    ],
                    "N2": [
                        0.6771090281203749
                    ],
                    "N3": [
                        0.6800422386483633
                    ],
                    "REM": [
                        0.3788512742487638
                    ],
                    "Wake": [
                        0.7623252391464312
                    ],
                    "macro": [
                        0.5361646249340901
                    ]
                },
                "loss": [
                    2.2631402015686035
                ],
                "precisions": {
                    "N1": [
                        0.392
                    ],
                    "N2": [
                        0.6593802546240691
                    ],
                    "N3": [
                        0.6511627906976745
                    ],
                    "REM": [
                        0.37727272727272726
                    ],
                    "Wake": [
                        0.7696879643387816
                    ],
                    "macro": [
                        0.5699007473866506
                    ]
                },
                "recalls": {
                    "N1": [
                        0.11893203883495146
                    ],
                    "N2": [
                        0.6958174904942965
                    ],
                    "N3": [
                        0.7116022099447514
                    ],
                    "REM": [
                        0.3804430863254393
                    ],
                    "Wake": [
                        0.7551020408163265
                    ],
                    "macro": [
                        0.5323793732831531
                    ]
                }
            }
        }
    },
    "test": {
        "confusion_matrices": {
            "abs": [
                "[[1912, 18, 523, 37, 266], [160, 90, 302, 48, 181], [443, 40, 4780, 931, 911], [48, 3, 189, 1272, 2], [131, 52, 1066, 23, 946]]"
            ]
        },
        "markov_matrices": {
            "abs": {
                "actual": [
                    "[[2267, 413, 59, 2, 15], [177, 247, 342, 0, 14], [239, 108, 6570, 128, 60], [22, 0, 108, 1384, 0], [50, 13, 26, 0, 2129]]"
                ],
                "predicted": [
                    "[[2158, 90, 260, 74, 111], [28, 46, 109, 2, 18], [329, 44, 5866, 275, 346], [70, 3, 278, 1947, 13], [108, 20, 347, 13, 1818]]"
                ]
            }
        },
        "metrics": {
            "downstream": {
                "cohen_kappa": [
                    0.45476632270972495
                ],
                "f1_scores": {
                    "N1": [
                        0.18292682926829268
                    ],
                    "N2": [
                        0.6845685642678124
                    ],
                    "N3": [
                        0.6650980392156862
                    ],
                    "REM": [
                        0.4182139699381079
                    ],
                    "Wake": [
                        0.701651376146789
                    ],
                    "macro": [
                        0.5304917557673376
                    ]
                },
                "loss": [
                    2.0861900592672415
                ],
                "precisions": {
                    "N1": [
                        0.4433497536945813
                    ],
                    "N2": [
                        0.6967930029154519
                    ],
                    "N3": [
                        0.5504110774556469
                    ],
                    "REM": [
                        0.41023417172593235
                    ],
                    "Wake": [
                        0.7097253155159614
                    ],
                    "macro": [
                        0.5621026642615148
                    ]
                },
                "recalls": {
                    "N1": [
                        0.11523687580025609
                    ],
                    "N2": [
                        0.6727656579873329
                    ],
                    "N3": [
                        0.8401585204755614
                    ],
                    "REM": [
                        0.4265103697024346
                    ],
                    "Wake": [
                        0.6937590711175616
                    ],
                    "macro": [
                        0.5496860990166293
                    ]
                }
            }
        }
    },
    "train": {},
    "valid_pretraining": {}
}
