{
    "earlystopping": {
        "confusion_matrices": {
            "abs": [
                "[[1305, 104, 46, 3, 0], [34, 241, 116, 2, 15], [23, 82, 3181, 355, 61], [0, 3, 127, 920, 0], [10, 35, 61, 0, 959]]"
            ]
        },
        "markov_matrices": {
            "abs": {
                "actual": [
                    "[[1259, 184, 13, 0, 1], [48, 150, 197, 0, 13], [112, 70, 3412, 84, 24], [12, 1, 71, 966, 0], [26, 3, 9, 0, 1027]]"
                ],
                "predicted": [
                    "[[1170, 176, 18, 1, 6], [60, 224, 171, 0, 10], [99, 58, 3274, 57, 43], [17, 2, 39, 1222, 0], [25, 5, 29, 0, 976]]"
                ]
            }
        },
        "metrics": {
            "downstream": {
                "cohen_kappa": [
                    0.7997454087762458
                ],
                "f1_scores": {
                    "N1": [
                        0.5521191294387171
                    ],
                    "N2": [
                        0.879579704133831
                    ],
                    "N3": [
                        0.7896995708154506
                    ],
                    "REM": [
                        0.9133333333333333
                    ],
                    "Wake": [
                        0.9222614840989399
                    ],
                    "macro": [
                        0.8113986443640544
                    ]
                },
                "loss": [
                    0.4326871335506439
                ],
                "precisions": {
                    "N1": [
                        0.5182795698924731
                    ],
                    "N2": [
                        0.9008779382611158
                    ],
                    "N3": [
                        0.71875
                    ],
                    "REM": [
                        0.9265700483091788
                    ],
                    "Wake": [
                        0.9511661807580175
                    ],
                    "macro": [
                        0.803128747444157
                    ]
                },
                "recalls": {
                    "N1": [
                        0.5906862745098039
                    ],
                    "N2": [
                        0.8592652620205294
                    ],
                    "N3": [
                        0.8761904761904762
                    ],
                    "REM": [
                        0.9004694835680751
                    ],
                    "Wake": [
                        0.8950617283950617
                    ],
                    "macro": [
                        0.8243346449367893
                    ]
                }
            }
        }
    },
    "test": {
        "confusion_matrices": {
            "abs": [
                "[[1643, 120, 168, 39, 39], [71, 323, 167, 2, 21], [56, 125, 5849, 511, 101], [1, 0, 50, 1809, 0], [36, 67, 213, 2, 1852]]"
            ]
        },
        "markov_matrices": {
            "abs": {
                "actual": [
                    "[[1680, 283, 29, 0, 17], [67, 196, 302, 0, 18], [192, 88, 6163, 147, 52], [23, 1, 123, 1713, 0], [46, 16, 25, 0, 2083]]"
                ],
                "predicted": [
                    "[[1452, 275, 59, 3, 18], [65, 225, 329, 2, 14], [206, 99, 5907, 130, 104], [29, 10, 96, 2226, 2], [54, 26, 56, 2, 1875]]"
                ]
            }
        },
        "metrics": {
            "downstream": {
                "cohen_kappa": [
                    0.8028566337803147
                ],
                "f1_scores": {
                    "N1": [
                        0.5299425758818704
                    ],
                    "N2": [
                        0.893727557491023
                    ],
                    "N3": [
                        0.856736916883732
                    ],
                    "REM": [
                        0.8854888835763806
                    ],
                    "Wake": [
                        0.8611111111111112
                    ],
                    "macro": [
                        0.8054014089888234
                    ]
                },
                "loss": [
                    0.40593770834115833
                ],
                "precisions": {
                    "N1": [
                        0.5086614173228347
                    ],
                    "N2": [
                        0.90724367923065
                    ],
                    "N3": [
                        0.7655522640710961
                    ],
                    "REM": [
                        0.920019870839543
                    ],
                    "Wake": [
                        0.9092418372993912
                    ],
                    "macro": [
                        0.8021438137527029
                    ]
                },
                "recalls": {
                    "N1": [
                        0.553082191780822
                    ],
                    "N2": [
                        0.8806082505269497
                    ],
                    "N3": [
                        0.9725806451612903
                    ],
                    "REM": [
                        0.8534562211981567
                    ],
                    "Wake": [
                        0.8178198108511697
                    ],
                    "macro": [
                        0.8155094239036778
                    ]
                }
            }
        }
    },
    "train": {},
    "valid_pretraining": {}
}
