{
    "earlystopping": {
        "confusion_matrices": {
            "abs": [
                "[[1012, 58, 98, 7, 311], [40, 47, 158, 10, 206], [60, 6, 2751, 369, 642], [4, 0, 109, 809, 104], [18, 1, 17, 0, 1171]]"
            ]
        },
        "markov_matrices": {
            "abs": {
                "actual": [
                    "[[1212, 234, 24, 0, 15], [70, 143, 236, 0, 12], [144, 80, 3479, 94, 31], [13, 1, 80, 932, 0], [46, 3, 9, 0, 1149]]"
                ],
                "predicted": [
                    "[[913, 44, 51, 9, 117], [8, 46, 38, 0, 20], [71, 9, 2863, 113, 77], [16, 0, 107, 1068, 4], [126, 13, 73, 5, 2216]]"
                ]
            }
        },
        "metrics": {
            "downstream": {
                "cohen_kappa": [
                    0.6158316829704438
                ],
                "f1_scores": {
                    "N1": [
                        0.1640488656195462
                    ],
                    "N2": [
                        0.7904036776325241
                    ],
                    "N3": [
                        0.7285006753714542
                    ],
                    "REM": [
                        0.6432298819005768
                    ],
                    "Wake": [
                        0.7725190839694656
                    ],
                    "macro": [
                        0.6197404368987134
                    ]
                },
                "loss": [
                    1.8696238994598389
                ],
                "precisions": {
                    "N1": [
                        0.41964285714285715
                    ],
                    "N2": [
                        0.8780721353335461
                    ],
                    "N3": [
                        0.6769874476987447
                    ],
                    "REM": [
                        0.48110106820049303
                    ],
                    "Wake": [
                        0.892416225749559
                    ],
                    "macro": [
                        0.66964394682504
                    ]
                },
                "recalls": {
                    "N1": [
                        0.1019522776572668
                    ],
                    "N2": [
                        0.7186520376175548
                    ],
                    "N3": [
                        0.7884990253411306
                    ],
                    "REM": [
                        0.9701739850869926
                    ],
                    "Wake": [
                        0.6810228802153432
                    ],
                    "macro": [
                        0.6520600411836576
                    ]
                }
            }
        }
    },
    "test": {
        "confusion_matrices": {
            "abs": [
                "[[950, 47, 168, 28, 1020], [102, 82, 348, 10, 292], [126, 8, 5555, 397, 512], [2, 0, 299, 1208, 6], [31, 1, 187, 0, 2430]]"
            ]
        },
        "markov_matrices": {
            "abs": {
                "actual": [
                    "[[1846, 336, 22, 0, 8], [106, 332, 383, 0, 13], [188, 148, 6049, 144, 69], [24, 1, 119, 1371, 0], [48, 17, 25, 0, 2559]]"
                ],
                "predicted": [
                    "[[870, 69, 155, 4, 113], [16, 45, 54, 2, 21], [165, 15, 6022, 172, 183], [24, 1, 147, 1459, 12], [136, 8, 178, 6, 3931]]"
                ]
            }
        },
        "metrics": {
            "downstream": {
                "cohen_kappa": [
                    0.6217882531223617
                ],
                "f1_scores": {
                    "N1": [
                        0.16872427983539093
                    ],
                    "N2": [
                        0.8445458000760168
                    ],
                    "N3": [
                        0.7650411652944902
                    ],
                    "REM": [
                        0.7034303082935301
                    ],
                    "Wake": [
                        0.5549065420560747
                    ],
                    "macro": [
                        0.6073296191111005
                    ]
                },
                "loss": [
                    1.9829820703577112
                ],
                "precisions": {
                    "N1": [
                        0.5942028985507246
                    ],
                    "N2": [
                        0.8471862132072594
                    ],
                    "N3": [
                        0.7352404138770542
                    ],
                    "REM": [
                        0.5704225352112676
                    ],
                    "Wake": [
                        0.7844756399669695
                    ],
                    "macro": [
                        0.706305540162655
                    ]
                },
                "recalls": {
                    "N1": [
                        0.09832134292565947
                    ],
                    "N2": [
                        0.8419217944831767
                    ],
                    "N3": [
                        0.7973597359735973
                    ],
                    "REM": [
                        0.9173272933182333
                    ],
                    "Wake": [
                        0.42928151830094896
                    ],
                    "macro": [
                        0.6168423370003231
                    ]
                }
            }
        }
    },
    "train": {},
    "valid_pretraining": {}
}
