{"earlystopping":{},"train":{"metrics":{"freq":{"acc_freq":[0.01076,0.04631,0.04875,0.05097,0.0507,0.05462,0.05891,0.06819,0.07814,0.09184,0.10728,0.12492,0.1361,0.14868,0.15825,0.16424,0.1691,0.17392,0.17849,0.18108],"hamming_freq":[0.513719,0.5256985000000001,0.5572765,0.6110215,0.6814450000000001,0.7250135,0.745973,0.7720145,0.7981265,0.8255355,0.8482015,0.862889,0.8713095,0.8804575,0.8858735,0.889193,0.891727,0.893163,0.894759,0.8962165],"loss":[0.90284203125,0.6939575,0.68357671875,0.655338046875,0.61327421875,0.5735026953125,0.5397283203125,0.4802272265625,0.4234944921875,0.3701750390625,0.32477673828125,0.2928164453125,0.27383201171875,0.25469302734375,0.24155912109375,0.23364685546875,0.22778830078125,0.2236842578125,0.21995009765625,0.21669826171875]}}},"valid_pretraining":{"metrics":{"freq":{"acc_freq":[0.0,0.056,0.056,0.004,0.015,0.058,0.061,0.084,0.093,0.126,0.143,0.166,0.176,0.194,0.207,0.211,0.214,0.215,0.222,0.216,0.22],"hamming_freq":[0.5065999999999999,0.5298499999999999,0.55465,0.45215000000000005,0.52005,0.7150000000000001,0.74505,0.7761,0.8073,0.8392,0.86465,0.883,0.89055,0.90035,0.90535,0.9077999999999999,0.9083,0.9097,0.91105,0.9111,0.91115],"loss":[1.23308154296875,0.692052001953125,0.6883631591796875,0.8260341186523438,0.735286376953125,0.5919132690429687,0.54998583984375,0.4769152221679688,0.4414249267578125,0.36401068115234375,0.3089297180175781,0.2562928771972656,0.23894941711425782,0.2187117156982422,0.20430116271972656,0.1985377197265625,0.1943550720214844,0.1894829559326172,0.18768138122558595,0.18593942260742188,0.18213531494140625]}}}}