{"earlystopping":{"confusion_matrices":{"abs":["[[974, 63, 219, 6, 196], [79, 36, 171, 3, 119], [15, 19, 2943, 212, 513], [0, 0, 271, 734, 45], [35, 22, 162, 11, 835]]"]},"markov_matrices":{"abs":{"actual":["[[1259, 184, 13, 0, 1], [48, 150, 197, 0, 13], [112, 70, 3412, 84, 24], [12, 1, 71, 966, 0], [26, 3, 9, 0, 1027]]"],"predicted":["[[872, 37, 125, 3, 66], [23, 50, 47, 0, 20], [143, 27, 3247, 123, 225], [6, 3, 118, 833, 6], [59, 23, 229, 7, 1390]]"]}},"metrics":{"downstream":{"cohen_kappa":[0.5909405611387542],"f1_scores":{"N1":[0.13138686131386862],"N2":[0.7881628280664167],"N3":[0.7281746031746031],"REM":[0.6022358456545258],"Wake":[0.7606403748535727],"macro":[0.6021201026125974]},"loss":[2.436697006225586],"precisions":{"N1":[0.2571428571428571],"N2":[0.781465746149761],"N3":[0.7598343685300207],"REM":[0.4888758782201405],"Wake":[0.8830462375339981],"macro":[0.6340730175153555]},"recalls":{"N1":[0.08823529411764706],"N2":[0.7949756888168558],"N3":[0.699047619047619],"REM":[0.784037558685446],"Wake":[0.6680384087791496],"macro":[0.6068669138893436]}}}},"test":{"confusion_matrices":{"abs":["[[1044, 134, 296, 52, 483], [50, 96, 252, 7, 179], [64, 55, 5157, 359, 1007], [0, 0, 310, 1549, 1], [52, 63, 467, 18, 1570]]"]},"markov_matrices":{"abs":{"actual":["[[1680, 283, 29, 0, 17], [67, 196, 302, 0, 18], [192, 88, 6163, 147, 52], [23, 1, 123, 1713, 0], [46, 16, 25, 0, 2083]]"],"predicted":["[[893, 73, 157, 3, 84], [40, 137, 129, 2, 40], [182, 90, 5699, 210, 300], [10, 3, 189, 1764, 19], [84, 45, 308, 6, 2797]]"]}},"metrics":{"downstream":{"cohen_kappa":[0.5729227275146577],"f1_scores":{"N1":[0.20600858369098712],"N2":[0.7858884486437062],"N3":[0.8057217165149545],"REM":[0.5804066543438077],"Wake":[0.6486486486486486],"macro":[0.6053348103684209]},"loss":[2.270745350764348],"precisions":{"N1":[0.27586206896551724],"N2":[0.7955877815489046],"N3":[0.7803526448362721],"REM":[0.4845679012345679],"Wake":[0.8628099173553719],"macro":[0.6398360627881268]},"recalls":{"N1":[0.1643835616438356],"N2":[0.7764227642276422],"N3":[0.8327956989247312],"REM":[0.7235023041474654],"Wake":[0.5196615231458437],"macro":[0.6033531704179036]}}}},"train":{},"valid_pretraining":{}}