{"earlystopping":{"confusion_matrices":{"abs":["[[1116, 40, 45, 2, 169], [120, 59, 101, 5, 127], [726, 23, 1398, 336, 1462], [17, 0, 10, 705, 173], [104, 23, 94, 0, 1088]]"]},"markov_matrices":{"abs":{"actual":["[[1122, 217, 18, 0, 15], [56, 131, 215, 0, 10], [138, 60, 3629, 84, 34], [13, 1, 70, 821, 0], [42, 3, 13, 0, 1250]]"],"predicted":["[[1732, 75, 46, 23, 207], [11, 33, 77, 0, 23], [77, 31, 1476, 18, 46], [41, 0, 11, 953, 43], [221, 6, 38, 54, 2700]]"]}},"metrics":{"downstream":{"cohen_kappa":[0.41744990697729156],"f1_scores":{"N1":[0.2118491921005386],"N2":[0.4999106025388879],"N3":[0.7219662058371736],"REM":[0.5027726432532348],"Wake":[0.6460202604920406],"macro":[0.5165037808443751]},"loss":[6.042404651641846],"precisions":{"N1":[0.4068965517241379],"N2":[0.8483009708737864],"N3":[0.6727099236641222],"REM":[0.36038423318979795],"Wake":[0.5357657225156025],"macro":[0.5648114803934894]},"recalls":{"N1":[0.14320388349514562],"N2":[0.3543726235741445],"N3":[0.7790055248618785],"REM":[0.8311688311688312],"Wake":[0.8134110787172012],"macro":[0.5842323883634402]}}}},"test":{"confusion_matrices":{"abs":["[[2448, 14, 53, 5, 236], [378, 89, 78, 6, 230], [1016, 82, 3074, 661, 2272], [26, 0, 31, 1293, 164], [177, 48, 518, 4, 1471]]"]},"markov_matrices":{"abs":{"actual":["[[2267, 413, 59, 2, 15], [177, 247, 342, 0, 14], [239, 108, 6570, 128, 60], [22, 0, 108, 1384, 0], [50, 13, 26, 0, 2129]]"],"predicted":["[[3440, 106, 126, 28, 345], [34, 48, 104, 0, 46], [138, 62, 3364, 57, 133], [57, 1, 34, 1820, 57], [376, 15, 126, 64, 3792]]"]}},"metrics":{"downstream":{"cohen_kappa":[0.4469954796766815],"f1_scores":{"N1":[0.1755424063116371],"N2":[0.5661663136568744],"N3":[0.7424633936261843],"REM":[0.44636625701714455],"Wake":[0.7198941332157035],"macro":[0.5300865007655088]},"loss":[5.526983853044181],"precisions":{"N1":[0.38197424892703863],"N2":[0.8188598827916889],"N3":[0.6566785170137125],"REM":[0.33638234621541274],"Wake":[0.6051915945611867],"macro":[0.5598173179018079]},"recalls":{"N1":[0.11395646606914213],"N2":[0.4326530612244898],"N3":[0.8540290620871862],"REM":[0.6632100991884581],"Wake":[0.888243831640058],"macro":[0.5904185040418668]}}}},"train":{},"valid_pretraining":{}}