{"earlystopping":{"confusion_matrices":{"abs":["[[184, 136, 775, 72, 251], [81, 112, 401, 77, 124], [318, 319, 1254, 391, 334], [17, 13, 364, 859, 65], [260, 188, 418, 69, 306]]"]},"markov_matrices":{"abs":{"actual":["[[1126, 224, 50, 1, 17], [105, 349, 308, 1, 32], [110, 186, 2216, 66, 37], [28, 7, 32, 1250, 1], [48, 29, 10, 0, 1154]]"],"predicted":["[[531, 116, 72, 30, 111], [100, 431, 124, 29, 84], [80, 101, 2578, 247, 205], [32, 26, 254, 1094, 62], [116, 94, 184, 68, 618]]"]}},"metrics":{"downstream":{"cohen_kappa":[0.15948179234337512],"f1_scores":{"N1":[0.1433141394753679],"N2":[0.4303363074811256],"N3":[0.6166547020818378],"REM":[0.2636794485135717],"Wake":[0.16154521510096576],"macro":[0.3231059625305738]},"loss":[3.300927988688151],"precisions":{"N1":[0.14583333333333334],"N2":[0.3904109589041096],"N3":[0.5851498637602179],"REM":[0.2833333333333333],"Wake":[0.21395348837209302],"macro":[0.32373619554061744]},"recalls":{"N1":[0.14088050314465408],"N2":[0.4793577981651376],"N3":[0.6517450682852808],"REM":[0.2465753424657534],"Wake":[0.12976022566995768],"macro":[0.32966378754615666]}}}},"test":{"confusion_matrices":{"abs":["[[404, 423, 2871, 219, 767], [121, 243, 1453, 144, 352], [276, 420, 3464, 712, 740], [39, 38, 1426, 2227, 262], [287, 322, 1504, 152, 674]]"]},"markov_matrices":{"abs":{"actual":["[[4011, 610, 44, 4, 15], [319, 1176, 689, 6, 122], [195, 395, 4680, 248, 94], [57, 20, 176, 3734, 5], [101, 112, 23, 0, 2703]]"],"predicted":["[[602, 135, 136, 76, 178], [104, 729, 371, 61, 180], [185, 304, 9129, 541, 559], [73, 46, 575, 2576, 184], [163, 232, 506, 200, 1694]]"]}},"metrics":{"downstream":{"cohen_kappa":[0.158876392012812],"f1_scores":{"N1":[0.12928970470869913],"N2":[0.42424984690753215],"N3":[0.5981735159817352],"REM":[0.23508894314614578],"Wake":[0.13904663569093098],"macro":[0.30516972928700864]},"loss":[3.3405875181540465],"precisions":{"N1":[0.16804979253112035],"N2":[0.32319462586303416],"N3":[0.6447596988998263],"REM":[0.2411449016100179],"Wake":[0.35847382431233366],"macro":[0.3471245686432665]},"recalls":{"N1":[0.10505836575875487],"N2":[0.617248752672844],"N3":[0.5578657314629258],"REM":[0.2293297039809459],"Wake":[0.08625106746370624],"macro":[0.31915072426783536]}}}},"train":{},"valid_pretraining":{}}