{
    "earlystopping": {
        "confusion_matrices": {
            "abs": [
                "[[472, 351, 42, 68, 175], [16, 267, 54, 3, 88], [49, 879, 1950, 256, 963], [0, 115, 63, 566, 164], [4, 211, 106, 22, 910]]"
            ]
        },
        "markov_matrices": {
            "abs": {
                "actual": [
                    "[[862, 210, 21, 0, 14], [64, 148, 206, 0, 10], [130, 65, 3781, 89, 32], [11, 1, 77, 819, 0], [40, 4, 12, 0, 1197]]"
                ],
                "predicted": [
                    "[[337, 130, 25, 19, 30], [78, 1415, 140, 15, 175], [39, 103, 1902, 41, 130], [33, 17, 34, 775, 56], [53, 158, 114, 65, 1909]]"
                ]
            }
        },
        "metrics": {
            "downstream": {
                "cohen_kappa": [
                    0.39276688565788465
                ],
                "f1_scores": {
                    "N1": [
                        0.2372278987116837
                    ],
                    "N2": [
                        0.6178707224334601
                    ],
                    "N3": [
                        0.6209544706527702
                    ],
                    "REM": [
                        0.5122431747818744
                    ],
                    "Wake": [
                        0.572468162522741
                    ],
                    "macro": [
                        0.512152885820506
                    ]
                },
                "loss": [
                    2.6981935501098633
                ],
                "precisions": {
                    "N1": [
                        0.14646187602852442
                    ],
                    "N2": [
                        0.8803611738148984
                    ],
                    "N3": [
                        0.6185792349726776
                    ],
                    "REM": [
                        0.39565217391304347
                    ],
                    "Wake": [
                        0.8724584103512015
                    ],
                    "macro": [
                        0.5827025738160692
                    ]
                },
                "recalls": {
                    "N1": [
                        0.6238317757009346
                    ],
                    "N2": [
                        0.47595801806199656
                    ],
                    "N3": [
                        0.6233480176211453
                    ],
                    "REM": [
                        0.7262569832402235
                    ],
                    "Wake": [
                        0.4259927797833935
                    ],
                    "macro": [
                        0.5750775148815388
                    ]
                }
            }
        }
    },
    "test": {
        "confusion_matrices": {
            "abs": [
                "[[976, 630, 60, 106, 599], [62, 421, 49, 10, 212], [97, 1170, 2172, 244, 2801], [3, 7, 25, 963, 443], [32, 385, 143, 113, 1451]]"
            ]
        },
        "markov_matrices": {
            "abs": {
                "actual": [
                    "[[1925, 362, 71, 0, 13], [125, 270, 344, 1, 14], [256, 108, 5893, 174, 52], [18, 2, 155, 1266, 0], [46, 12, 21, 0, 2045]]"
                ],
                "predicted": [
                    "[[671, 327, 48, 32, 92], [230, 1759, 238, 22, 363], [71, 176, 1951, 60, 191], [52, 32, 49, 1206, 97], [146, 319, 163, 116, 4762]]"
                ]
            }
        },
        "metrics": {
            "downstream": {
                "cohen_kappa": [
                    0.31927497179137754
                ],
                "f1_scores": {
                    "N1": [
                        0.25007425007425005
                    ],
                    "N2": [
                        0.4862868017463338
                    ],
                    "N3": [
                        0.6694473409801877
                    ],
                    "REM": [
                        0.3803407601572739
                    ],
                    "Wake": [
                        0.5512567071448743
                    ],
                    "macro": [
                        0.4674811720205839
                    ]
                },
                "loss": [
                    3.0562169001652646
                ],
                "precisions": {
                    "N1": [
                        0.16111748947569843
                    ],
                    "N2": [
                        0.8868926092282564
                    ],
                    "N3": [
                        0.6706128133704735
                    ],
                    "REM": [
                        0.2635306937885943
                    ],
                    "Wake": [
                        0.8341880341880342
                    ],
                    "macro": [
                        0.5632683280102114
                    ]
                },
                "recalls": {
                    "N1": [
                        0.5583554376657824
                    ],
                    "N2": [
                        0.3349784083898828
                    ],
                    "N3": [
                        0.6682859125607217
                    ],
                    "REM": [
                        0.6831450094161958
                    ],
                    "Wake": [
                        0.41164065795023197
                    ],
                    "macro": [
                        0.5312810851965629
                    ]
                }
            }
        }
    },
    "train": {},
    "valid_pretraining": {}
}
