{"earlystopping":{"confusion_matrices":{"abs":["[[6734, 282, 33, 4, 63], [233, 814, 579, 36, 150], [86, 266, 5879, 488, 136], [4, 2, 316, 1108, 0], [134, 136, 351, 3, 2131]]"]},"markov_matrices":{"abs":{"actual":["[[6823, 271, 17, 0, 4], [151, 1184, 365, 3, 109], [78, 212, 6189, 261, 115], [11, 15, 238, 1166, 0], [52, 130, 46, 0, 2527]]"],"predicted":["[[6928, 206, 28, 5, 23], [96, 1024, 310, 0, 70], [97, 174, 6598, 174, 115], [24, 2, 153, 1460, 0], [45, 94, 69, 0, 2272]]"]}},"metrics":{"downstream":{"cohen_kappa":[0.7699330530718551],"f1_scores":{"N1":[0.4915458937198068],"N2":[0.8390779990009277],"N3":[0.722059302704464],"REM":[0.8141356255969436],"Wake":[0.9413573775075138],"macro":[0.7616352397059313]},"loss":[0.44298646388909757],"precisions":{"N1":[0.5426666666666666],"N2":[0.8213188041352333],"N3":[0.6760219646125687],"REM":[0.8592741935483871],"Wake":[0.9364483382005284],"macro":[0.767145993432677]},"recalls":{"N1":[0.4492273730684327],"N2":[0.8576221735959154],"N3":[0.7748251748251749],"REM":[0.773502722323049],"Wake":[0.9463181562675661],"macro":[0.7602991200160277]}}}},"test":{"confusion_matrices":{"abs":["[[12573, 1391, 533, 1, 924], [457, 1704, 1434, 2, 417], [154, 695, 9938, 395, 531], [8, 34, 1060, 1145, 6], [16, 187, 489, 0, 3251]]"]},"markov_matrices":{"abs":{"actual":["[[14659, 720, 37, 1, 4], [431, 2829, 660, 3, 91], [229, 338, 10472, 535, 139], [24, 14, 498, 1714, 3], [78, 113, 46, 0, 3706]]"],"predicted":["[[12498, 460, 99, 0, 150], [285, 2796, 760, 0, 170], [233, 479, 12209, 204, 329], [8, 5, 189, 1339, 2], [183, 271, 197, 0, 4478]]"]}},"metrics":{"downstream":{"cohen_kappa":[0.6717173766463118],"f1_scores":{"N1":[0.42467289719626167],"N2":[0.7897643739818015],"N3":[0.6032665964172813],"REM":[0.716710758377425],"Wake":[0.8783094655955291],"macro":[0.6825448183136598]},"loss":[0.6118770233572346],"precisions":{"N1":[0.42483171278982795],"N2":[0.738665081016798],"N3":[0.7420609202851588],"REM":[0.6338467537531682],"Wake":[0.9519230769230769],"macro":[0.698265508953606]},"recalls":{"N1":[0.42451420029895365],"N2":[0.8484589772048151],"N3":[0.5082112738570794],"REM":[0.8244991123510018],"Wake":[0.8152639087018545],"macro":[0.6841894944827409]}}}},"train":{},"valid_pretraining":{}}