{"earlystopping":{"confusion_matrices":{"abs":["[[1229, 26, 69, 88, 6], [352, 100, 221, 122, 0], [371, 106, 1378, 757, 4], [52, 1, 23, 1242, 0], [417, 49, 309, 144, 322]]"]},"markov_matrices":{"abs":{"actual":["[[1126, 224, 50, 1, 17], [105, 349, 308, 1, 32], [110, 186, 2216, 66, 37], [28, 7, 32, 1250, 1], [48, 29, 10, 0, 1154]]"],"predicted":["[[2043, 80, 163, 102, 33], [57, 81, 123, 16, 4], [167, 91, 1559, 123, 60], [108, 24, 108, 2091, 22], [45, 6, 47, 21, 213]]"]}},"metrics":{"downstream":{"cohen_kappa":[0.4540460894957362],"f1_scores":{"N1":[0.18570102135561745],"N2":[0.597053726169844],"N3":[0.6766548624353037],"REM":[0.4094087730451367],"Wake":[0.6402709038812191],"macro":[0.5018178573774242]},"loss":[1.7552600860595704],"precisions":{"N1":[0.3546099290780142],"N2":[0.689],"N3":[0.527836804079898],"REM":[0.9698795180722891],"Wake":[0.5076414704667492],"macro":[0.60979354433939]},"recalls":{"N1":[0.12578616352201258],"N2":[0.5267584097859327],"N3":[0.9423368740515933],"REM":[0.2594681708299758],"Wake":[0.8667136812411848],"macro":[0.5442126598861399]}}}},"test":{"confusion_matrices":{"abs":["[[4159, 91, 129, 302, 3], [1206, 249, 653, 196, 9], [695, 224, 3064, 1625, 4], [29, 8, 273, 3682, 0], [1683, 111, 527, 217, 401]]"]},"markov_matrices":{"abs":{"actual":["[[4011, 610, 44, 4, 15], [319, 1176, 689, 6, 122], [195, 395, 4680, 248, 94], [57, 20, 176, 3734, 5], [101, 112, 23, 0, 2703]]"],"predicted":["[[6861, 210, 415, 148, 138], [164, 208, 258, 42, 11], [417, 201, 3670, 311, 46], [201, 44, 258, 5505, 14], [128, 20, 45, 16, 208]]"]}},"metrics":{"downstream":{"cohen_kappa":[0.4665547016713112],"f1_scores":{"N1":[0.16622162883845126],"N2":[0.5973874049522324],"N3":[0.7353704813261434],"REM":[0.23897497020262218],"Wake":[0.6677906229929351],"macro":[0.48114902166247686]},"loss":[1.736789801181891],"precisions":{"N1":[0.3645680819912152],"N2":[0.6594920361601377],"N3":[0.6114247758219861],"REM":[0.9616306954436451],"Wake":[0.5351260936695831],"macro":[0.6264483366173135]},"recalls":{"N1":[0.10765239948119326],"N2":[0.5459729151817534],"N3":[0.9223446893787575],"REM":[0.13644096631507316],"Wake":[0.8879163108454312],"macro":[0.5200654562404418]}}}},"train":{},"valid_pretraining":{}}