{"earlystopping":{"confusion_matrices":{"abs":["[[7412, 173, 35, 0, 40], [445, 650, 577, 44, 211], [202, 320, 5682, 831, 71], [17, 1, 110, 999, 1], [206, 103, 401, 46, 2085]]"]},"markov_matrices":{"abs":{"actual":["[[7290, 345, 19, 0, 5], [197, 1257, 361, 3, 109], [94, 200, 6433, 271, 108], [13, 13, 248, 854, 0], [65, 112, 45, 0, 2619]]"],"predicted":["[[7827, 305, 93, 17, 39], [127, 836, 235, 1, 48], [191, 53, 6255, 178, 128], [47, 0, 147, 1723, 3], [89, 53, 75, 1, 2190]]"]}},"metrics":{"downstream":{"cohen_kappa":[0.7391669593809874],"f1_scores":{"N1":[0.4095778197857593],"N2":[0.8169074832866077],"N3":[0.655511811023622],"REM":[0.7944370356258335],"Wake":[0.9298707815832392],"macro":[0.7212609862610122]},"loss":[0.7093297911853325],"precisions":{"N1":[0.5212510024057738],"N2":[0.8349742836149889],"N3":[0.5203125],"REM":[0.8658637873754153],"Wake":[0.8949529099251389],"macro":[0.7274708966642633]},"recalls":{"N1":[0.33731188375713544],"N2":[0.7996059667886293],"N3":[0.8856382978723404],"REM":[0.73389651531151],"Wake":[0.9676240208877285],"macro":[0.7448153369234687]}}}},"test":{"confusion_matrices":{"abs":["[[10169, 355, 116, 1, 140], [1244, 897, 1036, 7, 521], [311, 421, 10478, 1373, 337], [19, 10, 347, 1660, 0], [231, 219, 779, 11, 3600]]"]},"markov_matrices":{"abs":{"actual":["[[10118, 616, 19, 0, 27], [361, 2625, 600, 0, 119], [180, 332, 11792, 467, 149], [22, 6, 436, 1569, 3], [99, 126, 73, 0, 4542]]"],"predicted":["[[11126, 478, 264, 8, 97], [265, 1265, 297, 0, 75], [361, 69, 11805, 275, 246], [49, 0, 232, 2767, 4], [172, 90, 158, 2, 4176]]"]}},"metrics":{"downstream":{"cohen_kappa":[0.6969161663261032],"f1_scores":{"N1":[0.31995719636169073],"N2":[0.8161707431064029],"N3":[0.6525157232704403],"REM":[0.7628734901462174],"Wake":[0.8937815864645133],"macro":[0.6890597478698528]},"loss":[0.858620259299207],"precisions":{"N1":[0.471608832807571],"N2":[0.821417372216996],"N3":[0.5439056356487549],"REM":[0.7829491083079599],"Wake":[0.8492567228996158],"macro":[0.6938275343761795]},"recalls":{"N1":[0.24210526315789474],"N2":[0.8109907120743034],"N3":[0.8153241650294696],"REM":[0.743801652892562],"Wake":[0.9432334662832761],"macro":[0.7110910518875011]}}}},"train":{},"valid_pretraining":{}}