{"earlystopping":{"confusion_matrices":{"abs":["[[5097, 221, 19, 4, 51], [232, 816, 492, 13, 174], [22, 261, 5912, 465, 182], [3, 1, 378, 1176, 0], [18, 101, 174, 0, 2389]]"]},"markov_matrices":{"abs":{"actual":["[[5051, 318, 17, 0, 5], [183, 1134, 318, 2, 90], [88, 164, 6222, 274, 94], [12, 10, 254, 1282, 0], [57, 101, 31, 0, 2493]]"],"predicted":["[[5105, 251, 9, 0, 6], [98, 928, 324, 1, 49], [100, 154, 6385, 206, 130], [13, 8, 186, 1451, 0], [55, 59, 71, 0, 2611]]"]}},"metrics":{"downstream":{"cohen_kappa":[0.7886592678273479],"f1_scores":{"N1":[0.5219059801726895],"N2":[0.8557574003039734],"N3":[0.7313432835820896],"REM":[0.8722161372763783],"Wake":[0.9470457079152731],"macro":[0.7856537018500808]},"loss":[0.39395780033535427],"precisions":{"N1":[0.5828571428571429],"N2":[0.8475985663082437],"N3":[0.7092882991556092],"REM":[0.8544349070100143],"Wake":[0.9488086373790022],"macro":[0.7885975105420024]},"recalls":{"N1":[0.472495657209033],"N2":[0.8640748319204911],"N3":[0.754813863928113],"REM":[0.8907531692766593],"Wake":[0.9452893175074184],"macro":[0.785485367968343]}}}},"test":{"confusion_matrices":{"abs":["[[8158, 558, 98, 17, 134], [770, 1552, 1265, 44, 388], [47, 418, 9340, 610, 671], [4, 4, 444, 1723, 1], [130, 184, 416, 1, 3659]]"]},"markov_matrices":{"abs":{"actual":["[[8369, 557, 27, 1, 10], [330, 3076, 529, 0, 84], [166, 277, 10122, 394, 127], [26, 9, 359, 1780, 2], [73, 100, 49, 1, 4167]]"],"predicted":["[[8556, 484, 16, 2, 50], [239, 1807, 517, 0, 153], [153, 281, 10585, 266, 278], [15, 7, 245, 2127, 1], [145, 137, 200, 0, 4371]]"]}},"metrics":{"downstream":{"cohen_kappa":[0.72505368021445],"f1_scores":{"N1":[0.4608760207869339],"N2":[0.8247604750761623],"N3":[0.7538831765478013],"REM":[0.7917342854051714],"Wake":[0.9027332079229833],"macro":[0.7467974331478104]},"loss":[0.5209866841634114],"precisions":{"N1":[0.5714285714285714],"N2":[0.8077488541036063],"N3":[0.7194154488517746],"REM":[0.7539666185864414],"Wake":[0.8955977604566911],"macro":[0.7496314506854169]},"recalls":{"N1":[0.3861657128638965],"N2":[0.8425040591737326],"N3":[0.7918198529411765],"REM":[0.8334851936218679],"Wake":[0.9099832682654768],"macro":[0.7527916173732301]}}}},"train":{},"valid_pretraining":{}}