{
    "earlystopping": {
        "confusion_matrices": {
            "abs": [
                "[[1220, 75, 189, 1, 1], [121, 88, 251, 1, 0], [468, 152, 2875, 333, 0], [65, 53, 96, 812, 0], [580, 113, 513, 1, 0]]"
            ]
        },
        "markov_matrices": {
            "abs": {
                "actual": [
                    "[[1212, 234, 24, 0, 15], [70, 143, 236, 0, 12], [144, 80, 3479, 94, 31], [13, 1, 80, 932, 0], [46, 3, 9, 0, 1149]]"
                ],
                "predicted": [
                    "[[2000, 213, 217, 23, 0], [123, 197, 155, 5, 1], [305, 66, 3445, 108, 0], [25, 4, 107, 1012, 0], [0, 1, 0, 0, 0]]"
                ]
            }
        },
        "metrics": {
            "downstream": {
                "cohen_kappa": [
                    0.4523751852946666
                ],
                "f1_scores": {
                    "N1": [
                        0.18683651804670912
                    ],
                    "N2": [
                        0.7417440660474717
                    ],
                    "N3": [
                        0.7470101195952161
                    ],
                    "REM": [
                        0.0
                    ],
                    "Wake": [
                        0.6192893401015229
                    ],
                    "macro": [
                        0.45897600875818395
                    ]
                },
                "loss": [
                    3.9798154830932617
                ],
                "precisions": {
                    "N1": [
                        0.18295218295218296
                    ],
                    "N2": [
                        0.7326707441386341
                    ],
                    "N3": [
                        0.7073170731707317
                    ],
                    "REM": [
                        0.0
                    ],
                    "Wake": [
                        0.4971475142624287
                    ],
                    "macro": [
                        0.4240175029047954
                    ]
                },
                "recalls": {
                    "N1": [
                        0.19088937093275488
                    ],
                    "N2": [
                        0.7510449320794148
                    ],
                    "N3": [
                        0.7914230019493177
                    ],
                    "REM": [
                        0.0
                    ],
                    "Wake": [
                        0.8209959623149394
                    ],
                    "macro": [
                        0.5108706534552854
                    ]
                }
            }
        }
    },
    "test": {
        "confusion_matrices": {
            "abs": [
                "[[1532, 81, 584, 16, 0], [397, 69, 365, 1, 2], [1063, 36, 5105, 393, 1], [72, 0, 202, 1241, 0], [890, 74, 1673, 0, 12]]"
            ]
        },
        "markov_matrices": {
            "abs": {
                "actual": [
                    "[[1846, 336, 22, 0, 8], [106, 332, 383, 0, 13], [188, 148, 6049, 144, 69], [24, 1, 119, 1371, 0], [48, 17, 25, 0, 2559]]"
                ],
                "predicted": [
                    "[[3334, 166, 411, 42, 1], [47, 50, 161, 0, 2], [521, 44, 7228, 134, 1], [52, 0, 124, 1475, 0], [0, 0, 4, 0, 11]]"
                ]
            }
        },
        "metrics": {
            "downstream": {
                "cohen_kappa": [
                    0.36323875311229714
                ],
                "f1_scores": {
                    "N1": [
                        0.12614259597806216
                    ],
                    "N2": [
                        0.7028292145659806
                    ],
                    "N3": [
                        0.7839545167403665
                    ],
                    "REM": [
                        0.00900900900900901
                    ],
                    "Wake": [
                        0.49683800875628337
                    ],
                    "macro": [
                        0.42375466900994035
                    ]
                },
                "loss": [
                    5.849902682834202
                ],
                "precisions": {
                    "N1": [
                        0.2653846153846154
                    ],
                    "N2": [
                        0.6438390717618867
                    ],
                    "N3": [
                        0.7516656571774682
                    ],
                    "REM": [
                        0.8
                    ],
                    "Wake": [
                        0.3874557410217501
                    ],
                    "macro": [
                        0.569669017069144
                    ]
                },
                "recalls": {
                    "N1": [
                        0.08273381294964029
                    ],
                    "N2": [
                        0.7737193088814792
                    ],
                    "N3": [
                        0.8191419141914191
                    ],
                    "REM": [
                        0.004530011325028313
                    ],
                    "Wake": [
                        0.6922729326705829
                    ],
                    "macro": [
                        0.47447959600363
                    ]
                }
            }
        }
    },
    "train": {},
    "valid_pretraining": {}
}
