{
    "earlystopping": {
        "confusion_matrices": {
            "abs": [
                "[[1217, 94, 118, 6, 51], [48, 204, 159, 0, 50], [139, 68, 3260, 287, 74], [0, 0, 179, 847, 0], [8, 34, 101, 0, 1064]]"
            ]
        },
        "markov_matrices": {
            "abs": {
                "actual": [
                    "[[1212, 234, 24, 0, 15], [70, 143, 236, 0, 12], [144, 80, 3479, 94, 31], [13, 1, 80, 932, 0], [46, 3, 9, 0, 1149]]"
                ],
                "predicted": [
                    "[[1195, 162, 31, 2, 21], [55, 177, 142, 0, 26], [105, 42, 3555, 66, 49], [14, 2, 52, 1072, 0], [43, 17, 36, 0, 1143]]"
                ]
            }
        },
        "metrics": {
            "downstream": {
                "cohen_kappa": [
                    0.7455772410336072
                ],
                "f1_scores": {
                    "N1": [
                        0.4738675958188153
                    ],
                    "N2": [
                        0.8528449967298888
                    ],
                    "N3": [
                        0.7820867959372114
                    ],
                    "REM": [
                        0.8699918233851186
                    ],
                    "Wake": [
                        0.8398895790200138
                    ],
                    "macro": [
                        0.7637361581782095
                    ]
                },
                "loss": [
                    0.9227673411369324
                ],
                "precisions": {
                    "N1": [
                        0.51
                    ],
                    "N2": [
                        0.8540738800104795
                    ],
                    "N3": [
                        0.7429824561403509
                    ],
                    "REM": [
                        0.8587570621468926
                    ],
                    "Wake": [
                        0.8618980169971672
                    ],
                    "macro": [
                        0.765542283058978
                    ]
                },
                "recalls": {
                    "N1": [
                        0.44251626898047725
                    ],
                    "N2": [
                        0.851619644723093
                    ],
                    "N3": [
                        0.8255360623781677
                    ],
                    "REM": [
                        0.8815244407622204
                    ],
                    "Wake": [
                        0.8189771197846568
                    ],
                    "macro": [
                        0.764034707325723
                    ]
                }
            }
        }
    },
    "test": {
        "confusion_matrices": {
            "abs": [
                "[[1317, 125, 172, 21, 578], [124, 309, 258, 12, 131], [119, 83, 5799, 402, 195], [0, 0, 263, 1252, 0], [13, 21, 378, 3, 2234]]"
            ]
        },
        "markov_matrices": {
            "abs": {
                "actual": [
                    "[[1846, 336, 22, 0, 8], [106, 332, 383, 0, 13], [188, 148, 6049, 144, 69], [24, 1, 119, 1371, 0], [48, 17, 25, 0, 2559]]"
                ],
                "predicted": [
                    "[[1191, 278, 52, 16, 36], [97, 201, 213, 0, 27], [184, 46, 6376, 139, 124], [31, 0, 124, 1534, 1], [70, 13, 104, 1, 2950]]"
                ]
            }
        },
        "metrics": {
            "downstream": {
                "cohen_kappa": [
                    0.6934801818612308
                ],
                "f1_scores": {
                    "N1": [
                        0.45043731778425655
                    ],
                    "N2": [
                        0.8611523611523612
                    ],
                    "N3": [
                        0.7812792511700468
                    ],
                    "REM": [
                        0.7720753412821842
                    ],
                    "Wake": [
                        0.6957210776545166
                    ],
                    "macro": [
                        0.7121330698086731
                    ]
                },
                "loss": [
                    1.277125323260272
                ],
                "precisions": {
                    "N1": [
                        0.5743494423791822
                    ],
                    "N2": [
                        0.8441048034934497
                    ],
                    "N3": [
                        0.7408284023668639
                    ],
                    "REM": [
                        0.7119184193753983
                    ],
                    "Wake": [
                        0.8372536554354736
                    ],
                    "macro": [
                        0.7416909446100736
                    ]
                },
                "recalls": {
                    "N1": [
                        0.37050359712230213
                    ],
                    "N2": [
                        0.8789026977872082
                    ],
                    "N3": [
                        0.8264026402640264
                    ],
                    "REM": [
                        0.8433371083427709
                    ],
                    "Wake": [
                        0.5951197469498418
                    ],
                    "macro": [
                        0.7028531580932299
                    ]
                }
            }
        }
    },
    "train": {},
    "valid_pretraining": {}
}
