{"earlystopping":{"confusion_matrices":{"abs":["[[7066, 507, 24, 4, 59], [449, 771, 462, 66, 179], [355, 655, 5362, 554, 180], [29, 19, 259, 816, 5], [366, 283, 187, 57, 1948]]"]},"markov_matrices":{"abs":{"actual":["[[7290, 345, 19, 0, 5], [197, 1257, 361, 3, 109], [94, 200, 6433, 271, 108], [13, 13, 248, 854, 0], [65, 112, 45, 0, 2619]]"],"predicted":["[[7704, 349, 135, 15, 61], [246, 1458, 373, 26, 132], [152, 256, 5558, 172, 156], [48, 36, 124, 1277, 12], [114, 136, 104, 7, 2010]]"]}},"metrics":{"downstream":{"cohen_kappa":[0.6828672339139783],"f1_scores":{"N1":[0.37049495434887075],"N2":[0.8002985074626866],"N3":[0.6217142857142857],"REM":[0.7475057559478128],"Wake":[0.8874097331240188],"macro":[0.6854846473195348]},"loss":[1.386552019817073],"precisions":{"N1":[0.34496644295302015],"N2":[0.851922465840483],"N3":[0.5450901803607214],"REM":[0.8215942640236187],"Wake":[0.8549304295220811],"macro":[0.683700756539985]},"recalls":{"N1":[0.4001037882719253],"N2":[0.7545735997748382],"N3":[0.723404255319149],"REM":[0.6856740584301302],"Wake":[0.9224543080939948],"macro":[0.6972420019780075]}}}},"test":{"confusion_matrices":{"abs":["[[10189, 445, 44, 8, 95], [1677, 961, 681, 13, 373], [1268, 941, 9370, 781, 560], [126, 35, 796, 1075, 4], [809, 396, 569, 14, 3052]]"]},"markov_matrices":{"abs":{"actual":["[[10118, 616, 19, 0, 27], [361, 2625, 600, 0, 119], [180, 332, 11792, 467, 149], [22, 6, 436, 1569, 3], [99, 126, 73, 0, 4542]]"],"predicted":["[[12930, 451, 426, 52, 209], [361, 1729, 437, 31, 220], [394, 364, 10203, 246, 253], [90, 41, 185, 1550, 25], [293, 193, 209, 12, 3377]]"]}},"metrics":{"downstream":{"cohen_kappa":[0.6075273451013841],"f1_scores":{"N1":[0.29646768471386703],"N2":[0.7686628383921247],"N3":[0.5474917239623122],"REM":[0.683998207082026],"Wake":[0.8200402414486921],"macro":[0.6233321391198045]},"loss":[1.8442664075253614],"precisions":{"N1":[0.3459323254139669],"N2":[0.8176265270506108],"N3":[0.5684822845055526],"REM":[0.7473065621939275],"Wake":[0.7242163622147985],"macro":[0.6407128122757713]},"recalls":{"N1":[0.25937921727395413],"N2":[0.7252321981424149],"N3":[0.5279960707269156],"REM":[0.6305785123966943],"Wake":[0.9450885817642148],"macro":[0.6176549160608388]}}}},"train":{},"valid_pretraining":{}}