{"earlystopping":{"confusion_matrices":{"abs":["[[4965, 139, 112, 1, 175], [261, 338, 764, 11, 353], [64, 68, 6093, 286, 331], [10, 2, 816, 725, 5], [19, 7, 194, 0, 2462]]"]},"markov_matrices":{"abs":{"actual":["[[5051, 318, 17, 0, 5], [183, 1134, 318, 2, 90], [88, 164, 6222, 274, 94], [12, 10, 254, 1282, 0], [57, 101, 31, 0, 2493]]"],"predicted":["[[4991, 137, 104, 2, 84], [58, 256, 193, 1, 46], [131, 95, 7244, 230, 279], [14, 6, 210, 787, 6], [124, 60, 228, 3, 2911]]"]}},"metrics":{"downstream":{"cohen_kappa":[0.7215983093377569],"f1_scores":{"N1":[0.29636124506795264],"N2":[0.8222117266041428],"N3":[0.5617977528089888],"REM":[0.8195739014647138],"Wake":[0.9270843058537952],"macro":[0.6854057863599186]},"loss":[1.6781397925482855],"precisions":{"N1":[0.6101083032490975],"N2":[0.763629527509713],"N3":[0.7086999022482894],"REM":[0.7402285027059531],"Wake":[0.9334461364918217],"macro":[0.7512224744409749]},"recalls":{"N1":[0.19571511291256513],"N2":[0.8905290850628471],"N3":[0.4653401797175867],"REM":[0.9179716629381058],"Wake":[0.9208086053412463],"macro":[0.6780729291944703]}}}},"test":{"confusion_matrices":{"abs":["[[8019, 209, 214, 38, 485], [779, 535, 1848, 36, 821], [52, 81, 9014, 563, 1376], [1, 1, 784, 1345, 45], [49, 41, 420, 1, 3879]]"]},"markov_matrices":{"abs":{"actual":["[[8369, 557, 27, 1, 10], [330, 3076, 529, 0, 84], [166, 277, 10122, 394, 127], [26, 9, 359, 1780, 2], [73, 100, 49, 1, 4167]]"],"predicted":["[[8364, 202, 136, 14, 183], [80, 461, 255, 4, 67], [196, 123, 10998, 322, 641], [23, 6, 301, 1622, 31], [236, 75, 590, 21, 5684]]"]}},"metrics":{"downstream":{"cohen_kappa":[0.6496139759808006],"f1_scores":{"N1":[0.21899304134261155],"N2":[0.7715484036634426],"N3":[0.6467900937725415],"REM":[0.705529283375773],"Wake":[0.8977329974811084],"macro":[0.6481187639270953]},"loss":[2.3580042521158853],"precisions":{"N1":[0.6170703575547867],"N2":[0.7340390879478828],"N3":[0.6782652546646495],"REM":[0.5871934604904632],"Wake":[0.9010112359550562],"macro":[0.7035158793225676]},"recalls":{"N1":[0.13311769096790246],"N2":[0.8130976005773047],"N3":[0.6181066176470589],"REM":[0.8835990888382688],"Wake":[0.894478527607362],"macro":[0.6684799051275794]}}}},"train":{},"valid_pretraining":{}}