{"earlystopping":{"confusion_matrices":{"abs":["[[427, 742, 451, 30, 56], [160, 279, 407, 29, 35], [370, 381, 1377, 161, 66], [58, 89, 545, 682, 8], [367, 324, 272, 16, 114]]"]},"markov_matrices":{"abs":{"actual":["[[1401, 259, 37, 0, 9], [125, 439, 301, 1, 44], [114, 165, 1969, 73, 33], [25, 5, 43, 1308, 1], [40, 42, 5, 0, 1006]]"],"predicted":["[[786, 217, 275, 39, 65], [191, 1189, 349, 31, 55], [293, 320, 2197, 196, 45], [45, 31, 184, 644, 14], [67, 57, 47, 8, 100]]"]}},"metrics":{"downstream":{"cohen_kappa":[0.20309592425715195],"f1_scores":{"N1":[0.20477064220183486],"N2":[0.5093397447752913],"N3":[0.5930434782608696],"REM":[0.1661807580174927],"Wake":[0.2765544041450777],"macro":[0.3499778054801132]},"loss":[2.826590983072917],"precisions":{"N1":[0.1537190082644628],"N2":[0.45117955439056356],"N3":[0.7429193899782135],"REM":[0.40860215053763443],"Wake":[0.308972503617945],"macro":[0.41307852135776385]},"recalls":{"N1":[0.3065934065934066],"N2":[0.5847133757961783],"N3":[0.4934876989869754],"REM":[0.10430009149130832],"Wake":[0.2502930832356389],"macro":[0.34787753122070153]}}}},"test":{"confusion_matrices":{"abs":["[[1240, 2364, 1251, 54, 131], [594, 1079, 1569, 75, 90], [950, 1299, 4440, 268, 152], [142, 261, 1660, 1711, 27], [741, 834, 664, 21, 174]]"]},"markov_matrices":{"abs":{"actual":["[[4102, 786, 104, 4, 43], [364, 1729, 1099, 3, 212], [382, 681, 5745, 228, 73], [56, 29, 147, 3566, 3], [135, 182, 14, 0, 2103]]"],"predicted":["[[2022, 660, 821, 59, 105], [614, 3851, 1185, 77, 109], [827, 1104, 7053, 461, 139], [85, 90, 413, 1516, 25], [118, 132, 112, 16, 196]]"]}},"metrics":{"downstream":{"cohen_kappa":[0.20167062478195885],"f1_scores":{"N1":[0.23344872349632192],"N2":[0.5319595039837057],"N3":[0.5770657672849916],"REM":[0.11569148936170212],"Wake":[0.284828299069714],"macro":[0.3485987566392871]},"loss":[2.6748499315838483],"precisions":{"N1":[0.18485523385300667],"N2":[0.46327212020033387],"N3":[0.8036636918741193],"REM":[0.30313588850174217],"Wake":[0.3381510771748023],"macro":[0.41861560232080086]},"recalls":{"N1":[0.31670090989140004],"N2":[0.6245604163736109],"N3":[0.4501446987634833],"REM":[0.0714872637633525],"Wake":[0.24603174603174602],"macro":[0.3417850069647186]}}}},"train":{},"valid_pretraining":{}}