{"earlystopping":{"confusion_matrices":{"abs":["[[768, 102, 304, 63, 181], [186, 52, 386, 58, 113], [55, 85, 2068, 288, 120], [1, 5, 297, 1006, 9], [45, 142, 216, 77, 761]]"]},"markov_matrices":{"abs":{"actual":["[[1126, 224, 50, 1, 17], [105, 349, 308, 1, 32], [110, 186, 2216, 66, 37], [28, 7, 32, 1250, 1], [48, 29, 10, 0, 1154]]"],"predicted":["[[846, 38, 92, 18, 60], [36, 133, 108, 8, 101], [88, 103, 2601, 291, 188], [24, 14, 273, 1127, 54], [61, 98, 197, 48, 780]]"]}},"metrics":{"downstream":{"cohen_kappa":[0.5049542809626255],"f1_scores":{"N1":[0.08806096528365792],"N2":[0.7025649736708001],"N3":[0.7160142348754448],"REM":[0.6276288659793814],"Wake":[0.6211079660331581],"macro":[0.5510754011684884]},"loss":[1.1027212778727213],"precisions":{"N1":[0.13471502590673576],"N2":[0.6322225619076735],"N3":[0.6742627345844504],"REM":[0.6427364864864865],"Wake":[0.7279620853080568],"macro":[0.5623797788386805]},"recalls":{"N1":[0.06540880503144654],"N2":[0.790519877675841],"N3":[0.7632776934749621],"REM":[0.613215149073328],"Wake":[0.5416078984485191],"macro":[0.5548058847408195]}}}},"test":{"confusion_matrices":{"abs":["[[2908, 321, 467, 330, 658], [600, 252, 863, 104, 494], [202, 270, 4118, 652, 370], [15, 10, 1493, 2451, 23], [209, 393, 435, 169, 1733]]"]},"markov_matrices":{"abs":{"actual":["[[4011, 610, 44, 4, 15], [319, 1176, 689, 6, 122], [195, 395, 4680, 248, 94], [57, 20, 176, 3734, 5], [101, 112, 23, 0, 2703]]"],"predicted":["[[3241, 131, 231, 57, 274], [115, 505, 233, 34, 359], [216, 250, 5850, 630, 429], [72, 25, 614, 2896, 99], [289, 335, 448, 89, 2117]]"]}},"metrics":{"downstream":{"cohen_kappa":[0.46435458312372757],"f1_scores":{"N1":[0.14161281258780556],"N2":[0.6341238065906991],"N3":[0.6367887763055339],"REM":[0.557503619108895],"Wake":[0.6748665583662102],"macro":[0.5289791145918288]},"loss":[1.1456309587527544],"precisions":{"N1":[0.20224719101123595],"N2":[0.5582971800433839],"N3":[0.6613599568267674],"REM":[0.5286760219646126],"Wake":[0.7391967463141841],"macro":[0.5379554192320367]},"recalls":{"N1":[0.10894941634241245],"N2":[0.7337847469707769],"N3":[0.6139779559118237],"REM":[0.5896563456958149],"Wake":[0.6208368915456874],"macro":[0.5334410712933031]}}}},"train":{},"valid_pretraining":{}}