{"earlystopping":{"confusion_matrices":{"abs":["[[978, 250, 52, 2, 136], [121, 386, 199, 1, 88], [42, 236, 1934, 213, 191], [0, 8, 188, 1107, 15], [10, 36, 51, 0, 1144]]"]},"markov_matrices":{"abs":{"actual":["[[1126, 224, 50, 1, 17], [105, 349, 308, 1, 32], [110, 186, 2216, 66, 37], [28, 7, 32, 1250, 1], [48, 29, 10, 0, 1154]]"],"predicted":["[[882, 224, 24, 2, 19], [122, 461, 261, 13, 59], [84, 129, 2019, 91, 100], [18, 33, 53, 1211, 8], [44, 69, 67, 6, 1388]]"]}},"metrics":{"downstream":{"cohen_kappa":[0.6779219520664411],"f1_scores":{"N1":[0.451198129748685],"N2":[0.7674603174603175],"N3":[0.8383188186293071],"REM":[0.8127886323268206],"Wake":[0.7613857532113663],"macro":[0.7262303302752993]},"loss":[1.5749253590901693],"precisions":{"N1":[0.42139737991266374],"N2":[0.7978547854785478],"N3":[0.8367346938775511],"REM":[0.7268106734434562],"Wake":[0.8496959165942659],"macro":[0.726498689861297]},"recalls":{"N1":[0.48553459119496856],"N2":[0.7392966360856269],"N3":[0.8399089529590288],"REM":[0.9218372280419017],"Wake":[0.689703808180536],"macro":[0.7352562432924123]}}}},"test":{"confusion_matrices":{"abs":["[[3487, 831, 206, 16, 144], [292, 846, 645, 24, 506], [181, 450, 4156, 303, 522], [14, 32, 1006, 2865, 75], [78, 84, 128, 5, 2644]]"]},"markov_matrices":{"abs":{"actual":["[[4011, 610, 44, 4, 15], [319, 1176, 689, 6, 122], [195, 395, 4680, 248, 94], [57, 20, 176, 3734, 5], [101, 112, 23, 0, 2703]]"],"predicted":["[[3381, 559, 28, 18, 66], [330, 1210, 494, 24, 185], [144, 250, 5192, 301, 253], [49, 51, 230, 2850, 33], [147, 173, 197, 20, 3354]]"]}},"metrics":{"downstream":{"cohen_kappa":[0.6377253515483887],"f1_scores":{"N1":[0.3713784021071115],"N2":[0.7072236875691312],"N3":[0.7952810548230396],"REM":[0.7742313323572474],"Wake":[0.7983058608058609],"macro":[0.6892840675324782]},"loss":[1.9888162857446916],"precisions":{"N1":[0.37717342844404816],"N2":[0.6767627422243935],"N3":[0.8916900093370682],"REM":[0.6795168337188383],"Wake":[0.8605626850937809],"macro":[0.6971411397636258]},"recalls":{"N1":[0.3657587548638132],"N2":[0.7405559515324305],"N3":[0.717685370741483],"REM":[0.899625723035046],"Wake":[0.7444491887275833],"macro":[0.6936149977800712]}}}},"train":{},"valid_pretraining":{}}