{"earlystopping":{"confusion_matrices":{"abs":["[[1323, 81, 72, 3, 9], [136, 170, 132, 0, 33], [194, 104, 3215, 120, 207], [44, 1, 158, 661, 55], [132, 44, 104, 0, 886]]"]},"markov_matrices":{"abs":{"actual":["[[1224, 231, 17, 0, 15], [74, 164, 222, 0, 11], [132, 73, 3531, 73, 31], [11, 0, 62, 846, 0], [46, 3, 8, 0, 1109]]"],"predicted":["[[1510, 159, 109, 0, 50], [65, 158, 156, 0, 21], [149, 65, 3295, 73, 99], [10, 3, 60, 710, 1], [94, 15, 61, 1, 1019]]"]}},"metrics":{"downstream":{"cohen_kappa":[0.7013554976245702],"f1_scores":{"N1":[0.39035591274397247],"N2":[0.8549395027257014],"N3":[0.7762771579565474],"REM":[0.7521222410865874],"Wake":[0.7977087729876395],"macro":[0.7142807175000897]},"loss":[1.1691950559616089],"precisions":{"N1":[0.425],"N2":[0.8734039663135018],"N3":[0.8431122448979592],"REM":[0.7445378151260504],"Wake":[0.7233460907599781],"macro":[0.721880023419498]},"recalls":{"N1":[0.3609341825902335],"N2":[0.8372395833333334],"N3":[0.719260065288357],"REM":[0.7598627787307033],"Wake":[0.8891129032258065],"macro":[0.7132819026336866]}}}},"test":{"confusion_matrices":{"abs":["[[1921, 155, 319, 14, 107], [130, 290, 207, 1, 78], [207, 205, 5377, 431, 311], [3, 2, 390, 1131, 1], [100, 92, 339, 0, 1640]]"]},"markov_matrices":{"abs":{"actual":["[[2107, 335, 57, 1, 15], [101, 257, 328, 0, 20], [233, 100, 5972, 176, 50], [18, 3, 155, 1350, 1], [56, 11, 19, 0, 2085]]"],"predicted":["[[1776, 316, 196, 5, 68], [134, 295, 263, 2, 50], [298, 100, 5958, 124, 151], [16, 6, 108, 1446, 1], [137, 27, 106, 0, 1867]]"]}},"metrics":{"downstream":{"cohen_kappa":[0.6648705395866166],"f1_scores":{"N1":[0.4],"N2":[0.8169870090404924],"N3":[0.7287371134020618],"REM":[0.7613741875580317],"Wake":[0.7877793725651014],"macro":[0.6989755365131375]},"loss":[1.5044387534812644],"precisions":{"N1":[0.3897849462365591],"N2":[0.8107659831121834],"N3":[0.7171845275840203],"REM":[0.7674309780065512],"Wake":[0.8136382888606523],"macro":[0.6997609447599933]},"recalls":{"N1":[0.41076487252124644],"N2":[0.8233042413106721],"N3":[0.7406679764243614],"REM":[0.7554122524182404],"Wake":[0.7635135135135135],"macro":[0.6987325712376068]}}}},"train":{},"valid_pretraining":{}}