{"earlystopping":{"confusion_matrices":{"abs":["[[979, 206, 10, 17, 165], [135, 370, 174, 49, 147], [63, 251, 1222, 600, 321], [3, 5, 49, 1393, 93], [20, 53, 18, 3, 1134]]"]},"markov_matrices":{"abs":{"actual":["[[1107, 224, 32, 1, 13], [103, 420, 304, 1, 47], [91, 183, 2069, 75, 39], [26, 6, 44, 1466, 0], [49, 42, 8, 0, 1129]]"],"predicted":["[[885, 228, 43, 12, 32], [101, 490, 140, 36, 118], [85, 63, 1183, 95, 47], [40, 25, 81, 1876, 39], [88, 79, 26, 43, 1624]]"]}},"metrics":{"downstream":{"cohen_kappa":[0.5990577405945869],"f1_scores":{"N1":[0.42045454545454547],"N2":[0.621882951653944],"N3":[0.7728155339805826],"REM":[0.7344559585492227],"Wake":[0.7597982149786574],"macro":[0.6618814409233904]},"loss":[1.8532887776692708],"precisions":{"N1":[0.4180790960451977],"N2":[0.8295994568906992],"N3":[0.6755577109602328],"REM":[0.6096774193548387],"Wake":[0.8158333333333333],"macro":[0.6697494033168605]},"recalls":{"N1":[0.4228571428571429],"N2":[0.4973544973544973],"N3":[0.9027867790019443],"REM":[0.9234527687296417],"Wake":[0.7109658678286129],"macro":[0.6914834111543678]}}}},"test":{"confusion_matrices":{"abs":["[[3526, 660, 98, 82, 795], [334, 1115, 460, 144, 530], [95, 581, 2767, 1375, 688], [8, 11, 202, 3416, 86], [46, 83, 60, 44, 2060]]"]},"markov_matrices":{"abs":{"actual":["[[4415, 676, 55, 1, 13], [385, 1308, 745, 5, 140], [218, 440, 4532, 223, 93], [51, 23, 150, 3494, 5], [91, 136, 24, 0, 2042]]"],"predicted":["[[3202, 549, 92, 40, 125], [291, 1412, 450, 77, 220], [217, 237, 2762, 232, 139], [75, 81, 176, 4617, 112], [223, 171, 107, 95, 3563]]"]}},"metrics":{"downstream":{"cohen_kappa":[0.5846532618541668],"f1_scores":{"N1":[0.44307570037750843],"N2":[0.6086000219949411],"N3":[0.7777777777777778],"REM":[0.638561686298822],"Wake":[0.7690294438386042],"macro":[0.6474089260575306]},"loss":[1.895569449976871],"precisions":{"N1":[0.45510204081632655],"N2":[0.7713967103429049],"N3":[0.6749654218533887],"REM":[0.49531137292618416],"Wake":[0.8795210775754553],"macro":[0.655259324702852]},"recalls":{"N1":[0.43166860240030974],"N2":[0.5025426807119506],"N3":[0.9175396185871609],"REM":[0.8983863933711296],"Wake":[0.6832009300523154],"macro":[0.6866676450245732]}}}},"train":{},"valid_pretraining":{}}