{"earlystopping":{"confusion_matrices":{"abs":["[[1081, 78, 30, 46, 16], [223, 228, 325, 20, 45], [80, 131, 2026, 436, 48], [4, 9, 110, 1397, 0], [130, 176, 53, 56, 656]]"]},"markov_matrices":{"abs":{"actual":["[[981, 212, 41, 1, 16], [91, 401, 312, 1, 36], [102, 188, 2320, 72, 38], [30, 5, 38, 1446, 1], [46, 35, 10, 0, 980]]"],"predicted":["[[1232, 149, 97, 17, 23], [89, 289, 151, 25, 67], [90, 100, 2164, 142, 48], [46, 25, 110, 1761, 13], [60, 59, 22, 10, 614]]"]}},"metrics":{"downstream":{"cohen_kappa":[0.6419134584559714],"f1_scores":{"N1":[0.3116883116883117],"N2":[0.769610636277303],"N3":[0.8040287769784172],"REM":[0.7145969498910676],"Wake":[0.7807872878295413],"macro":[0.6761423925329282]},"loss":[1.6297863006591797],"precisions":{"N1":[0.3665594855305466],"N2":[0.7963836477987422],"N3":[0.7145780051150895],"REM":[0.857516339869281],"Wake":[0.7121212121212122],"macro":[0.6894317380869743]},"recalls":{"N1":[0.27110582639714625],"N2":[0.7445791988239617],"N3":[0.9190789473684211],"REM":[0.6125116713352008],"Wake":[0.8641087130295764],"macro":[0.6822768713908614]}}}},"test":{"confusion_matrices":{"abs":["[[2348, 546, 143, 46, 128], [468, 978, 922, 52, 179], [248, 1019, 4600, 874, 181], [6, 30, 487, 3766, 7], [217, 710, 317, 107, 1460]]"]},"markov_matrices":{"abs":{"actual":["[[2639, 499, 37, 1, 34], [225, 1407, 847, 6, 114], [206, 561, 5876, 194, 85], [45, 19, 132, 4095, 5], [95, 113, 30, 0, 2573]]"],"predicted":["[[2635, 488, 96, 18, 49], [359, 1917, 725, 53, 229], [133, 581, 5280, 352, 123], [45, 74, 297, 4378, 51], [114, 223, 71, 44, 1503]]"]}},"metrics":{"downstream":{"cohen_kappa":[0.5627598251247506],"f1_scores":{"N1":[0.33253995239714385],"N2":[0.6870286012993801],"N3":[0.8239798709112789],"REM":[0.6126731011330256],"Wake":[0.7226839027393044],"macro":[0.6357810856960265]},"loss":[2.1391675900190306],"precisions":{"N1":[0.2978982637831252],"N2":[0.7110836296181791],"N3":[0.7772961816305469],"REM":[0.7468030690537084],"Wake":[0.7143291755400061],"macro":[0.6494820639251131]},"recalls":{"N1":[0.37629857637552905],"N2":[0.6645478185495521],"N3":[0.8766294227188082],"REM":[0.5193881181074351],"Wake":[0.7312363749610713],"macro":[0.6336200621424791]}}}},"train":{},"valid_pretraining":{}}