{"earlystopping":{"confusion_matrices":{"abs":["[[5878, 52, 13, 16, 127], [518, 247, 417, 151, 427], [165, 269, 4730, 995, 338], [8, 3, 299, 1231, 8], [40, 22, 155, 102, 2433]]"]},"markov_matrices":{"abs":{"actual":["[[5819, 253, 12, 0, 1], [157, 1185, 319, 2, 97], [66, 186, 5820, 317, 108], [7, 16, 296, 1230, 0], [36, 120, 50, 0, 2546]]"],"predicted":["[[6323, 91, 79, 30, 85], [27, 296, 190, 9, 71], [122, 119, 4948, 249, 176], [49, 4, 237, 2175, 30], [87, 83, 160, 32, 2971]]"]}},"metrics":{"downstream":{"cohen_kappa":[0.7005447596096108],"f1_scores":{"N1":[0.20994475138121546],"N2":[0.7811080835603996],"N3":[0.6088031651829872],"REM":[0.7996713229252259],"Wake":[0.9260338716029933],"macro":[0.6651122389305643]},"loss":[2.494777163943729],"precisions":{"N1":[0.41652613827993257],"N2":[0.8425365158532241],"N3":[0.4933867735470942],"REM":[0.72997299729973],"Wake":[0.8893932516265698],"macro":[0.6743631353213101]},"recalls":{"N1":[0.1403409090909091],"N2":[0.7280283207634293],"N3":[0.7947062621045836],"REM":[0.8840843023255814],"Wake":[0.9658232007886953],"macro":[0.7025965990146398]}}}},"test":{"confusion_matrices":{"abs":["[[9243, 70, 189, 20, 160], [1132, 289, 619, 29, 930], [353, 395, 9575, 1224, 1219], [5, 4, 383, 1770, 12], [356, 37, 268, 5, 3971]]"]},"markov_matrices":{"abs":{"actual":["[[9241, 410, 25, 0, 5], [217, 2136, 559, 2, 85], [152, 323, 11813, 339, 139], [16, 13, 311, 1833, 1], [55, 117, 58, 0, 4407]]"],"predicted":["[[10442, 146, 205, 21, 274], [53, 332, 287, 3, 120], [254, 185, 9755, 336, 504], [67, 8, 287, 2658, 28], [272, 124, 500, 30, 5366]]"]}},"metrics":{"downstream":{"cohen_kappa":[0.6830524534630342],"f1_scores":{"N1":[0.15234580917237744],"N2":[0.8046218487394958],"N3":[0.6779011872845653],"REM":[0.7266904565834019],"Wake":[0.8899908526310721],"macro":[0.6503100308821825]},"loss":[2.4967658519744873],"precisions":{"N1":[0.3635220125786163],"N2":[0.8677723400398768],"N3":[0.5807086614173228],"REM":[0.6311188811188811],"Wake":[0.8335287221570926],"macro":[0.655330123462358]},"recalls":{"N1":[0.09636545515171724],"N2":[0.7500391665361116],"N3":[0.8141674333026679],"REM":[0.856372654733664],"Wake":[0.9546581284858501],"macro":[0.6943205676420022]}}}},"train":{},"valid_pretraining":{}}