{"earlystopping":{"confusion_matrices":{"abs":["[[981, 15, 172, 211, 39], [166, 38, 208, 324, 59], [77, 31, 1021, 1443, 44], [1, 0, 11, 1306, 0], [152, 7, 110, 680, 292]]"]},"markov_matrices":{"abs":{"actual":["[[1126, 224, 50, 1, 17], [105, 349, 308, 1, 32], [110, 186, 2216, 66, 37], [28, 7, 32, 1250, 1], [48, 29, 10, 0, 1154]]"],"predicted":["[[1131, 24, 65, 99, 58], [8, 12, 49, 12, 10], [91, 24, 1134, 231, 42], [87, 24, 227, 3548, 77], [59, 7, 47, 74, 247]]"]}},"metrics":{"downstream":{"cohen_kappa":[0.3528821852004237],"f1_scores":{"N1":[0.08577878103837472],"N2":[0.4934751087481875],"N3":[0.4945096554335479],"REM":[0.34865671641791046],"Wake":[0.7019677996422182],"macro":[0.42487761225604775]},"loss":[1.5554430643717447],"precisions":{"N1":[0.4175824175824176],"N2":[0.6708278580814717],"N3":[0.3294651866801211],"REM":[0.6728110599078341],"Wake":[0.7124183006535948],"macro":[0.5606209645810878]},"recalls":{"N1":[0.04779874213836478],"N2":[0.3902905198776758],"N3":[0.9908952959028832],"REM":[0.23529411764705882],"Wake":[0.6918194640338505],"macro":[0.47121962791996663]}}}},"test":{"confusion_matrices":{"abs":["[[3703, 18, 275, 619, 69], [837, 83, 469, 691, 233], [337, 82, 2020, 3057, 116], [5, 3, 88, 3896, 0], [527, 17, 222, 1198, 975]]"]},"markov_matrices":{"abs":{"actual":["[[4011, 610, 44, 4, 15], [319, 1176, 689, 6, 122], [195, 395, 4680, 248, 94], [57, 20, 176, 3734, 5], [101, 112, 23, 0, 2703]]"],"predicted":["[[4626, 65, 253, 206, 259], [28, 31, 101, 29, 14], [287, 57, 2162, 493, 75], [231, 38, 450, 8578, 163], [236, 12, 108, 155, 882]]"]}},"metrics":{"downstream":{"cohen_kappa":[0.41668140431540046],"f1_scores":{"N1":[0.06597774244833068],"N2":[0.46511627906976744],"N3":[0.5792016650561214],"REM":[0.45013850415512463],"Wake":[0.7337758842762311],"macro":[0.45884201500111504]},"loss":[1.347306178166316],"precisions":{"N1":[0.4088669950738916],"N2":[0.657124268054652],"N3":[0.4117957932565268],"REM":[0.6999282124910265],"Wake":[0.6845997411721205],"macro":[0.5724630020096435]},"recalls":{"N1":[0.03588413316039775],"N2":[0.35994297933000713],"N3":[0.9759519038076152],"REM":[0.3317454916638312],"Wake":[0.7905636208368916],"macro":[0.4988176257597486]}}}},"train":{},"valid_pretraining":{}}