{"earlystopping":{"confusion_matrices":{"abs":["[[891, 142, 425, 0, 0], [196, 32, 180, 0, 0], [1393, 160, 2149, 0, 0], [611, 25, 414, 0, 0], [669, 87, 309, 0, 0]]"]},"markov_matrices":{"abs":{"actual":["[[1259, 184, 13, 0, 1], [48, 150, 197, 0, 13], [112, 70, 3412, 84, 24], [12, 1, 71, 966, 0], [26, 3, 9, 0, 1027]]"],"predicted":["[[3114, 102, 543, 0, 0], [89, 243, 114, 0, 0], [557, 101, 2819, 0, 0], [0, 0, 0, 0, 0], [0, 0, 0, 0, 0]]"]}},"metrics":{"downstream":{"cohen_kappa":[0.12511608606286373],"f1_scores":{"N1":[0.07494145199063232],"N2":[0.5986906254352974],"N3":[0.0],"REM":[0.0],"Wake":[0.3415101571483327],"macro":[0.2030284469148525]},"loss":[3.82074236869812],"precisions":{"N1":[0.07174887892376682],"N2":[0.6180615473109002],"N3":[0.0],"REM":[0.0],"Wake":[0.23696808510638298],"macro":[0.18535570226821002]},"recalls":{"N1":[0.0784313725490196],"N2":[0.5804970286331712],"N3":[0.0],"REM":[0.0],"Wake":[0.6111111111111112],"macro":[0.2540079024586604]}}}},"test":{"confusion_matrices":{"abs":["[[1277, 159, 575, 0, 0], [274, 18, 290, 0, 0], [2316, 317, 4009, 0, 0], [1014, 21, 825, 0, 0], [1378, 94, 698, 0, 0]]"]},"markov_matrices":{"abs":{"actual":["[[1680, 284, 30, 0, 17], [68, 194, 301, 0, 18], [193, 87, 6163, 147, 52], [23, 1, 123, 1713, 0], [46, 16, 25, 0, 2083]]"],"predicted":["[[5121, 206, 931, 0, 0], [160, 278, 171, 0, 0], [977, 125, 5295, 0, 0], [0, 0, 0, 0, 0], [0, 0, 0, 0, 0]]"]}},"metrics":{"downstream":{"cohen_kappa":[0.12384793058767474],"f1_scores":{"N1":[0.030226700251889168],"N2":[0.6149244573970396],"N3":[0.0],"REM":[0.0],"Wake":[0.30882708585247887],"macro":[0.19079564870028154]},"loss":[4.378499838022085],"precisions":{"N1":[0.029556650246305417],"N2":[0.6267000156323277],"N3":[0.0],"REM":[0.0],"Wake":[0.20402620226873303],"macro":[0.17205657362947321]},"recalls":{"N1":[0.030927835051546393],"N2":[0.6035832580548027],"N3":[0.0],"REM":[0.0],"Wake":[0.635007458975634],"macro":[0.25390371041639664]}}}},"train":{},"valid_pretraining":{}}