{"earlystopping":{"confusion_matrices":{"abs":["[[4628, 579, 52, 0, 133], [221, 651, 683, 1, 171], [104, 126, 6485, 11, 116], [26, 0, 1090, 442, 0], [38, 94, 313, 0, 2237]]"]},"markov_matrices":{"abs":{"actual":["[[5051, 318, 17, 0, 5], [183, 1134, 318, 2, 90], [88, 164, 6222, 274, 94], [12, 10, 254, 1282, 0], [57, 101, 31, 0, 2493]]"],"predicted":["[[4525, 297, 132, 1, 61], [177, 1001, 231, 0, 41], [208, 82, 8059, 127, 147], [16, 0, 112, 326, 0], [90, 70, 89, 0, 2408]]"]}},"metrics":{"downstream":{"cohen_kappa":[0.7088008799404772],"f1_scores":{"N1":[0.4098205854579792],"N2":[0.838667959909473],"N3":[0.4393638170974155],"REM":[0.837984641318599],"Wake":[0.8892304736285906],"macro":[0.6830134954824114]},"loss":[1.6423641840616863],"precisions":{"N1":[0.4489655172413793],"N2":[0.752058448335846],"N3":[0.973568281938326],"REM":[0.8419269853217914],"Wake":[0.9224636236794898],"macro":[0.7877965713033663]},"recalls":{"N1":[0.37695425593514764],"N2":[0.9478222741888337],"N3":[0.28369704749679076],"REM":[0.8340790454884415],"Wake":[0.8583086053412463],"macro":[0.6601722456900919]}}}},"test":{"confusion_matrices":{"abs":["[[7531, 865, 234, 5, 330], [708, 895, 2038, 11, 367], [77, 148, 10314, 127, 420], [3, 0, 1829, 331, 13], [56, 111, 591, 0, 3632]]"]},"markov_matrices":{"abs":{"actual":["[[8369, 557, 27, 1, 10], [330, 3076, 529, 0, 84], [166, 277, 10122, 394, 127], [26, 9, 359, 1780, 2], [73, 100, 49, 1, 4167]]"],"predicted":["[[7599, 501, 162, 4, 108], [336, 1273, 340, 0, 70], [295, 146, 14118, 174, 273], [7, 1, 169, 296, 1], [137, 98, 217, 0, 4310]]"]}},"metrics":{"downstream":{"cohen_kappa":[0.6356701465445107],"f1_scores":{"N1":[0.29645578005962236],"N2":[0.790587153150391],"N3":[0.249811320754717],"REM":[0.7937062937062938],"Wake":[0.8686274509803922],"macro":[0.5998375997302833]},"loss":[2.22928466796875],"precisions":{"N1":[0.4432887568103021],"N2":[0.6873250699720111],"N3":[0.6983122362869199],"REM":[0.7627047459050819],"Wake":[0.899223880597015],"macro":[0.698170937914266]},"recalls":{"N1":[0.2226922119930331],"N2":[0.9303626195201155],"N3":[0.15211397058823528],"REM":[0.8273348519362187],"Wake":[0.8400446179587284],"macro":[0.5945096543992662]}}}},"train":{},"valid_pretraining":{}}