{"earlystopping":{"confusion_matrices":{"abs":["[[854, 217, 311, 29, 47], [99, 34, 257, 4, 14], [108, 5, 3210, 333, 46], [0, 0, 287, 763, 0], [127, 7, 419, 8, 504]]"]},"markov_matrices":{"abs":{"actual":["[[1259, 184, 13, 0, 1], [48, 150, 197, 0, 13], [112, 70, 3412, 84, 24], [12, 1, 71, 966, 0], [26, 3, 9, 0, 1027]]"],"predicted":["[[974, 75, 123, 3, 13], [61, 152, 36, 1, 13], [131, 18, 4039, 199, 97], [9, 1, 192, 925, 9], [12, 17, 94, 9, 479]]"]}},"metrics":{"downstream":{"cohen_kappa":[0.5403455972923091],"f1_scores":{"N1":[0.10134128166915052],"N2":[0.7842658196921575],"N3":[0.6977594878829447],"REM":[0.6014319809069212],"Wake":[0.6455026455026455],"macro":[0.5660602431307639]},"loss":[2.036288261413574],"precisions":{"N1":[0.12927756653992395],"N2":[0.715878679750223],"N3":[0.6710642040457344],"REM":[0.8248772504091653],"Wake":[0.7188552188552189],"macro":[0.611990583920053]},"recalls":{"N1":[0.08333333333333333],"N2":[0.86709886547812],"N3":[0.7266666666666667],"REM":[0.4732394366197183],"Wake":[0.5857338820301783],"macro":[0.5472144368256033]}}}},"test":{"confusion_matrices":{"abs":["[[1126, 62, 723, 18, 80], [98, 41, 400, 11, 34], [220, 13, 5756, 487, 166], [5, 0, 318, 1537, 0], [105, 15, 1434, 48, 568]]"]},"markov_matrices":{"abs":{"actual":["[[1680, 283, 29, 0, 17], [67, 196, 302, 0, 18], [192, 88, 6163, 147, 52], [23, 1, 123, 1713, 0], [46, 16, 25, 0, 2083]]"],"predicted":["[[1200, 39, 263, 8, 44], [22, 58, 45, 2, 4], [255, 26, 7802, 344, 203], [22, 3, 318, 1722, 36], [54, 5, 203, 25, 561]]"]}},"metrics":{"downstream":{"cohen_kappa":[0.48759649456948784],"f1_scores":{"N1":[0.11468531468531469],"N2":[0.7537484449682446],"N3":[0.7760666498359],"REM":[0.3764082173624917],"Wake":[0.6320516418748245],"macro":[0.530592053745355]},"loss":[1.935928931603065],"precisions":{"N1":[0.31297709923664124],"N2":[0.6668983895261268],"N3":[0.7315564017134698],"REM":[0.6698113207547169],"Wake":[0.7245817245817245],"macro":[0.6211649871625358]},"recalls":{"N1":[0.0702054794520548],"N2":[0.8666064438422162],"N3":[0.8263440860215053],"REM":[0.26175115207373273],"Wake":[0.560477849676456],"macro":[0.517077002213193]}}}},"train":{},"valid_pretraining":{}}