{"earlystopping":{"confusion_matrices":{"abs":["[[427, 141, 686, 19, 99], [54, 59, 275, 6, 18], [298, 398, 2738, 241, 270], [18, 91, 569, 152, 75], [208, 173, 770, 12, 146]]"]},"markov_matrices":{"abs":{"actual":["[[1122, 217, 18, 0, 15], [56, 131, 215, 0, 10], [138, 60, 3629, 84, 34], [13, 1, 70, 821, 0], [42, 3, 13, 0, 1250]]"],"predicted":["[[522, 88, 326, 26, 43], [86, 360, 319, 34, 63], [321, 313, 4007, 121, 275], [38, 34, 113, 241, 4], [38, 67, 272, 8, 223]]"]}},"metrics":{"downstream":{"cohen_kappa":[0.12857705921980456],"f1_scores":{"N1":[0.09262166405023547],"N2":[0.6095959033730379],"N3":[0.22771535580524344],"REM":[0.15232133541992696],"Wake":[0.3592763988220446],"macro":[0.2883061314940977]},"loss":[2.436110258102417],"precisions":{"N1":[0.06844547563805105],"N2":[0.5434696308058753],"N3":[0.35348837209302325],"REM":[0.24013157894736842],"Wake":[0.4248756218905473],"macro":[0.32608213587497303]},"recalls":{"N1":[0.14320388349514562],"N2":[0.69404309252218],"N3":[0.16795580110497238],"REM":[0.11153552330022919],"Wake":[0.3112244897959184],"macro":[0.2855925580436891]}}}},"test":{"confusion_matrices":{"abs":["[[621, 299, 1587, 13, 236], [127, 105, 470, 17, 62], [735, 651, 4926, 389, 404], [93, 83, 956, 288, 94], [406, 239, 1314, 63, 196]]"]},"markov_matrices":{"abs":{"actual":["[[2267, 413, 59, 2, 15], [177, 247, 342, 0, 14], [239, 108, 6570, 128, 60], [22, 0, 108, 1384, 0], [50, 13, 26, 0, 2129]]"],"predicted":["[[1017, 163, 649, 80, 73], [157, 596, 481, 46, 97], [646, 490, 7452, 232, 433], [68, 39, 249, 398, 15], [94, 89, 421, 14, 374]]"]}},"metrics":{"downstream":{"cohen_kappa":[0.09584538810336285],"f1_scores":{"N1":[0.09731232622798888],"N2":[0.602274116640176],"N3":[0.2521891418563923],"REM":[0.1221183800623053],"Wake":[0.2621359223300971],"macro":[0.2672059774233919]},"loss":[2.57629368222993],"precisions":{"N1":[0.07625272331154684],"N2":[0.5323678806873446],"N3":[0.37402597402597404],"REM":[0.1975806451612903],"Wake":[0.31331987891019175],"macro":[0.2987094204192695]},"recalls":{"N1":[0.13444302176696543],"N2":[0.6933145672061928],"N3":[0.190224570673712],"REM":[0.08836789900811542],"Wake":[0.2253265602322206],"macro":[0.26633532377744124]}}}},"train":{},"valid_pretraining":{}}