{"earlystopping":{"confusion_matrices":{"abs":["[[6117, 576, 311, 32, 80], [197, 389, 977, 44, 205], [18, 107, 5437, 1208, 85], [2, 1, 195, 1231, 1], [36, 297, 739, 37, 1646]]"]},"markov_matrices":{"abs":{"actual":["[[6823, 271, 17, 0, 4], [151, 1184, 365, 3, 109], [78, 212, 6189, 261, 115], [11, 15, 238, 1166, 0], [52, 130, 46, 0, 2527]]"],"predicted":["[[5987, 221, 97, 4, 61], [166, 779, 318, 6, 101], [131, 242, 6875, 162, 249], [4, 9, 158, 2376, 4], [81, 119, 211, 4, 1602]]"]}},"metrics":{"downstream":{"cohen_kappa":[0.6445542876086082],"f1_scores":{"N1":[0.24450031426775612],"N2":[0.7492076615681411],"N3":[0.6182822702159718],"REM":[0.6898575020955574],"Wake":[0.9071629838350882],"macro":[0.6418021463965029]},"loss":[1.6045665251903045],"precisions":{"N1":[0.2839416058394161],"N2":[0.7098837968403185],"N3":[0.4823667711598746],"REM":[0.8160634605850273],"Wake":[0.9602825745682888],"macro":[0.650507641798585]},"recalls":{"N1":[0.21467991169977924],"N2":[0.7931436907366886],"N3":[0.8608391608391608],"REM":[0.597459165154265],"Wake":[0.8596121416526138],"macro":[0.6651468140165016]}}}},"test":{"confusion_matrices":{"abs":["[[11426, 1712, 1870, 73, 341], [371, 1031, 2280, 41, 291], [55, 366, 9620, 1510, 162], [0, 4, 549, 1700, 0], [97, 720, 1053, 12, 2061]]"]},"markov_matrices":{"abs":{"actual":["[[14659, 720, 37, 1, 4], [431, 2829, 660, 3, 91], [229, 338, 10472, 535, 139], [24, 14, 498, 1714, 3], [78, 113, 46, 0, 3706]]"],"predicted":["[[10963, 482, 352, 6, 145], [354, 2058, 1071, 33, 317], [464, 900, 13418, 243, 347], [1, 33, 252, 3045, 5], [166, 360, 279, 9, 2041]]"]}},"metrics":{"downstream":{"cohen_kappa":[0.5686147277554432],"f1_scores":{"N1":[0.26277558302536],"N2":[0.7103562857670297],"N3":[0.6083378064054392],"REM":[0.6063548102383054],"Wake":[0.8348982499725988],"macro":[0.6045445470817465]},"loss":[1.858500023410745],"precisions":{"N1":[0.2689799112966345],"N2":[0.6258131667967733],"N3":[0.5095923261390888],"REM":[0.7218914185639229],"Wake":[0.95623064691606],"macro":[0.6165014939424959]},"recalls":{"N1":[0.2568510214250125],"N2":[0.8213096559378469],"N3":[0.7545494895694629],"REM":[0.522698452954603],"Wake":[0.7408896381792245],"macro":[0.6192596516132299]}}}},"train":{},"valid_pretraining":{}}