{"earlystopping":{"confusion_matrices":{"abs":["[[6633, 1005, 216, 37, 67], [67, 821, 883, 38, 137], [16, 171, 5943, 433, 65], [0, 10, 586, 934, 1], [6, 225, 766, 30, 1755]]"]},"markov_matrices":{"abs":{"actual":["[[7584, 353, 15, 0, 5], [200, 1236, 385, 2, 123], [98, 210, 5964, 245, 111], [13, 14, 220, 1284, 0], [62, 133, 44, 0, 2543]]"],"predicted":["[[6470, 194, 33, 9, 15], [132, 1526, 443, 19, 112], [90, 299, 7595, 238, 172], [9, 47, 206, 1203, 7], [20, 166, 117, 3, 1719]]"]}},"metrics":{"downstream":{"cohen_kappa":[0.6832188901097604],"f1_scores":{"N1":[0.39301101005265676],"N2":[0.7912395153774464],"N3":[0.6220446220446221],"REM":[0.7301851466611192],"Wake":[0.9036784741144415],"macro":[0.6880317536500572]},"loss":[1.5413396881847847],"precisions":{"N1":[0.367831541218638],"N2":[0.7080057183702645],"N3":[0.6345108695652174],"REM":[0.8666666666666667],"Wake":[0.9867598928890211],"macro":[0.7127549377419615]},"recalls":{"N1":[0.42189105858170606],"N2":[0.8966505733252866],"N3":[0.6100587851077727],"REM":[0.6308411214953271],"Wake":[0.8335008796179945],"macro":[0.6785884836256173]}}}},"test":{"confusion_matrices":{"abs":["[[8919, 1574, 1492, 263, 300], [293, 1596, 2225, 207, 171], [262, 537, 10625, 588, 153], [3, 46, 1218, 1332, 2], [224, 363, 1230, 22, 2733]]"]},"markov_matrices":{"abs":{"actual":["[[11874, 617, 28, 3, 25], [348, 3420, 622, 0, 102], [199, 328, 10935, 568, 135], [29, 16, 522, 2030, 4], [97, 111, 58, 0, 4306]]"],"predicted":["[[8895, 467, 197, 58, 83], [355, 2762, 782, 21, 196], [303, 558, 15217, 423, 289], [54, 66, 388, 1893, 11], [93, 263, 206, 17, 2780]]"]}},"metrics":{"downstream":{"cohen_kappa":[0.575401412686104],"f1_scores":{"N1":[0.370817843866171],"N2":[0.7338974270419617],"N3":[0.5314183123877917],"REM":[0.6891943008447863],"Wake":[0.8017438986021843],"macro":[0.6254143565485789]},"loss":[2.0451685587565103],"precisions":{"N1":[0.3877551020408163],"N2":[0.632817153067302],"N3":[0.5522388059701493],"REM":[0.8136350104197678],"Wake":[0.9193897536336461],"macro":[0.6611671650263363]},"recalls":{"N1":[0.35529830810329477],"N2":[0.8734073160706947],"N3":[0.5121107266435986],"REM":[0.597769028871391],"Wake":[0.710790564233344],"macro":[0.6098751887844646]}}}},"train":{},"valid_pretraining":{}}