{"earlystopping":{"confusion_matrices":{"abs":["[[1030, 114, 111, 0, 117], [27, 163, 152, 0, 70], [113, 49, 3366, 137, 280], [2, 0, 185, 717, 1], [3, 18, 37, 0, 1251]]"]},"markov_matrices":{"abs":{"actual":["[[1122, 217, 18, 0, 15], [56, 131, 215, 0, 10], [138, 60, 3629, 84, 34], [13, 1, 70, 821, 0], [42, 3, 13, 0, 1250]]"],"predicted":["[[976, 135, 38, 1, 25], [39, 167, 119, 0, 19], [104, 33, 3569, 77, 67], [13, 0, 65, 774, 2], [42, 9, 60, 2, 1606]]"]}},"metrics":{"downstream":{"cohen_kappa":[0.7391762963773751],"f1_scores":{"N1":[0.4312169312169312],"N2":[0.8635197537198565],"N3":[0.8152359295054009],"REM":[0.8262879788639367],"Wake":[0.8087946603847663],"macro":[0.7490110507381783]},"loss":[0.6679818034172058],"precisions":{"N1":[0.4738372093023256],"N2":[0.87405868605557],"N3":[0.8395784543325527],"REM":[0.7277486910994765],"Wake":[0.8765957446808511],"macro":[0.7583637570941553]},"recalls":{"N1":[0.39563106796116504],"N2":[0.8532319391634982],"N3":[0.7922651933701658],"REM":[0.9556913674560733],"Wake":[0.750728862973761],"macro":[0.7495096861849326]}}}},"test":{"confusion_matrices":{"abs":["[[2084, 213, 233, 9, 217], [75, 294, 250, 3, 159], [108, 85, 5633, 298, 981], [3, 2, 246, 1240, 23], [17, 19, 196, 0, 1986]]"]},"markov_matrices":{"abs":{"actual":["[[2267, 413, 59, 2, 15], [177, 247, 342, 0, 14], [239, 108, 6570, 128, 60], [22, 0, 108, 1384, 0], [50, 13, 26, 0, 2129]]"],"predicted":["[[1876, 265, 93, 2, 51], [118, 268, 188, 0, 39], [196, 56, 6074, 83, 148], [13, 0, 70, 1439, 28], [84, 23, 133, 26, 3100]]"]}},"metrics":{"downstream":{"cohen_kappa":[0.6856068060959759],"f1_scores":{"N1":[0.4218077474892396],"N2":[0.8245626875503184],"N3":[0.8093994778067886],"REM":[0.7113180515759313],"Wake":[0.8264921673606981],"macro":[0.7187160263565952]},"loss":[0.8704534070245151],"precisions":{"N1":[0.4796084828711256],"N2":[0.8589508996645319],"N3":[0.8],"REM":[0.5900178253119429],"Wake":[0.9112374289462177],"macro":[0.7279629273587636]},"recalls":{"N1":[0.3764404609475032],"N2":[0.7928219563687544],"N3":[0.8190224570673712],"REM":[0.8954012623985572],"Wake":[0.7561683599419449],"macro":[0.7279708993448262]}}}},"train":{},"valid_pretraining":{}}