{"earlystopping":{"confusion_matrices":{"abs":["[[793, 30, 51, 31, 472], [194, 28, 161, 84, 408], [123, 13, 1073, 552, 696], [0, 0, 28, 1439, 76], [36, 2, 13, 5, 1172]]"]},"markov_matrices":{"abs":{"actual":["[[1107, 224, 32, 1, 13], [103, 420, 304, 1, 47], [91, 183, 2069, 75, 39], [26, 6, 44, 1466, 0], [49, 42, 8, 0, 1129]]"],"predicted":["[[907, 25, 69, 24, 121], [4, 22, 35, 0, 12], [71, 17, 976, 87, 175], [34, 1, 82, 1958, 35], [129, 8, 164, 42, 2481]]"]}},"metrics":{"downstream":{"cohen_kappa":[0.49796229498980216],"f1_scores":{"N1":[0.05907172995780591],"N2":[0.5672746497488765],"N3":[0.7876299945265463],"REM":[0.5784797630799605],"Wake":[0.6286167261196988],"macro":[0.5242145726865776]},"loss":[2.162975056966146],"precisions":{"N1":[0.3835616438356164],"N2":[0.8092006033182504],"N3":[0.6816674561819043],"REM":[0.415014164305949],"Wake":[0.6919720767888308],"macro":[0.5962831888861102]},"recalls":{"N1":[0.032],"N2":[0.4367114367114367],"N3":[0.932598833441348],"REM":[0.9543973941368078],"Wake":[0.5758896151053013],"macro":[0.5863194558789788]}}}},"test":{"confusion_matrices":{"abs":["[[2888, 153, 294, 108, 1718], [392, 78, 475, 158, 1480], [175, 36, 2334, 1246, 1715], [22, 1, 136, 3413, 151], [56, 6, 46, 63, 2122]]"]},"markov_matrices":{"abs":{"actual":["[[4415, 676, 55, 1, 13], [385, 1308, 745, 5, 140], [218, 440, 4532, 223, 93], [51, 23, 150, 3494, 5], [91, 136, 24, 0, 2042]]"],"predicted":["[[2940, 78, 109, 38, 368], [21, 95, 111, 3, 44], [133, 61, 2588, 181, 322], [58, 5, 160, 4633, 131], [380, 35, 317, 133, 6321]]"]}},"metrics":{"downstream":{"cohen_kappa":[0.45693591409562795],"f1_scores":{"N1":[0.05460273013650683],"N2":[0.5309976111932658],"N3":[0.7836069337619103],"REM":[0.44772655343390655],"Wake":[0.6643662295836209],"macro":[0.4962600116218421]},"loss":[2.6222327382940995],"precisions":{"N1":[0.2846715328467153],"N2":[0.7105022831050228],"N3":[0.6842421812349639],"REM":[0.2952964096854996],"Wake":[0.8174356071327483],"macro":[0.5584296028009901]},"recalls":{"N1":[0.030197444831591175],"N2":[0.4239011986923356],"N3":[0.916733816814397],"REM":[0.9254252071522023],"Wake":[0.5595814764580508],"macro":[0.5711678287897154]}}}},"train":{},"valid_pretraining":{}}