{"earlystopping":{"confusion_matrices":{"abs":["[[991, 188, 20, 13, 165], [140, 366, 217, 29, 123], [72, 138, 1805, 293, 149], [3, 7, 167, 1349, 17], [26, 47, 43, 6, 1106]]"]},"markov_matrices":{"abs":{"actual":["[[1107, 224, 32, 1, 13], [103, 420, 304, 1, 47], [91, 183, 2069, 75, 39], [26, 6, 44, 1466, 0], [49, 42, 8, 0, 1129]]"],"predicted":["[[901, 185, 71, 25, 50], [108, 372, 195, 4, 67], [88, 123, 1824, 128, 89], [37, 11, 106, 1517, 18], [97, 55, 56, 16, 1336]]"]}},"metrics":{"downstream":{"cohen_kappa":[0.67997829906722],"f1_scores":{"N1":[0.45157310302282544],"N2":[0.7666171161605436],"N3":[0.8345190225796474],"REM":[0.793400286944046],"Wake":[0.7596780375622844],"macro":[0.7211575132538693]},"loss":[1.2059594472249349],"precisions":{"N1":[0.4906166219839142],"N2":[0.8015097690941385],"N3":[0.7982248520710059],"REM":[0.708974358974359],"Wake":[0.8043831168831169],"macro":[0.720741743801307]},"recalls":{"N1":[0.41828571428571426],"N2":[0.7346357346357346],"N3":[0.8742709008425146],"REM":[0.9006514657980456],"Wake":[0.719680464778504],"macro":[0.7295048560681027]}}}},"test":{"confusion_matrices":{"abs":["[[3279, 720, 104, 117, 941], [424, 1047, 525, 148, 439], [135, 349, 3551, 962, 509], [2, 6, 534, 3151, 30], [57, 137, 104, 53, 1942]]"]},"markov_matrices":{"abs":{"actual":["[[4415, 676, 55, 1, 13], [385, 1308, 745, 5, 140], [218, 440, 4532, 223, 93], [51, 23, 150, 3494, 5], [91, 136, 24, 0, 2042]]"],"predicted":["[[2995, 523, 143, 57, 179], [322, 1284, 394, 22, 237], [190, 228, 3911, 270, 219], [104, 28, 230, 4004, 64], [285, 196, 140, 78, 3162]]"]}},"metrics":{"downstream":{"cohen_kappa":[0.5865100769123816],"f1_scores":{"N1":[0.43246592317224286],"N2":[0.6879116621464548],"N3":[0.7728722099583026],"REM":[0.6311342216444589],"Wake":[0.7240008831971738],"macro":[0.6496769800237265]},"loss":[1.7179210060521175],"precisions":{"N1":[0.4634794156706507],"N2":[0.7370278123702781],"N3":[0.711126156623787],"REM":[0.502978502978503],"Wake":[0.8414164742109315],"macro":[0.65120567237083]},"recalls":{"N1":[0.40534262485482],"N2":[0.6449328005811842],"N3":[0.8463604619930164],"REM":[0.8469254252071522],"Wake":[0.6353419879868243],"macro":[0.6757806601245995]}}}},"train":{},"valid_pretraining":{}}