{"earlystopping":{"confusion_matrices":{"abs":["[[788, 225, 132, 79, 194], [117, 258, 291, 54, 75], [26, 235, 1754, 528, 73], [0, 2, 60, 1255, 1], [3, 105, 40, 51, 1042]]"]},"markov_matrices":{"abs":{"actual":["[[1126, 224, 50, 1, 17], [105, 349, 308, 1, 32], [110, 186, 2216, 66, 37], [28, 7, 32, 1250, 1], [48, 29, 10, 0, 1154]]"],"predicted":["[[712, 133, 50, 9, 30], [104, 376, 210, 26, 109], [52, 161, 1842, 159, 63], [19, 41, 132, 1738, 37], [47, 114, 43, 35, 1145]]"]}},"metrics":{"downstream":{"cohen_kappa":[0.600184852323412],"f1_scores":{"N1":[0.31851851851851853],"N2":[0.7169425710198243],"N3":[0.7640791476407914],"REM":[0.7936024371667936],"Wake":[0.6700680272108843],"macro":[0.6526421403113624]},"loss":[1.3881326039632162],"precisions":{"N1":[0.31272727272727274],"N2":[0.7703118137900746],"N3":[0.6380274529740722],"REM":[0.752346570397112],"Wake":[0.8436830835117773],"macro":[0.6634192386800617]},"recalls":{"N1":[0.32452830188679244],"N2":[0.6704892966360856],"N3":[0.9522003034901366],"REM":[0.8396454472199839],"Wake":[0.5557122708039492],"macro":[0.6685151240073897]}}}},"test":{"confusion_matrices":{"abs":["[[2939, 551, 387, 327, 480], [347, 676, 650, 169, 471], [40, 594, 3552, 1134, 292], [0, 30, 434, 3524, 4], [27, 234, 135, 192, 2351]]"]},"markov_matrices":{"abs":{"actual":["[[4011, 610, 44, 4, 15], [319, 1176, 689, 6, 122], [195, 395, 4680, 248, 94], [57, 20, 176, 3734, 5], [101, 112, 23, 0, 2703]]"],"predicted":["[[2725, 355, 90, 40, 143], [268, 949, 496, 91, 281], [127, 367, 4113, 338, 212], [55, 119, 287, 4818, 67], [178, 295, 171, 59, 2895]]"]}},"metrics":{"downstream":{"cohen_kappa":[0.577356840253557],"f1_scores":{"N1":[0.307412460209186],"N2":[0.6596100278551532],"N3":[0.7547654744056543],"REM":[0.7192901942787211],"Wake":[0.7313674256563394],"macro":[0.6344891164810107]},"loss":[1.5041318062024238],"precisions":{"N1":[0.32422062350119907],"N2":[0.6886390073671966],"N3":[0.6591844369622147],"REM":[0.6534185658699277],"Wake":[0.8765284819564569],"macro":[0.640398223131399]},"recalls":{"N1":[0.2922611327280588],"N2":[0.6329294369208838],"N3":[0.8827655310621243],"REM":[0.7999319496427356],"Wake":[0.6274551665243382],"macro":[0.6470686433756281]}}}},"train":{},"valid_pretraining":{}}