{
    "earlystopping": {
        "confusion_matrices": {
            "abs": [
                "[[1170, 0, 3, 94, 105], [203, 1, 30, 56, 122], [926, 1, 823, 1033, 1162], [1, 0, 0, 858, 46], [203, 0, 25, 68, 1013]]"
            ]
        },
        "markov_matrices": {
            "abs": {
                "actual": [
                    "[[1122, 217, 18, 0, 15], [56, 131, 215, 0, 10], [138, 60, 3629, 84, 34], [13, 1, 70, 821, 0], [42, 3, 13, 0, 1250]]"
                ],
                "predicted": [
                    "[[2154, 2, 97, 43, 207], [0, 0, 1, 0, 1], [98, 0, 701, 64, 18], [48, 0, 48, 1907, 106], [202, 0, 34, 95, 2116]]"
                ]
            }
        },
        "metrics": {
            "downstream": {
                "cohen_kappa": [
                    0.3657133129996665
                ],
                "f1_scores": {
                    "N1": [
                        0.004830917874396135
                    ],
                    "N2": [
                        0.34106920845420635
                    ],
                    "N3": [
                        0.5693430656934306
                    ],
                    "REM": [
                        0.5392600479105669
                    ],
                    "Wake": [
                        0.6038709677419355
                    ],
                    "macro": [
                        0.4116748415349071
                    ]
                },
                "loss": [
                    4.897150039672852
                ],
                "precisions": {
                    "N1": [
                        0.5
                    ],
                    "N2": [
                        0.9341657207718501
                    ],
                    "N3": [
                        0.406827880512091
                    ],
                    "REM": [
                        0.41380718954248363
                    ],
                    "Wake": [
                        0.4674390731122653
                    ],
                    "macro": [
                        0.544447972787738
                    ]
                },
                "recalls": {
                    "N1": [
                        0.0024271844660194173
                    ],
                    "N2": [
                        0.20861850443599492
                    ],
                    "N3": [
                        0.9480662983425414
                    ],
                    "REM": [
                        0.7738731856378915
                    ],
                    "Wake": [
                        0.8527696793002916
                    ],
                    "macro": [
                        0.5571509704365478
                    ]
                }
            }
        }
    },
    "test": {
        "confusion_matrices": {
            "abs": [
                "[[2204, 0, 12, 225, 315], [379, 6, 12, 91, 293], [1744, 1, 998, 2376, 1986], [4, 0, 0, 1398, 112], [435, 1, 113, 167, 1502]]"
            ]
        },
        "markov_matrices": {
            "abs": {
                "actual": [
                    "[[2267, 413, 59, 2, 15], [177, 247, 342, 0, 14], [239, 108, 6570, 128, 60], [22, 0, 108, 1384, 0], [50, 13, 26, 0, 2129]]"
                ],
                "predicted": [
                    "[[4063, 6, 78, 153, 466], [1, 1, 1, 0, 5], [80, 1, 853, 125, 76], [154, 0, 109, 3761, 233], [467, 0, 94, 218, 3428]]"
                ]
            }
        },
        "metrics": {
            "downstream": {
                "cohen_kappa": [
                    0.29955229361865343
                ],
                "f1_scores": {
                    "N1": [
                        0.015209125475285173
                    ],
                    "N2": [
                        0.24223300970873785
                    ],
                    "N3": [
                        0.4844914226303934
                    ],
                    "REM": [
                        0.46747587924058503
                    ],
                    "Wake": [
                        0.5860143578835415
                    ],
                    "macro": [
                        0.3590847589877086
                    ]
                },
                "loss": [
                    4.928871944032866
                ],
                "precisions": {
                    "N1": [
                        0.75
                    ],
                    "N2": [
                        0.879295154185022
                    ],
                    "N3": [
                        0.328400281888654
                    ],
                    "REM": [
                        0.35693916349809884
                    ],
                    "Wake": [
                        0.4624422996223248
                    ],
                    "macro": [
                        0.5554153798388198
                    ]
                },
                "recalls": {
                    "N1": [
                        0.0076824583866837385
                    ],
                    "N2": [
                        0.14046446164672766
                    ],
                    "N3": [
                        0.9233817701453104
                    ],
                    "REM": [
                        0.6771866546438232
                    ],
                    "Wake": [
                        0.7997097242380261
                    ],
                    "macro": [
                        0.5096850138121143
                    ]
                }
            }
        }
    },
    "train": {},
    "valid_pretraining": {}
}
