{"earlystopping":{"confusion_matrices":{"abs":["[[972, 251, 323, 23, 137], [87, 263, 493, 7, 60], [23, 65, 2122, 114, 31], [0, 0, 290, 1089, 3], [29, 99, 208, 0, 757]]"]},"markov_matrices":{"abs":{"actual":["[[1401, 259, 37, 0, 9], [125, 439, 301, 1, 44], [114, 165, 1969, 73, 33], [25, 5, 43, 1308, 1], [40, 42, 5, 0, 1006]]"],"predicted":["[[888, 120, 69, 5, 29], [79, 370, 168, 0, 60], [81, 104, 3027, 86, 138], [16, 5, 68, 1138, 6], [46, 79, 104, 4, 755]]"]}},"metrics":{"downstream":{"cohen_kappa":[0.6028672520919085],"f1_scores":{"N1":[0.33123425692695213],"N2":[0.7328613365567259],"N3":[0.832887189292543],"REM":[0.7275348390197021],"Wake":[0.6900958466453674],"macro":[0.6629226936882581]},"loss":[1.25057741800944],"precisions":{"N1":[0.387905604719764],"N2":[0.6175785797438882],"N3":[0.8832116788321168],"REM":[0.7661943319838057],"Wake":[0.8748874887488749],"macro":[0.7059555368056899]},"recalls":{"N1":[0.289010989010989],"N2":[0.9010615711252654],"N3":[0.7879884225759769],"REM":[0.6925892040256175],"Wake":[0.5697538100820633],"macro":[0.6480807993639824]}}}},"test":{"confusion_matrices":{"abs":["[[3249, 707, 651, 51, 382], [362, 975, 1755, 63, 252], [256, 243, 6055, 396, 159], [63, 48, 891, 2788, 11], [155, 277, 473, 32, 1497]]"]},"markov_matrices":{"abs":{"actual":["[[4102, 786, 104, 4, 43], [364, 1729, 1099, 3, 212], [382, 681, 5745, 228, 73], [56, 29, 147, 3566, 3], [135, 182, 14, 0, 2103]]"],"predicted":["[[3226, 440, 283, 21, 115], [337, 1283, 420, 20, 190], [336, 309, 8699, 222, 259], [37, 19, 200, 3040, 33], [148, 199, 223, 27, 1704]]"]}},"metrics":{"downstream":{"cohen_kappa":[0.5607026297289783],"f1_scores":{"N1":[0.3447056743857168],"N2":[0.7151293256171017],"N3":[0.7819380171083999],"REM":[0.6323125659978881],"Wake":[0.7121095890410959],"macro":[0.6372390344300405]},"loss":[1.3830689718556959],"precisions":{"N1":[0.43333333333333335],"N2":[0.6162849872773537],"N3":[0.8372372372372372],"REM":[0.6505867014341591],"Wake":[0.7953488372093023],"macro":[0.6665582192982772]},"recalls":{"N1":[0.28617552098620486],"N2":[0.8517372344914896],"N3":[0.7334911865298606],"REM":[0.6150369761709121],"Wake":[0.6446428571428572],"macro":[0.6262167550642648]}}}},"train":{},"valid_pretraining":{}}