{"earlystopping":{"confusion_matrices":{"abs":["[[1408, 12, 26, 85, 29], [347, 108, 177, 133, 66], [189, 46, 1170, 898, 128], [2, 0, 34, 1381, 0], [180, 35, 48, 271, 661]]"]},"markov_matrices":{"abs":{"actual":["[[1273, 229, 40, 1, 17], [112, 387, 291, 0, 41], [103, 174, 2054, 62, 37], [22, 5, 35, 1354, 1], [49, 36, 11, 0, 1099]]"],"predicted":["[[1799, 78, 117, 69, 63], [41, 70, 46, 20, 23], [103, 17, 1059, 200, 76], [88, 16, 182, 2407, 75], [94, 20, 51, 72, 647]]"]}},"metrics":{"downstream":{"cohen_kappa":[0.5350423473704764],"f1_scores":{"N1":[0.20930232558139536],"N2":[0.602161605764282],"N3":[0.6599761051373955],"REM":[0.6358826358826358],"Wake":[0.7639717851329354],"macro":[0.5742588914997289]},"loss":[1.6169180552164713],"precisions":{"N1":[0.5373134328358209],"N2":[0.8041237113402062],"N3":[0.49891618497109824],"REM":[0.747737556561086],"Wake":[0.6622765757290687],"macro":[0.650073492287456]},"recalls":{"N1":[0.1299638989169675],"N2":[0.48128342245989303],"N3":[0.9745942131263232],"REM":[0.5531380753138075],"Wake":[0.9025641025641026],"macro":[0.6083087424762187]}}}},"test":{"confusion_matrices":{"abs":["[[4409, 47, 118, 211, 71], [1213, 251, 595, 457, 214], [468, 123, 3640, 2612, 260], [5, 0, 260, 3862, 3], [762, 98, 195, 690, 1230]]"]},"markov_matrices":{"abs":{"actual":["[[4051, 689, 82, 1, 32], [350, 1373, 861, 3, 143], [263, 497, 5960, 282, 101], [67, 39, 179, 3844, 1], [124, 132, 21, 0, 2698]]"],"predicted":["[[5976, 193, 294, 207, 187], [95, 175, 130, 51, 68], [293, 57, 3734, 558, 165], [253, 37, 519, 6861, 162], [239, 57, 131, 155, 1196]]"]}},"metrics":{"downstream":{"cohen_kappa":[0.5030540084668504],"f1_scores":{"N1":[0.15450907971683595],"N2":[0.6111997313407774],"N3":[0.6457114194950677],"REM":[0.5175678518830212],"Wake":[0.7528387262016563],"macro":[0.5363653617274717]},"loss":[1.9105969806050145],"precisions":{"N1":[0.4836223506743738],"N2":[0.757071547420965],"N3":[0.4931052093973442],"REM":[0.6917885264341957],"Wake":[0.6429925623450489],"macro":[0.6137160392543854]},"recalls":{"N1":[0.09194139194139195],"N2":[0.5124595241447276],"N3":[0.9351089588377723],"REM":[0.4134453781512605],"Wake":[0.9079489291598023],"macro":[0.5721808364469909]}}}},"train":{},"valid_pretraining":{}}