{
    "earlystopping": {
        "confusion_matrices": {
            "abs": [
                "[[777, 162, 85, 1, 83], [23, 237, 112, 0, 56], [23, 113, 3394, 293, 274], [0, 0, 80, 736, 92], [4, 71, 39, 0, 1139]]"
            ]
        },
        "markov_matrices": {
            "abs": {
                "actual": [
                    "[[862, 210, 21, 0, 14], [64, 148, 206, 0, 10], [130, 65, 3781, 89, 32], [11, 1, 77, 819, 0], [40, 4, 12, 0, 1197]]"
                ],
                "predicted": [
                    "[[637, 161, 15, 0, 13], [54, 336, 170, 0, 23], [87, 59, 3449, 47, 68], [10, 1, 36, 983, 0], [38, 26, 40, 0, 1540]]"
                ]
            }
        },
        "metrics": {
            "downstream": {
                "cohen_kappa": [
                    0.7154385320056366
                ],
                "f1_scores": {
                    "N1": [
                        0.4688427299703264
                    ],
                    "N2": [
                        0.8694761111822723
                    ],
                    "N3": [
                        0.759545923632611
                    ],
                    "REM": [
                        0.7863306869175009
                    ],
                    "Wake": [
                        0.8031007751937984
                    ],
                    "macro": [
                        0.7374592453793017
                    ]
                },
                "loss": [
                    0.5981545448303223
                ],
                "precisions": {
                    "N1": [
                        0.4065180102915952
                    ],
                    "N2": [
                        0.9148247978436658
                    ],
                    "N3": [
                        0.7145631067961165
                    ],
                    "REM": [
                        0.6928223844282239
                    ],
                    "Wake": [
                        0.939540507859734
                    ],
                    "macro": [
                        0.7336537614438671
                    ]
                },
                "recalls": {
                    "N1": [
                        0.5537383177570093
                    ],
                    "N2": [
                        0.8284110324627777
                    ],
                    "N3": [
                        0.8105726872246696
                    ],
                    "REM": [
                        0.9090183559457302
                    ],
                    "Wake": [
                        0.7012635379061372
                    ],
                    "macro": [
                        0.7606007862592649
                    ]
                }
            }
        }
    },
    "test": {
        "confusion_matrices": {
            "abs": [
                "[[2015, 178, 117, 4, 57], [210, 379, 128, 3, 34], [192, 243, 5694, 254, 101], [15, 3, 278, 1145, 0], [84, 108, 156, 0, 1776]]"
            ]
        },
        "markov_matrices": {
            "abs": {
                "actual": [
                    "[[1925, 362, 71, 0, 13], [125, 270, 344, 1, 14], [256, 108, 5893, 174, 52], [18, 2, 155, 1266, 0], [46, 12, 21, 0, 2045]]"
                ],
                "predicted": [
                    "[[2171, 278, 50, 1, 16], [98, 510, 261, 0, 42], [184, 75, 5970, 73, 70], [11, 3, 60, 1332, 0], [51, 45, 32, 0, 1840]]"
                ]
            }
        },
        "metrics": {
            "downstream": {
                "cohen_kappa": [
                    0.7610713501380241
                ],
                "f1_scores": {
                    "N1": [
                        0.45525525525525523
                    ],
                    "N2": [
                        0.8857431749241659
                    ],
                    "N3": [
                        0.8043554618897084
                    ],
                    "REM": [
                        0.8680351906158358
                    ],
                    "Wake": [
                        0.8246367914876203
                    ],
                    "macro": [
                        0.7676051748345172
                    ]
                },
                "loss": [
                    0.5247033926156851
                ],
                "precisions": {
                    "N1": [
                        0.41602634467618005
                    ],
                    "N2": [
                        0.8934567707516083
                    ],
                    "N3": [
                        0.8143669985775249
                    ],
                    "REM": [
                        0.9024390243902439
                    ],
                    "Wake": [
                        0.8008744038155803
                    ],
                    "macro": [
                        0.7654327084422274
                    ]
                },
                "recalls": {
                    "N1": [
                        0.5026525198938993
                    ],
                    "N2": [
                        0.878161628624306
                    ],
                    "N3": [
                        0.794587092297016
                    ],
                    "REM": [
                        0.8361581920903954
                    ],
                    "Wake": [
                        0.849852382960776
                    ],
                    "macro": [
                        0.7722823631732785
                    ]
                }
            }
        }
    },
    "train": {},
    "valid_pretraining": {}
}
