{"earlystopping":{"confusion_matrices":{"abs":["[[870, 362, 86, 38, 204], [72, 344, 346, 28, 41], [18, 206, 2054, 123, 30], [0, 4, 375, 1037, 1], [10, 103, 238, 29, 815]]"]},"markov_matrices":{"abs":{"actual":["[[1273, 229, 40, 1, 17], [112, 387, 291, 0, 41], [103, 174, 2054, 62, 37], [22, 5, 35, 1354, 1], [49, 36, 11, 0, 1099]]"],"predicted":["[[775, 138, 27, 2, 28], [92, 549, 282, 9, 86], [40, 202, 2611, 150, 96], [14, 18, 125, 1083, 15], [49, 112, 54, 10, 866]]"]}},"metrics":{"downstream":{"cohen_kappa":[0.5932173522435753],"f1_scores":{"N1":[0.37189189189189187],"N2":[0.7428571428571429],"N3":[0.7761976047904192],"REM":[0.7130358705161854],"Wake":[0.6877470355731226],"macro":[0.6583459091257524]},"loss":[2.438329569498698],"precisions":{"N1":[0.33758586849852795],"N2":[0.6627944498225234],"N3":[0.8262948207171315],"REM":[0.7470210815765352],"Wake":[0.8969072164948454],"macro":[0.6941206874219127]},"recalls":{"N1":[0.4139590854392298],"N2":[0.8449197860962567],"N3":[0.7318278052223006],"REM":[0.6820083682008368],"Wake":[0.5576923076923077],"macro":[0.6460814705301863]}}}},"test":{"confusion_matrices":{"abs":["[[2575, 1305, 247, 162, 567], [271, 1035, 1115, 161, 148], [90, 454, 5674, 825, 60], [1, 28, 1381, 2718, 2], [72, 361, 850, 192, 1500]]"]},"markov_matrices":{"abs":{"actual":["[[4051, 689, 82, 1, 32], [350, 1373, 861, 3, 143], [263, 497, 5960, 282, 101], [67, 39, 179, 3844, 1], [124, 132, 21, 0, 2698]]"],"predicted":["[[2414, 450, 43, 12, 89], [290, 1890, 760, 56, 187], [132, 554, 7970, 414, 197], [34, 79, 353, 3537, 55], [139, 210, 140, 39, 1749]]"]}},"metrics":{"downstream":{"cohen_kappa":[0.5012258913891776],"f1_scores":{"N1":[0.350076103500761],"N2":[0.693219303604154],"N3":[0.6638983878847093],"REM":[0.5712109672505712],"Wake":[0.6547997457088366],"macro":[0.5866409015898064]},"loss":[3.3901853339616643],"precisions":{"N1":[0.32516493873704055],"N2":[0.6122801338081364],"N3":[0.6697880729423361],"REM":[0.6587615283267457],"Wake":[0.8557660352276504],"macro":[0.6243521418083818]},"recalls":{"N1":[0.3791208791208791],"N2":[0.7988174010981276],"N3":[0.6581113801452785],"REM":[0.5042016806722689],"Wake":[0.5302718286655683],"macro":[0.5741046339404244]}}}},"train":{},"valid_pretraining":{}}