{"earlystopping":{"confusion_matrices":{"abs":["[[1258, 23, 43, 1, 47], [147, 60, 96, 0, 109], [641, 31, 1442, 236, 1595], [42, 0, 16, 702, 145], [111, 15, 28, 0, 1155]]"]},"markov_matrices":{"abs":{"actual":["[[1122, 217, 18, 0, 15], [56, 131, 215, 0, 10], [138, 60, 3629, 84, 34], [13, 1, 70, 821, 0], [42, 3, 13, 0, 1250]]"],"predicted":["[[1863, 75, 67, 7, 187], [21, 33, 58, 0, 16], [92, 17, 1457, 20, 39], [31, 0, 11, 874, 23], [191, 4, 32, 38, 2786]]"]}},"metrics":{"downstream":{"cohen_kappa":[0.4582714658842124],"f1_scores":{"N1":[0.22181146025878],"N2":[0.5177737881508079],"N3":[0.7613882863340564],"REM":[0.529816513761468],"Wake":[0.7045645477457295],"macro":[0.5470709192501684]},"loss":[4.070585250854492],"precisions":{"N1":[0.46511627906976744],"N2":[0.8873846153846154],"N3":[0.7476038338658147],"REM":[0.3785644051130777],"Wake":[0.5720782173715325],"macro":[0.6101494701609615]},"recalls":{"N1":[0.14563106796116504],"N2":[0.3655259822560203],"N3":[0.7756906077348066],"REM":[0.8823529411764706],"Wake":[0.9169096209912536],"macro":[0.6172220440239432]}}}},"test":{"confusion_matrices":{"abs":["[[2621, 12, 23, 2, 98], [503, 55, 63, 4, 156], [1605, 79, 2792, 517, 2112], [73, 0, 35, 1293, 113], [305, 19, 131, 0, 1763]]"]},"markov_matrices":{"abs":{"actual":["[[2267, 413, 59, 2, 15], [177, 247, 342, 0, 14], [239, 108, 6570, 128, 60], [22, 0, 108, 1384, 0], [50, 13, 26, 0, 2129]]"],"predicted":["[[4584, 91, 157, 43, 232], [13, 42, 84, 0, 26], [205, 23, 2642, 36, 138], [72, 0, 20, 1680, 43], [232, 9, 141, 57, 3803]]"]}},"metrics":{"downstream":{"cohen_kappa":[0.46988607574196417],"f1_scores":{"N1":[0.11627906976744186],"N2":[0.5502019903438762],"N3":[0.7765765765765765],"REM":[0.5458204334365324],"Wake":[0.6666666666666666],"macro":[0.5311089473582188]},"loss":[3.546398031300512],"precisions":{"N1":[0.3333333333333333],"N2":[0.9172141918528253],"N3":[0.7120044052863436],"REM":[0.4156058462989156],"Wake":[0.5132171529273546],"macro":[0.5782749859397545]},"recalls":{"N1":[0.07042253521126761],"N2":[0.39296270232230823],"N3":[0.8540290620871862],"REM":[0.7948602344454464],"Wake":[0.9510159651669086],"macro":[0.6126580998466233]}}}},"train":{},"valid_pretraining":{}}