{"earlystopping":{"confusion_matrices":{"abs":["[[875, 10, 81, 0, 142], [92, 28, 240, 2, 66], [158, 14, 3699, 133, 93], [2, 0, 383, 521, 2], [81, 18, 360, 0, 794]]"]},"markov_matrices":{"abs":{"actual":["[[862, 210, 21, 0, 14], [64, 148, 206, 0, 10], [130, 65, 3781, 89, 32], [11, 1, 77, 819, 0], [40, 4, 12, 0, 1197]]"],"predicted":["[[926, 32, 170, 1, 78], [13, 23, 27, 0, 7], [165, 4, 4364, 90, 140], [10, 1, 77, 565, 3], [93, 10, 125, 0, 869]]"]}},"metrics":{"downstream":{"cohen_kappa":[0.6139386029571265],"f1_scores":{"N1":[0.11244979919678713],"N2":[0.8349887133182845],"N3":[0.6662404092071611],"REM":[0.6757446808510639],"Wake":[0.7556131260794473],"macro":[0.6090073457305488]},"loss":[1.7978123426437378],"precisions":{"N1":[0.4],"N2":[0.7766113793827419],"N3":[0.7942073170731707],"REM":[0.723792160437557],"Wake":[0.7243377483443708],"macro":[0.6837897210475681]},"recalls":{"N1":[0.06542056074766354],"N2":[0.902855748108372],"N3":[0.5737885462555066],"REM":[0.6336791699920191],"Wake":[0.7897111913357401],"macro":[0.5930910432878602]}}}},"test":{"confusion_matrices":{"abs":["[[2082, 25, 135, 23, 106], [415, 47, 257, 3, 32], [944, 24, 4985, 258, 273], [19, 5, 363, 977, 77], [405, 62, 675, 0, 982]]"]},"markov_matrices":{"abs":{"actual":["[[1925, 362, 71, 0, 13], [125, 270, 344, 1, 14], [256, 108, 5893, 174, 52], [18, 2, 155, 1266, 0], [46, 12, 21, 0, 2045]]"],"predicted":["[[3213, 53, 440, 8, 151], [33, 60, 48, 4, 18], [425, 17, 5606, 163, 203], [23, 7, 146, 1054, 31], [170, 26, 175, 32, 1067]]"]}},"metrics":{"downstream":{"cohen_kappa":[0.5411101903287822],"f1_scores":{"N1":[0.10250817884405669],"N2":[0.7729281339638732],"N3":[0.7231680236861584],"REM":[0.5464663327768503],"Wake":[0.667735728030789],"macro":[0.5625612794603455]},"loss":[2.4941588181715746],"precisions":{"N1":[0.2883435582822086],"N2":[0.7770849571317225],"N3":[0.774781919111816],"REM":[0.6680272108843538],"Wake":[0.5386804657179819],"macro":[0.6093836222256166]},"recalls":{"N1":[0.0623342175066313],"N2":[0.7688155459592844],"N3":[0.678001387925052],"REM":[0.4623352165725047],"Wake":[0.8781105018979334],"macro":[0.5699193739722812]}}}},"train":{},"valid_pretraining":{}}