{
    "earlystopping": {
        "confusion_matrices": {
            "abs": [
                "[[1254, 103, 94, 1, 36], [57, 202, 172, 0, 40], [19, 39, 3609, 63, 110], [5, 0, 216, 698, 0], [18, 34, 65, 0, 1049]]"
            ]
        },
        "markov_matrices": {
            "abs": {
                "actual": [
                    "[[1224, 231, 17, 0, 15], [74, 164, 222, 0, 11], [132, 73, 3531, 73, 31], [11, 0, 62, 846, 0], [46, 3, 8, 0, 1109]]"
                ],
                "predicted": [
                    "[[1155, 167, 20, 0, 10], [48, 185, 133, 0, 12], [109, 16, 3928, 56, 47], [6, 2, 48, 706, 0], [34, 8, 27, 0, 1166]]"
                ]
            }
        },
        "metrics": {
            "downstream": {
                "cohen_kappa": [
                    0.7981301950140668
                ],
                "f1_scores": {
                    "N1": [
                        0.4758539458186101
                    ],
                    "N2": [
                        0.9027013506753376
                    ],
                    "N3": [
                        0.8304580606781677
                    ],
                    "REM": [
                        0.8738025822573927
                    ],
                    "Wake": [
                        0.8827877507919747
                    ],
                    "macro": [
                        0.7931207380442966
                    ]
                },
                "loss": [
                    0.4494372010231018
                ],
                "precisions": {
                    "N1": [
                        0.5343915343915344
                    ],
                    "N2": [
                        0.8683830606352262
                    ],
                    "N3": [
                        0.916010498687664
                    ],
                    "REM": [
                        0.8493927125506073
                    ],
                    "Wake": [
                        0.926829268292683
                    ],
                    "macro": [
                        0.8190014149115431
                    ]
                },
                "recalls": {
                    "N1": [
                        0.4288747346072187
                    ],
                    "N2": [
                        0.93984375
                    ],
                    "N3": [
                        0.7595212187159956
                    ],
                    "REM": [
                        0.8996569468267581
                    ],
                    "Wake": [
                        0.842741935483871
                    ],
                    "macro": [
                        0.7741277171267688
                    ]
                }
            }
        }
    },
    "test": {
        "confusion_matrices": {
            "abs": [
                "[[2106, 142, 174, 3, 91], [73, 369, 226, 5, 33], [68, 125, 5767, 375, 196], [1, 0, 434, 1092, 0], [49, 59, 218, 0, 1845]]"
            ]
        },
        "markov_matrices": {
            "abs": {
                "actual": [
                    "[[2107, 335, 57, 1, 15], [101, 257, 328, 0, 20], [233, 100, 5972, 176, 50], [18, 3, 155, 1350, 1], [56, 11, 19, 0, 2085]]"
                ],
                "predicted": [
                    "[[1936, 281, 60, 0, 19], [98, 333, 237, 0, 27], [204, 63, 6376, 93, 83], [12, 1, 80, 1382, 0], [46, 17, 66, 0, 2036]]"
                ]
            }
        },
        "metrics": {
            "downstream": {
                "cohen_kappa": [
                    0.7518863086227761
                ],
                "f1_scores": {
                    "N1": [
                        0.5267665952890792
                    ],
                    "N2": [
                        0.8639700374531836
                    ],
                    "N3": [
                        0.7275149900066622
                    ],
                    "REM": [
                        0.8510147601476015
                    ],
                    "Wake": [
                        0.8751298566382714
                    ],
                    "macro": [
                        0.7688792479069596
                    ]
                },
                "loss": [
                    0.4809481656109845
                ],
                "precisions": {
                    "N1": [
                        0.5309352517985612
                    ],
                    "N2": [
                        0.8457251796451093
                    ],
                    "N3": [
                        0.7403389830508474
                    ],
                    "REM": [
                        0.8521939953810623
                    ],
                    "Wake": [
                        0.9168480626904658
                    ],
                    "macro": [
                        0.7772082945132092
                    ]
                },
                "recalls": {
                    "N1": [
                        0.5226628895184136
                    ],
                    "N2": [
                        0.8830194457204104
                    ],
                    "N3": [
                        0.7151277013752456
                    ],
                    "REM": [
                        0.8498387839705205
                    ],
                    "Wake": [
                        0.8370429252782194
                    ],
                    "macro": [
                        0.761538349172562
                    ]
                }
            }
        }
    },
    "train": {},
    "valid_pretraining": {}
}
