{
    "earlystopping": {
        "confusion_matrices": {
            "abs": [
                "[[988, 103, 254, 7, 106], [72, 63, 206, 4, 63], [150, 87, 3107, 211, 147], [2, 0, 382, 666, 0], [158, 51, 265, 0, 591]]"
            ]
        },
        "markov_matrices": {
            "abs": {
                "actual": [
                    "[[1259, 184, 13, 0, 1], [48, 150, 197, 0, 13], [112, 70, 3412, 84, 24], [12, 1, 71, 966, 0], [26, 3, 9, 0, 1027]]"
                ],
                "predicted": [
                    "[[1091, 122, 115, 1, 40], [55, 116, 114, 0, 19], [163, 42, 3798, 87, 124], [2, 0, 85, 800, 1], [58, 24, 102, 0, 723]]"
                ]
            }
        },
        "metrics": {
            "downstream": {
                "cohen_kappa": [
                    0.5578344259172672
                ],
                "f1_scores": {
                    "N1": [
                        0.17696629213483148
                    ],
                    "N2": [
                        0.7849924204143508
                    ],
                    "N3": [
                        0.6873065015479874
                    ],
                    "REM": [
                        0.5993914807302232
                    ],
                    "Wake": [
                        0.6987270155586986
                    ],
                    "macro": [
                        0.5894767420772183
                    ]
                },
                "loss": [
                    0.8731542825698853
                ],
                "precisions": {
                    "N1": [
                        0.20723684210526316
                    ],
                    "N2": [
                        0.7373042240151875
                    ],
                    "N3": [
                        0.75
                    ],
                    "REM": [
                        0.6515986769570011
                    ],
                    "Wake": [
                        0.7211678832116788
                    ],
                    "macro": [
                        0.613461525257826
                    ]
                },
                "recalls": {
                    "N1": [
                        0.15441176470588236
                    ],
                    "N2": [
                        0.8392760669908158
                    ],
                    "N3": [
                        0.6342857142857142
                    ],
                    "REM": [
                        0.5549295774647888
                    ],
                    "Wake": [
                        0.6776406035665294
                    ],
                    "macro": [
                        0.5721087454027461
                    ]
                }
            }
        }
    },
    "test": {
        "confusion_matrices": {
            "abs": [
                "[[1091, 150, 441, 10, 317], [102, 125, 269, 4, 84], [240, 199, 5384, 197, 622], [0, 0, 552, 1305, 3], [253, 96, 734, 10, 1077]]"
            ]
        },
        "markov_matrices": {
            "abs": {
                "actual": [
                    "[[1680, 283, 29, 0, 17], [67, 196, 302, 0, 18], [192, 88, 6163, 147, 52], [23, 1, 123, 1713, 0], [46, 16, 25, 0, 2083]]"
                ],
                "predicted": [
                    "[[1256, 188, 148, 0, 94], [84, 236, 191, 0, 59], [207, 90, 6657, 163, 262], [4, 0, 154, 1363, 5], [134, 56, 230, 0, 1683]]"
                ]
            }
        },
        "metrics": {
            "downstream": {
                "cohen_kappa": [
                    0.5094644471820369
                ],
                "f1_scores": {
                    "N1": [
                        0.2166377816291161
                    ],
                    "N2": [
                        0.7679361004136357
                    ],
                    "N3": [
                        0.7708210277613704
                    ],
                    "REM": [
                        0.5040954832670255
                    ],
                    "Wake": [
                        0.5905277401894451
                    ],
                    "macro": [
                        0.5700036266521186
                    ]
                },
                "loss": [
                    1.0692631648137019
                ],
                "precisions": {
                    "N1": [
                        0.21929824561403508
                    ],
                    "N2": [
                        0.7295392953929539
                    ],
                    "N3": [
                        0.8551769331585846
                    ],
                    "REM": [
                        0.5121255349500713
                    ],
                    "Wake": [
                        0.6470937129300118
                    ],
                    "macro": [
                        0.5926467444091313
                    ]
                },
                "recalls": {
                    "N1": [
                        0.21404109589041095
                    ],
                    "N2": [
                        0.8105992171032822
                    ],
                    "N3": [
                        0.7016129032258065
                    ],
                    "REM": [
                        0.4963133640552995
                    ],
                    "Wake": [
                        0.5430562468889994
                    ],
                    "macro": [
                        0.5531245654327597
                    ]
                }
            }
        }
    },
    "train": {},
    "valid_pretraining": {}
}
