{
    "earlystopping": {
        "confusion_matrices": {
            "abs": [
                "[[1284, 71, 72, 0, 31], [56, 156, 146, 0, 50], [48, 48, 3378, 95, 133], [91, 0, 149, 810, 0], [13, 11, 99, 0, 942]]"
            ]
        },
        "markov_matrices": {
            "abs": {
                "actual": [
                    "[[1259, 184, 13, 0, 1], [48, 150, 197, 0, 13], [112, 70, 3412, 84, 24], [12, 1, 71, 966, 0], [26, 3, 9, 0, 1027]]"
                ],
                "predicted": [
                    "[[1306, 130, 36, 0, 19], [46, 121, 106, 0, 13], [93, 25, 3562, 80, 84], [11, 1, 68, 825, 0], [35, 9, 72, 0, 1040]]"
                ]
            }
        },
        "metrics": {
            "downstream": {
                "cohen_kappa": [
                    0.7879413123313576
                ],
                "f1_scores": {
                    "N1": [
                        0.44956772334293943
                    ],
                    "N2": [
                        0.8953087728597933
                    ],
                    "N3": [
                        0.8286445012787724
                    ],
                    "REM": [
                        0.8482665466006304
                    ],
                    "Wake": [
                        0.8705084745762711
                    ],
                    "macro": [
                        0.7784592037316813
                    ]
                },
                "loss": [
                    0.4342494010925293
                ],
                "precisions": {
                    "N1": [
                        0.5454545454545454
                    ],
                    "N2": [
                        0.8787721123829344
                    ],
                    "N3": [
                        0.8950276243093923
                    ],
                    "REM": [
                        0.8148788927335641
                    ],
                    "Wake": [
                        0.8605898123324397
                    ],
                    "macro": [
                        0.7989445974425752
                    ]
                },
                "recalls": {
                    "N1": [
                        0.38235294117647056
                    ],
                    "N2": [
                        0.9124797406807131
                    ],
                    "N3": [
                        0.7714285714285715
                    ],
                    "REM": [
                        0.8845070422535212
                    ],
                    "Wake": [
                        0.8806584362139918
                    ],
                    "macro": [
                        0.7662853463506536
                    ]
                }
            }
        }
    },
    "test": {
        "confusion_matrices": {
            "abs": [
                "[[1608, 94, 182, 1, 124], [75, 200, 249, 0, 60], [98, 89, 5949, 238, 268], [8, 0, 323, 1529, 0], [94, 43, 358, 0, 1675]]"
            ]
        },
        "markov_matrices": {
            "abs": {
                "actual": [
                    "[[1680, 283, 29, 0, 17], [67, 196, 302, 0, 18], [192, 88, 6163, 147, 52], [23, 1, 123, 1713, 0], [46, 16, 25, 0, 2083]]"
                ],
                "predicted": [
                    "[[1547, 184, 112, 1, 39], [50, 142, 210, 1, 22], [191, 72, 6482, 123, 193], [21, 4, 100, 1643, 0], [73, 24, 157, 0, 1873]]"
                ]
            }
        },
        "metrics": {
            "downstream": {
                "cohen_kappa": [
                    0.7390609038723004
                ],
                "f1_scores": {
                    "N1": [
                        0.39603960396039606
                    ],
                    "N2": [
                        0.8682770196307378
                    ],
                    "N3": [
                        0.8428886438809262
                    ],
                    "REM": [
                        0.7796136839655574
                    ],
                    "Wake": [
                        0.8263103802672147
                    ],
                    "macro": [
                        0.7426258663409665
                    ]
                },
                "loss": [
                    0.44821940935575044
                ],
                "precisions": {
                    "N1": [
                        0.4694835680751174
                    ],
                    "N2": [
                        0.8425152244724543
                    ],
                    "N3": [
                        0.8648190045248869
                    ],
                    "REM": [
                        0.7874941231781852
                    ],
                    "Wake": [
                        0.8539564524694636
                    ],
                    "macro": [
                        0.7636536745440214
                    ]
                },
                "recalls": {
                    "N1": [
                        0.3424657534246575
                    ],
                    "N2": [
                        0.8956639566395664
                    ],
                    "N3": [
                        0.8220430107526882
                    ],
                    "REM": [
                        0.771889400921659
                    ],
                    "Wake": [
                        0.8003982080637133
                    ],
                    "macro": [
                        0.726492065960457
                    ]
                }
            }
        }
    },
    "train": {},
    "valid_ssl": {}
}
