{"earlystopping":{"confusion_matrices":{"abs":["[[1052, 17, 194, 3, 222], [88, 0, 195, 0, 188], [11, 3, 2891, 198, 737], [0, 0, 209, 703, 7], [27, 6, 171, 2, 960]]"]},"markov_matrices":{"abs":{"actual":["[[1224, 231, 17, 0, 15], [74, 164, 222, 0, 11], [132, 73, 3531, 73, 31], [11, 0, 62, 846, 0], [46, 3, 8, 0, 1109]]"],"predicted":["[[1016, 2, 93, 0, 67], [8, 12, 5, 0, 0], [107, 6, 3276, 61, 210], [4, 0, 56, 820, 26], [43, 6, 229, 25, 1811]]"]}},"metrics":{"downstream":{"cohen_kappa":[0.5827234723239613],"f1_scores":{"N1":[0.0],"N2":[0.7709333333333335],"N3":[0.7704109589041096],"REM":[0.5853658536585367],"Wake":[0.7891972993248312],"macro":[0.5831814890441621]},"loss":[1.7221343517303467],"precisions":{"N1":[0.0],"N2":[0.7898907103825137],"N3":[0.7759381898454746],"REM":[0.45411542100283825],"Wake":[0.8930390492359932],"macro":[0.5825966740933639]},"recalls":{"N1":[0.0],"N2":[0.7528645833333333],"N3":[0.764961915125136],"REM":[0.823327615780446],"Wake":[0.706989247311828],"macro":[0.6096286723101487]}}}},"test":{"confusion_matrices":{"abs":["[[1703, 28, 360, 33, 392], [202, 5, 209, 6, 284], [180, 5, 4127, 745, 1474], [0, 0, 185, 1289, 53], [176, 8, 242, 36, 1709]]"]},"markov_matrices":{"abs":{"actual":["[[2107, 335, 57, 1, 15], [101, 257, 328, 0, 20], [233, 100, 5972, 176, 50], [18, 3, 155, 1350, 1], [56, 11, 19, 0, 2085]]"],"predicted":["[[1874, 7, 219, 0, 161], [16, 13, 9, 1, 6], [223, 13, 4467, 91, 329], [12, 3, 71, 1935, 88], [136, 9, 357, 82, 3328]]"]}},"metrics":{"downstream":{"cohen_kappa":[0.5223133626724199],"f1_scores":{"N1":[0.013297872340425532],"N2":[0.7082546765059206],"N3":[0.7090209020902092],"REM":[0.5618938024001315],"Wake":[0.7129997906635964],"macro":[0.5410934088000566]},"loss":[1.9227378280074507],"precisions":{"N1":[0.10869565217391304],"N2":[0.8055826664064025],"N3":[0.611190137505927],"REM":[0.4368609406952965],"Wake":[0.7532065457762053],"macro":[0.5431071885115488]},"recalls":{"N1":[0.007082152974504249],"N2":[0.6319093553820242],"N3":[0.8441388343156516],"REM":[0.7871948410870566],"Wake":[0.6768680445151033],"macro":[0.589438645654868]}}}},"train":{},"valid_pretraining":{}}