{"earlystopping":{"confusion_matrices":{"abs":["[[5209, 1243, 998, 0, 210], [534, 428, 885, 0, 80], [372, 934, 5686, 0, 114], [6, 13, 1108, 0, 1], [1416, 543, 643, 0, 239]]"]},"markov_matrices":{"abs":{"actual":["[[7290, 345, 19, 0, 5], [197, 1257, 361, 3, 109], [94, 200, 6433, 271, 108], [13, 13, 248, 854, 0], [65, 112, 45, 0, 2619]]"],"predicted":["[[6100, 663, 619, 0, 154], [744, 1744, 597, 0, 76], [537, 625, 8051, 0, 107], [0, 0, 0, 0, 0], [155, 129, 53, 0, 307]]"]}},"metrics":{"downstream":{"cohen_kappa":[0.3627077162667981],"f1_scores":{"N1":[0.16823899371069181],"N2":[0.6923170583221722],"N3":[0.0],"REM":[0.13715925394548062],"Wake":[0.685530038823452],"macro":[0.33664906896035934]},"loss":[2.4625995915110517],"precisions":{"N1":[0.1354001898133502],"N2":[0.6100858369098713],"N3":[0.0],"REM":[0.37111801242236025],"Wake":[0.69112378930609],"macro":[0.36154556569033436]},"recalls":{"N1":[0.22210690192008303],"N2":[0.8001688713763018],"N3":[0.0],"REM":[0.08412530799014431],"Wake":[0.6800261096605744],"macro":[0.3572854381894207]}}}},"test":{"confusion_matrices":{"abs":["[[6856, 1943, 1671, 0, 311], [1474, 665, 1413, 0, 153], [3189, 1125, 8499, 0, 107], [126, 25, 1881, 0, 4], [2722, 648, 1236, 0, 234]]"]},"markov_matrices":{"abs":{"actual":["[[10118, 616, 19, 0, 27], [361, 2625, 600, 0, 119], [180, 332, 11792, 467, 149], [22, 6, 436, 1569, 3], [99, 126, 73, 0, 4542]]"],"predicted":["[[11815, 1113, 1229, 0, 209], [1168, 2287, 857, 0, 94], [1142, 854, 12543, 0, 161], [0, 0, 0, 0, 0], [241, 152, 71, 0, 345]]"]}},"metrics":{"downstream":{"cohen_kappa":[0.23718211360083963],"f1_scores":{"N1":[0.16397484897053385],"N2":[0.6154236060825489],"N3":[0.0],"REM":[0.08284652150823155],"Wake":[0.5452521075234611],"macro":[0.281499416816955]},"loss":[2.8759729186100746],"precisions":{"N1":[0.15093054925102134],"N2":[0.5781632653061225],"N3":[0.0],"REM":[0.2892459826946848],"Wake":[0.4772047052272569],"macro":[0.2991089004958171]},"recalls":{"N1":[0.1794871794871795],"N2":[0.6578173374613003],"N3":[0.0],"REM":[0.048347107438016526],"Wake":[0.6359335868657824],"macro":[0.3043170422504558]}}}},"train":{},"valid_pretraining":{}}