{"earlystopping":{"confusion_matrices":{"abs":["[[3259, 1497, 590, 4, 42], [17, 856, 777, 21, 56], [4, 262, 5014, 1533, 29], [1, 0, 135, 1421, 1], [5, 766, 446, 0, 1465]]"]},"markov_matrices":{"abs":{"actual":["[[5051, 318, 17, 0, 5], [183, 1134, 318, 2, 90], [88, 164, 6222, 274, 94], [12, 10, 254, 1282, 0], [57, 101, 31, 0, 2493]]"],"predicted":["[[2962, 193, 121, 0, 9], [143, 2708, 366, 0, 164], [162, 273, 6256, 188, 83], [4, 2, 178, 2791, 4], [14, 205, 41, 0, 1333]]"]}},"metrics":{"downstream":{"cohen_kappa":[0.551735186292367],"f1_scores":{"N1":[0.3351605324980423],"N2":[0.7264560996812518],"N3":[0.6264051135111307],"REM":[0.6853801169590643],"Wake":[0.7510947222862411],"macro":[0.6248993169871462]},"loss":[1.5011640124850802],"precisions":{"N1":[0.25317953268263826],"N2":[0.7201953461648951],"N3":[0.4770057066129574],"REM":[0.9196484620213434],"Wake":[0.9917833231892879],"macro":[0.6723624741342243]},"recalls":{"N1":[0.4956572090330052],"N2":[0.732826658871675],"N3":[0.9120667522464698],"REM":[0.5462341536167039],"Wake":[0.6044139465875371],"macro":[0.6582397440710782]}}}},"test":{"confusion_matrices":{"abs":["[[3868, 2504, 2327, 16, 250], [27, 1727, 2067, 93, 105], [1, 1095, 7770, 2140, 80], [0, 2, 304, 1867, 3], [18, 1216, 773, 4, 2379]]"]},"markov_matrices":{"abs":{"actual":["[[8369, 557, 27, 1, 10], [330, 3076, 529, 0, 84], [166, 277, 10122, 394, 127], [26, 9, 359, 1780, 2], [73, 100, 49, 1, 4167]]"],"predicted":["[[3426, 270, 194, 0, 24], [214, 5315, 714, 0, 301], [247, 575, 11934, 354, 130], [0, 0, 347, 3766, 7], [26, 384, 52, 0, 2355]]"]}},"metrics":{"downstream":{"cohen_kappa":[0.437230333002971],"f1_scores":{"N1":[0.3269904383224463],"N2":[0.6387963990627697],"N3":[0.5930749682337992],"REM":[0.6601914805050645],"Wake":[0.600667753707586],"macro":[0.563944207966333]},"loss":[2.0234124501546225],"precisions":{"N1":[0.2639058679706601],"N2":[0.5868136847670116],"N3":[0.45315533980582523],"REM":[0.8445154419595314],"Wake":[0.9882473173224323],"macro":[0.6273275303650921]},"recalls":{"N1":[0.4297088828066683],"N2":[0.7008839978351074],"N3":[0.8579963235294118],"REM":[0.5419134396355353],"Wake":[0.43145566090351367],"macro":[0.5923916609420472]}}}},"train":{},"valid_pretraining":{}}