{"earlystopping":{"confusion_matrices":{"abs":["[[560, 375, 185, 20, 237], [43, 251, 463, 9, 109], [14, 93, 2173, 92, 85], [5, 1, 515, 1016, 6], [8, 58, 288, 5, 869]]"]},"markov_matrices":{"abs":{"actual":["[[1107, 224, 32, 1, 13], [103, 420, 304, 1, 47], [91, 183, 2069, 75, 39], [26, 6, 44, 1466, 0], [49, 42, 8, 0, 1129]]"],"predicted":["[[507, 66, 27, 5, 25], [53, 535, 142, 1, 47], [30, 91, 3146, 145, 212], [6, 4, 136, 985, 10], [34, 82, 172, 6, 1012]]"]}},"metrics":{"downstream":{"cohen_kappa":[0.5364512823453511],"f1_scores":{"N1":[0.30369026013309136],"N2":[0.7146850846900181],"N3":[0.7567970204841713],"REM":[0.6858721389108129],"Wake":[0.558046836073742],"macro":[0.6038182680583671]},"loss":[2.776416524251302],"precisions":{"N1":[0.3226221079691517],"N2":[0.5996136865342163],"N3":[0.8896672504378283],"REM":[0.6653905053598775],"Wake":[0.8888888888888888],"macro":[0.6732364878379926]},"recalls":{"N1":[0.28685714285714287],"N2":[0.8844118844118845],"N3":[0.6584575502268308],"REM":[0.7076547231270358],"Wake":[0.4066811909949165],"macro":[0.5888124983235621]}}}},"test":{"confusion_matrices":{"abs":["[[2108, 1062, 1079, 117, 795], [346, 674, 1151, 81, 331], [106, 472, 4508, 283, 137], [0, 1, 1617, 2095, 10], [54, 179, 527, 25, 1508]]"]},"markov_matrices":{"abs":{"actual":["[[4415, 676, 55, 1, 13], [385, 1308, 745, 5, 140], [218, 440, 4532, 223, 93], [51, 23, 150, 3494, 5], [91, 136, 24, 0, 2042]]"],"predicted":["[[2141, 234, 119, 14, 106], [182, 1662, 393, 10, 141], [133, 291, 7652, 347, 459], [13, 15, 338, 2202, 32], [144, 186, 380, 28, 2043]]"]}},"metrics":{"downstream":{"cohen_kappa":[0.43705679589314517],"f1_scores":{"N1":[0.2711728022530678],"N2":[0.626633305532388],"N3":[0.6625553447185326],"REM":[0.594402837997635],"Wake":[0.5422508038585209],"macro":[0.5394030188720289]},"loss":[4.047617460552015],"precisions":{"N1":[0.28224455611390287],"N2":[0.5075433460932223],"N3":[0.8054594386774317],"REM":[0.5422509888529305],"Wake":[0.8064269319051263],"macro":[0.5887850523285227]},"recalls":{"N1":[0.26093689508323653],"N2":[0.818743189248093],"N3":[0.5627182379801235],"REM":[0.6576537287396423],"Wake":[0.40844797519860493],"macro":[0.54170000524994]}}}},"train":{},"valid_pretraining":{}}