{"earlystopping":{"confusion_matrices":{"abs":["[[818, 172, 73, 4, 41], [47, 187, 157, 1, 36], [39, 87, 3365, 451, 155], [2, 0, 133, 773, 0], [27, 77, 202, 0, 947]]"]},"markov_matrices":{"abs":{"actual":["[[862, 210, 21, 0, 14], [64, 148, 206, 0, 10], [130, 65, 3781, 89, 32], [11, 1, 77, 819, 0], [40, 4, 12, 0, 1197]]"],"predicted":["[[672, 206, 36, 2, 17], [72, 265, 152, 0, 34], [121, 39, 3628, 81, 61], [14, 1, 70, 1144, 0], [53, 12, 44, 2, 1067]]"]}},"metrics":{"downstream":{"cohen_kappa":[0.6744411898309863],"f1_scores":{"N1":[0.39327024185068354],"N2":[0.8384203313815871],"N3":[0.7234440804866635],"REM":[0.778782894736842],"Wake":[0.8015678588926998],"macro":[0.7070970814696952]},"loss":[1.2083094120025635],"precisions":{"N1":[0.3575525812619503],"N2":[0.8562340966921119],"N3":[0.628966639544345],"REM":[0.8032230703986429],"Wake":[0.8767416934619507],"macro":[0.7045436162718002]},"recalls":{"N1":[0.4369158878504673],"N2":[0.8213326824505736],"N3":[0.8513215859030837],"REM":[0.7557861133280128],"Wake":[0.7382671480144405],"macro":[0.7207246835093156]}}}},"test":{"confusion_matrices":{"abs":["[[1802, 211, 48, 48, 262], [228, 343, 63, 9, 111], [380, 329, 3841, 488, 1446], [4, 0, 53, 1253, 131], [54, 100, 191, 56, 1723]]"]},"markov_matrices":{"abs":{"actual":["[[1925, 362, 71, 0, 13], [125, 270, 344, 1, 14], [256, 108, 5893, 174, 52], [18, 2, 155, 1266, 0], [46, 12, 21, 0, 2045]]"],"predicted":["[[1982, 356, 59, 7, 64], [139, 499, 227, 9, 109], [166, 57, 3685, 137, 150], [27, 16, 118, 1651, 42], [153, 55, 107, 50, 3308]]"]}},"metrics":{"downstream":{"cohen_kappa":[0.5707903099171099],"f1_scores":{"N1":[0.3949337938975245],"N2":[0.7192883895131087],"N3":[0.7605462822458271],"REM":[0.5944454027945488],"Wake":[0.7447819797478819],"macro":[0.6427991696397781]},"loss":[1.9531024052546575],"precisions":{"N1":[0.34893184130213634],"N2":[0.915395614871306],"N3":[0.6758360302049622],"REM":[0.46909882929485436],"Wake":[0.7301458670988655],"macro":[0.6278816365544249]},"recalls":{"N1":[0.45490716180371354],"N2":[0.5923812461443554],"N3":[0.8695350451075642],"REM":[0.8112052730696798],"Wake":[0.7600168705187684],"macro":[0.6976091193288163]}}}},"train":{},"valid_pretraining":{}}