{"earlystopping":{"confusion_matrices":{"abs":["[[1009, 71, 249, 2, 157], [118, 33, 180, 0, 140], [341, 7, 3092, 59, 341], [41, 0, 200, 601, 77], [144, 9, 281, 0, 732]]"]},"markov_matrices":{"abs":{"actual":["[[1224, 231, 17, 0, 15], [74, 164, 222, 0, 11], [132, 73, 3531, 73, 31], [11, 0, 62, 846, 0], [46, 3, 8, 0, 1109]]"],"predicted":["[[1449, 59, 54, 0, 91], [10, 40, 50, 0, 20], [96, 10, 3692, 62, 141], [2, 3, 56, 600, 1], [95, 8, 150, 0, 1194]]"]}},"metrics":{"downstream":{"cohen_kappa":[0.5460569214187656],"f1_scores":{"N1":[0.11167512690355332],"N2":[0.7885743432797755],"N3":[0.7602783048703352],"REM":[0.5602755453501722],"Wake":[0.6424705507800064],"macro":[0.5726547742367686]},"loss":[3.1676158905029297],"precisions":{"N1":[0.275],"N2":[0.7726136931534233],"N3":[0.9078549848942599],"REM":[0.5058742225293711],"Wake":[0.6104053236539625],"macro":[0.6143496448462035]},"recalls":{"N1":[0.07006369426751592],"N2":[0.8052083333333333],"N3":[0.6539717083786725],"REM":[0.62778730703259],"Wake":[0.6780913978494624],"macro":[0.5670244881723148]}}}},"test":{"confusion_matrices":{"abs":["[[1421, 49, 687, 17, 342], [120, 65, 239, 1, 281], [297, 30, 4977, 337, 890], [1, 0, 544, 982, 0], [146, 25, 775, 14, 1211]]"]},"markov_matrices":{"abs":{"actual":["[[2107, 335, 57, 1, 15], [101, 257, 328, 0, 20], [233, 100, 5972, 176, 50], [18, 3, 155, 1350, 1], [56, 11, 19, 0, 2085]]"],"predicted":["[[1600, 76, 167, 3, 139], [13, 56, 62, 5, 33], [233, 26, 6634, 138, 190], [6, 5, 133, 1205, 2], [132, 6, 226, 0, 2360]]"]}},"metrics":{"downstream":{"cohen_kappa":[0.4655143086685676],"f1_scores":{"N1":[0.14857142857142855],"N2":[0.7237693594124919],"N3":[0.6824183460736623],"REM":[0.49479060265577113],"Wake":[0.6314152410575428],"macro":[0.5361929955541793]},"loss":[4.214902807165076],"precisions":{"N1":[0.38461538461538464],"N2":[0.6891442813625035],"N3":[0.7268689859363434],"REM":[0.4445668135095448],"Wake":[0.7158690176322419],"macro":[0.5922128966112037]},"recalls":{"N1":[0.09206798866855524],"N2":[0.7620578778135049],"N3":[0.6430910281597905],"REM":[0.5578074619990787],"Wake":[0.564785373608903],"macro":[0.5239619460499665]}}}},"train":{},"valid_pretraining":{}}