{
    "earlystopping": {
        "confusion_matrices": {
            "abs": [
                "[[1237, 78, 122, 1, 20], [40, 96, 233, 0, 39], [23, 18, 3508, 60, 93], [0, 0, 550, 500, 0], [11, 11, 330, 0, 713]]"
            ]
        },
        "markov_matrices": {
            "abs": {
                "actual": [
                    "[[1259, 184, 13, 0, 1], [48, 150, 197, 0, 13], [112, 70, 3412, 84, 24], [12, 1, 71, 966, 0], [26, 3, 9, 0, 1027]]"
                ],
                "predicted": [
                    "[[1135, 93, 72, 0, 10], [18, 94, 77, 0, 14], [129, 10, 4474, 47, 83], [6, 0, 40, 513, 2], [22, 6, 80, 1, 756]]"
                ]
            }
        },
        "metrics": {
            "downstream": {
                "cohen_kappa": [
                    0.6703414633221236
                ],
                "f1_scores": {
                    "N1": [
                        0.3142389525368249
                    ],
                    "N2": [
                        0.8307874481941978
                    ],
                    "N3": [
                        0.6207324643078833
                    ],
                    "REM": [
                        0.7388601036269429
                    ],
                    "Wake": [
                        0.8934633441675695
                    ],
                    "macro": [
                        0.6796164625666836
                    ]
                },
                "loss": [
                    1.6891720294952393
                ],
                "precisions": {
                    "N1": [
                        0.4729064039408867
                    ],
                    "N2": [
                        0.7396162766181742
                    ],
                    "N3": [
                        0.8912655971479501
                    ],
                    "REM": [
                        0.8242774566473988
                    ],
                    "Wake": [
                        0.9435545385202135
                    ],
                    "macro": [
                        0.7743240545749247
                    ]
                },
                "recalls": {
                    "N1": [
                        0.23529411764705882
                    ],
                    "N2": [
                        0.9475958941112912
                    ],
                    "N3": [
                        0.47619047619047616
                    ],
                    "REM": [
                        0.6694835680751173
                    ],
                    "Wake": [
                        0.8484224965706447
                    ],
                    "macro": [
                        0.6353973105189177
                    ]
                }
            }
        }
    },
    "test": {
        "confusion_matrices": {
            "abs": [
                "[[1416, 59, 450, 0, 84], [104, 87, 326, 4, 63], [166, 27, 6040, 202, 207], [11, 0, 822, 1027, 0], [89, 15, 890, 39, 1137]]"
            ]
        },
        "markov_matrices": {
            "abs": {
                "actual": [
                    "[[1680, 283, 29, 0, 17], [67, 196, 302, 0, 18], [192, 88, 6163, 147, 52], [23, 1, 123, 1713, 0], [46, 16, 25, 0, 2083]]"
                ],
                "predicted": [
                    "[[1413, 87, 238, 13, 35], [23, 73, 78, 0, 14], [285, 20, 7903, 111, 208], [18, 1, 103, 1142, 8], [46, 7, 206, 6, 1226]]"
                ]
            }
        },
        "metrics": {
            "downstream": {
                "cohen_kappa": [
                    0.5710077168922723
                ],
                "f1_scores": {
                    "N1": [
                        0.22538860103626948
                    ],
                    "N2": [
                        0.7963085036255768
                    ],
                    "N3": [
                        0.6558109833971902
                    ],
                    "REM": [
                        0.6211417645452062
                    ],
                    "Wake": [
                        0.7462450592885376
                    ],
                    "macro": [
                        0.6089789823785561
                    ]
                },
                "loss": [
                    2.087514437161959
                ],
                "precisions": {
                    "N1": [
                        0.4627659574468085
                    ],
                    "N2": [
                        0.7082551594746717
                    ],
                    "N3": [
                        0.8073899371069182
                    ],
                    "REM": [
                        0.7625754527162978
                    ],
                    "Wake": [
                        0.7928331466965286
                    ],
                    "macro": [
                        0.706763930688245
                    ]
                },
                "recalls": {
                    "N1": [
                        0.14897260273972604
                    ],
                    "N2": [
                        0.9093646492020476
                    ],
                    "N3": [
                        0.5521505376344086
                    ],
                    "REM": [
                        0.523963133640553
                    ],
                    "Wake": [
                        0.7048282727725237
                    ],
                    "macro": [
                        0.5678558391978518
                    ]
                }
            }
        }
    },
    "train": {},
    "valid_pretraining": {}
}
