{"earlystopping":{"confusion_matrices":{"abs":["[[1200, 165, 15, 8, 30], [81, 529, 124, 8, 53], [23, 255, 1887, 361, 90], [1, 2, 37, 1278, 0], [3, 47, 9, 0, 1182]]"]},"markov_matrices":{"abs":{"actual":["[[1126, 224, 50, 1, 17], [105, 349, 308, 1, 32], [110, 186, 2216, 66, 37], [28, 7, 32, 1250, 1], [48, 29, 10, 0, 1154]]"],"predicted":["[[1059, 237, 7, 2, 3], [109, 563, 264, 3, 58], [68, 145, 1749, 82, 28], [32, 11, 42, 1568, 2], [39, 42, 10, 0, 1264]]"]}},"metrics":{"downstream":{"cohen_kappa":[0.7727365797247454],"f1_scores":{"N1":[0.5900725041829337],"N2":[0.8050341296928327],"N3":[0.8597376387487387],"REM":[0.9106317411402157],"Wake":[0.880410858400587],"macro":[0.8091773744330617]},"loss":[0.45944938659667967],"precisions":{"N1":[0.530060120240481],"N2":[0.9107142857142857],"N3":[0.7722054380664652],"REM":[0.8723247232472324],"Wake":[0.9174311926605505],"macro":[0.8005471519858031]},"recalls":{"N1":[0.6654088050314465],"N2":[0.7213302752293578],"N3":[0.9696509863429439],"REM":[0.9524576954069299],"Wake":[0.846262341325811],"macro":[0.8310220206672978]}}}},"test":{"confusion_matrices":{"abs":["[[4081, 388, 67, 27, 121], [244, 1445, 371, 19, 234], [20, 495, 4003, 894, 200], [4, 2, 322, 3664, 0], [11, 81, 62, 0, 2785]]"]},"markov_matrices":{"abs":{"actual":["[[4011, 610, 44, 4, 15], [319, 1176, 689, 6, 122], [195, 395, 4680, 248, 94], [57, 20, 176, 3734, 5], [101, 112, 23, 0, 2703]]"],"predicted":["[[3799, 520, 8, 2, 31], [246, 1469, 572, 0, 124], [130, 314, 4105, 196, 79], [64, 19, 114, 4406, 1], [120, 89, 26, 0, 3105]]"]}},"metrics":{"downstream":{"cohen_kappa":[0.7684114543801113],"f1_scores":{"N1":[0.6117696867061811],"N2":[0.7670786624508958],"N3":[0.85248953001396],"REM":[0.8870839305621915],"Wake":[0.9024767801857585],"macro":[0.8041797179837975]},"loss":[0.4755285214155148],"precisions":{"N1":[0.5993363749481543],"N2":[0.8296373056994819],"N3":[0.7958297132927888],"REM":[0.8338323353293413],"Wake":[0.9360091743119267],"macro":[0.7989289807163387]},"recalls":{"N1":[0.6247297881539127],"N2":[0.7132929436920884],"N3":[0.9178356713426854],"REM":[0.9476012249064307],"Wake":[0.8712638770281811],"macro":[0.8149447010246597]}}}},"train":{},"valid_pretraining":{}}