{"earlystopping":{"confusion_matrices":{"abs":["[[4515, 1477, 1459, 20, 189], [69, 555, 1166, 52, 85], [27, 501, 5904, 617, 57], [1, 9, 913, 201, 4], [107, 488, 1482, 81, 683]]"]},"markov_matrices":{"abs":{"actual":["[[7290, 345, 19, 0, 5], [197, 1257, 361, 3, 109], [94, 200, 6433, 271, 108], [13, 13, 248, 854, 0], [65, 112, 45, 0, 2619]]"],"predicted":["[[4022, 257, 274, 3, 162], [206, 1966, 742, 40, 76], [346, 689, 9096, 518, 275], [3, 22, 531, 395, 20], [141, 96, 281, 15, 485]]"]}},"metrics":{"downstream":{"cohen_kappa":[0.40027319927219485],"f1_scores":{"N1":[0.2239257615493242],"N2":[0.6549084858569052],"N3":[0.19151977131967604],"REM":[0.3539777144337911],"Wake":[0.7294611842636723],"macro":[0.4307585834846738]},"loss":[3.0553529320693595],"precisions":{"N1":[0.18316831683168316],"N2":[0.5404613694617356],"N3":[0.2070030895983522],"REM":[0.6709233791748527],"Wake":[0.9567705022250477],"macro":[0.5116653314583341]},"recalls":{"N1":[0.28801245459263103],"N2":[0.830847171404447],"N3":[0.17819148936170212],"REM":[0.2404083069341781],"Wake":[0.589425587467363],"macro":[0.42537700195206424]}}}},"test":{"confusion_matrices":{"abs":["[[5537, 2542, 2121, 26, 555], [414, 1431, 1690, 22, 148], [123, 2290, 9915, 499, 93], [0, 19, 1539, 477, 1], [304, 1283, 2319, 61, 873]]"]},"markov_matrices":{"abs":{"actual":["[[10118, 616, 19, 0, 27], [361, 2625, 600, 0, 119], [180, 332, 11792, 467, 149], [22, 6, 436, 1569, 3], [99, 126, 73, 0, 4542]]"],"predicted":["[[5043, 622, 393, 1, 319], [513, 5099, 1671, 56, 226], [521, 1591, 14530, 558, 383], [1, 27, 578, 464, 15], [300, 225, 412, 6, 727]]"]}},"metrics":{"downstream":{"cohen_kappa":[0.34577988294615203],"f1_scores":{"N1":[0.25394853593611355],"N2":[0.6500786782061369],"N3":[0.3056712592117911],"REM":[0.26820276497695855],"Wake":[0.6453756046389649],"macro":[0.424655368593993]},"loss":[3.270916611401003],"precisions":{"N1":[0.1891606080634501],"N2":[0.5638648771610555],"N3":[0.4396313364055299],"REM":[0.5227544910179641],"Wake":[0.8681404829100031],"macro":[0.5167103591116005]},"recalls":{"N1":[0.3862348178137652],"N2":[0.7674148606811145],"N3":[0.2342829076620825],"REM":[0.18037190082644627],"Wake":[0.5135887208978759],"macro":[0.4163786415762568]}}}},"train":{},"valid_pretraining":{}}