{"earlystopping":{"confusion_matrices":{"abs":["[[7158, 58, 451, 24, 267], [184, 131, 1355, 34, 242], [7, 11, 6253, 319, 38], [0, 0, 680, 851, 0], [5, 7, 1257, 51, 1462]]"]},"markov_matrices":{"abs":{"actual":["[[7584, 353, 15, 0, 5], [200, 1236, 385, 2, 123], [98, 210, 5964, 245, 111], [13, 14, 220, 1284, 0], [62, 133, 44, 0, 2543]]"],"predicted":["[[7206, 30, 53, 8, 56], [11, 134, 48, 3, 11], [73, 11, 9547, 128, 237], [12, 3, 124, 1138, 2], [51, 29, 224, 2, 1703]]"]}},"metrics":{"downstream":{"cohen_kappa":[0.6553316958273498],"f1_scores":{"N1":[0.12169066418950301],"N2":[0.7522858517805582],"N3":[0.6056939501779359],"REM":[0.6103109997912753],"Wake":[0.9349529780564263],"macro":[0.6049868887991396]},"loss":[1.216780778838367],"precisions":{"N1":[0.6328502415458938],"N2":[0.6255502200880352],"N3":[0.6653635652853792],"REM":[0.7277252364360378],"Wake":[0.9733478379113407],"macro":[0.7249674202533374]},"recalls":{"N1":[0.06731757451181912],"N2":[0.9434218467109233],"N3":[0.5558458523840627],"REM":[0.5255212077641984],"Wake":[0.8994722292033174],"macro":[0.5983157421148642]}}}},"test":{"confusion_matrices":{"abs":["[[10282, 150, 1713, 113, 290], [725, 324, 2801, 242, 400], [469, 37, 10789, 715, 155], [29, 0, 1351, 1221, 0], [247, 15, 1695, 41, 2574]]"]},"markov_matrices":{"abs":{"actual":["[[11874, 617, 28, 3, 25], [348, 3420, 622, 0, 102], [199, 328, 10935, 568, 135], [29, 16, 522, 2030, 4], [97, 111, 58, 0, 4306]]"],"predicted":["[[11373, 58, 191, 34, 95], [13, 358, 120, 1, 34], [221, 43, 17525, 199, 361], [35, 7, 195, 2088, 7], [109, 60, 318, 10, 2922]]"]}},"metrics":{"downstream":{"cohen_kappa":[0.5617180226524519],"f1_scores":{"N1":[0.12913511359107213],"N2":[0.7071508160188765],"N3":[0.49503344820595985],"REM":[0.6442247528469528],"Wake":[0.8462551440329218],"macro":[0.5643598549391566]},"loss":[1.5822411643134222],"precisions":{"N1":[0.6159695817490495],"N2":[0.5879884462368521],"N3":[0.5235849056603774],"REM":[0.752851711026616],"Wake":[0.8749149081007488],"macro":[0.6710619105547287]},"recalls":{"N1":[0.07212822796081923],"N2":[0.8868886148787505],"N3":[0.46943483275663206],"REM":[0.562992125984252],"Wake":[0.8194134523430029],"macro":[0.5621714507846913]}}}},"train":{},"valid_pretraining":{}}