{
    "earlystopping": {
        "confusion_matrices": {
            "abs": [
                "[[1120, 58, 224, 2, 84], [124, 49, 237, 0, 61], [365, 11, 3191, 131, 142], [90, 0, 195, 634, 0], [186, 25, 240, 0, 715]]"
            ]
        },
        "markov_matrices": {
            "abs": {
                "actual": [
                    "[[1224, 231, 17, 0, 15], [74, 164, 222, 0, 11], [132, 73, 3531, 73, 31], [11, 0, 62, 846, 0], [46, 3, 8, 0, 1109]]"
                ],
                "predicted": [
                    "[[1692, 77, 79, 0, 36], [25, 46, 64, 0, 8], [123, 13, 3777, 75, 99], [2, 0, 73, 692, 0], [42, 7, 94, 0, 859]]"
                ]
            }
        },
        "metrics": {
            "downstream": {
                "cohen_kappa": [
                    0.5889609884361974
                ],
                "f1_scores": {
                    "N1": [
                        0.15960912052117263
                    ],
                    "N2": [
                        0.8050965056137251
                    ],
                    "N3": [
                        0.7520759193357056
                    ],
                    "REM": [
                        0.6595940959409594
                    ],
                    "Wake": [
                        0.6640972428105544
                    ],
                    "macro": [
                        0.6080945768444235
                    ]
                },
                "loss": [
                    0.8143889904022217
                ],
                "precisions": {
                    "N1": [
                        0.34265734265734266
                    ],
                    "N2": [
                        0.7807682896990458
                    ],
                    "N3": [
                        0.8265971316818774
                    ],
                    "REM": [
                        0.7135728542914171
                    ],
                    "Wake": [
                        0.5941644562334217
                    ],
                    "macro": [
                        0.6515520149126209
                    ]
                },
                "recalls": {
                    "N1": [
                        0.1040339702760085
                    ],
                    "N2": [
                        0.8309895833333333
                    ],
                    "N3": [
                        0.6898803046789989
                    ],
                    "REM": [
                        0.6132075471698113
                    ],
                    "Wake": [
                        0.7526881720430108
                    ],
                    "macro": [
                        0.5981599155002326
                    ]
                }
            }
        }
    },
    "test": {
        "confusion_matrices": {
            "abs": [
                "[[1821, 58, 474, 24, 139], [163, 102, 331, 0, 110], [212, 35, 5178, 707, 399], [3, 0, 326, 1198, 0], [342, 37, 473, 9, 1310]]"
            ]
        },
        "markov_matrices": {
            "abs": {
                "actual": [
                    "[[2107, 335, 57, 1, 15], [101, 257, 328, 0, 20], [233, 100, 5972, 176, 50], [18, 3, 155, 1350, 1], [56, 11, 19, 0, 2085]]"
                ],
                "predicted": [
                    "[[2129, 122, 173, 2, 114], [32, 72, 110, 0, 18], [243, 29, 6169, 164, 177], [11, 0, 154, 1771, 2], [125, 9, 176, 1, 1647]]"
                ]
            }
        },
        "metrics": {
            "downstream": {
                "cohen_kappa": [
                    0.5793998989184153
                ],
                "f1_scores": {
                    "N1": [
                        0.21748400852878463
                    ],
                    "N2": [
                        0.777886276571772
                    ],
                    "N3": [
                        0.6914862914862915
                    ],
                    "REM": [
                        0.6345362073141196
                    ],
                    "Wake": [
                        0.7201898358710698
                    ],
                    "macro": [
                        0.6083165239544075
                    ]
                },
                "loss": [
                    0.746477692215531
                ],
                "precisions": {
                    "N1": [
                        0.4396551724137931
                    ],
                    "N2": [
                        0.7634915953995871
                    ],
                    "N3": [
                        0.6181630546955624
                    ],
                    "REM": [
                        0.669050051072523
                    ],
                    "Wake": [
                        0.7166469893742621
                    ],
                    "macro": [
                        0.6414013725911455
                    ]
                },
                "recalls": {
                    "N1": [
                        0.14447592067988668
                    ],
                    "N2": [
                        0.7928341754708315
                    ],
                    "N3": [
                        0.7845448592010478
                    ],
                    "REM": [
                        0.6034085674804238
                    ],
                    "Wake": [
                        0.7237678855325914
                    ],
                    "macro": [
                        0.6098062816729561
                    ]
                }
            }
        }
    },
    "train": {},
    "valid_pretraining": {}
}
