{"earlystopping":{"confusion_matrices":{"abs":["[[6946, 507, 151, 18, 336], [356, 388, 813, 139, 250], [64, 58, 5478, 904, 124], [2, 2, 300, 1221, 6], [51, 32, 395, 77, 2227]]"]},"markov_matrices":{"abs":{"actual":["[[7584, 353, 15, 0, 5], [200, 1236, 385, 2, 123], [98, 210, 5964, 245, 111], [13, 14, 220, 1284, 0], [62, 133, 44, 0, 2543]]"],"predicted":["[[6859, 305, 119, 25, 110], [185, 560, 161, 6, 75], [167, 54, 6475, 263, 178], [36, 2, 248, 2058, 15], [172, 65, 134, 7, 2565]]"]}},"metrics":{"downstream":{"cohen_kappa":[0.6960585890601372],"f1_scores":{"N1":[0.26457551994544837],"N2":[0.795931710860879],"N3":[0.6277634961439589],"REM":[0.7779912663755458],"Wake":[0.9034271964622488],"macro":[0.6739378379576161]},"loss":[1.2820120090391578],"precisions":{"N1":[0.39311043566362713],"N2":[0.7675493905002102],"N3":[0.5175922000847817],"REM":[0.7567108392796467],"Wake":[0.9362447769241138],"macro":[0.6742415284904759]},"recalls":{"N1":[0.19938335046248715],"N2":[0.8264936632468316],"N3":[0.7975179621162639],"REM":[0.8005032350826743],"Wake":[0.8728323699421965],"macro":[0.6993461161700907]}}}},"test":{"confusion_matrices":{"abs":["[[10252, 926, 499, 118, 753], [817, 1074, 1718, 402, 481], [246, 524, 8854, 2160, 381], [29, 2, 455, 2111, 4], [101, 129, 631, 41, 3670]]"]},"markov_matrices":{"abs":{"actual":["[[11874, 617, 28, 3, 25], [348, 3420, 622, 0, 102], [199, 328, 10935, 568, 135], [29, 16, 522, 2030, 4], [97, 111, 58, 0, 4306]]"],"predicted":["[[10527, 564, 122, 57, 174], [374, 1814, 305, 5, 157], [211, 106, 10903, 626, 311], [66, 15, 598, 4115, 38], [266, 156, 229, 29, 4609]]"]}},"metrics":{"downstream":{"cohen_kappa":[0.6145679931154198],"f1_scores":{"N1":[0.3005456835035679],"N2":[0.7280651262231724],"N3":[0.5680075339701331],"REM":[0.7443464151708752],"Wake":[0.8545825865877548],"macro":[0.6391094690911007]},"loss":[1.78510496351454],"precisions":{"N1":[0.40451977401129946],"N2":[0.7283046804310274],"N3":[0.4368791390728477],"REM":[0.6938929854414824],"Wake":[0.8957623416339012],"macro":[0.6318717841181115]},"recalls":{"N1":[0.23909171861086376],"N2":[0.7278257295519934],"N3":[0.8116109188773548],"REM":[0.8027121609798775],"Wake":[0.8170226330889385],"macro":[0.6796526322218056]}}}},"train":{},"valid_pretraining":{}}