{"earlystopping":{"confusion_matrices":{"abs":["[[1168, 98, 46, 2, 144], [87, 144, 118, 0, 59], [44, 57, 3216, 188, 197], [3, 0, 261, 782, 4], [104, 29, 95, 0, 837]]"]},"markov_matrices":{"abs":{"actual":["[[1259, 184, 13, 0, 1], [48, 150, 197, 0, 13], [112, 70, 3412, 84, 24], [12, 1, 71, 966, 0], [26, 3, 9, 0, 1027]]"],"predicted":["[[1194, 151, 45, 0, 16], [63, 129, 109, 0, 27], [116, 35, 3417, 75, 93], [7, 0, 69, 895, 0], [26, 13, 96, 2, 1104]]"]}},"metrics":{"downstream":{"cohen_kappa":[0.7098457947992441],"f1_scores":{"N1":[0.391304347826087],"N2":[0.8647485883301963],"N3":[0.7734915924826904],"REM":[0.7259323503902863],"Wake":[0.8156424581005587],"macro":[0.7142238674259638]},"loss":[1.1990286111831665],"precisions":{"N1":[0.43902439024390244],"N2":[0.860813704496788],"N3":[0.8045267489711934],"REM":[0.6744560838033844],"Wake":[0.8307254623044097],"macro":[0.7219092779639357]},"recalls":{"N1":[0.35294117647058826],"N2":[0.8687196110210696],"N3":[0.7447619047619047],"REM":[0.7859154929577464],"Wake":[0.8010973936899863],"macro":[0.7106871157802591]}}}},"test":{"confusion_matrices":{"abs":["[[1200, 156, 114, 49, 490], [50, 193, 146, 3, 192], [54, 64, 4800, 349, 1375], [3, 0, 254, 1598, 5], [31, 33, 288, 6, 1812]]"]},"markov_matrices":{"abs":{"actual":["[[1680, 283, 29, 0, 17], [67, 196, 302, 0, 18], [192, 88, 6163, 147, 52], [23, 1, 123, 1713, 0], [46, 16, 25, 0, 2083]]"],"predicted":["[[1039, 183, 64, 5, 47], [74, 176, 160, 2, 34], [147, 55, 4982, 115, 302], [12, 3, 104, 1874, 12], [65, 29, 292, 9, 3479]]"]}},"metrics":{"downstream":{"cohen_kappa":[0.6072008655800878],"f1_scores":{"N1":[0.37475728155339805],"N2":[0.7840574975498202],"N3":[0.8269081500646831],"REM":[0.5996029119788219],"Wake":[0.717060053779504],"macro":[0.6604771789852454]},"loss":[1.8457647470327525],"precisions":{"N1":[0.4327354260089686],"N2":[0.8568368439842913],"N3":[0.7970074812967581],"REM":[0.467733608673206],"Wake":[0.8968609865470852],"macro":[0.6902348693020619]},"recalls":{"N1":[0.3304794520547945],"N2":[0.7226738934056007],"N3":[0.8591397849462366],"REM":[0.8350230414746543],"Wake":[0.5973120955699353],"macro":[0.6689256534902442]}}}},"train":{},"valid_pretraining":{}}