{"earlystopping":{"confusion_matrices":{"abs":["[[5152, 178, 31, 1, 30], [208, 843, 530, 13, 133], [24, 220, 5981, 520, 97], [7, 2, 299, 1249, 1], [8, 51, 152, 0, 2471]]"]},"markov_matrices":{"abs":{"actual":["[[5051, 318, 17, 0, 5], [183, 1134, 318, 2, 90], [88, 164, 6222, 274, 94], [12, 10, 254, 1282, 0], [57, 101, 31, 0, 2493]]"],"predicted":["[[5151, 235, 7, 0, 5], [92, 890, 283, 1, 28], [101, 113, 6541, 144, 94], [10, 3, 132, 1638, 0], [44, 53, 30, 0, 2605]]"]}},"metrics":{"downstream":{"cohen_kappa":[0.8115807449101443],"f1_scores":{"N1":[0.5580933465739821],"N2":[0.8646187206360679],"N3":[0.7476803352289734],"REM":[0.9128186183967492],"Wake":[0.9548697989064961],"macro":[0.8076161639484537]},"loss":[0.34368284543355304],"precisions":{"N1":[0.651468315301391],"N2":[0.8552838552838553],"N3":[0.7005047672462142],"REM":[0.9044655929721815],"Wake":[0.9542507871828116],"macro":[0.8131946635972908]},"recalls":{"N1":[0.4881297046902142],"N2":[0.8741596024554223],"N3":[0.8016688061617459],"REM":[0.9213273676360925],"Wake":[0.9554896142433235],"macro":[0.8081550190373598]}}}},"test":{"confusion_matrices":{"abs":["[[8476, 336, 79, 7, 67], [870, 1646, 1165, 54, 284], [34, 564, 9459, 708, 321], [2, 8, 377, 1788, 1], [31, 97, 280, 1, 3981]]"]},"markov_matrices":{"abs":{"actual":["[[8369, 557, 27, 1, 10], [330, 3076, 529, 0, 84], [166, 277, 10122, 394, 127], [26, 9, 359, 1780, 2], [73, 100, 49, 1, 4167]]"],"predicted":["[[8959, 433, 3, 0, 17], [203, 1899, 477, 0, 72], [151, 222, 10629, 190, 168], [13, 7, 169, 2368, 1], [86, 90, 82, 0, 4396]]"]}},"metrics":{"downstream":{"cohen_kappa":[0.7658406260554238],"f1_scores":{"N1":[0.4935532233883059],"N2":[0.842822774659182],"N3":[0.7553865652724968],"REM":[0.8803626713843432],"Wake":[0.9224072260311241],"macro":[0.7789064921470904]},"loss":[0.4612129211425781],"precisions":{"N1":[0.6208977744247454],"N2":[0.8326584507042254],"N3":[0.6989835809225958],"REM":[0.8553932101418135],"Wake":[0.9004568150430255],"macro":[0.7816779662472813]},"recalls":{"N1":[0.4095546155760139],"N2":[0.8532383186000361],"N3":[0.8216911764705882],"REM":[0.9068337129840547],"Wake":[0.9454545454545454],"macro":[0.7873544738170477]}}}},"train":{},"valid_pretraining":{}}