{
    "earlystopping": {
        "confusion_matrices": {
            "abs": [
                "[[1043, 109, 212, 5, 119], [89, 91, 179, 3, 109], [137, 69, 2877, 170, 587], [4, 1, 173, 711, 30], [164, 56, 342, 2, 602]]"
            ]
        },
        "markov_matrices": {
            "abs": {
                "actual": [
                    "[[1224, 231, 17, 0, 15], [74, 164, 222, 0, 11], [132, 73, 3531, 73, 31], [11, 0, 62, 846, 0], [46, 3, 8, 0, 1109]]"
                ],
                "predicted": [
                    "[[1172, 138, 65, 3, 58], [53, 111, 132, 1, 29], [123, 52, 3339, 86, 183], [9, 1, 77, 797, 7], [79, 24, 170, 4, 1170]]"
                ]
            }
        },
        "metrics": {
            "downstream": {
                "cohen_kappa": [
                    0.5287958885252302
                ],
                "f1_scores": {
                    "N1": [
                        0.22835633626097868
                    ],
                    "N2": [
                        0.7548209366391184
                    ],
                    "N3": [
                        0.7856353591160221
                    ],
                    "REM": [
                        0.46077305778798316
                    ],
                    "Wake": [
                        0.7131623931623932
                    ],
                    "macro": [
                        0.588549616593299
                    ]
                },
                "loss": [
                    1.4263274669647217
                ],
                "precisions": {
                    "N1": [
                        0.2791411042944785
                    ],
                    "N2": [
                        0.76050753370341
                    ],
                    "N3": [
                        0.797979797979798
                    ],
                    "REM": [
                        0.4160331720801659
                    ],
                    "Wake": [
                        0.7258176757132916
                    ],
                    "macro": [
                        0.5958958567542287
                    ]
                },
                "recalls": {
                    "N1": [
                        0.1932059447983015
                    ],
                    "N2": [
                        0.74921875
                    ],
                    "N3": [
                        0.7736670293797606
                    ],
                    "REM": [
                        0.516295025728988
                    ],
                    "Wake": [
                        0.7009408602150538
                    ],
                    "macro": [
                        0.5866655220244208
                    ]
                }
            }
        }
    },
    "test": {
        "confusion_matrices": {
            "abs": [
                "[[1736, 183, 392, 23, 182], [146, 145, 272, 5, 138], [594, 221, 4101, 707, 908], [21, 0, 256, 1243, 7], [255, 128, 685, 21, 1082]]"
            ]
        },
        "markov_matrices": {
            "abs": {
                "actual": [
                    "[[2107, 335, 57, 1, 15], [101, 257, 328, 0, 20], [233, 100, 5972, 176, 50], [18, 3, 155, 1350, 1], [56, 11, 19, 0, 2085]]"
                ],
                "predicted": [
                    "[[2153, 283, 178, 28, 109], [104, 249, 230, 1, 93], [299, 91, 4866, 184, 266], [40, 2, 170, 1775, 12], [155, 52, 262, 11, 1837]]"
                ]
            }
        },
        "metrics": {
            "downstream": {
                "cohen_kappa": [
                    0.4601921544913954
                ],
                "f1_scores": {
                    "N1": [
                        0.2096890817064353
                    ],
                    "N2": [
                        0.6702623191958813
                    ],
                    "N3": [
                        0.7050482132728304
                    ],
                    "REM": [
                        0.482174688057041
                    ],
                    "Wake": [
                        0.6590736522399393
                    ],
                    "macro": [
                        0.5452495908944256
                    ]
                },
                "loss": [
                    1.6384130407262731
                ],
                "precisions": {
                    "N1": [
                        0.21418020679468242
                    ],
                    "N2": [
                        0.7187171398527865
                    ],
                    "N3": [
                        0.6218109054527263
                    ],
                    "REM": [
                        0.4669831678895123
                    ],
                    "Wake": [
                        0.6308139534883721
                    ],
                    "macro": [
                        0.5305010746956159
                    ]
                },
                "recalls": {
                    "N1": [
                        0.20538243626062322
                    ],
                    "N2": [
                        0.6279283417547084
                    ],
                    "N3": [
                        0.8140144073346431
                    ],
                    "REM": [
                        0.49838783970520495
                    ],
                    "Wake": [
                        0.6899841017488076
                    ],
                    "macro": [
                        0.5671394253607975
                    ]
                }
            }
        }
    },
    "train": {},
    "valid_pretraining": {}
}
