{"earlystopping":{"confusion_matrices":{"abs":["[[6656, 368, 29, 9, 54], [196, 822, 510, 20, 264], [75, 273, 6105, 205, 197], [6, 3, 785, 636, 0], [68, 84, 253, 20, 2330]]"]},"markov_matrices":{"abs":{"actual":["[[6823, 271, 17, 0, 4], [151, 1184, 365, 3, 109], [78, 212, 6189, 261, 115], [11, 15, 238, 1166, 0], [52, 130, 46, 0, 2527]]"],"predicted":["[[6583, 328, 43, 4, 42], [187, 1031, 271, 4, 57], [133, 132, 7083, 188, 146], [13, 7, 175, 694, 1], [84, 52, 110, 0, 2599]]"]}},"metrics":{"downstream":{"cohen_kappa":[0.7598832787510119],"f1_scores":{"N1":[0.48899464604402143],"N2":[0.8399257068170874],"N3":[0.5482758620689655],"REM":[0.8321428571428572],"Wake":[0.9429765530920167],"macro":[0.7304631250329897]},"loss":[0.6825513595189804],"precisions":{"N1":[0.5303225806451612],"N2":[0.7947149179901067],"N3":[0.7146067415730337],"REM":[0.8189806678383128],"Wake":[0.950721325524925],"macro":[0.761869246714308]},"recalls":{"N1":[0.45364238410596025],"N2":[0.8905908096280087],"N3":[0.44475524475524475],"REM":[0.8457350272232305],"Wake":[0.9353569421023047],"macro":[0.7140160815629498]}}}},"test":{"confusion_matrices":{"abs":["[[12485, 1554, 586, 33, 764], [424, 1486, 1402, 14, 688], [58, 599, 10194, 270, 592], [3, 4, 1533, 712, 1], [69, 193, 425, 5, 3251]]"]},"markov_matrices":{"abs":{"actual":["[[14659, 720, 37, 1, 4], [431, 2829, 660, 3, 91], [229, 338, 10472, 535, 139], [24, 14, 498, 1714, 3], [78, 113, 46, 0, 3706]]"],"predicted":["[[12141, 675, 73, 9, 140], [459, 2574, 634, 4, 165], [251, 425, 12914, 269, 281], [13, 9, 254, 748, 10], [174, 153, 265, 4, 4700]]"]}},"metrics":{"downstream":{"cohen_kappa":[0.6520789260401445],"f1_scores":{"N1":[0.3785987261146497],"N2":[0.7886125401307392],"N3":[0.43322178278065104],"REM":[0.7037558177291915],"Wake":[0.8773409226661045],"macro":[0.6363059578842672]},"loss":[1.0889089924015412],"precisions":{"N1":[0.38738269030239836],"N2":[0.7209335219236209],"N3":[0.688588007736944],"REM":[0.6138595166163142],"Wake":[0.9575120791471738],"macro":[0.6736551631452902]},"recalls":{"N1":[0.3702042850024913],"N2":[0.8703150345769658],"N3":[0.316023080337328],"REM":[0.8244991123510018],"Wake":[0.8095577746077033],"macro":[0.6381198573750979]}}}},"train":{},"valid_pretraining":{}}