{"earlystopping":{"confusion_matrices":{"abs":["[[1046, 88, 33, 36, 48], [155, 437, 194, 14, 41], [45, 229, 1982, 423, 42], [1, 1, 62, 1455, 1], [36, 68, 58, 27, 882]]"]},"markov_matrices":{"abs":{"actual":["[[981, 212, 41, 1, 16], [91, 401, 312, 1, 36], [102, 188, 2320, 72, 38], [30, 5, 38, 1446, 1], [46, 35, 10, 0, 980]]"],"predicted":["[[1043, 192, 21, 5, 22], [72, 454, 240, 7, 49], [80, 132, 1963, 119, 35], [25, 10, 89, 1820, 11], [62, 35, 16, 4, 897]]"]}},"metrics":{"downstream":{"cohen_kappa":[0.7184432484855344],"f1_scores":{"N1":[0.5252403846153846],"N2":[0.784950495049505],"N3":[0.837410071942446],"REM":[0.8460431654676259],"Wake":[0.8255722178374112],"macro":[0.7638432669824745]},"loss":[1.296117909749349],"precisions":{"N1":[0.5309842041312273],"N2":[0.8510090167453843],"N3":[0.7442455242966752],"REM":[0.8698224852071006],"Wake":[0.8152766952455183],"macro":[0.7622675851251811]},"recalls":{"N1":[0.5196195005945303],"N2":[0.7284086732818816],"N3":[0.9572368421052632],"REM":[0.8235294117647058],"Wake":[0.8361310951239008],"macro":[0.7729851045740563]}}}},"test":{"confusion_matrices":{"abs":["[[2446, 379, 163, 51, 172], [422, 1008, 911, 72, 186], [212, 737, 4396, 1378, 199], [0, 10, 369, 3917, 0], [126, 388, 535, 161, 1601]]"]},"markov_matrices":{"abs":{"actual":["[[2639, 499, 37, 1, 34], [225, 1407, 847, 6, 114], [206, 561, 5876, 194, 85], [45, 19, 132, 4095, 5], [95, 113, 30, 0, 2573]]"],"predicted":["[[2725, 422, 35, 4, 19], [176, 1570, 610, 25, 141], [174, 382, 5370, 345, 103], [44, 35, 297, 5181, 22], [86, 113, 62, 24, 1873]]"]}},"metrics":{"downstream":{"cohen_kappa":[0.5757249676631089],"f1_scores":{"N1":[0.3936731107205624],"N2":[0.661251504211793],"N3":[0.7933164556962026],"REM":[0.6443952505534313],"Wake":[0.7623500077918031],"macro":[0.6509972657947585]},"loss":[2.3364007411858974],"precisions":{"N1":[0.3996827914353688],"N2":[0.6896768120489488],"N3":[0.7020971500268866],"REM":[0.741890639481001],"Wake":[0.7629444791016844],"macro":[0.6592583744187779]},"recalls":{"N1":[0.38784147749134285],"N2":[0.6350765674660502],"N3":[0.9117783985102421],"REM":[0.5695482034863039],"Wake":[0.7617564621613204],"macro":[0.6532002218230519]}}}},"train":{},"valid_pretraining":{}}