{
    "earlystopping": {
        "confusion_matrices": {
            "abs": [
                "[[888, 61, 82, 4, 73], [56, 111, 208, 1, 52], [66, 17, 3839, 93, 82], [0, 0, 431, 477, 0], [41, 64, 196, 0, 952]]"
            ]
        },
        "markov_matrices": {
            "abs": {
                "actual": [
                    "[[862, 210, 21, 0, 14], [64, 148, 206, 0, 10], [130, 65, 3781, 89, 32], [11, 1, 77, 819, 0], [40, 4, 12, 0, 1197]]"
                ],
                "predicted": [
                    "[[838, 103, 79, 0, 30], [31, 119, 92, 0, 11], [127, 19, 4404, 140, 66], [10, 0, 131, 434, 0], [44, 12, 50, 1, 1052]]"
                ]
            }
        },
        "metrics": {
            "downstream": {
                "cohen_kappa": [
                    0.686919485026366
                ],
                "f1_scores": {
                    "N1": [
                        0.32599118942731276
                    ],
                    "N2": [
                        0.8672766293911668
                    ],
                    "N3": [
                        0.6432906271072152
                    ],
                    "REM": [
                        0.7893864013266999
                    ],
                    "Wake": [
                        0.8226030569708198
                    ],
                    "macro": [
                        0.689709580844643
                    ]
                },
                "loss": [
                    1.4780726432800293
                ],
                "precisions": {
                    "N1": [
                        0.43873517786561267
                    ],
                    "N2": [
                        0.8071909167367536
                    ],
                    "N3": [
                        0.8295652173913044
                    ],
                    "REM": [
                        0.8213977566867989
                    ],
                    "Wake": [
                        0.8449096098953378
                    ],
                    "macro": [
                        0.7483597357151615
                    ]
                },
                "recalls": {
                    "N1": [
                        0.25934579439252337
                    ],
                    "N2": [
                        0.9370270929948743
                    ],
                    "N3": [
                        0.525330396475771
                    ],
                    "REM": [
                        0.7597765363128491
                    ],
                    "Wake": [
                        0.8014440433212996
                    ],
                    "macro": [
                        0.6565847726994635
                    ]
                }
            }
        }
    },
    "test": {
        "confusion_matrices": {
            "abs": [
                "[[2108, 28, 159, 6, 70], [348, 109, 241, 6, 50], [622, 30, 5177, 320, 335], [14, 0, 274, 1126, 27], [266, 15, 299, 0, 1544]]"
            ]
        },
        "markov_matrices": {
            "abs": {
                "actual": [
                    "[[1925, 362, 71, 0, 13], [125, 270, 344, 1, 14], [256, 108, 5893, 174, 52], [18, 2, 155, 1266, 0], [46, 12, 21, 0, 2045]]"
                ],
                "predicted": [
                    "[[2858, 109, 262, 14, 114], [25, 62, 92, 0, 3], [322, 7, 5586, 154, 81], [24, 0, 141, 1267, 26], [128, 4, 69, 23, 1802]]"
                ]
            }
        },
        "metrics": {
            "downstream": {
                "cohen_kappa": [
                    0.6562086289182777
                ],
                "f1_scores": {
                    "N1": [
                        0.2329059829059829
                    ],
                    "N2": [
                        0.819534589203736
                    ],
                    "N3": [
                        0.7768195929630908
                    ],
                    "REM": [
                        0.7440963855421686
                    ],
                    "Wake": [
                        0.7359050445103859
                    ],
                    "macro": [
                        0.6618523190250729
                    ]
                },
                "loss": [
                    2.000730514526367
                ],
                "precisions": {
                    "N1": [
                        0.5989010989010989
                    ],
                    "N2": [
                        0.8417886178861789
                    ],
                    "N3": [
                        0.7722908093278463
                    ],
                    "REM": [
                        0.7620927936821322
                    ],
                    "Wake": [
                        0.6277546158427636
                    ],
                    "macro": [
                        0.720565587128004
                    ]
                },
                "recalls": {
                    "N1": [
                        0.14456233421750664
                    ],
                    "N2": [
                        0.7984268969771746
                    ],
                    "N3": [
                        0.7814018043025677
                    ],
                    "REM": [
                        0.7269303201506592
                    ],
                    "Wake": [
                        0.8890763390974272
                    ],
                    "macro": [
                        0.668079538949067
                    ]
                }
            }
        }
    },
    "train": {},
    "valid_pretraining": {}
}
