{"earlystopping":{"confusion_matrices":{"abs":["[[1072, 25, 42, 57, 55], [292, 137, 214, 73, 125], [117, 108, 1651, 654, 191], [6, 1, 94, 1412, 7], [119, 16, 34, 37, 865]]"]},"markov_matrices":{"abs":{"actual":["[[981, 212, 41, 1, 16], [91, 401, 312, 1, 36], [102, 188, 2320, 72, 38], [30, 5, 38, 1446, 1], [46, 35, 10, 0, 980]]"],"predicted":["[[1388, 68, 51, 29, 70], [28, 136, 84, 13, 26], [59, 45, 1720, 133, 78], [41, 6, 129, 2032, 25], [89, 32, 51, 26, 1044]]"]}},"metrics":{"downstream":{"cohen_kappa":[0.6032517773148289],"f1_scores":{"N1":[0.2429078014184397],"N2":[0.6942809083263246],"N3":[0.7524646949107381],"REM":[0.7476231633535004],"Wake":[0.7504375218760938],"macro":[0.6375428179770193]},"loss":[1.0272296905517577],"precisions":{"N1":[0.47735191637630664],"N2":[0.8113022113022113],"N3":[0.632333184057322],"REM":[0.6958970233306516],"Wake":[0.6674968866749689],"macro":[0.6568762443482921]},"recalls":{"N1":[0.1629013079667063],"N2":[0.6067622197721426],"N3":[0.9289473684210526],"REM":[0.80765639589169],"Wake":[0.8569144684252598],"macro":[0.6726363520953702]}}}},"test":{"confusion_matrices":{"abs":["[[2712, 170, 160, 99, 70], [709, 525, 771, 178, 416], [558, 450, 4131, 1180, 603], [6, 2, 466, 3817, 5], [339, 225, 248, 93, 1906]]"]},"markov_matrices":{"abs":{"actual":["[[2639, 499, 37, 1, 34], [225, 1407, 847, 6, 114], [206, 561, 5876, 194, 85], [45, 19, 132, 4095, 5], [95, 113, 30, 0, 2573]]"],"predicted":["[[3706, 266, 156, 19, 176], [143, 796, 273, 27, 133], [190, 153, 4877, 341, 215], [48, 24, 321, 4906, 68], [236, 133, 149, 74, 2408]]"]}},"metrics":{"downstream":{"cohen_kappa":[0.5605870816147427],"f1_scores":{"N1":[0.2644170234197935],"N2":[0.6506536462435029],"N3":[0.7900238021318431],"REM":[0.6559972466012735],"Wake":[0.7198407431984074],"macro":[0.616186492318964]},"loss":[1.1851102388822115],"precisions":{"N1":[0.3826530612244898],"N2":[0.7152008310249307],"N3":[0.7111980622321595],"REM":[0.6353333333333333],"Wake":[0.6271970397779834],"macro":[0.6143164655185794]},"recalls":{"N1":[0.20200076952674106],"N2":[0.596792834440913],"N3":[0.8885009310986964],"REM":[0.6780505158306652],"Wake":[0.844596698847711],"macro":[0.6419883499489453]}}}},"train":{},"valid_pretraining":{}}