{"earlystopping":{"confusion_matrices":{"abs":["[[1151, 157, 30, 12, 108], [48, 210, 113, 11, 26], [49, 147, 2641, 618, 247], [0, 0, 134, 898, 18], [20, 148, 308, 71, 518]]"]},"markov_matrices":{"abs":{"actual":["[[1259, 184, 13, 0, 1], [48, 150, 197, 0, 13], [112, 70, 3412, 84, 24], [12, 1, 71, 966, 0], [26, 3, 9, 0, 1027]]"],"predicted":["[[1031, 190, 21, 10, 16], [92, 387, 152, 12, 19], [93, 64, 2841, 138, 90], [23, 6, 131, 1423, 27], [28, 15, 81, 27, 765]]"]}},"metrics":{"downstream":{"cohen_kappa":[0.5886042687768565],"f1_scores":{"N1":[0.3925233644859813],"N2":[0.7624133949191686],"N3":[0.6751879699248121],"REM":[0.5227043390514633],"Wake":[0.8444607483492296],"macro":[0.639457963346131]},"loss":[1.5982013940811157],"precisions":{"N1":[0.31722054380664655],"N2":[0.8186608803471792],"N3":[0.5577639751552795],"REM":[0.5648854961832062],"Wake":[0.9077287066246057],"macro":[0.6332519204233835]},"recalls":{"N1":[0.5147058823529411],"N2":[0.7133981631550513],"N3":[0.8552380952380952],"REM":[0.4863849765258216],"Wake":[0.789437585733882],"macro":[0.6718329406011583]}}}},"test":{"confusion_matrices":{"abs":["[[1442, 257, 112, 25, 173], [85, 288, 107, 31, 73], [167, 355, 3998, 1419, 703], [1, 0, 58, 1674, 127], [97, 282, 752, 174, 865]]"]},"markov_matrices":{"abs":{"actual":["[[1680, 283, 29, 0, 17], [67, 196, 302, 0, 18], [192, 88, 6163, 147, 52], [23, 1, 123, 1713, 0], [46, 16, 25, 0, 2083]]"],"predicted":["[[1311, 349, 74, 11, 47], [169, 649, 278, 29, 57], [190, 95, 4189, 300, 252], [42, 11, 263, 2908, 99], [79, 78, 223, 75, 1486]]"]}},"metrics":{"downstream":{"cohen_kappa":[0.48158847926960935],"f1_scores":{"N1":[0.32616081540203845],"N2":[0.6852343816950895],"N3":[0.6459579394173258],"REM":[0.4208221843833617],"Wake":[0.7587476979742173],"macro":[0.5673846037744066]},"loss":[1.9236739231989934],"precisions":{"N1":[0.2436548223350254],"N2":[0.7953053511040382],"N3":[0.5037616611495637],"REM":[0.4456465739309634],"Wake":[0.8046875],"macro":[0.5586111817039182]},"recalls":{"N1":[0.4931506849315068],"N2":[0.601927130382415],"N3":[0.9],"REM":[0.3986175115207373],"Wake":[0.7177700348432056],"macro":[0.6222930723355728]}}}},"train":{},"valid_pretraining":{}}