{"earlystopping":{"confusion_matrices":{"abs":["[[1274, 54, 111, 71, 196], [238, 198, 270, 92, 112], [68, 164, 1526, 541, 56], [1, 2, 44, 1333, 2], [59, 32, 70, 13, 919]]"]},"markov_matrices":{"abs":{"actual":["[[1401, 259, 37, 0, 9], [125, 439, 301, 1, 44], [114, 165, 1969, 73, 33], [25, 5, 43, 1308, 1], [40, 42, 5, 0, 1006]]"],"predicted":["[[1468, 84, 30, 3, 54], [47, 231, 109, 23, 40], [44, 76, 1742, 109, 50], [18, 19, 94, 1892, 27], [62, 40, 46, 23, 1114]]"]}},"metrics":{"downstream":{"cohen_kappa":[0.6218321646376578],"f1_scores":{"N1":[0.2911764705882353],"N2":[0.6974405850091407],"N3":[0.7768065268065268],"REM":[0.7729184188393609],"Wake":[0.7615062761506276],"macro":[0.6599696554787783]},"loss":[1.4963675181070963],"precisions":{"N1":[0.44],"N2":[0.7550717466600693],"N3":[0.6502439024390244],"REM":[0.7151750972762646],"Wake":[0.776829268292683],"macro":[0.6674640029336083]},"recalls":{"N1":[0.2175824175824176],"N2":[0.6479830148619957],"N3":[0.9645441389290883],"REM":[0.8408051235132662],"Wake":[0.7467760844079718],"macro":[0.683538155858948]}}}},"test":{"confusion_matrices":{"abs":["[[4168, 175, 254, 74, 369], [1002, 657, 1040, 121, 587], [564, 582, 4676, 960, 327], [49, 41, 255, 3428, 28], [358, 136, 170, 28, 1742]]"]},"markov_matrices":{"abs":{"actual":["[[4102, 786, 104, 4, 43], [364, 1729, 1099, 3, 212], [382, 681, 5745, 228, 73], [56, 29, 147, 3566, 3], [135, 182, 14, 0, 2103]]"],"predicted":["[[5478, 294, 121, 19, 228], [188, 816, 321, 49, 217], [159, 233, 5583, 269, 151], [62, 49, 222, 4214, 64], [253, 199, 148, 60, 2393]]"]}},"metrics":{"downstream":{"cohen_kappa":[0.5784568563444064],"f1_scores":{"N1":[0.26290516206482595],"N2":[0.6925355450236966],"N3":[0.8150261531145981],"REM":[0.6349553490067432],"Wake":[0.7455504874340398],"macro":[0.6301945393287808]},"loss":[1.6031437363735466],"precisions":{"N1":[0.4129478315524827],"N2":[0.7311962470680219],"N3":[0.7434396009542399],"REM":[0.5705863085489682],"Wake":[0.6787168213645987],"macro":[0.6273773618976624]},"recalls":{"N1":[0.19283827414147345],"N2":[0.6577577718385146],"N3":[0.9018679294922389],"REM":[0.7156943303204601],"Wake":[0.8269841269841269],"macro":[0.6590284865553627]}}}},"train":{},"valid_pretraining":{}}