{
    "earlystopping": {
        "confusion_matrices": {
            "abs": [
                "[[1177, 212, 25, 8, 36], [30, 248, 80, 3, 47], [37, 202, 2847, 336, 280], [0, 0, 78, 866, 106], [7, 36, 51, 1, 970]]"
            ]
        },
        "markov_matrices": {
            "abs": {
                "actual": [
                    "[[1259, 184, 13, 0, 1], [48, 150, 197, 0, 13], [112, 70, 3412, 84, 24], [12, 1, 71, 966, 0], [26, 3, 9, 0, 1027]]"
                ],
                "predicted": [
                    "[[1025, 192, 17, 5, 11], [89, 406, 174, 1, 28], [94, 62, 2739, 89, 97], [13, 4, 77, 1118, 2], [29, 34, 74, 1, 1301]]"
                ]
            }
        },
        "metrics": {
            "downstream": {
                "cohen_kappa": [
                    0.7166547832714578
                ],
                "f1_scores": {
                    "N1": [
                        0.4484629294755877
                    ],
                    "N2": [
                        0.839451570101725
                    ],
                    "N3": [
                        0.7650176678445231
                    ],
                    "REM": [
                        0.7747603833865815
                    ],
                    "Wake": [
                        0.8689553340716132
                    ],
                    "macro": [
                        0.739329576976006
                    ]
                },
                "loss": [
                    0.836348831653595
                ],
                "precisions": {
                    "N1": [
                        0.3553008595988539
                    ],
                    "N2": [
                        0.9240506329113924
                    ],
                    "N3": [
                        0.71334431630972
                    ],
                    "REM": [
                        0.6740792216817234
                    ],
                    "Wake": [
                        0.9408473221422862
                    ],
                    "macro": [
                        0.7215244705287952
                    ]
                },
                "recalls": {
                    "N1": [
                        0.6078431372549019
                    ],
                    "N2": [
                        0.7690437601296597
                    ],
                    "N3": [
                        0.8247619047619048
                    ],
                    "REM": [
                        0.9107981220657277
                    ],
                    "Wake": [
                        0.8072702331961591
                    ],
                    "macro": [
                        0.7839434314816707
                    ]
                }
            }
        }
    },
    "test": {
        "confusion_matrices": {
            "abs": [
                "[[1546, 239, 54, 10, 160], [31, 378, 92, 3, 80], [68, 321, 5063, 447, 743], [0, 0, 124, 1736, 0], [28, 82, 171, 27, 1862]]"
            ]
        },
        "markov_matrices": {
            "abs": {
                "actual": [
                    "[[1680, 283, 29, 0, 17], [67, 196, 302, 0, 18], [192, 88, 6163, 147, 52], [23, 1, 123, 1713, 0], [46, 16, 25, 0, 2083]]"
                ],
                "predicted": [
                    "[[1290, 315, 26, 1, 41], [133, 530, 279, 0, 77], [145, 113, 4927, 162, 157], [18, 9, 135, 2051, 10], [86, 53, 137, 9, 2560]]"
                ]
            }
        },
        "metrics": {
            "downstream": {
                "cohen_kappa": [
                    0.715910875310029
                ],
                "f1_scores": {
                    "N1": [
                        0.4713216957605985
                    ],
                    "N2": [
                        0.833690103737856
                    ],
                    "N3": [
                        0.8503551310311046
                    ],
                    "REM": [
                        0.7425722831505484
                    ],
                    "Wake": [
                        0.839760999456817
                    ],
                    "macro": [
                        0.7475400426273848
                    ]
                },
                "loss": [
                    0.9006084295419546
                ],
                "precisions": {
                    "N1": [
                        0.37058823529411766
                    ],
                    "N2": [
                        0.9198764534883721
                    ],
                    "N3": [
                        0.7809266756635178
                    ],
                    "REM": [
                        0.654481546572935
                    ],
                    "Wake": [
                        0.9240884638374178
                    ],
                    "macro": [
                        0.7299922749712721
                    ]
                },
                "recalls": {
                    "N1": [
                        0.6472602739726028
                    ],
                    "N2": [
                        0.7622704004817826
                    ],
                    "N3": [
                        0.9333333333333333
                    ],
                    "REM": [
                        0.8580645161290322
                    ],
                    "Wake": [
                        0.7695370831259333
                    ],
                    "macro": [
                        0.7940931214085368
                    ]
                }
            }
        }
    },
    "train": {},
    "valid_ssl": {}
}
