{"earlystopping":{"confusion_matrices":{"abs":["[[1065, 89, 21, 27, 49], [109, 446, 151, 40, 95], [26, 297, 1744, 443, 211], [0, 4, 85, 1425, 6], [52, 65, 25, 69, 860]]"]},"markov_matrices":{"abs":{"actual":["[[981, 212, 41, 1, 16], [91, 401, 312, 1, 36], [102, 188, 2320, 72, 38], [30, 5, 38, 1446, 1], [46, 35, 10, 0, 980]]"],"predicted":["[[1001, 187, 22, 10, 32], [91, 448, 272, 35, 54], [56, 196, 1580, 140, 54], [33, 29, 115, 1800, 27], [70, 41, 37, 19, 1054]]"]}},"metrics":{"downstream":{"cohen_kappa":[0.6762497083538027],"f1_scores":{"N1":[0.5120551090700345],"N2":[0.7347798609648198],"N3":[0.8087400681044268],"REM":[0.7504363001745201],"Wake":[0.8509788254095086],"macro":[0.731398032744662]},"loss":[1.3961564381917317],"precisions":{"N1":[0.49500554938956715],"N2":[0.8608094768015795],"N3":[0.7110778443113772],"REM":[0.7043407043407044],"Wake":[0.8506389776357828],"macro":[0.7243745104958021]},"recalls":{"N1":[0.5303210463733651],"N2":[0.6409408305769938],"N3":[0.9375],"REM":[0.8029878618113913],"Wake":[0.8513189448441247],"macro":[0.7526137367211749]}}}},"test":{"confusion_matrices":{"abs":["[[2586, 246, 33, 49, 297], [346, 1113, 452, 77, 611], [167, 878, 3694, 1138, 1045], [3, 20, 447, 3804, 22], [149, 160, 126, 52, 2324]]"]},"markov_matrices":{"abs":{"actual":["[[2639, 499, 37, 1, 34], [225, 1407, 847, 6, 114], [206, 561, 5876, 194, 85], [45, 19, 132, 4095, 5], [95, 113, 30, 0, 2573]]"],"predicted":["[[2719, 407, 28, 17, 79], [216, 1351, 615, 56, 179], [99, 432, 3693, 356, 172], [62, 84, 269, 4658, 47], [154, 143, 147, 33, 3822]]"]}},"metrics":{"downstream":{"cohen_kappa":[0.5955272379177063],"f1_scores":{"N1":[0.4437799043062201],"N2":[0.6328593455542231],"N3":[0.8079864061172473],"REM":[0.6537271448663854],"Wake":[0.8003714020427113],"macro":[0.6677448405773575]},"loss":[1.9883655645908453],"precisions":{"N1":[0.46048820852296235],"N2":[0.7773569023569024],"N3":[0.74296875],"REM":[0.540590835077925],"Wake":[0.7954475545985851],"macro":[0.6633704501112749]},"recalls":{"N1":[0.428241631396691],"N2":[0.5336607916787056],"N3":[0.8854748603351955],"REM":[0.8267520455353966],"Wake":[0.805356586733105],"macro":[0.6958971831358187]}}}},"train":{},"valid_pretraining":{}}