{"earlystopping":{"confusion_matrices":{"abs":["[[999, 94, 38, 51, 69], [162, 187, 271, 36, 185], [60, 126, 1842, 485, 208], [0, 0, 89, 1415, 16], [27, 27, 54, 44, 919]]"]},"markov_matrices":{"abs":{"actual":["[[981, 212, 41, 1, 16], [91, 401, 312, 1, 36], [102, 188, 2320, 72, 38], [30, 5, 38, 1446, 1], [46, 35, 10, 0, 980]]"],"predicted":["[[1042, 84, 51, 21, 49], [33, 246, 82, 17, 56], [70, 47, 1950, 110, 117], [48, 23, 89, 1846, 25], [54, 34, 122, 37, 1150]]"]}},"metrics":{"downstream":{"cohen_kappa":[0.6406038239368154],"f1_scores":{"N1":[0.29333333333333333],"N2":[0.7345962113659023],"N3":[0.7969586032103633],"REM":[0.7447325769854133],"Wake":[0.7995198079231692],"macro":[0.6738281065636362]},"loss":[1.1131519317626952],"precisions":{"N1":[0.4308755760368664],"N2":[0.8029642545771578],"N3":[0.6967011324470704],"REM":[0.6578382247673586],"Wake":[0.8004807692307693],"macro":[0.6777719914118444]},"recalls":{"N1":[0.22235434007134364],"N2":[0.6769570011025359],"N3":[0.930921052631579],"REM":[0.8580765639589168],"Wake":[0.7985611510791367],"macro":[0.6973740217687024]}}}},"test":{"confusion_matrices":{"abs":["[[2324, 326, 276, 68, 217], [439, 509, 1164, 85, 402], [211, 448, 4601, 1212, 450], [3, 10, 421, 3853, 9], [113, 61, 800, 37, 1800]]"]},"markov_matrices":{"abs":{"actual":["[[2639, 499, 37, 1, 34], [225, 1407, 847, 6, 114], [206, 561, 5876, 194, 85], [45, 19, 132, 4095, 5], [95, 113, 30, 0, 2573]]"],"predicted":["[[2634, 192, 166, 27, 70], [111, 856, 215, 26, 146], [199, 142, 6301, 339, 281], [56, 44, 291, 4815, 49], [89, 120, 289, 48, 2332]]"]}},"metrics":{"downstream":{"cohen_kappa":[0.552313994265393],"f1_scores":{"N1":[0.25752592967366555],"N2":[0.6487591652566271],"N3":[0.8068265103130562],"REM":[0.6328001406222534],"Wake":[0.7376606887795588],"macro":[0.6167144869290322]},"loss":[1.5723403539413061],"precisions":{"N1":[0.3759231905465288],"N2":[0.6335720187276233],"N3":[0.7332064700285442],"REM":[0.6254343293954134],"Wake":[0.7521035598705501],"macro":[0.624047913713732]},"recalls":{"N1":[0.19584455559830705],"N2":[0.6646922854666282],"N3":[0.8968808193668529],"REM":[0.6403415154749199],"Wake":[0.7237620678916226],"macro":[0.6243042487596661]}}}},"train":{},"valid_pretraining":{}}