{
    "earlystopping": {
        "confusion_matrices": {
            "abs": [
                "[[917, 0, 367, 20, 68], [76, 0, 300, 9, 27], [404, 0, 2845, 539, 157], [0, 0, 50, 842, 13], [115, 0, 850, 0, 344]]"
            ]
        },
        "markov_matrices": {
            "abs": {
                "actual": [
                    "[[1122, 217, 18, 0, 15], [56, 131, 215, 0, 10], [138, 60, 3629, 84, 34], [13, 1, 70, 821, 0], [42, 3, 13, 0, 1250]]"
                ],
                "predicted": [
                    "[[1168, 0, 269, 27, 48], [0, 0, 0, 0, 0], [260, 0, 3891, 140, 120], [39, 0, 130, 1218, 23], [44, 0, 122, 25, 418]]"
                ]
            }
        },
        "metrics": {
            "downstream": {
                "cohen_kappa": [
                    0.42729157782277305
                ],
                "f1_scores": {
                    "N1": [
                        0.0
                    ],
                    "N2": [
                        0.6808663395955487
                    ],
                    "N3": [
                        0.7274298056155507
                    ],
                    "REM": [
                        0.35870698644421267
                    ],
                    "Wake": [
                        0.6359223300970874
                    ],
                    "macro": [
                        0.4805850923504799
                    ]
                },
                "loss": [
                    1.378065824508667
                ],
                "precisions": {
                    "N1": [
                        0.0
                    ],
                    "N2": [
                        0.6448322756119673
                    ],
                    "N3": [
                        0.5971631205673759
                    ],
                    "REM": [
                        0.5648604269293924
                    ],
                    "Wake": [
                        0.6064814814814815
                    ],
                    "macro": [
                        0.48266746091804347
                    ]
                },
                "recalls": {
                    "N1": [
                        0.0
                    ],
                    "N2": [
                        0.7211660329531052
                    ],
                    "N3": [
                        0.9303867403314917
                    ],
                    "REM": [
                        0.26279602750190983
                    ],
                    "Wake": [
                        0.6683673469387755
                    ],
                    "macro": [
                        0.5165432295450565
                    ]
                }
            }
        }
    },
    "test": {
        "confusion_matrices": {
            "abs": [
                "[[1466, 0, 913, 100, 277], [104, 0, 523, 49, 105], [332, 0, 5470, 1033, 270], [2, 0, 88, 1408, 16], [116, 0, 1098, 13, 991]]"
            ]
        },
        "markov_matrices": {
            "abs": {
                "actual": [
                    "[[2267, 413, 59, 2, 15], [177, 247, 342, 0, 14], [239, 108, 6570, 128, 60], [22, 0, 108, 1384, 0], [50, 13, 26, 0, 2129]]"
                ],
                "predicted": [
                    "[[1470, 0, 415, 32, 103], [0, 0, 0, 0, 0], [408, 0, 7154, 198, 331], [43, 0, 189, 2309, 62], [98, 0, 334, 64, 1163]]"
                ]
            }
        },
        "metrics": {
            "downstream": {
                "cohen_kappa": [
                    0.467149828310781
                ],
                "f1_scores": {
                    "N1": [
                        0.0
                    ],
                    "N2": [
                        0.7198789234717379
                    ],
                    "N3": [
                        0.6839931989312605
                    ],
                    "REM": [
                        0.5112200154758834
                    ],
                    "Wake": [
                        0.6139028475711893
                    ],
                    "macro": [
                        0.5057989970900143
                    ]
                },
                "loss": [
                    1.2828037656586746
                ],
                "precisions": {
                    "N1": [
                        0.0
                    ],
                    "N2": [
                        0.6759762728620861
                    ],
                    "N3": [
                        0.5409143296196696
                    ],
                    "REM": [
                        0.5973477998794454
                    ],
                    "Wake": [
                        0.7257425742574257
                    ],
                    "macro": [
                        0.5079961953237253
                    ]
                },
                "recalls": {
                    "N1": [
                        0.0
                    ],
                    "N2": [
                        0.7698803659394793
                    ],
                    "N3": [
                        0.9299867899603699
                    ],
                    "REM": [
                        0.44679891794409377
                    ],
                    "Wake": [
                        0.5319303338171263
                    ],
                    "macro": [
                        0.5357192815322139
                    ]
                }
            }
        }
    },
    "train": {},
    "valid_pretraining": {}
}
