{"earlystopping":{"confusion_matrices":{"abs":["[[1032, 25, 48, 11, 135], [256, 158, 188, 21, 218], [77, 106, 1705, 454, 379], [3, 0, 95, 1404, 18], [54, 6, 20, 3, 988]]"]},"markov_matrices":{"abs":{"actual":["[[981, 212, 41, 1, 16], [91, 401, 312, 1, 36], [102, 188, 2320, 72, 38], [30, 5, 38, 1446, 1], [46, 35, 10, 0, 980]]"],"predicted":["[[1165, 99, 77, 9, 72], [34, 94, 121, 5, 40], [98, 75, 1700, 86, 97], [24, 2, 67, 1766, 34], [100, 25, 91, 27, 1495]]"]}},"metrics":{"downstream":{"cohen_kappa":[0.6308381260868556],"f1_scores":{"N1":[0.27816901408450706],"N2":[0.7138371362779987],"N3":[0.8227365953706417],"REM":[0.7034531861872553],"Wake":[0.7721661054994389],"macro":[0.6580724074839683]},"loss":[1.6768155415852866],"precisions":{"N1":[0.535593220338983],"N2":[0.8292801556420234],"N3":[0.7416798732171157],"REM":[0.5684695051783659],"Wake":[0.7257383966244726],"macro":[0.6801522302001922]},"recalls":{"N1":[0.187871581450654],"N2":[0.6266078647556046],"N3":[0.9236842105263158],"REM":[0.9225023342670402],"Wake":[0.8249400479616307],"macro":[0.6971212077922491]}}}},"test":{"confusion_matrices":{"abs":["[[2182, 157, 366, 15, 491], [471, 300, 937, 44, 847], [203, 225, 4300, 847, 1347], [7, 8, 421, 3818, 42], [54, 40, 274, 5, 2438]]"]},"markov_matrices":{"abs":{"actual":["[[2639, 499, 37, 1, 34], [225, 1407, 847, 6, 114], [206, 561, 5876, 194, 85], [45, 19, 132, 4095, 5], [95, 113, 30, 0, 2573]]"],"predicted":["[[2451, 198, 148, 5, 114], [77, 253, 240, 5, 155], [180, 177, 5238, 277, 426], [27, 3, 256, 4380, 63], [181, 99, 416, 62, 4407]]"]}},"metrics":{"downstream":{"cohen_kappa":[0.5560110835001693],"f1_scores":{"N1":[0.18023430459597475],"N2":[0.6505295007564297],"N3":[0.8460941828254848],"REM":[0.6113340020060181],"Wake":[0.7121409921671018],"macro":[0.6000665964702018]},"loss":[2.179040762094351],"precisions":{"N1":[0.410958904109589],"N2":[0.6827564306128929],"N3":[0.8073588496510891],"REM":[0.4720232333010649],"Wake":[0.7480287967089475],"macro":[0.6242252428767167]},"recalls":{"N1":[0.11542901115813775],"N2":[0.6212077434267552],"N3":[0.888733705772812],"REM":[0.8673070081821416],"Wake":[0.679539084397384],"macro":[0.6344433105874461]}}}},"train":{},"valid_pretraining":{}}