{"earlystopping":{},"train":{"metrics":{"freq":{"acc_freq":[0.01237,0.04703,0.04895,0.05014,0.05134,0.05543,0.06268,0.0576,0.08262,0.09379,0.10327,0.11259,0.12054,0.12973,0.13723,0.14318,0.14901,0.15274,0.16248,0.16911],"hamming_freq":[0.514525,0.525109,0.526691,0.606176,0.6795665,0.7310075,0.749503,0.775599,0.806924,0.823639,0.835215,0.8460245,0.8536215,0.8600505,0.867019,0.8717429999999999,0.8750519999999999,0.8778215,0.884997,0.8888469999999999],"loss":[0.892433984375,0.693933203125,0.692345390625,0.65803453125,0.6108664453125,0.5683051953125,0.5390325,0.482420234375,0.4064528515625,0.3678832421875,0.34261609375,0.32112732421875,0.30549103515625,0.2924707421875,0.2780995703125,0.26805111328125,0.26091109375,0.2546916015625,0.2420983203125,0.233123828125]}}},"valid_pretraining":{"metrics":{"freq":{"acc_freq":[0.0,0.056,0.056,0.056,0.049,0.058,0.071,0.085,0.075,0.123,0.14,0.147,0.156,0.158,0.178,0.179,0.184,0.195,0.202,0.218,0.221],"hamming_freq":[0.5065,0.5205,0.5205,0.5621499999999999,0.6259,0.7318,0.7485999999999999,0.78045,0.81045,0.83805,0.85145,0.8613,0.8698,0.8737,0.88265,0.88605,0.89005,0.89315,0.89955,0.9047000000000001,0.90585],"loss":[1.19855712890625,0.692590087890625,0.692359130859375,0.685799072265625,0.6452052001953125,0.5668553466796875,0.5387796630859375,0.49644244384765623,0.4163087463378906,0.36265045166015625,0.330376708984375,0.30273712158203125,0.27748812866210937,0.27019155883789064,0.25019317626953125,0.23950411987304687,0.22962109375,0.225601806640625,0.21339698791503905,0.20107061767578124,0.19621220397949218]}}}}