{
    "earlystopping": {
        "confusion_matrices": {
            "abs": [
                "[[777, 92, 75, 2, 162], [56, 81, 147, 2, 142], [99, 50, 3198, 270, 480], [1, 0, 188, 715, 4], [49, 48, 134, 1, 1021]]"
            ]
        },
        "markov_matrices": {
            "abs": {
                "actual": [
                    "[[862, 210, 21, 0, 14], [64, 148, 206, 0, 10], [130, 65, 3781, 89, 32], [11, 1, 77, 819, 0], [40, 4, 12, 0, 1197]]"
                ],
                "predicted": [
                    "[[696, 85, 39, 9, 153], [46, 90, 104, 7, 24], [72, 64, 3349, 104, 152], [14, 4, 94, 868, 10], [154, 28, 155, 2, 1470]]"
                ]
            }
        },
        "metrics": {
            "downstream": {
                "cohen_kappa": [
                    0.6198495335249843
                ],
                "f1_scores": {
                    "N1": [
                        0.2317596566523605
                    ],
                    "N2": [
                        0.8159203980099504
                    ],
                    "N3": [
                        0.7534246575342466
                    ],
                    "REM": [
                        0.666884389288047
                    ],
                    "Wake": [
                        0.7435406698564593
                    ],
                    "macro": [
                        0.6423059542682128
                    ]
                },
                "loss": [
                    1.6079760789871216
                ],
                "precisions": {
                    "N1": [
                        0.2988929889298893
                    ],
                    "N2": [
                        0.8546231961517905
                    ],
                    "N3": [
                        0.7222222222222222
                    ],
                    "REM": [
                        0.564400221116639
                    ],
                    "Wake": [
                        0.7912423625254582
                    ],
                    "macro": [
                        0.6462761981891999
                    ]
                },
                "recalls": {
                    "N1": [
                        0.18925233644859812
                    ],
                    "N2": [
                        0.7805711496216744
                    ],
                    "N3": [
                        0.7874449339207048
                    ],
                    "REM": [
                        0.8148443735035914
                    ],
                    "Wake": [
                        0.7012635379061372
                    ],
                    "macro": [
                        0.6546752662801412
                    ]
                }
            }
        }
    },
    "test": {
        "confusion_matrices": {
            "abs": [
                "[[1524, 156, 155, 138, 398], [230, 116, 121, 4, 283], [220, 95, 3946, 403, 1820], [9, 0, 120, 1275, 37], [104, 59, 191, 1, 1769]]"
            ]
        },
        "markov_matrices": {
            "abs": {
                "actual": [
                    "[[1925, 362, 71, 0, 13], [125, 270, 344, 1, 14], [256, 108, 5893, 174, 52], [18, 2, 155, 1266, 0], [46, 12, 21, 0, 2045]]"
                ],
                "predicted": [
                    "[[1543, 172, 84, 30, 258], [99, 149, 114, 11, 53], [128, 56, 3820, 156, 373], [49, 13, 140, 1589, 30], [268, 36, 375, 35, 3592]]"
                ]
            }
        },
        "metrics": {
            "downstream": {
                "cohen_kappa": [
                    0.5290880334558274
                ],
                "f1_scores": {
                    "N1": [
                        0.19661016949152543
                    ],
                    "N2": [
                        0.7163474630117092
                    ],
                    "N3": [
                        0.7817290006131208
                    ],
                    "REM": [
                        0.5501477219716996
                    ],
                    "Wake": [
                        0.6837146702557201
                    ],
                    "macro": [
                        0.585709805068755
                    ]
                },
                "loss": [
                    1.9603765927828276
                ],
                "precisions": {
                    "N1": [
                        0.27230046948356806
                    ],
                    "N2": [
                        0.8705051842047209
                    ],
                    "N3": [
                        0.700164744645799
                    ],
                    "REM": [
                        0.4107267239377757
                    ],
                    "Wake": [
                        0.7302347867752755
                    ],
                    "macro": [
                        0.5967863818094279
                    ]
                },
                "recalls": {
                    "N1": [
                        0.15384615384615385
                    ],
                    "N2": [
                        0.608574953732264
                    ],
                    "N3": [
                        0.8848022206800833
                    ],
                    "REM": [
                        0.8328625235404896
                    ],
                    "Wake": [
                        0.6427667650780261
                    ],
                    "macro": [
                        0.6245705233754034
                    ]
                }
            }
        }
    },
    "train": {},
    "valid_ssl": {}
}
