{"earlystopping":{"confusion_matrices":{"abs":["[[1303, 72, 83, 0, 0], [87, 125, 196, 0, 0], [369, 209, 3124, 0, 0], [438, 3, 609, 0, 0], [182, 244, 639, 0, 0]]"]},"markov_matrices":{"abs":{"actual":["[[1259, 184, 13, 0, 1], [48, 150, 197, 0, 13], [112, 70, 3412, 84, 24], [12, 1, 71, 966, 0], [26, 3, 9, 0, 1027]]"],"predicted":["[[2089, 95, 194, 0, 0], [27, 463, 163, 0, 0], [262, 95, 4294, 0, 0], [0, 0, 0, 0, 0], [0, 0, 0, 0, 0]]"]}},"metrics":{"downstream":{"cohen_kappa":[0.36821617565382825],"f1_scores":{"N1":[0.235626767200754],"N2":[0.7479947324314618],"N3":[0.0],"REM":[0.0],"Wake":[0.6791764399270264],"macro":[0.3325595879118485]},"loss":[2.6646769046783447],"precisions":{"N1":[0.19142419601837674],"N2":[0.6716835089228123],"N3":[0.0],"REM":[0.0],"Wake":[0.5477091214796133],"macro":[0.2821633652841604]},"recalls":{"N1":[0.30637254901960786],"N2":[0.8438681793625068],"N3":[0.0],"REM":[0.0],"Wake":[0.8936899862825789],"macro":[0.40878614293293875]}}}},"test":{"confusion_matrices":{"abs":["[[1403, 228, 380, 0, 0], [172, 111, 299, 0, 0], [972, 202, 5468, 0, 0], [1076, 0, 784, 0, 0], [333, 499, 1338, 0, 0]]"]},"markov_matrices":{"abs":{"actual":["[[1680, 284, 30, 0, 17], [68, 194, 301, 0, 18], [193, 87, 6163, 147, 52], [23, 1, 123, 1713, 0], [46, 16, 25, 0, 2083]]"],"predicted":["[[3334, 157, 465, 0, 0], [36, 723, 281, 0, 0], [585, 160, 7523, 0, 0], [0, 0, 0, 0, 0], [0, 0, 0, 0, 0]]"]}},"metrics":{"downstream":{"cohen_kappa":[0.2590112260641715],"f1_scores":{"N1":[0.13686806411837238],"N2":[0.7334182818053786],"N3":[0.0],"REM":[0.0],"Wake":[0.4702530584883526],"macro":[0.2681078808824207]},"loss":[3.44003413273738],"precisions":{"N1":[0.10673076923076923],"N2":[0.6612649655339219],"N3":[0.0],"REM":[0.0],"Wake":[0.3546511627906977],"macro":[0.22452937951107774]},"recalls":{"N1":[0.19072164948453607],"N2":[0.8232460102378801],"N3":[0.0],"REM":[0.0],"Wake":[0.6976628543013426],"macro":[0.34232610280475173]}}}},"train":{},"valid_pretraining":{}}