{
    "earlystopping": {
        "confusion_matrices": {
            "abs": [
                "[[882, 89, 52, 7, 78], [52, 168, 117, 0, 91], [79, 317, 2685, 416, 600], [4, 114, 9, 699, 82], [22, 188, 74, 0, 969]]"
            ]
        },
        "markov_matrices": {
            "abs": {
                "actual": [
                    "[[862, 210, 21, 0, 14], [64, 148, 206, 0, 10], [130, 65, 3781, 89, 32], [11, 1, 77, 819, 0], [40, 4, 12, 0, 1197]]"
                ],
                "predicted": [
                    "[[813, 124, 54, 1, 46], [74, 609, 150, 0, 43], [78, 105, 2576, 43, 135], [11, 1, 33, 1049, 28], [62, 37, 124, 29, 1568]]"
                ]
            }
        },
        "metrics": {
            "downstream": {
                "cohen_kappa": [
                    0.5753877736212794
                ],
                "f1_scores": {
                    "N1": [
                        0.25766871165644173
                    ],
                    "N2": [
                        0.7634347455217515
                    ],
                    "N3": [
                        0.6886699507389162
                    ],
                    "REM": [
                        0.6306540839570453
                    ],
                    "Wake": [
                        0.8216115510013973
                    ],
                    "macro": [
                        0.6324078085751104
                    ]
                },
                "loss": [
                    1.2382553815841675
                ],
                "precisions": {
                    "N1": [
                        0.1917808219178082
                    ],
                    "N2": [
                        0.9141981613891726
                    ],
                    "N3": [
                        0.6229946524064172
                    ],
                    "REM": [
                        0.5324175824175824
                    ],
                    "Wake": [
                        0.848893166506256
                    ],
                    "macro": [
                        0.6220568769274473
                    ]
                },
                "recalls": {
                    "N1": [
                        0.3925233644859813
                    ],
                    "N2": [
                        0.6553575787161338
                    ],
                    "N3": [
                        0.7698237885462555
                    ],
                    "REM": [
                        0.7733439744612929
                    ],
                    "Wake": [
                        0.796028880866426
                    ],
                    "macro": [
                        0.6774155174152179
                    ]
                }
            }
        }
    },
    "test": {
        "confusion_matrices": {
            "abs": [
                "[[1873, 200, 138, 73, 87], [231, 276, 156, 8, 83], [341, 336, 4220, 633, 954], [59, 1, 28, 1248, 105], [115, 280, 115, 2, 1612]]"
            ]
        },
        "markov_matrices": {
            "abs": {
                "actual": [
                    "[[1925, 362, 71, 0, 13], [125, 270, 344, 1, 14], [256, 108, 5893, 174, 52], [18, 2, 155, 1266, 0], [46, 12, 21, 0, 2045]]"
                ],
                "predicted": [
                    "[[2049, 277, 167, 46, 80], [177, 589, 279, 3, 45], [231, 179, 4004, 95, 147], [66, 5, 74, 1738, 81], [95, 43, 133, 82, 2488]]"
                ]
            }
        },
        "metrics": {
            "downstream": {
                "cohen_kappa": [
                    0.5922533692482563
                ],
                "f1_scores": {
                    "N1": [
                        0.29886302111532215
                    ],
                    "N2": [
                        0.75756215779553
                    ],
                    "N3": [
                        0.7330396475770925
                    ],
                    "REM": [
                        0.6493454179254784
                    ],
                    "Wake": [
                        0.7507014028056113
                    ],
                    "macro": [
                        0.6379023294438069
                    ]
                },
                "loss": [
                    1.1832303267258863
                ],
                "precisions": {
                    "N1": [
                        0.252516010978957
                    ],
                    "N2": [
                        0.9061627657290101
                    ],
                    "N3": [
                        0.6354378818737271
                    ],
                    "REM": [
                        0.5674058430130235
                    ],
                    "Wake": [
                        0.7151584574264986
                    ],
                    "macro": [
                        0.6153361918042434
                    ]
                },
                "recalls": {
                    "N1": [
                        0.3660477453580902
                    ],
                    "N2": [
                        0.6508328192473781
                    ],
                    "N3": [
                        0.8660652324774463
                    ],
                    "REM": [
                        0.7589453860640302
                    ],
                    "Wake": [
                        0.789962041332771
                    ],
                    "macro": [
                        0.6863706448959432
                    ]
                }
            }
        }
    },
    "train": {},
    "valid_pretraining": {}
}
