{"earlystopping":{"confusion_matrices":{"abs":["[[808, 427, 57, 12, 114], [104, 252, 228, 69, 142], [57, 231, 1625, 519, 184], [1, 0, 54, 1258, 5], [36, 48, 45, 5, 1107]]"]},"markov_matrices":{"abs":{"actual":["[[1126, 224, 50, 1, 17], [105, 349, 308, 1, 32], [110, 186, 2216, 66, 37], [28, 7, 32, 1250, 1], [48, 29, 10, 0, 1154]]"],"predicted":["[[696, 165, 69, 17, 59], [110, 575, 201, 12, 60], [74, 140, 1593, 121, 81], [46, 4, 87, 1687, 39], [79, 74, 59, 26, 1313]]"]}},"metrics":{"downstream":{"cohen_kappa":[0.5960199278646774],"f1_scores":{"N1":[0.2875071306332002],"N2":[0.7027027027027027],"N3":[0.7909462433197108],"REM":[0.7926960257787325],"Wake":[0.6666666666666666],"macro":[0.6481037538202026]},"loss":[2.8001391092936196],"precisions":{"N1":[0.2630480167014614],"N2":[0.8088601294176208],"N3":[0.6752549651100376],"REM":[0.7132731958762887],"Wake":[0.8031809145129225],"macro":[0.6527234443236661]},"recalls":{"N1":[0.3169811320754717],"N2":[0.621177370030581],"N3":[0.9544764795144158],"REM":[0.8920225624496374],"Wake":[0.5698166431593794],"macro":[0.6708948374458971]}}}},"test":{"confusion_matrices":{"abs":["[[2418, 1342, 223, 36, 665], [197, 868, 713, 77, 458], [141, 250, 3811, 966, 444], [5, 0, 315, 3656, 16], [103, 160, 108, 31, 2537]]"]},"markov_matrices":{"abs":{"actual":["[[4011, 610, 44, 4, 15], [319, 1176, 689, 6, 122], [195, 395, 4680, 248, 94], [57, 20, 176, 3734, 5], [101, 112, 23, 0, 2703]]"],"predicted":["[[2158, 476, 48, 31, 151], [296, 1725, 363, 16, 220], [107, 203, 4360, 279, 220], [69, 10, 229, 4395, 63], [233, 206, 170, 45, 3466]]"]}},"metrics":{"downstream":{"cohen_kappa":[0.5958641265840985],"f1_scores":{"N1":[0.3519156699777012],"N2":[0.7069189389723614],"N3":[0.8348938113724594],"REM":[0.7187986966992492],"Wake":[0.6406995230524642],"macro":[0.650645328014847]},"loss":[2.6927965604341946],"precisions":{"N1":[0.33129770992366414],"N2":[0.7371373307543521],"N3":[0.7671002937473772],"REM":[0.6157766990291262],"Wake":[0.8442737430167597],"macro":[0.6591171552942559]},"recalls":{"N1":[0.37527021184608733],"N2":[0.6790805416963649],"N3":[0.9158316633266533],"REM":[0.863218781898605],"Wake":[0.5162254483347566],"macro":[0.6699253294204934]}}}},"train":{},"valid_pretraining":{}}