{"earlystopping":{"confusion_matrices":{"abs":["[[894, 257, 19, 21, 186], [242, 226, 217, 86, 104], [322, 333, 1003, 699, 100], [9, 14, 50, 1445, 25], [50, 226, 50, 8, 894]]"]},"markov_matrices":{"abs":{"actual":["[[1107, 224, 32, 1, 13], [103, 420, 304, 1, 47], [91, 183, 2069, 75, 39], [26, 6, 44, 1466, 0], [49, 42, 8, 0, 1129]]"],"predicted":["[[1098, 109, 142, 77, 91], [58, 773, 46, 48, 131], [120, 41, 1035, 107, 36], [114, 31, 78, 1998, 37], [126, 102, 38, 29, 1014]]"]}},"metrics":{"downstream":{"cohen_kappa":[0.49332501452884236],"f1_scores":{"N1":[0.2340756084930088],"N2":[0.5284510010537408],"N3":[0.7601262493424513],"REM":[0.7047694126921561],"Wake":[0.61782999308915],"macro":[0.5690504529341014]},"loss":[2.657184092203776],"precisions":{"N1":[0.21401515151515152],"N2":[0.7490664675130695],"N3":[0.6396635679504206],"REM":[0.6829640947288006],"Wake":[0.5893210283454186],"macro":[0.5750060620105721]},"recalls":{"N1":[0.2582857142857143],"N2":[0.40822140822140823],"N3":[0.9364873622812703],"REM":[0.7280130293159609],"Wake":[0.6492374727668845],"macro":[0.5960489973742477]}}}},"test":{"confusion_matrices":{"abs":["[[2936, 595, 578, 159, 893], [597, 736, 448, 227, 575], [655, 415, 2522, 1542, 372], [44, 49, 408, 3213, 9], [109, 384, 196, 36, 1568]]"]},"markov_matrices":{"abs":{"actual":["[[4415, 676, 55, 1, 13], [385, 1308, 745, 5, 140], [218, 440, 4532, 223, 93], [51, 23, 150, 3494, 5], [91, 136, 24, 0, 2042]]"],"predicted":["[[3364, 242, 310, 137, 288], [168, 1497, 212, 64, 238], [267, 186, 3361, 217, 121], [165, 60, 169, 4635, 147], [377, 193, 100, 124, 2623]]"]}},"metrics":{"downstream":{"cohen_kappa":[0.4551594621005589],"f1_scores":{"N1":[0.30911381772364555],"N2":[0.5222613377510872],"N3":[0.7220224719101124],"REM":[0.5492119089316988],"Wake":[0.6179751631235529],"macro":[0.5441169398880195]},"loss":[2.9659656725431742],"precisions":{"N1":[0.3377696190913263],"N2":[0.6074181117533719],"N3":[0.620629708325285],"REM":[0.4588820602868013],"Wake":[0.6763418567150427],"macro":[0.5402082712343654]},"recalls":{"N1":[0.28493999225706546],"N2":[0.4580457682528151],"N3":[0.863013698630137],"REM":[0.6838203227213258],"Wake":[0.5688819996124782],"macro":[0.5717403562947643]}}}},"train":{},"valid_pretraining":{}}