{
    "earlystopping": {
        "confusion_matrices": {
            "abs": [
                "[[942, 86, 67, 1, 12], [49, 207, 142, 0, 30], [22, 41, 3740, 212, 82], [2, 0, 162, 744, 0], [13, 34, 36, 0, 1170]]"
            ]
        },
        "markov_matrices": {
            "abs": {
                "actual": [
                    "[[862, 210, 21, 0, 14], [64, 148, 206, 0, 10], [130, 65, 3781, 89, 32], [11, 1, 77, 819, 0], [40, 4, 12, 0, 1197]]"
                ],
                "predicted": [
                    "[[830, 166, 19, 0, 12], [50, 168, 128, 0, 22], [97, 23, 3929, 57, 41], [11, 1, 45, 900, 0], [39, 10, 26, 0, 1219]]"
                ]
            }
        },
        "metrics": {
            "downstream": {
                "cohen_kappa": [
                    0.8067553879024835
                ],
                "f1_scores": {
                    "N1": [
                        0.5201005025125627
                    ],
                    "N2": [
                        0.9073265405143135
                    ],
                    "N3": [
                        0.7978552278820376
                    ],
                    "REM": [
                        0.9187279151943464
                    ],
                    "Wake": [
                        0.8820224719101123
                    ],
                    "macro": [
                        0.8052065316026745
                    ]
                },
                "loss": [
                    0.4040696918964386
                ],
                "precisions": {
                    "N1": [
                        0.5625
                    ],
                    "N2": [
                        0.9018567639257294
                    ],
                    "N3": [
                        0.7774294670846394
                    ],
                    "REM": [
                        0.9041731066460588
                    ],
                    "Wake": [
                        0.9163424124513618
                    ],
                    "macro": [
                        0.8124603500215578
                    ]
                },
                "recalls": {
                    "N1": [
                        0.48364485981308414
                    ],
                    "N2": [
                        0.9128630705394191
                    ],
                    "N3": [
                        0.8193832599118943
                    ],
                    "REM": [
                        0.9337589784517158
                    ],
                    "Wake": [
                        0.8501805054151624
                    ],
                    "macro": [
                        0.7999661348262552
                    ]
                }
            }
        }
    },
    "test": {
        "confusion_matrices": {
            "abs": [
                "[[2152, 80, 121, 2, 16], [253, 313, 157, 2, 29], [188, 112, 5978, 137, 69], [16, 0, 308, 1105, 12], [38, 25, 126, 0, 1935]]"
            ]
        },
        "markov_matrices": {
            "abs": {
                "actual": [
                    "[[1925, 362, 71, 0, 13], [125, 270, 344, 1, 14], [256, 108, 5893, 174, 52], [18, 2, 155, 1266, 0], [46, 12, 21, 0, 2045]]"
                ],
                "predicted": [
                    "[[2269, 272, 81, 1, 24], [85, 216, 218, 0, 11], [218, 38, 6277, 88, 68], [14, 0, 75, 1157, 0], [60, 4, 39, 0, 1958]]"
                ]
            }
        },
        "metrics": {
            "downstream": {
                "cohen_kappa": [
                    0.8101279469523666
                ],
                "f1_scores": {
                    "N1": [
                        0.48753894080996885
                    ],
                    "N2": [
                        0.9075451647183846
                    ],
                    "N3": [
                        0.8224786006698921
                    ],
                    "REM": [
                        0.9247311827956989
                    ],
                    "Wake": [
                        0.8577122359505779
                    ],
                    "macro": [
                        0.8000012249889045
                    ]
                },
                "loss": [
                    0.37471166023841274
                ],
                "precisions": {
                    "N1": [
                        0.590566037735849
                    ],
                    "N2": [
                        0.8935724962630792
                    ],
                    "N3": [
                        0.8868378812199037
                    ],
                    "REM": [
                        0.9388646288209607
                    ],
                    "Wake": [
                        0.8129958443520967
                    ],
                    "macro": [
                        0.8245673776783778
                    ]
                },
                "recalls": {
                    "N1": [
                        0.4151193633952255
                    ],
                    "N2": [
                        0.9219617520049352
                    ],
                    "N3": [
                        0.7668285912560722
                    ],
                    "REM": [
                        0.9110169491525424
                    ],
                    "Wake": [
                        0.9076339097427246
                    ],
                    "macro": [
                        0.7845121131102999
                    ]
                }
            }
        }
    },
    "train": {},
    "valid_pretraining": {}
}
