{"earlystopping":{"confusion_matrices":{"abs":["[[203, 790, 321, 45, 201], [36, 356, 293, 69, 77], [67, 633, 1148, 318, 265], [0, 29, 295, 1075, 18], [28, 405, 308, 61, 393]]"]},"markov_matrices":{"abs":{"actual":["[[1273, 229, 40, 1, 17], [112, 387, 291, 0, 41], [103, 174, 2054, 62, 37], [22, 5, 35, 1354, 1], [49, 36, 11, 0, 1099]]"],"predicted":["[[197, 81, 36, 2, 18], [67, 1601, 341, 61, 142], [38, 304, 1685, 181, 157], [0, 60, 172, 1309, 27], [32, 167, 130, 15, 610]]"]}},"metrics":{"downstream":{"cohen_kappa":[0.2770231537781558],"f1_scores":{"N1":[0.23390275952693823],"N2":[0.4787322768974145],"N3":[0.7202680067001676],"REM":[0.3657515123313169],"Wake":[0.21436114044350582],"macro":[0.40260313917986856]},"loss":[2.484551493326823],"precisions":{"N1":[0.16086760054225033],"N2":[0.4854122621564482],"N3":[0.6855867346938775],"REM":[0.4119496855345912],"Wake":[0.6077844311377245],"macro":[0.4703201428129784]},"recalls":{"N1":[0.42839951865222625],"N2":[0.47223364870423695],"N3":[0.7586450247000706],"REM":[0.3288702928870293],"Wake":[0.13012820512820514],"macro":[0.4236553380143537]}}}},"test":{"confusion_matrices":{"abs":["[[777, 2109, 1143, 126, 701], [193, 1063, 964, 169, 341], [164, 1762, 3239, 1058, 880], [1, 186, 944, 2915, 84], [98, 1093, 912, 137, 735]]"]},"markov_matrices":{"abs":{"actual":["[[4051, 689, 82, 1, 32], [350, 1373, 861, 3, 143], [263, 497, 5960, 282, 101], [67, 39, 179, 3844, 1], [124, 132, 21, 0, 2698]]"],"predicted":["[[704, 302, 136, 5, 86], [286, 4386, 973, 173, 394], [123, 950, 5172, 528, 429], [5, 141, 520, 3663, 76], [115, 434, 401, 36, 1755]]"]}},"metrics":{"downstream":{"cohen_kappa":[0.23973721736007036],"f1_scores":{"N1":[0.23772783182377277],"N2":[0.4528486543166725],"N3":[0.68306971294669],"REM":[0.25717284814555635],"Wake":[0.2552143209065528],"macro":[0.3772066736278489]},"loss":[2.7326786129973657],"precisions":{"N1":[0.17109286978915178],"N2":[0.4497361843932241],"N3":[0.6617480136208853],"REM":[0.2681503101058008],"Wake":[0.6301703163017032],"macro":[0.43617953884215305]},"recalls":{"N1":[0.3893772893772894],"N2":[0.4560045051386738],"N3":[0.7058111380145279],"REM":[0.24705882352941178],"Wake":[0.16000823723228996],"macro":[0.3916519986584386]}}}},"train":{},"valid_pretraining":{}}