{"earlystopping":{"confusion_matrices":{"abs":["[[7285, 292, 202, 6, 173], [506, 229, 547, 75, 589], [109, 155, 5451, 251, 662], [4, 13, 728, 784, 2], [181, 134, 130, 73, 2264]]"]},"markov_matrices":{"abs":{"actual":["[[7584, 353, 15, 0, 5], [200, 1236, 385, 2, 123], [98, 210, 5964, 245, 111], [13, 14, 220, 1284, 0], [62, 133, 44, 0, 2543]]"],"predicted":["[[7584, 236, 77, 27, 160], [195, 284, 202, 14, 128], [125, 123, 6418, 128, 264], [29, 15, 123, 1007, 15], [152, 164, 238, 13, 3123]]"]}},"metrics":{"downstream":{"cohen_kappa":[0.674778189565878],"f1_scores":{"N1":[0.16540267244492596],"N2":[0.7965804471722928],"N3":[0.5764705882352941],"REM":[0.6996291718170581],"Wake":[0.9081842548151842],"macro":[0.6292534268969511]},"loss":[2.244274790694074],"precisions":{"N1":[0.2782503037667072],"N2":[0.7723151034287333],"N3":[0.6593776282590412],"REM":[0.6135501355013551],"Wake":[0.9010513296227582],"macro":[0.6449089001157191]},"recalls":{"N1":[0.11767728674203494],"N2":[0.8224200362100181],"N3":[0.51208360548661],"REM":[0.813803019410496],"Wake":[0.9154310128172908],"macro":[0.63628299213329]}}}},"test":{"confusion_matrices":{"abs":["[[10023, 620, 1011, 15, 879], [1550, 509, 1196, 102, 1135], [719, 456, 8294, 923, 1773], [43, 11, 1120, 1423, 4], [670, 308, 539, 41, 3014]]"]},"markov_matrices":{"abs":{"actual":["[[11874, 617, 28, 3, 25], [348, 3420, 622, 0, 102], [199, 328, 10935, 568, 135], [29, 16, 522, 2030, 4], [97, 111, 58, 0, 4306]]"],"predicted":["[[11764, 594, 220, 34, 392], [503, 797, 334, 11, 259], [320, 221, 10754, 292, 573], [57, 20, 263, 2150, 14], [361, 271, 589, 17, 5567]]"]}},"metrics":{"downstream":{"cohen_kappa":[0.5061448452740387],"f1_scores":{"N1":[0.15916197623514697],"N2":[0.6819321685508736],"N3":[0.5574926542605289],"REM":[0.5298409070932584],"Wake":[0.7844871443666106],"macro":[0.5425829701012836]},"loss":[4.141432868109809],"precisions":{"N1":[0.26733193277310924],"N2":[0.6820723684210527],"N3":[0.5682907348242812],"REM":[0.4429096252755327],"Wake":[0.7707035755478662],"macro":[0.5462616473683684]},"recalls":{"N1":[0.11331255565449688],"N2":[0.6817920263049733],"N3":[0.5470972702806612],"REM":[0.6592300962379702],"Wake":[0.7987727127829136],"macro":[0.5600409322522031]}}}},"train":{},"valid_pretraining":{}}