{"earlystopping":{"confusion_matrices":{"abs":["[[5950, 105, 280, 154, 627], [536, 79, 658, 92, 447], [243, 259, 5205, 407, 741], [4, 1, 709, 698, 18], [204, 31, 776, 98, 1646]]"]},"markov_matrices":{"abs":{"actual":["[[6823, 271, 17, 0, 4], [151, 1184, 365, 3, 109], [78, 212, 6189, 261, 115], [11, 15, 238, 1166, 0], [52, 130, 46, 0, 2527]]"],"predicted":["[[6155, 103, 242, 37, 399], [67, 233, 133, 0, 42], [285, 95, 6298, 545, 405], [48, 1, 528, 858, 14], [382, 43, 427, 8, 2619]]"]}},"metrics":{"downstream":{"cohen_kappa":[0.551588366496336],"f1_scores":{"N1":[0.06908613904678618],"N2":[0.718773734723469],"N3":[0.48489058700937826],"REM":[0.5280718639717678],"Wake":[0.8467942788016793],"macro":[0.5295233207106161]},"loss":[1.9960663624298878],"precisions":{"N1":[0.16631578947368422],"N2":[0.6823544834819087],"N3":[0.48171152518978605],"REM":[0.47312446105202643],"Wake":[0.8577194752774975],"macro":[0.5322451468949806]},"recalls":{"N1":[0.04359823399558499],"N2":[0.7592997811816192],"N3":[0.4881118881118881],"REM":[0.597459165154265],"Wake":[0.8361439010680157],"macro":[0.5449225939022746]}}}},"test":{"confusion_matrices":{"abs":["[[11153, 845, 1512, 322, 1590], [746, 482, 1752, 74, 960], [216, 1033, 9137, 438, 889], [0, 2, 1488, 742, 21], [285, 199, 1153, 76, 2230]]"]},"markov_matrices":{"abs":{"actual":["[[14659, 720, 37, 1, 4], [431, 2829, 660, 3, 91], [229, 338, 10472, 535, 139], [24, 14, 498, 1714, 3], [78, 113, 46, 0, 3706]]"],"predicted":["[[10727, 325, 534, 84, 730], [237, 1799, 386, 0, 139], [646, 298, 12759, 716, 622], [110, 1, 685, 819, 37], [679, 138, 678, 33, 4162]]"]}},"metrics":{"downstream":{"cohen_kappa":[0.48735007141495323],"f1_scores":{"N1":[0.14661596958174905],"N2":[0.6830125210241076],"N3":[0.3800256081946223],"REM":[0.4629917990241877],"Wake":[0.8017396305082309],"macro":[0.49487710566657955]},"loss":[2.2901385581656677],"precisions":{"N1":[0.18820773135493948],"N2":[0.6074325222709746],"N3":[0.4491525423728814],"REM":[0.39191564147627417],"Wake":[0.8994354838709677],"macro":[0.5072287842692076]},"recalls":{"N1":[0.12007972097658197],"N2":[0.7800734226927346],"N3":[0.3293386595650244],"REM":[0.5655592188688816],"Wake":[0.7231876540007781],"macro":[0.5036477352208001]}}}},"train":{},"valid_pretraining":{}}