{"earlystopping":{"confusion_matrices":{"abs":["[[911, 136, 107, 69, 154], [124, 64, 339, 120, 228], [24, 19, 1629, 603, 182], [13, 0, 57, 1463, 10], [92, 19, 147, 61, 909]]"]},"markov_matrices":{"abs":{"actual":["[[1107, 224, 32, 1, 13], [103, 420, 304, 1, 47], [91, 183, 2069, 75, 39], [26, 6, 44, 1466, 0], [49, 42, 8, 0, 1129]]"],"predicted":["[[950, 74, 50, 21, 69], [46, 109, 38, 11, 34], [49, 16, 1954, 123, 137], [32, 7, 120, 2117, 39], [86, 32, 117, 44, 1204]]"]}},"metrics":{"downstream":{"cohen_kappa":[0.5658854201010557],"f1_scores":{"N1":[0.11500449236298294],"N2":[0.6879222972972973],"N3":[0.758227520082923],"REM":[0.6706012541497602],"Wake":[0.7170405352223534],"macro":[0.5897592198230635]},"loss":[1.2532073974609375],"precisions":{"N1":[0.2689075630252101],"N2":[0.7147871873628785],"N3":[0.6316925734024179],"REM":[0.6129467296021578],"Wake":[0.7826460481099656],"macro":[0.602196020300526]},"recalls":{"N1":[0.07314285714285715],"N2":[0.663003663003663],"N3":[0.948152948801037],"REM":[0.740228013029316],"Wake":[0.6615831517792302],"macro":[0.6172221267512207]}}}},"test":{"confusion_matrices":{"abs":["[[3623, 311, 228, 276, 723], [456, 274, 784, 354, 715], [57, 50, 3205, 1595, 599], [2, 0, 249, 3462, 10], [173, 56, 188, 139, 1737]]"]},"markov_matrices":{"abs":{"actual":["[[4415, 676, 55, 1, 13], [385, 1308, 745, 5, 140], [218, 440, 4532, 223, 93], [51, 23, 150, 3494, 5], [91, 136, 24, 0, 2042]]"],"predicted":["[[3609, 210, 109, 78, 304], [118, 358, 105, 12, 98], [118, 39, 3945, 278, 274], [101, 12, 258, 5348, 107], [364, 72, 237, 110, 3001]]"]}},"metrics":{"downstream":{"cohen_kappa":[0.5391162346884025],"f1_scores":{"N1":[0.16737935247403787],"N2":[0.6309055118110236],"N3":[0.7251021049324536],"REM":[0.5716636498272174],"Wake":[0.7649915540540541],"macro":[0.5720084346197573]},"loss":[1.4217277326081927],"precisions":{"N1":[0.39652677279305354],"N2":[0.688654920498496],"N3":[0.5942327497425335],"REM":[0.45903805496828753],"Wake":[0.8404082579447923],"macro":[0.5957721511894325]},"recalls":{"N1":[0.10607820363917925],"N2":[0.5820922629858336],"N3":[0.9298952457695407],"REM":[0.757522895769734],"Wake":[0.7019957372602209],"macro":[0.6155168690849017]}}}},"train":{},"valid_pretraining":{}}