{"earlystopping":{"confusion_matrices":{"abs":["[[6193, 689, 31, 0, 203], [118, 567, 775, 0, 352], [93, 92, 6412, 34, 224], [133, 29, 1108, 154, 6], [47, 115, 357, 0, 2236]]"]},"markov_matrices":{"abs":{"actual":["[[6823, 271, 17, 0, 4], [151, 1184, 365, 3, 109], [78, 212, 6189, 261, 115], [11, 15, 238, 1166, 0], [52, 130, 46, 0, 2527]]"],"predicted":["[[6047, 318, 137, 9, 72], [244, 843, 253, 2, 150], [189, 182, 8005, 87, 220], [18, 3, 76, 90, 1], [85, 146, 212, 0, 2578]]"]}},"metrics":{"downstream":{"cohen_kappa":[0.6869655021561908],"f1_scores":{"N1":[0.3432203389830508],"N2":[0.8253314454884798],"N3":[0.1903584672435105],"REM":[0.7742382271468145],"Wake":[0.9040875912408759],"macro":[0.6074472140205464]},"loss":[1.4463543036045172],"precisions":{"N1":[0.3800268096514745],"N2":[0.7384544512265346],"N3":[0.8191489361702128],"REM":[0.7401522674611056],"Wake":[0.9406136087484812],"macro":[0.7236792146515617]},"recalls":{"N1":[0.3129139072847682],"N2":[0.9353756382202771],"N3":[0.1076923076923077],"REM":[0.8116152450090744],"Wake":[0.870292299044407],"macro":[0.607577879450167]}}}},"test":{"confusion_matrices":{"abs":["[[11534, 1807, 583, 0, 1498], [284, 832, 1818, 0, 1080], [89, 216, 10653, 10, 745], [49, 102, 1959, 141, 2], [37, 54, 504, 0, 3348]]"]},"markov_matrices":{"abs":{"actual":["[[14659, 720, 37, 1, 4], [431, 2829, 660, 3, 91], [229, 338, 10472, 535, 139], [24, 14, 498, 1714, 3], [78, 113, 46, 0, 3706]]"],"predicted":["[[10958, 553, 204, 1, 276], [400, 1792, 438, 2, 379], [322, 299, 14293, 55, 548], [2, 4, 51, 92, 2], [310, 363, 531, 1, 5468]]"]}},"metrics":{"downstream":{"cohen_kappa":[0.5908754747282443],"f1_scores":{"N1":[0.23686832740213523],"N2":[0.7824458318031583],"N3":[0.11730449251247921],"REM":[0.6307460437076111],"Wake":[0.8414371694327922],"macro":[0.5217603729716351]},"loss":[2.123341599555865],"precisions":{"N1":[0.2763201594154766],"N2":[0.6865373461364954],"N3":[0.9337748344370861],"REM":[0.5017233628053349],"Wake":[0.9617276744767781],"macro":[0.6720166754542343]},"recalls":{"N1":[0.20727453911310414],"N2":[0.9095022624434389],"N3":[0.06258322237017311],"REM":[0.8490996703018007],"Wake":[0.7478926209311373],"macro":[0.5552704630319308]}}}},"train":{},"valid_pretraining":{}}