{"earlystopping":{"confusion_matrices":{"abs":["[[875, 305, 15, 4, 219], [217, 170, 104, 10, 294], [459, 211, 985, 238, 723], [18, 0, 48, 1153, 99], [385, 30, 75, 6, 745]]"]},"markov_matrices":{"abs":{"actual":["[[1126, 224, 50, 1, 17], [105, 349, 308, 1, 32], [110, 186, 2216, 66, 37], [28, 7, 32, 1250, 1], [48, 29, 10, 0, 1154]]"],"predicted":["[[1362, 238, 129, 19, 206], [176, 402, 88, 1, 49], [128, 56, 904, 53, 86], [35, 0, 33, 1292, 51], [252, 20, 73, 46, 1688]]"]}},"metrics":{"downstream":{"cohen_kappa":[0.41359351961662827],"f1_scores":{"N1":[0.22501654533421575],"N2":[0.5126203486859224],"N3":[0.8449981678270428],"REM":[0.4486600421559771],"Wake":[0.5189798339264532],"macro":[0.5100549875859224]},"loss":[5.851381937662761],"precisions":{"N1":[0.23743016759776536],"N2":[0.8027709861450693],"N3":[0.8171509567682494],"REM":[0.3581730769230769],"Wake":[0.44779938587512796],"macro":[0.5326649146618578]},"recalls":{"N1":[0.2138364779874214],"N2":[0.3765290519877676],"N3":[0.8748103186646434],"REM":[0.6003223207091055],"Wake":[0.6170662905500706],"macro":[0.5365128919798018]}}}},"test":{"confusion_matrices":{"abs":["[[2339, 1500, 115, 42, 688], [274, 620, 327, 34, 1058], [254, 392, 2404, 476, 2086], [29, 3, 508, 3248, 204], [634, 88, 557, 23, 1637]]"]},"markov_matrices":{"abs":{"actual":["[[4011, 610, 44, 4, 15], [319, 1176, 689, 6, 122], [195, 395, 4680, 248, 94], [57, 20, 176, 3734, 5], [101, 112, 23, 0, 2703]]"],"predicted":["[[2348, 611, 208, 26, 337], [431, 1789, 195, 2, 186], [218, 115, 2978, 214, 386], [48, 2, 171, 3504, 98], [484, 86, 359, 77, 4666]]"]}},"metrics":{"downstream":{"cohen_kappa":[0.40543068698907114],"f1_scores":{"N1":[0.25223759153783565],"N2":[0.504882915047779],"N3":[0.8312220089571337],"REM":[0.3801672085462146],"Wake":[0.5695154614073533],"macro":[0.5076050370992633]},"loss":[5.307306534204727],"precisions":{"N1":[0.23818670764502498],"N2":[0.6146765533111737],"N3":[0.8495945592466649],"REM":[0.2885598448792526],"Wake":[0.6626062322946176],"macro":[0.5307247794753468]},"recalls":{"N1":[0.2680501513186338],"N2":[0.42836778332145403],"N3":[0.8136272545090181],"REM":[0.5569921742089146],"Wake":[0.4993595217762596],"macro":[0.513279377026856]}}}},"train":{},"valid_pretraining":{}}