{"earlystopping":{"confusion_matrices":{"abs":["[[5657, 348, 34, 4, 43], [339, 819, 435, 16, 151], [114, 520, 5307, 448, 108], [0, 7, 685, 856, 1], [93, 166, 563, 37, 1893]]"]},"markov_matrices":{"abs":{"actual":["[[5819, 253, 12, 0, 1], [157, 1185, 319, 2, 97], [66, 186, 5820, 317, 108], [7, 16, 296, 1230, 0], [36, 120, 50, 0, 2546]]"],"predicted":["[[5851, 304, 16, 1, 30], [217, 1213, 366, 2, 62], [74, 241, 6331, 232, 146], [1, 15, 211, 1123, 11], [59, 87, 100, 3, 1947]]"]}},"metrics":{"downstream":{"cohen_kappa":[0.6967246070942785],"f1_scores":{"N1":[0.45248618784530387],"N2":[0.7850011093854005],"N3":[0.5883161512027492],"REM":[0.7651576394502829],"Wake":[0.9206607535194076],"macro":[0.7023243682806288]},"loss":[0.979644775390625],"precisions":{"N1":[0.4403225806451613],"N2":[0.7555523917995444],"N3":[0.6289493019838354],"REM":[0.8620218579234973],"Wake":[0.9119780751249396],"macro":[0.7197648414953957]},"recalls":{"N1":[0.4653409090909091],"N2":[0.8168385408650146],"N3":[0.552614590058102],"REM":[0.6878633720930233],"Wake":[0.9295103516266842],"macro":[0.6904335527467467]}}}},"test":{"confusion_matrices":{"abs":["[[8392, 979, 260, 13, 38], [390, 1851, 551, 6, 201], [137, 1301, 10539, 394, 395], [1, 5, 757, 1407, 4], [228, 513, 509, 1, 3386]]"]},"markov_matrices":{"abs":{"actual":["[[9241, 410, 25, 0, 5], [217, 2136, 559, 2, 85], [152, 323, 11813, 339, 139], [16, 13, 311, 1833, 1], [55, 117, 58, 0, 4407]]"],"predicted":["[[8453, 598, 53, 1, 42], [444, 3334, 705, 0, 166], [139, 484, 11411, 302, 280], [9, 8, 282, 1518, 4], [102, 225, 165, 0, 3532]]"]}},"metrics":{"downstream":{"cohen_kappa":[0.7142328921328901],"f1_scores":{"N1":[0.4840481171548117],"N2":[0.8304310141044835],"N3":[0.7043804755944931],"REM":[0.7818958549821037],"Wake":[0.8913436006372809],"macro":[0.7384198124946346]},"loss":[0.8718985915184021],"precisions":{"N1":[0.39815013981501396],"N2":[0.8353677869372226],"N3":[0.7726523887973641],"REM":[0.8414512922465208],"Wake":[0.9173589855706166],"macro":[0.7529961186733476]},"recalls":{"N1":[0.6172057352450817],"N2":[0.8255522481591728],"N3":[0.6471941122355106],"REM":[0.7302135001078284],"Wake":[0.8667630654823384],"macro":[0.7373857322459864]}}}},"train":{},"valid_pretraining":{}}