{
    "earlystopping": {},
    "train": {
        "metrics": {
            "freq": {
                "acc_freq": [
                    0.00014,
                    0.0,
                    1e-05,
                    0.0,
                    2e-05,
                    0.00039,
                    0.00254,
                    0.01132,
                    0.03514,
                    0.07489,
                    0.08346,
                    0.09256,
                    0.10406,
                    0.11446,
                    0.12508,
                    0.13227,
                    0.14073,
                    0.15263,
                    0.15833,
                    0.16207
                ],
                "hamming_freq": [
                    0.4807,
                    0.47490350000000003,
                    0.47481450000000003,
                    0.474649,
                    0.474681,
                    0.47394800000000004,
                    0.4779445,
                    0.5924024999999999,
                    0.7368295,
                    0.7871535000000001,
                    0.8112785,
                    0.827927,
                    0.8412824999999999,
                    0.8520840000000001,
                    0.8631615,
                    0.8692595,
                    0.875985,
                    0.883684,
                    0.886607,
                    0.8882410000000001
                ],
                "loss": [
                    0.851821328125,
                    0.69387078125,
                    0.692397421875,
                    0.692097890625,
                    0.691950625,
                    0.6775309375,
                    0.5968548046875,
                    0.5390837109375,
                    0.4754232421875,
                    0.4163785546875,
                    0.3687471484375,
                    0.3346365234375,
                    0.30768724609375,
                    0.28819861328125,
                    0.2702205859375,
                    0.25751283203125,
                    0.24537162109375,
                    0.23066255859375,
                    0.22462474609375,
                    0.220725
                ]
            }
        }
    },
    "valid_pretraining": {
        "metrics": {
            "freq": {
                "acc_freq": [
                    0.0,
                    0.0,
                    0.0,
                    0.0,
                    0.0,
                    0.0,
                    0.0,
                    0.003,
                    0.022,
                    0.099,
                    0.098,
                    0.116,
                    0.131,
                    0.145,
                    0.151,
                    0.165,
                    0.164,
                    0.183,
                    0.197,
                    0.198,
                    0.206
                ],
                "hamming_freq": [
                    0.5015000000000001,
                    0.47950000000000004,
                    0.47950000000000004,
                    0.47950000000000004,
                    0.47950000000000004,
                    0.47950000000000004,
                    0.48014999999999997,
                    0.48519999999999996,
                    0.7441,
                    0.7989999999999999,
                    0.8315,
                    0.8475,
                    0.86115,
                    0.87425,
                    0.88315,
                    0.88975,
                    0.8926000000000001,
                    0.9009,
                    0.9047000000000001,
                    0.90615,
                    0.9076
                ],
                "loss": [
                    1.0422804355621338,
                    0.6926097869873047,
                    0.6923589706420898,
                    0.6923258900642395,
                    0.6923466920852661,
                    0.6923683881759644,
                    0.6277675628662109,
                    0.5523606538772583,
                    0.516444981098175,
                    0.46400314569473267,
                    0.3773610591888428,
                    0.31733518838882446,
                    0.2896183729171753,
                    0.26566505432128906,
                    0.24479307234287262,
                    0.22991159558296204,
                    0.22032085061073303,
                    0.200309157371521,
                    0.19268889725208282,
                    0.1899704784154892,
                    0.18642328679561615
                ]
            }
        }
    }
}
