{
    "earlystopping": {
        "confusion_matrices": {
            "abs": [
                "[[875, 47, 108, 0, 78], [75, 121, 161, 0, 71], [63, 28, 3678, 156, 172], [91, 0, 130, 687, 0], [52, 15, 128, 0, 1058]]"
            ]
        },
        "markov_matrices": {
            "abs": {
                "actual": [
                    "[[862, 210, 21, 0, 14], [64, 148, 206, 0, 10], [130, 65, 3781, 89, 32], [11, 1, 77, 819, 0], [40, 4, 12, 0, 1197]]"
                ],
                "predicted": [
                    "[[911, 100, 101, 0, 43], [30, 81, 86, 0, 14], [148, 21, 3897, 64, 75], [8, 0, 56, 779, 0], [58, 9, 65, 0, 1247]]"
                ]
            }
        },
        "metrics": {
            "downstream": {
                "cohen_kappa": [
                    0.7297439677305206
                ],
                "f1_scores": {
                    "N1": [
                        0.37871674491392804
                    ],
                    "N2": [
                        0.8860515538424477
                    ],
                    "N3": [
                        0.7846944603083953
                    ],
                    "REM": [
                        0.8039513677811551
                    ],
                    "Wake": [
                        0.7729681978798586
                    ],
                    "macro": [
                        0.7252764649451569
                    ]
                },
                "loss": [
                    0.6042985916137695
                ],
                "precisions": {
                    "N1": [
                        0.5734597156398105
                    ],
                    "N2": [
                        0.8746730083234245
                    ],
                    "N3": [
                        0.8149466192170819
                    ],
                    "REM": [
                        0.7672226250906454
                    ],
                    "Wake": [
                        0.7569204152249135
                    ],
                    "macro": [
                        0.7574444766991751
                    ]
                },
                "recalls": {
                    "N1": [
                        0.2827102803738318
                    ],
                    "N2": [
                        0.8977300463753967
                    ],
                    "N3": [
                        0.7566079295154186
                    ],
                    "REM": [
                        0.8443735035913806
                    ],
                    "Wake": [
                        0.7897111913357401
                    ],
                    "macro": [
                        0.7142265902383536
                    ]
                }
            }
        }
    },
    "test": {
        "confusion_matrices": {
            "abs": [
                "[[2000, 45, 223, 4, 99], [260, 171, 214, 2, 107], [298, 79, 5576, 164, 367], [4, 0, 248, 1158, 31], [66, 20, 238, 0, 1800]]"
            ]
        },
        "markov_matrices": {
            "abs": {
                "actual": [
                    "[[1925, 362, 71, 0, 13], [125, 270, 344, 1, 14], [256, 108, 5893, 174, 52], [18, 2, 155, 1266, 0], [46, 12, 21, 0, 2045]]"
                ],
                "predicted": [
                    "[[2281, 159, 119, 5, 64], [45, 107, 149, 0, 14], [200, 37, 6063, 76, 122], [16, 2, 70, 1231, 9], [85, 10, 98, 16, 2195]]"
                ]
            }
        },
        "metrics": {
            "downstream": {
                "cohen_kappa": [
                    0.7241790349478477
                ],
                "f1_scores": {
                    "N1": [
                        0.3199251637043966
                    ],
                    "N2": [
                        0.8589694215512593
                    ],
                    "N3": [
                        0.8364030335861321
                    ],
                    "REM": [
                        0.7950530035335689
                    ],
                    "Wake": [
                        0.8001600320064012
                    ],
                    "macro": [
                        0.7221021308763516
                    ]
                },
                "loss": [
                    0.6150706364558294
                ],
                "precisions": {
                    "N1": [
                        0.5428571428571428
                    ],
                    "N2": [
                        0.85797815048469
                    ],
                    "N3": [
                        0.8719879518072289
                    ],
                    "REM": [
                        0.7487520798668885
                    ],
                    "Wake": [
                        0.76103500761035
                    ],
                    "macro": [
                        0.75652206652526
                    ]
                },
                "recalls": {
                    "N1": [
                        0.22679045092838196
                    ],
                    "N2": [
                        0.8599629858112277
                    ],
                    "N3": [
                        0.8036086051353227
                    ],
                    "REM": [
                        0.847457627118644
                    ],
                    "Wake": [
                        0.8435259384226065
                    ],
                    "macro": [
                        0.7162691214832366
                    ]
                }
            }
        }
    },
    "train": {},
    "valid_pretraining": {}
}
