{
    "earlystopping": {
        "confusion_matrices": {
            "abs": [
                "[[527, 37, 367, 28, 149], [48, 31, 276, 8, 65], [60, 22, 3348, 393, 274], [0, 0, 155, 737, 16], [96, 27, 506, 0, 624]]"
            ]
        },
        "markov_matrices": {
            "abs": {
                "actual": [
                    "[[862, 210, 21, 0, 14], [64, 148, 206, 0, 10], [130, 65, 3781, 89, 32], [11, 1, 77, 819, 0], [40, 4, 12, 0, 1197]]"
                ],
                "predicted": [
                    "[[518, 46, 108, 3, 56], [16, 35, 47, 0, 19], [112, 18, 4237, 74, 211], [6, 0, 65, 1072, 22], [78, 18, 195, 17, 820]]"
                ]
            }
        },
        "metrics": {
            "downstream": {
                "cohen_kappa": [
                    0.48649695622918654
                ],
                "f1_scores": {
                    "N1": [
                        0.11376146788990826
                    ],
                    "N2": [
                        0.7653446108126642
                    ],
                    "N3": [
                        0.7107039537126326
                    ],
                    "REM": [
                        0.5241495170096598
                    ],
                    "Wake": [
                        0.5731375747688962
                    ],
                    "macro": [
                        0.5374194248387523
                    ]
                },
                "loss": [
                    1.136885404586792
                ],
                "precisions": {
                    "N1": [
                        0.26495726495726496
                    ],
                    "N2": [
                        0.7196904557179707
                    ],
                    "N3": [
                        0.6320754716981132
                    ],
                    "REM": [
                        0.5531914893617021
                    ],
                    "Wake": [
                        0.7209302325581395
                    ],
                    "macro": [
                        0.5781689828586382
                    ]
                },
                "recalls": {
                    "N1": [
                        0.07242990654205607
                    ],
                    "N2": [
                        0.8171833048572126
                    ],
                    "N3": [
                        0.8116740088105727
                    ],
                    "REM": [
                        0.4980047885075818
                    ],
                    "Wake": [
                        0.4756317689530686
                    ],
                    "macro": [
                        0.5349847555340983
                    ]
                }
            }
        }
    },
    "test": {
        "confusion_matrices": {
            "abs": [
                "[[1484, 50, 383, 43, 411], [233, 44, 292, 4, 181], [399, 56, 5057, 323, 649], [3, 0, 201, 1197, 40], [309, 51, 764, 3, 997]]"
            ]
        },
        "markov_matrices": {
            "abs": {
                "actual": [
                    "[[1925, 362, 71, 0, 13], [125, 270, 344, 1, 14], [256, 108, 5893, 174, 52], [18, 2, 155, 1266, 0], [46, 12, 21, 0, 2045]]"
                ],
                "predicted": [
                    "[[1951, 85, 222, 2, 167], [48, 58, 65, 0, 30], [223, 29, 5993, 122, 330], [8, 0, 112, 1428, 22], [198, 28, 305, 18, 1729]]"
                ]
            }
        },
        "metrics": {
            "downstream": {
                "cohen_kappa": [
                    0.505644912527942
                ],
                "f1_scores": {
                    "N1": [
                        0.09214659685863874
                    ],
                    "N2": [
                        0.767316592064335
                    ],
                    "N3": [
                        0.7950846894719362
                    ],
                    "REM": [
                        0.4529759200363471
                    ],
                    "Wake": [
                        0.6184621796207543
                    ],
                    "macro": [
                        0.5451971956104023
                    ]
                },
                "loss": [
                    1.144554431621845
                ],
                "precisions": {
                    "N1": [
                        0.21890547263681592
                    ],
                    "N2": [
                        0.7551142302523518
                    ],
                    "N3": [
                        0.7624203821656051
                    ],
                    "REM": [
                        0.4376646180860404
                    ],
                    "Wake": [
                        0.6112026359143328
                    ],
                    "macro": [
                        0.5570614678110293
                    ]
                },
                "recalls": {
                    "N1": [
                        0.058355437665782495
                    ],
                    "N2": [
                        0.7799198025909932
                    ],
                    "N3": [
                        0.8306731436502429
                    ],
                    "REM": [
                        0.4693973634651601
                    ],
                    "Wake": [
                        0.625896246309574
                    ],
                    "macro": [
                        0.5528483987363505
                    ]
                }
            }
        }
    },
    "train": {},
    "valid_pretraining": {}
}
