{
    "earlystopping": {
        "confusion_matrices": {
            "abs": [
                "[[1318, 72, 77, 1, 18], [41, 221, 170, 0, 29], [19, 59, 3419, 231, 100], [1, 0, 175, 850, 0], [6, 38, 26, 0, 1137]]"
            ]
        },
        "markov_matrices": {
            "abs": {
                "actual": [
                    "[[1212, 234, 24, 0, 15], [70, 143, 236, 0, 12], [144, 80, 3479, 94, 31], [13, 1, 80, 932, 0], [46, 3, 9, 0, 1149]]"
                ],
                "predicted": [
                    "[[1185, 174, 18, 0, 7], [51, 184, 133, 0, 22], [101, 21, 3654, 58, 33], [12, 0, 46, 1024, 0], [35, 11, 16, 0, 1222]]"
                ]
            }
        },
        "metrics": {
            "downstream": {
                "cohen_kappa": [
                    0.8083950415428616
                ],
                "f1_scores": {
                    "N1": [
                        0.5193889541715629
                    ],
                    "N2": [
                        0.8886289798570499
                    ],
                    "N3": [
                        0.8064516129032259
                    ],
                    "REM": [
                        0.9128863910076275
                    ],
                    "Wake": [
                        0.9181469871125043
                    ],
                    "macro": [
                        0.8091005850103941
                    ]
                },
                "loss": [
                    0.4709796905517578
                ],
                "precisions": {
                    "N1": [
                        0.5666666666666667
                    ],
                    "N2": [
                        0.8841479182829066
                    ],
                    "N3": [
                        0.7855822550831792
                    ],
                    "REM": [
                        0.8855140186915887
                    ],
                    "Wake": [
                        0.9516245487364621
                    ],
                    "macro": [
                        0.8147070814921606
                    ]
                },
                "recalls": {
                    "N1": [
                        0.4793926247288503
                    ],
                    "N2": [
                        0.8931556948798328
                    ],
                    "N3": [
                        0.8284600389863548
                    ],
                    "REM": [
                        0.9420049710024855
                    ],
                    "Wake": [
                        0.8869448183041723
                    ],
                    "macro": [
                        0.8059916295803392
                    ]
                }
            }
        }
    },
    "test": {
        "confusion_matrices": {
            "abs": [
                "[[1850, 90, 74, 3, 196], [93, 402, 207, 0, 132], [43, 133, 5723, 269, 430], [4, 0, 249, 1262, 0], [2, 27, 49, 0, 2571]]"
            ]
        },
        "markov_matrices": {
            "abs": {
                "actual": [
                    "[[1846, 336, 22, 0, 8], [106, 332, 383, 0, 13], [188, 148, 6049, 144, 69], [24, 1, 119, 1371, 0], [48, 17, 25, 0, 2559]]"
                ],
                "predicted": [
                    "[[1645, 260, 53, 0, 33], [69, 325, 215, 0, 43], [178, 41, 5907, 84, 92], [24, 1, 58, 1450, 1], [75, 25, 69, 0, 3160]]"
                ]
            }
        },
        "metrics": {
            "downstream": {
                "cohen_kappa": [
                    0.7922627956950767
                ],
                "f1_scores": {
                    "N1": [
                        0.541049798115747
                    ],
                    "N2": [
                        0.8872868217054264
                    ],
                    "N3": [
                        0.8278123975073794
                    ],
                    "REM": [
                        0.8601538976246237
                    ],
                    "Wake": [
                        0.8799048751486327
                    ],
                    "macro": [
                        0.799241558020362
                    ]
                },
                "loss": [
                    0.41234256603099684
                ],
                "precisions": {
                    "N1": [
                        0.6165644171779141
                    ],
                    "N2": [
                        0.9081244049508093
                    ],
                    "N3": [
                        0.8226857887874837
                    ],
                    "REM": [
                        0.7723039951937519
                    ],
                    "Wake": [
                        0.928714859437751
                    ],
                    "macro": [
                        0.8096786931095419
                    ]
                },
                "recalls": {
                    "N1": [
                        0.48201438848920863
                    ],
                    "N2": [
                        0.8673840557744771
                    ],
                    "N3": [
                        0.833003300330033
                    ],
                    "REM": [
                        0.970554926387316
                    ],
                    "Wake": [
                        0.8359692724807953
                    ],
                    "macro": [
                        0.797785188692366
                    ]
                }
            }
        }
    },
    "train": {},
    "valid_pretraining": {}
}
