{
    "earlystopping": {
        "confusion_matrices": {
            "abs": [
                "[[1126, 127, 100, 4, 15], [31, 233, 133, 0, 15], [26, 76, 3542, 217, 84], [0, 0, 93, 812, 0], [14, 48, 34, 0, 1213]]"
            ]
        },
        "markov_matrices": {
            "abs": {
                "actual": [
                    "[[1122, 217, 18, 0, 15], [56, 131, 215, 0, 10], [138, 60, 3629, 84, 34], [13, 1, 70, 821, 0], [42, 3, 13, 0, 1250]]"
                ],
                "predicted": [
                    "[[986, 181, 17, 1, 12], [59, 242, 162, 0, 21], [101, 45, 3661, 59, 35], [17, 1, 42, 973, 0], [33, 15, 20, 0, 1259]]"
                ]
            }
        },
        "metrics": {
            "downstream": {
                "cohen_kappa": [
                    0.8129403818182918
                ],
                "f1_scores": {
                    "N1": [
                        0.5200892857142857
                    ],
                    "N2": [
                        0.9027653880463872
                    ],
                    "N3": [
                        0.8379772961816305
                    ],
                    "REM": [
                        0.9203338391502276
                    ],
                    "Wake": [
                        0.8766056831451927
                    ],
                    "macro": [
                        0.8115542984475448
                    ]
                },
                "loss": [
                    0.3716180622577667
                ],
                "precisions": {
                    "N1": [
                        0.48140495867768596
                    ],
                    "N2": [
                        0.9077396207073296
                    ],
                    "N3": [
                        0.7860600193610843
                    ],
                    "REM": [
                        0.9140919366993218
                    ],
                    "Wake": [
                        0.9406850459482038
                    ],
                    "macro": [
                        0.805996316278725
                    ]
                },
                "recalls": {
                    "N1": [
                        0.5655339805825242
                    ],
                    "N2": [
                        0.8978453738910013
                    ],
                    "N3": [
                        0.8972375690607735
                    ],
                    "REM": [
                        0.9266615737203973
                    ],
                    "Wake": [
                        0.8206997084548106
                    ],
                    "macro": [
                        0.8215956411419014
                    ]
                }
            }
        }
    },
    "test": {
        "confusion_matrices": {
            "abs": [
                "[[2078, 256, 340, 15, 67], [61, 381, 279, 6, 54], [81, 141, 6239, 408, 236], [1, 0, 201, 1312, 0], [25, 78, 190, 1, 1924]]"
            ]
        },
        "markov_matrices": {
            "abs": {
                "actual": [
                    "[[2267, 413, 59, 2, 15], [177, 247, 342, 0, 14], [239, 108, 6570, 128, 60], [22, 0, 108, 1384, 0], [50, 13, 26, 0, 2129]]"
                ],
                "predicted": [
                    "[[1795, 341, 76, 5, 29], [133, 404, 285, 0, 34], [240, 91, 6731, 90, 96], [18, 0, 78, 1642, 4], [59, 20, 79, 5, 2118]]"
                ]
            }
        },
        "metrics": {
            "downstream": {
                "cohen_kappa": [
                    0.7504666100989841
                ],
                "f1_scores": {
                    "N1": [
                        0.4654856444715944
                    ],
                    "N2": [
                        0.8693047234220427
                    ],
                    "N3": [
                        0.8058968058968059
                    ],
                    "REM": [
                        0.8553011780395644
                    ],
                    "Wake": [
                        0.8308676529388245
                    ],
                    "macro": [
                        0.7653712009537663
                    ]
                },
                "loss": [
                    0.5165657832704741
                ],
                "precisions": {
                    "N1": [
                        0.44509345794392524
                    ],
                    "N2": [
                        0.8606704373016968
                    ],
                    "N3": [
                        0.7531572904707233
                    ],
                    "REM": [
                        0.843489697501096
                    ],
                    "Wake": [
                        0.92520035618878
                    ],
                    "macro": [
                        0.7655222478812442
                    ]
                },
                "recalls": {
                    "N1": [
                        0.4878361075544174
                    ],
                    "N2": [
                        0.8781140042223786
                    ],
                    "N3": [
                        0.8665785997357992
                    ],
                    "REM": [
                        0.8674481514878268
                    ],
                    "Wake": [
                        0.7539912917271407
                    ],
                    "macro": [
                        0.7707936309455126
                    ]
                }
            }
        }
    },
    "train": {},
    "valid_pretraining": {}
}
