{
    "earlystopping": {
        "confusion_matrices": {
            "abs": [
                "[[1226, 51, 102, 9, 100], [191, 66, 87, 1, 126], [472, 27, 2512, 176, 653], [109, 0, 402, 404, 4], [167, 10, 49, 23, 917]]"
            ]
        },
        "markov_matrices": {
            "abs": {
                "actual": [
                    "[[1224, 231, 17, 0, 15], [74, 164, 222, 0, 11], [132, 73, 3531, 73, 31], [11, 0, 62, 846, 0], [46, 3, 8, 0, 1109]]"
                ],
                "predicted": [
                    "[[1912, 73, 101, 0, 79], [25, 47, 58, 1, 23], [130, 18, 2768, 89, 146], [7, 2, 83, 497, 24], [90, 14, 142, 26, 1528]]"
                ]
            }
        },
        "metrics": {
            "downstream": {
                "cohen_kappa": [
                    0.5067312431579287
                ],
                "f1_scores": {
                    "N1": [
                        0.2112
                    ],
                    "N2": [
                        0.7185354691075515
                    ],
                    "N3": [
                        0.5274151436031332
                    ],
                    "REM": [
                        0.6183412002697235
                    ],
                    "Wake": [
                        0.671229126745141
                    ],
                    "macro": [
                        0.5493441879451099
                    ]
                },
                "loss": [
                    2.395254135131836
                ],
                "precisions": {
                    "N1": [
                        0.42857142857142855
                    ],
                    "N2": [
                        0.7969543147208121
                    ],
                    "N3": [
                        0.6590538336052202
                    ],
                    "REM": [
                        0.5094444444444445
                    ],
                    "Wake": [
                        0.5662817551963049
                    ],
                    "macro": [
                        0.592061155307642
                    ]
                },
                "recalls": {
                    "N1": [
                        0.14012738853503184
                    ],
                    "N2": [
                        0.6541666666666667
                    ],
                    "N3": [
                        0.4396082698585419
                    ],
                    "REM": [
                        0.7864493996569468
                    ],
                    "Wake": [
                        0.8239247311827957
                    ],
                    "macro": [
                        0.5688552911799966
                    ]
                }
            }
        }
    },
    "test": {
        "confusion_matrices": {
            "abs": [
                "[[1937, 56, 333, 43, 147], [221, 119, 164, 3, 199], [1020, 79, 4030, 261, 1141], [29, 2, 863, 575, 58], [326, 24, 321, 63, 1437]]"
            ]
        },
        "markov_matrices": {
            "abs": {
                "actual": [
                    "[[2107, 335, 57, 1, 15], [101, 257, 328, 0, 20], [233, 100, 5972, 176, 50], [18, 3, 155, 1350, 1], [56, 11, 19, 0, 2085]]"
                ],
                "predicted": [
                    "[[2954, 152, 252, 5, 169], [67, 69, 106, 2, 36], [309, 37, 4988, 175, 202], [17, 2, 165, 733, 28], [185, 20, 200, 30, 2547]]"
                ]
            }
        },
        "metrics": {
            "downstream": {
                "cohen_kappa": [
                    0.43137655676941167
                ],
                "f1_scores": {
                    "N1": [
                        0.2413793103448276
                    ],
                    "N2": [
                        0.6583891520993302
                    ],
                    "N3": [
                        0.46521035598705507
                    ],
                    "REM": [
                        0.5577333592082282
                    ],
                    "Wake": [
                        0.6404364357745083
                    ],
                    "macro": [
                        0.51262972268279
                    ]
                },
                "loss": [
                    2.6628604465060763
                ],
                "precisions": {
                    "N1": [
                        0.425
                    ],
                    "N2": [
                        0.705655752057433
                    ],
                    "N3": [
                        0.6084656084656085
                    ],
                    "REM": [
                        0.4818913480885312
                    ],
                    "Wake": [
                        0.5482592697424286
                    ],
                    "macro": [
                        0.5538543956708002
                    ]
                },
                "recalls": {
                    "N1": [
                        0.16855524079320114
                    ],
                    "N2": [
                        0.6170571122339611
                    ],
                    "N3": [
                        0.3765553372626064
                    ],
                    "REM": [
                        0.661906955320129
                    ],
                    "Wake": [
                        0.769872813990461
                    ],
                    "macro": [
                        0.5187894919200717
                    ]
                }
            }
        }
    },
    "train": {},
    "valid_pretraining": {}
}
