{"earlystopping":{"confusion_matrices":{"abs":["[[1068, 152, 34, 87, 219], [109, 187, 256, 232, 47], [34, 85, 1021, 1267, 24], [0, 0, 14, 1403, 0], [10, 65, 80, 181, 859]]"]},"markov_matrices":{"abs":{"actual":["[[1273, 229, 40, 1, 17], [112, 387, 291, 0, 41], [103, 174, 2054, 62, 37], [22, 5, 35, 1354, 1], [49, 36, 11, 0, 1099]]"],"predicted":["[[1047, 82, 32, 32, 28], [52, 269, 121, 17, 30], [30, 75, 1110, 154, 35], [43, 29, 121, 2928, 49], [49, 34, 21, 39, 1006]]"]}},"metrics":{"downstream":{"cohen_kappa":[0.5070411089646156],"f1_scores":{"N1":[0.2833333333333333],"N2":[0.5323253388946819],"N3":[0.6117287987791585],"REM":[0.7329351535836177],"Wake":[0.7680690399137001],"macro":[0.5856783329008983]},"loss":[1.929488754272461],"precisions":{"N1":[0.3824130879345603],"N2":[0.7266903914590748],"N3":[0.4425867507886435],"REM":[0.7476066144473456],"Wake":[0.8746928746928747],"macro":[0.6347979438644998]},"recalls":{"N1":[0.2250300842358604],"N2":[0.4199917729329494],"N3":[0.9901199717713479],"REM":[0.7188284518828452],"Wake":[0.6846153846153846],"macro":[0.6077171330876775]}}}},"test":{"confusion_matrices":{"abs":["[[2615, 920, 205, 297, 819], [305, 726, 835, 619, 245], [137, 192, 3382, 3138, 254], [0, 0, 188, 3854, 88], [59, 194, 316, 597, 1809]]"]},"markov_matrices":{"abs":{"actual":["[[4051, 689, 82, 1, 32], [350, 1373, 861, 3, 143], [263, 497, 5960, 282, 101], [67, 39, 179, 3844, 1], [124, 132, 21, 0, 2698]]"],"predicted":["[[2437, 401, 90, 69, 118], [291, 1249, 319, 68, 105], [109, 179, 4164, 337, 137], [111, 69, 260, 7875, 190], [168, 134, 93, 156, 2664]]"]}},"metrics":{"downstream":{"cohen_kappa":[0.4526776934224892],"f1_scores":{"N1":[0.3049139017219656],"N2":[0.5623077562557154],"N3":[0.6100514444004749],"REM":[0.5844911147011309],"Wake":[0.6560461615654791],"macro":[0.5435620757289532]},"loss":[2.2258781610533247],"precisions":{"N1":[0.3572834645669291],"N2":[0.6865611043442956],"N3":[0.45314520870076425],"REM":[0.5626749611197511],"Wake":[0.8392169448010269],"macro":[0.5797763367065534]},"recalls":{"N1":[0.26593406593406593],"N2":[0.4761368435872167],"N3":[0.9331719128329298],"REM":[0.6080672268907563],"Wake":[0.538509060955519],"macro":[0.5643638220400975]}}}},"train":{},"valid_pretraining":{}}