{
    "earlystopping": {
        "confusion_matrices": {
            "abs": [
                "[[1280, 130, 58, 3, 17], [33, 313, 88, 0, 37], [22, 106, 3330, 94, 288], [1, 0, 149, 727, 42], [15, 65, 27, 0, 1059]]"
            ]
        },
        "markov_matrices": {
            "abs": {
                "actual": [
                    "[[1224, 231, 17, 0, 15], [74, 164, 222, 0, 11], [132, 73, 3531, 73, 31], [11, 0, 62, 846, 0], [46, 3, 8, 0, 1109]]"
                ],
                "predicted": [
                    "[[1120, 213, 8, 0, 9], [78, 334, 170, 0, 32], [99, 48, 3399, 42, 64], [10, 1, 31, 782, 0], [43, 18, 44, 0, 1338]]"
                ]
            }
        },
        "metrics": {
            "downstream": {
                "cohen_kappa": [
                    0.786523637788199
                ],
                "f1_scores": {
                    "N1": [
                        0.5769585253456221
                    ],
                    "N2": [
                        0.8889482114255206
                    ],
                    "N3": [
                        0.8341939185312679
                    ],
                    "REM": [
                        0.8118052893829053
                    ],
                    "Wake": [
                        0.9017259598450158
                    ],
                    "macro": [
                        0.8027263809060663
                    ]
                },
                "loss": [
                    0.47652071714401245
                ],
                "precisions": {
                    "N1": [
                        0.509771986970684
                    ],
                    "N2": [
                        0.911829134720701
                    ],
                    "N3": [
                        0.8822815533980582
                    ],
                    "REM": [
                        0.7338877338877339
                    ],
                    "Wake": [
                        0.9474463360473723
                    ],
                    "macro": [
                        0.7970433490049099
                    ]
                },
                "recalls": {
                    "N1": [
                        0.6645435244161358
                    ],
                    "N2": [
                        0.8671875
                    ],
                    "N3": [
                        0.7910772578890098
                    ],
                    "REM": [
                        0.9082332761578045
                    ],
                    "Wake": [
                        0.8602150537634409
                    ],
                    "macro": [
                        0.8182513224452782
                    ]
                }
            }
        }
    },
    "test": {
        "confusion_matrices": {
            "abs": [
                "[[2182, 140, 121, 23, 50], [70, 481, 128, 3, 24], [80, 223, 5357, 629, 242], [0, 0, 213, 1313, 1], [34, 43, 93, 3, 1998]]"
            ]
        },
        "markov_matrices": {
            "abs": {
                "actual": [
                    "[[2107, 335, 57, 1, 15], [101, 257, 328, 0, 20], [233, 100, 5972, 176, 50], [18, 3, 155, 1350, 1], [56, 11, 19, 0, 2085]]"
                ],
                "predicted": [
                    "[[1975, 340, 31, 1, 18], [114, 448, 295, 0, 30], [196, 83, 5456, 108, 69], [19, 2, 87, 1862, 1], [61, 14, 43, 0, 2197]]"
                ]
            }
        },
        "metrics": {
            "downstream": {
                "cohen_kappa": [
                    0.7767005060763071
                ],
                "f1_scores": {
                    "N1": [
                        0.6038920276208412
                    ],
                    "N2": [
                        0.8610463714538295
                    ],
                    "N3": [
                        0.7507146941109205
                    ],
                    "REM": [
                        0.8907712884529648
                    ],
                    "Wake": [
                        0.8938959442851291
                    ],
                    "macro": [
                        0.8000640651847369
                    ]
                },
                "loss": [
                    0.4259318952207212
                ],
                "precisions": {
                    "N1": [
                        0.5422773393461104
                    ],
                    "N2": [
                        0.9061231393775372
                    ],
                    "N3": [
                        0.6661593099949265
                    ],
                    "REM": [
                        0.8630669546436285
                    ],
                    "Wake": [
                        0.9222316145393068
                    ],
                    "macro": [
                        0.7799716715803019
                    ]
                },
                "recalls": {
                    "N1": [
                        0.6813031161473088
                    ],
                    "N2": [
                        0.8202419231358138
                    ],
                    "N3": [
                        0.8598559266535691
                    ],
                    "REM": [
                        0.9203132197144174
                    ],
                    "Wake": [
                        0.8672496025437202
                    ],
                    "macro": [
                        0.8297927576389658
                    ]
                }
            }
        }
    },
    "train": {},
    "valid_pretraining": {}
}
