{
    "earlystopping": {
        "confusion_matrices": {
            "abs": [
                "[[672, 6, 437, 45, 212], [32, 4, 245, 14, 117], [19, 0, 3458, 274, 194], [0, 0, 386, 516, 3], [9, 0, 183, 0, 1117]]"
            ]
        },
        "markov_matrices": {
            "abs": {
                "actual": [
                    "[[1122, 217, 18, 0, 15], [56, 131, 215, 0, 10], [138, 60, 3629, 84, 34], [13, 1, 70, 821, 0], [42, 3, 13, 0, 1250]]"
                ],
                "predicted": [
                    "[[605, 6, 76, 4, 41], [2, 3, 3, 1, 1], [90, 1, 4325, 116, 176], [7, 0, 112, 725, 5], [27, 0, 193, 3, 1420]]"
                ]
            }
        },
        "metrics": {
            "downstream": {
                "cohen_kappa": [
                    0.574147922225331
                ],
                "f1_scores": {
                    "N1": [
                        0.01895734597156398
                    ],
                    "N2": [
                        0.7991680147908482
                    ],
                    "N3": [
                        0.5883694412770809
                    ],
                    "REM": [
                        0.7567750677506775
                    ],
                    "Wake": [
                        0.6387832699619772
                    ],
                    "macro": [
                        0.5604106279504295
                    ]
                },
                "loss": [
                    1.0006515979766846
                ],
                "precisions": {
                    "N1": [
                        0.4
                    ],
                    "N2": [
                        0.7343385007432576
                    ],
                    "N3": [
                        0.607773851590106
                    ],
                    "REM": [
                        0.6798539257455873
                    ],
                    "Wake": [
                        0.9180327868852459
                    ],
                    "macro": [
                        0.6679998129928394
                    ]
                },
                "recalls": {
                    "N1": [
                        0.009708737864077669
                    ],
                    "N2": [
                        0.876552598225602
                    ],
                    "N3": [
                        0.5701657458563536
                    ],
                    "REM": [
                        0.8533231474407945
                    ],
                    "Wake": [
                        0.4897959183673469
                    ],
                    "macro": [
                        0.5599092295508349
                    ]
                }
            }
        }
    },
    "test": {
        "confusion_matrices": {
            "abs": [
                "[[1462, 59, 769, 66, 400], [64, 24, 388, 45, 260], [41, 7, 5848, 678, 531], [0, 0, 365, 1148, 1], [27, 1, 281, 35, 1874]]"
            ]
        },
        "markov_matrices": {
            "abs": {
                "actual": [
                    "[[2267, 413, 59, 2, 15], [177, 247, 342, 0, 14], [239, 108, 6570, 128, 60], [22, 0, 108, 1384, 0], [50, 13, 26, 0, 2129]]"
                ],
                "predicted": [
                    "[[1289, 26, 176, 9, 94], [12, 41, 24, 6, 8], [188, 20, 6901, 184, 357], [16, 1, 180, 1735, 40], [89, 3, 369, 38, 2567]]"
                ]
            }
        },
        "metrics": {
            "downstream": {
                "cohen_kappa": [
                    0.5814916646854065
                ],
                "f1_scores": {
                    "N1": [
                        0.05504587155963302
                    ],
                    "N2": [
                        0.7926267281105991
                    ],
                    "N3": [
                        0.6586345381526105
                    ],
                    "REM": [
                        0.7093111279333838
                    ],
                    "Wake": [
                        0.672183908045977
                    ],
                    "macro": [
                        0.5775604347604407
                    ]
                },
                "loss": [
                    1.0093498887686894
                ],
                "precisions": {
                    "N1": [
                        0.26373626373626374
                    ],
                    "N2": [
                        0.7643445301267808
                    ],
                    "N3": [
                        0.5821501014198783
                    ],
                    "REM": [
                        0.6112198303979126
                    ],
                    "Wake": [
                        0.917189460476788
                    ],
                    "macro": [
                        0.6277280372315246
                    ]
                },
                "recalls": {
                    "N1": [
                        0.030729833546734954
                    ],
                    "N2": [
                        0.823082336382829
                    ],
                    "N3": [
                        0.7582562747688243
                    ],
                    "REM": [
                        0.8449053201082056
                    ],
                    "Wake": [
                        0.530478955007257
                    ],
                    "macro": [
                        0.5974905439627702
                    ]
                }
            }
        }
    },
    "train": {},
    "valid_pretraining": {}
}
