{"earlystopping":{"confusion_matrices":{"abs":["[[6654, 373, 34, 3, 52], [194, 734, 643, 27, 214], [57, 362, 5708, 547, 181], [5, 13, 481, 922, 9], [18, 473, 457, 12, 1795]]"]},"markov_matrices":{"abs":{"actual":["[[6823, 271, 17, 0, 4], [151, 1184, 365, 3, 109], [78, 212, 6189, 261, 115], [11, 15, 238, 1166, 0], [52, 130, 46, 0, 2527]]"],"predicted":["[[6628, 229, 55, 0, 15], [151, 1271, 383, 12, 138], [94, 283, 6620, 140, 186], [11, 19, 116, 1357, 8], [43, 153, 149, 2, 1904]]"]}},"metrics":{"downstream":{"cohen_kappa":[0.7112357048221174],"f1_scores":{"N1":[0.38970002654632335],"N2":[0.8051911412046833],"N3":[0.6269976198571914],"REM":[0.7171394326807831],"Wake":[0.9475932782682996],"macro":[0.6973242997114563]},"loss":[1.2523534725873897],"precisions":{"N1":[0.37544757033248083],"N2":[0.7794619691383313],"N3":[0.6101919258769027],"REM":[0.7974233673922702],"Wake":[0.9604503464203233],"macro":[0.7045950358320616]},"recalls":{"N1":[0.40507726269315675],"N2":[0.8326768781911014],"N3":[0.6447552447552447],"REM":[0.6515426497277677],"Wake":[0.9350758853288365],"macro":[0.6938255841392215]}}}},"test":{"confusion_matrices":{"abs":["[[12992, 1590, 364, 7, 469], [613, 1750, 1402, 4, 245], [238, 951, 9847, 520, 157], [2, 26, 1089, 1136, 0], [62, 1059, 570, 0, 2252]]"]},"markov_matrices":{"abs":{"actual":["[[14659, 720, 37, 1, 4], [431, 2829, 660, 3, 91], [229, 338, 10472, 535, 139], [24, 14, 498, 1714, 3], [78, 113, 46, 0, 3706]]"],"predicted":["[[12930, 740, 143, 1, 93], [570, 3691, 834, 7, 273], [271, 634, 11965, 206, 196], [4, 14, 195, 1450, 4], [131, 297, 135, 3, 2557]]"]}},"metrics":{"downstream":{"cohen_kappa":[0.6455697283340509],"f1_scores":{"N1":[0.37273695420660274],"N2":[0.7882329397638583],"N3":[0.5795918367346938],"REM":[0.6374186243985281],"Wake":[0.8859490606566879],"macro":[0.6527858831520741]},"loss":[1.4964148116438356],"precisions":{"N1":[0.3255208333333333],"N2":[0.7419379144062689],"N3":[0.6814637072585483],"REM":[0.7211015049631765],"Wake":[0.9342057956424822],"macro":[0.6808459511207618]},"recalls":{"N1":[0.43597409068261084],"N2":[0.8406898318108085],"N3":[0.5042166000887706],"REM":[0.5711387268577226],"Wake":[0.8424328880819608],"macro":[0.6388904275043746]}}}},"train":{},"valid_pretraining":{}}