{"earlystopping":{"confusion_matrices":{"abs":["[[6661, 294, 75, 12, 74], [205, 523, 804, 83, 197], [67, 103, 5409, 1174, 102], [2, 0, 114, 1309, 5], [29, 103, 721, 10, 1892]]"]},"markov_matrices":{"abs":{"actual":["[[6823, 271, 17, 0, 4], [151, 1184, 365, 3, 109], [78, 212, 6189, 261, 115], [11, 15, 238, 1166, 0], [52, 130, 46, 0, 2527]]"],"predicted":["[[6721, 147, 51, 9, 35], [61, 600, 306, 4, 52], [112, 187, 6414, 216, 194], [16, 5, 199, 2355, 13], [53, 84, 153, 4, 1976]]"]}},"metrics":{"downstream":{"cohen_kappa":[0.7111329273140619],"f1_scores":{"N1":[0.3689594356261023],"N2":[0.7739304621548148],"N3":[0.6515679442508711],"REM":[0.7530348258706467],"Wake":[0.9461647727272727],"macro":[0.6987314881259415]},"loss":[1.2819705865322015],"precisions":{"N1":[0.5112414467253177],"N2":[0.7593710515232346],"N3":[0.5057959814528593],"REM":[0.8334801762114538],"Wake":[0.9564905226881103],"macro":[0.7132758357201952]},"recalls":{"N1":[0.2886313465783664],"N2":[0.7890590809628009],"N3":[0.9153846153846154],"REM":[0.6867513611615245],"Wake":[0.9360595840359752],"macro":[0.7231771976246565]}}}},"test":{"confusion_matrices":{"abs":["[[12698, 1369, 1034, 36, 285], [435, 1164, 2043, 89, 283], [78, 396, 9641, 1395, 203], [1, 1, 765, 1485, 1], [65, 260, 940, 25, 2653]]"]},"markov_matrices":{"abs":{"actual":["[[14659, 720, 37, 1, 4], [431, 2829, 660, 3, 91], [229, 338, 10472, 535, 139], [24, 14, 498, 1714, 3], [78, 113, 46, 0, 3706]]"],"predicted":["[[12522, 421, 213, 10, 110], [223, 2075, 766, 13, 113], [372, 506, 12842, 388, 315], [17, 18, 378, 2585, 32], [142, 170, 224, 34, 2855]]"]}},"metrics":{"downstream":{"cohen_kappa":[0.6331351585013378],"f1_scores":{"N1":[0.3231538034425319],"N2":[0.737756351392715],"N3":[0.5621805792163543],"REM":[0.7201411509229099],"Wake":[0.8849088818425729],"macro":[0.6456281533634168]},"loss":[1.499188775885595],"precisions":{"N1":[0.36489028213166147],"N2":[0.6684462317132358],"N3":[0.4900990099009901],"REM":[0.7745985401459854],"Wake":[0.9563907509226481],"macro":[0.6508849629629042]},"recalls":{"N1":[0.28998505231689087],"N2":[0.823102535644156],"N3":[0.6591211717709721],"REM":[0.6728379406543241],"Wake":[0.8233692128128648],"macro":[0.6536831826398416]}}}},"train":{},"valid_pretraining":{}}