{"earlystopping":{"confusion_matrices":{"abs":["[[4531, 795, 9, 0, 57], [276, 805, 334, 9, 303], [233, 350, 5129, 195, 935], [45, 3, 718, 662, 130], [88, 204, 166, 0, 2224]]"]},"markov_matrices":{"abs":{"actual":["[[5051, 318, 17, 0, 5], [183, 1134, 318, 2, 90], [88, 164, 6222, 274, 94], [12, 10, 254, 1282, 0], [57, 101, 31, 0, 2493]]"],"predicted":["[[4700, 283, 119, 3, 67], [193, 1558, 232, 0, 174], [169, 153, 5521, 164, 349], [18, 0, 148, 686, 14], [92, 163, 336, 13, 3045]]"]}},"metrics":{"downstream":{"cohen_kappa":[0.6397457311867739],"f1_scores":{"N1":[0.4145211122554068],"N2":[0.777238975602364],"N3":[0.5462046204620462],"REM":[0.7025746327594377],"Wake":[0.8577378135352579],"macro":[0.6596554309229025]},"loss":[1.7618981467352972],"precisions":{"N1":[0.3732035234121465],"N2":[0.8069540591567024],"N3":[0.7644341801385681],"REM":[0.6094820498766785],"Wake":[0.8758940653392615],"macro":[0.6859935755846714]},"recalls":{"N1":[0.46612623045744067],"N2":[0.7496346097632272],"N3":[0.4249037227214377],"REM":[0.8292319164802386],"Wake":[0.8403189910979229],"macro":[0.6620430941040534]}}}},"test":{"confusion_matrices":{"abs":["[[7192, 1536, 59, 3, 175], [1036, 1470, 757, 37, 719], [392, 932, 7188, 259, 2315], [10, 21, 1097, 1000, 48], [279, 351, 271, 0, 3489]]"]},"markov_matrices":{"abs":{"actual":["[[8369, 557, 27, 1, 10], [330, 3076, 529, 0, 84], [166, 277, 10122, 394, 127], [26, 9, 359, 1780, 2], [73, 100, 49, 1, 4167]]"],"predicted":["[[8186, 450, 146, 8, 118], [344, 3182, 390, 0, 394], [206, 291, 8095, 250, 530], [17, 3, 233, 1018, 28], [155, 384, 508, 23, 5676]]"]}},"metrics":{"downstream":{"cohen_kappa":[0.5525620716105601],"f1_scores":{"N1":[0.3529835514467523],"N2":[0.7027079870955127],"N3":[0.5755395683453237],"REM":[0.6266163793103449],"Wake":[0.8047443213606356],"macro":[0.6125183615117138]},"loss":[2.563645935058594],"precisions":{"N1":[0.34106728538283065],"N2":[0.7669654289372599],"N3":[0.7698229407236336],"REM":[0.517195375037059],"Wake":[0.8072735436075879],"macro":[0.6404649147376743]},"recalls":{"N1":[0.3657626275192834],"N2":[0.6483853508930182],"N3":[0.45955882352941174],"REM":[0.794760820045558],"Wake":[0.8022308979364194],"macro":[0.6141397039847382]}}}},"train":{},"valid_pretraining":{}}