{"earlystopping":{"confusion_matrices":{"abs":["[[5047, 294, 13, 3, 35], [173, 1103, 316, 13, 122], [22, 596, 5708, 374, 142], [6, 5, 302, 1241, 4], [6, 80, 123, 0, 2473]]"]},"markov_matrices":{"abs":{"actual":["[[5051, 318, 17, 0, 5], [183, 1134, 318, 2, 90], [88, 164, 6222, 274, 94], [12, 10, 254, 1282, 0], [57, 101, 31, 0, 2493]]"],"predicted":["[[4941, 303, 6, 0, 3], [154, 1549, 323, 0, 52], [96, 149, 5956, 176, 85], [15, 9, 152, 1455, 0], [47, 68, 25, 0, 2636]]"]}},"metrics":{"downstream":{"cohen_kappa":[0.8048186303478824],"f1_scores":{"N1":[0.5797634691195795],"N2":[0.8580877931449188],"N3":[0.7783004076513014],"REM":[0.9061927445950898],"Wake":[0.9481495397332331],"macro":[0.8140987908488245]},"loss":[0.35816796620686847],"precisions":{"N1":[0.5307988450433109],"N2":[0.8833178582482204],"N3":[0.7608828939301042],"REM":[0.890850144092219],"Wake":[0.9606014465169395],"macro":[0.8052902375661588]},"recalls":{"N1":[0.6386797915460336],"N2":[0.8342589885998246],"N3":[0.7965340179717587],"REM":[0.9220730797912006],"Wake":[0.9360163204747775],"macro":[0.8255124396767191]}}}},"test":{"confusion_matrices":{"abs":["[[8313, 504, 54, 4, 90], [667, 2307, 742, 55, 248], [27, 1323, 8763, 698, 275], [0, 14, 419, 1736, 7], [32, 181, 196, 2, 3979]]"]},"markov_matrices":{"abs":{"actual":["[[8369, 557, 27, 1, 10], [330, 3076, 529, 0, 84], [166, 277, 10122, 394, 127], [26, 9, 359, 1780, 2], [73, 100, 49, 1, 4167]]"],"predicted":["[[8543, 469, 8, 0, 18], [264, 3435, 531, 1, 98], [124, 308, 9352, 261, 129], [17, 13, 229, 2233, 3], [90, 104, 54, 0, 4351]]"]}},"metrics":{"downstream":{"cohen_kappa":[0.7582209126245598],"f1_scores":{"N1":[0.5527072352659319],"N2":[0.8243650047036689],"N3":[0.7433097837722115],"REM":[0.8853042607631549],"Wake":[0.9234614530104421],"macro":[0.7858295475030819]},"loss":[0.47240219116210935],"precisions":{"N1":[0.532917532917533],"N2":[0.8613131511696481],"N3":[0.6957915831663327],"REM":[0.8651880843661666],"Wake":[0.919681380683704],"macro":[0.7749783464606768]},"recalls":{"N1":[0.5740233889027121],"N2":[0.7904564315352697],"N3":[0.7977941176470589],"REM":[0.906378132118451],"Wake":[0.9272727272727272],"macro":[0.7991849594952438]}}}},"train":{},"valid_pretraining":{}}