{
    "earlystopping": {
        "confusion_matrices": {
            "abs": [
                "[[307, 112, 587, 5, 361], [32, 28, 212, 4, 136], [211, 68, 1855, 218, 1593], [12, 9, 191, 194, 499], [120, 86, 364, 16, 723]]"
            ]
        },
        "markov_matrices": {
            "abs": {
                "actual": [
                    "[[1122, 217, 18, 0, 15], [56, 131, 215, 0, 10], [138, 60, 3629, 84, 34], [13, 1, 70, 821, 0], [42, 3, 13, 0, 1250]]"
                ],
                "predicted": [
                    "[[426, 64, 86, 28, 78], [42, 107, 92, 3, 58], [107, 61, 2581, 61, 399], [16, 6, 67, 323, 25], [91, 65, 382, 22, 2752]]"
                ]
            }
        },
        "metrics": {
            "downstream": {
                "cohen_kappa": [
                    0.13951432820438914
                ],
                "f1_scores": {
                    "N1": [
                        0.07832167832167833
                    ],
                    "N2": [
                        0.5185909980430529
                    ],
                    "N3": [
                        0.28912071535022354
                    ],
                    "REM": [
                        0.312919281540792
                    ],
                    "Wake": [
                        0.29892891918208375
                    ],
                    "macro": [
                        0.29957631848756605
                    ]
                },
                "loss": [
                    3.4631905555725098
                ],
                "precisions": {
                    "N1": [
                        0.0924092409240924
                    ],
                    "N2": [
                        0.5780617014646308
                    ],
                    "N3": [
                        0.4439359267734554
                    ],
                    "REM": [
                        0.21829710144927536
                    ],
                    "Wake": [
                        0.4501466275659824
                    ],
                    "macro": [
                        0.35657011963548724
                    ]
                },
                "recalls": {
                    "N1": [
                        0.06796116504854369
                    ],
                    "N2": [
                        0.47021546261089986
                    ],
                    "N3": [
                        0.2143646408839779
                    ],
                    "REM": [
                        0.5523300229182582
                    ],
                    "Wake": [
                        0.22376093294460642
                    ],
                    "macro": [
                        0.3057264448812572
                    ]
                }
            }
        }
    },
    "test": {
        "confusion_matrices": {
            "abs": [
                "[[526, 157, 1315, 12, 746], [90, 63, 347, 13, 268], [653, 144, 3700, 521, 2087], [30, 5, 334, 558, 587], [440, 169, 721, 53, 835]]"
            ]
        },
        "markov_matrices": {
            "abs": {
                "actual": [
                    "[[2267, 413, 59, 2, 15], [177, 247, 342, 0, 14], [239, 108, 6570, 128, 60], [22, 0, 108, 1384, 0], [50, 13, 26, 0, 2129]]"
                ],
                "predicted": [
                    "[[1134, 173, 213, 88, 131], [94, 189, 134, 8, 112], [278, 72, 5335, 145, 587], [63, 9, 175, 863, 47], [170, 95, 559, 53, 3646]]"
                ]
            }
        },
        "metrics": {
            "downstream": {
                "cohen_kappa": [
                    0.13250503738939656
                ],
                "f1_scores": {
                    "N1": [
                        0.09552691432903715
                    ],
                    "N2": [
                        0.5472563230291377
                    ],
                    "N3": [
                        0.4178210408086859
                    ],
                    "REM": [
                        0.2477377243732384
                    ],
                    "Wake": [
                        0.23403781979977753
                    ],
                    "macro": [
                        0.30847596446797537
                    ]
                },
                "loss": [
                    3.4569773180731413
                ],
                "precisions": {
                    "N1": [
                        0.1171003717472119
                    ],
                    "N2": [
                        0.5765934237182484
                    ],
                    "N3": [
                        0.4822817631806396
                    ],
                    "REM": [
                        0.18461198319699315
                    ],
                    "Wake": [
                        0.3024726854514089
                    ],
                    "macro": [
                        0.3326120454589004
                    ]
                },
                "recalls": {
                    "N1": [
                        0.08066581306017925
                    ],
                    "N2": [
                        0.5207600281491908
                    ],
                    "N3": [
                        0.36856010568031705
                    ],
                    "REM": [
                        0.3764652840396754
                    ],
                    "Wake": [
                        0.19085631349782292
                    ],
                    "macro": [
                        0.30746150888543705
                    ]
                }
            }
        }
    },
    "train": {},
    "valid_pretraining": {}
}
