{
    "earlystopping": {
        "confusion_matrices": {
            "abs": [
                "[[830, 118, 98, 0, 440], [22, 91, 97, 0, 251], [14, 124, 2557, 0, 1133], [0, 23, 463, 0, 540], [7, 22, 35, 0, 1143]]"
            ]
        },
        "markov_matrices": {
            "abs": {
                "actual": [
                    "[[1212, 234, 24, 0, 15], [70, 143, 236, 0, 12], [144, 80, 3479, 94, 31], [13, 1, 80, 932, 0], [46, 3, 9, 0, 1149]]"
                ],
                "predicted": [
                    "[[678, 107, 17, 0, 71], [49, 161, 106, 0, 62], [61, 62, 2935, 0, 192], [0, 0, 0, 0, 0], [84, 48, 192, 0, 3182]]"
                ]
            }
        },
        "metrics": {
            "downstream": {
                "cohen_kappa": [
                    0.41014408956922577
                ],
                "f1_scores": {
                    "N1": [
                        0.2169249106078665
                    ],
                    "N2": [
                        0.722520486012998
                    ],
                    "N3": [
                        0.0
                    ],
                    "REM": [
                        0.4849384811200679
                    ],
                    "Wake": [
                        0.7036880033912675
                    ],
                    "macro": [
                        0.42561437622644
                    ]
                },
                "loss": [
                    3.9796080589294434
                ],
                "precisions": {
                    "N1": [
                        0.24074074074074073
                    ],
                    "N2": [
                        0.7867692307692308
                    ],
                    "N3": [
                        0.0
                    ],
                    "REM": [
                        0.32591958939264326
                    ],
                    "Wake": [
                        0.9507445589919816
                    ],
                    "macro": [
                        0.46083482397891934
                    ]
                },
                "recalls": {
                    "N1": [
                        0.19739696312364424
                    ],
                    "N2": [
                        0.6679728317659352
                    ],
                    "N3": [
                        0.0
                    ],
                    "REM": [
                        0.9469759734879868
                    ],
                    "Wake": [
                        0.5585464333781965
                    ],
                    "macro": [
                        0.47417844035115253
                    ]
                }
            }
        }
    },
    "test": {
        "confusion_matrices": {
            "abs": [
                "[[874, 193, 134, 0, 1012], [92, 288, 125, 0, 329], [72, 428, 4694, 0, 1404], [1, 1, 1095, 51, 367], [8, 38, 181, 0, 2422]]"
            ]
        },
        "markov_matrices": {
            "abs": {
                "actual": [
                    "[[1846, 336, 22, 0, 8], [106, 332, 383, 0, 13], [188, 148, 6049, 144, 69], [24, 1, 119, 1371, 0], [48, 17, 25, 0, 2559]]"
                ],
                "predicted": [
                    "[[697, 213, 39, 0, 98], [83, 563, 176, 0, 126], [128, 86, 5809, 31, 174], [0, 0, 31, 20, 0], [139, 85, 174, 0, 5136]]"
                ]
            }
        },
        "metrics": {
            "downstream": {
                "cohen_kappa": [
                    0.42560793453629553
                ],
                "f1_scores": {
                    "N1": [
                        0.32323232323232326
                    ],
                    "N2": [
                        0.7318936618071256
                    ],
                    "N3": [
                        0.06513409961685823
                    ],
                    "REM": [
                        0.5919589392643285
                    ],
                    "Wake": [
                        0.5361963190184049
                    ],
                    "macro": [
                        0.44968306858780815
                    ]
                },
                "loss": [
                    4.069694801613137
                ],
                "precisions": {
                    "N1": [
                        0.3037974683544304
                    ],
                    "N2": [
                        0.753572001926473
                    ],
                    "N3": [
                        1.0
                    ],
                    "REM": [
                        0.4376581134803036
                    ],
                    "Wake": [
                        0.8347659980897804
                    ],
                    "macro": [
                        0.6659587163701974
                    ]
                },
                "recalls": {
                    "N1": [
                        0.34532374100719426
                    ],
                    "N2": [
                        0.7114277053652622
                    ],
                    "N3": [
                        0.033663366336633666
                    ],
                    "REM": [
                        0.9143072857682144
                    ],
                    "Wake": [
                        0.394938996836873
                    ],
                    "macro": [
                        0.4799322190628355
                    ]
                }
            }
        }
    },
    "train": {},
    "valid_pretraining": {}
}
