{"earlystopping":{"confusion_matrices":{"abs":["[[5465, 281, 166, 49, 125], [307, 237, 789, 165, 262], [92, 94, 5365, 852, 94], [5, 4, 498, 1042, 0], [12, 27, 622, 150, 1941]]"]},"markov_matrices":{"abs":{"actual":["[[5819, 253, 12, 0, 1], [157, 1185, 319, 2, 97], [66, 186, 5820, 317, 108], [7, 16, 296, 1230, 0], [36, 120, 50, 0, 2546]]"],"predicted":["[[5451, 213, 125, 32, 59], [136, 279, 162, 10, 56], [167, 101, 6539, 447, 186], [43, 13, 425, 1742, 35], [83, 37, 189, 27, 2086]]"]}},"metrics":{"downstream":{"cohen_kappa":[0.6603522803309503],"f1_scores":{"N1":[0.1972534332084894],"N2":[0.7698930903350792],"N3":[0.5474126608878382],"REM":[0.7502899110939312],"Wake":[0.9133450321718058],"macro":[0.6356388255394287]},"loss":[1.2606100133947424],"precisions":{"N1":[0.36858475894245724],"N2":[0.7211021505376344],"N3":[0.46147032772364927],"REM":[0.8014037985136251],"Wake":[0.9292637306580513],"macro":[0.6563649532750835]},"recalls":{"N1":[0.13465909090909092],"N2":[0.8257657380329383],"N3":[0.6726920593931569],"REM":[0.7053052325581395],"Wake":[0.8979625369700953],"macro":[0.6472769315726843]}}}},"test":{"confusion_matrices":{"abs":["[[8223, 375, 665, 59, 360], [632, 497, 1102, 171, 597], [226, 286, 10599, 1246, 409], [1, 1, 746, 1426, 0], [190, 93, 673, 68, 3613]]"]},"markov_matrices":{"abs":{"actual":["[[9241, 410, 25, 0, 5], [217, 2136, 559, 2, 85], [152, 323, 11813, 339, 139], [16, 13, 311, 1833, 1], [55, 117, 58, 0, 4407]]"],"predicted":["[[8328, 369, 318, 53, 203], [229, 512, 341, 26, 144], [403, 237, 12112, 651, 382], [54, 33, 636, 2216, 31], [257, 101, 378, 24, 4219]]"]}},"metrics":{"downstream":{"cohen_kappa":[0.6563339561769215],"f1_scores":{"N1":[0.23382733474476594],"N2":[0.7983880079846334],"N3":[0.5544323483670296],"REM":[0.7514559068219634],"Wake":[0.8676796454574233],"macro":[0.6411566486751632]},"loss":[1.091208577156067],"precisions":{"N1":[0.39696485623003197],"N2":[0.7688792165397171],"N3":[0.48013468013468014],"REM":[0.7256477204257883],"Wake":[0.8868636755823986],"macro":[0.6516980297825233]},"recalls":{"N1":[0.16572190730243413],"N2":[0.8302522324925583],"N3":[0.655933762649494],"REM":[0.779167565236144],"Wake":[0.8493079942160711],"macro":[0.6560766923793404]}}}},"train":{},"valid_pretraining":{}}