{
    "earlystopping": {
        "confusion_matrices": {
            "abs": [
                "[[1045, 40, 300, 4, 99], [67, 31, 286, 0, 87], [27, 8, 3461, 102, 242], [0, 0, 300, 618, 1], [64, 14, 292, 0, 796]]"
            ]
        },
        "markov_matrices": {
            "abs": {
                "actual": [
                    "[[1224, 231, 17, 0, 15], [74, 164, 222, 0, 11], [132, 73, 3531, 73, 31], [11, 0, 62, 846, 0], [46, 3, 8, 0, 1109]]"
                ],
                "predicted": [
                    "[[1032, 58, 56, 0, 56], [8, 18, 49, 0, 18], [96, 9, 4345, 67, 122], [3, 0, 63, 657, 1], [63, 8, 126, 0, 1028]]"
                ]
            }
        },
        "metrics": {
            "downstream": {
                "cohen_kappa": [
                    0.6229284040925944
                ],
                "f1_scores": {
                    "N1": [
                        0.1099290780141844
                    ],
                    "N2": [
                        0.8163698549357236
                    ],
                    "N3": [
                        0.7522824102251978
                    ],
                    "REM": [
                        0.6658301965704726
                    ],
                    "Wake": [
                        0.7766629505759941
                    ],
                    "macro": [
                        0.6242148980643145
                    ]
                },
                "loss": [
                    0.6593217253684998
                ],
                "precisions": {
                    "N1": [
                        0.3333333333333333
                    ],
                    "N2": [
                        0.7460659624919164
                    ],
                    "N3": [
                        0.8535911602209945
                    ],
                    "REM": [
                        0.649795918367347
                    ],
                    "Wake": [
                        0.8686616791354946
                    ],
                    "macro": [
                        0.6902896107098171
                    ]
                },
                "recalls": {
                    "N1": [
                        0.06581740976645435
                    ],
                    "N2": [
                        0.9013020833333333
                    ],
                    "N3": [
                        0.6724700761697497
                    ],
                    "REM": [
                        0.6826758147512865
                    ],
                    "Wake": [
                        0.7022849462365591
                    ],
                    "macro": [
                        0.6049100660514766
                    ]
                }
            }
        }
    },
    "test": {
        "confusion_matrices": {
            "abs": [
                "[[1769, 48, 515, 33, 151], [172, 73, 314, 1, 146], [268, 25, 5007, 651, 580], [3, 0, 345, 1179, 0], [275, 26, 653, 18, 1199]]"
            ]
        },
        "markov_matrices": {
            "abs": {
                "actual": [
                    "[[2107, 335, 57, 1, 15], [101, 257, 328, 0, 20], [233, 100, 5972, 176, 50], [18, 3, 155, 1350, 1], [56, 11, 19, 0, 2085]]"
                ],
                "predicted": [
                    "[[2056, 109, 193, 1, 127], [33, 48, 81, 0, 10], [252, 10, 6184, 163, 225], [15, 0, 149, 1718, 0], [130, 5, 227, 0, 1714]]"
                ]
            }
        },
        "metrics": {
            "downstream": {
                "cohen_kappa": [
                    0.5363276563628983
                ],
                "f1_scores": {
                    "N1": [
                        0.1662870159453303
                    ],
                    "N2": [
                        0.7492704826038159
                    ],
                    "N3": [
                        0.6916984452918744
                    ],
                    "REM": [
                        0.5646338591947256
                    ],
                    "Wake": [
                        0.70717569458325
                    ],
                    "macro": [
                        0.5758130995237993
                    ]
                },
                "loss": [
                    0.8193771221019603
                ],
                "precisions": {
                    "N1": [
                        0.42441860465116277
                    ],
                    "N2": [
                        0.7326602282704127
                    ],
                    "N3": [
                        0.626461211477152
                    ],
                    "REM": [
                        0.5775529865125241
                    ],
                    "Wake": [
                        0.7112987535182951
                    ],
                    "macro": [
                        0.6144783568859092
                    ]
                },
                "recalls": {
                    "N1": [
                        0.10339943342776203
                    ],
                    "N2": [
                        0.7666513550757924
                    ],
                    "N3": [
                        0.7721021611001965
                    ],
                    "REM": [
                        0.5522800552740672
                    ],
                    "Wake": [
                        0.7031001589825119
                    ],
                    "macro": [
                        0.5795066327720659
                    ]
                }
            }
        }
    },
    "train": {},
    "valid_pretraining": {}
}
