{"earlystopping":{"confusion_matrices":{"abs":["[[5661, 297, 48, 3, 77], [452, 384, 581, 19, 324], [319, 112, 5170, 514, 382], [27, 4, 591, 924, 3], [192, 7, 217, 23, 2313]]"]},"markov_matrices":{"abs":{"actual":["[[5819, 253, 12, 0, 1], [157, 1185, 319, 2, 97], [66, 186, 5820, 317, 108], [7, 16, 296, 1230, 0], [36, 120, 50, 0, 2546]]"],"predicted":["[[6170, 258, 138, 7, 77], [177, 403, 189, 3, 32], [188, 106, 5872, 221, 220], [24, 8, 191, 1250, 10], [91, 29, 217, 2, 2760]]"]}},"metrics":{"downstream":{"cohen_kappa":[0.6898024283884748],"f1_scores":{"N1":[0.2995319812792512],"N2":[0.789072039072039],"N3":[0.6094986807387863],"REM":[0.7906340796445052],"Wake":[0.8889063358718694],"macro":[0.6755286233212902]},"loss":[1.115505837105416],"precisions":{"N1":[0.47761194029850745],"N2":[0.7825034054790374],"N3":[0.6230613621038436],"REM":[0.7463697967086157],"Wake":[0.851150202976996],"macro":[0.6961393415134001]},"recalls":{"N1":[0.21818181818181817],"N2":[0.7957518854856087],"N3":[0.5965138799225307],"REM":[0.8404796511627907],"Wake":[0.9301675977653632],"macro":[0.6762189665036222]}}}},"test":{"confusion_matrices":{"abs":["[[8979, 548, 49, 6, 100], [757, 760, 717, 14, 751], [346, 271, 9775, 533, 1841], [10, 2, 615, 1543, 4], [290, 57, 221, 0, 4069]]"]},"markov_matrices":{"abs":{"actual":["[[9241, 410, 25, 0, 5], [217, 2136, 559, 2, 85], [152, 323, 11813, 339, 139], [16, 13, 311, 1833, 1], [55, 117, 58, 0, 4407]]"],"predicted":["[[9549, 493, 157, 10, 172], [338, 895, 297, 2, 106], [231, 182, 10031, 300, 633], [31, 5, 260, 1775, 25], [232, 63, 632, 9, 5829]]"]}},"metrics":{"downstream":{"cohen_kappa":[0.6948683319386797],"f1_scores":{"N1":[0.32779814535259866],"N2":[0.8097585221389223],"N3":[0.7227166276346604],"REM":[0.713734432555692],"Wake":[0.8950358851674641],"macro":[0.6938087225698675]},"loss":[1.0414811372756958],"precisions":{"N1":[0.463980463980464],"N2":[0.8591895930385867],"N3":[0.7361641221374046],"REM":[0.6014781966001478],"Wake":[0.8648622616066268],"macro":[0.7051349274726461]},"recalls":{"N1":[0.25341780593531177],"N2":[0.76570578098073],"N3":[0.7097516099356026],"REM":[0.8775070088419237],"Wake":[0.9273910349101425],"macro":[0.7067546481207422]}}}},"train":{},"valid_pretraining":{}}