{"earlystopping":{},"train":{"metrics":{"freq":{"acc_freq":[0.01076,0.0463,0.04873,0.05078,0.05081,0.05462,0.06043,0.06838,0.07703,0.0899,0.10647,0.12282,0.13545,0.144,0.15034,0.15427,0.15983,0.16747,0.17262,0.17694],"hamming_freq":[0.513719,0.5257175000000001,0.5577179999999999,0.6126935,0.68879,0.7255065,0.7474985000000001,0.771518,0.797913,0.8248135,0.845427,0.860114,0.8700005,0.8746975,0.8780965000000001,0.8806105,0.8844615,0.890048,0.893173,0.894792],"loss":[0.90284203125,0.693956953125,0.68347171875,0.654591640625,0.609556796875,0.5712714453125,0.537901796875,0.4825121484375,0.423313671875,0.368531796875,0.3262775390625,0.2958504296875,0.27545427734375,0.26401810546875,0.2562941015625,0.24988447265625,0.24265771484375,0.23127568359375,0.22409130859375,0.219974921875]}}},"valid_pretraining":{"metrics":{"freq":{"acc_freq":[0.0,0.056,0.056,0.004,0.015,0.057,0.061,0.088,0.095,0.116,0.137,0.164,0.175,0.182,0.193,0.191,0.195,0.205,0.226,0.214,0.22],"hamming_freq":[0.5065999999999999,0.5298499999999999,0.55565,0.4525,0.54495,0.7171000000000001,0.7462500000000001,0.7779,0.80675,0.83955,0.8579,0.8775,0.8888,0.89235,0.89475,0.89645,0.9002,0.9063,0.9095,0.9103,0.91115],"loss":[1.23308154296875,0.692052001953125,0.6882152099609375,0.8247012329101563,0.7444163818359375,0.5883800048828125,0.546126953125,0.4839119262695312,0.4411239318847656,0.3619886169433594,0.30840814208984374,0.26266448974609374,0.23952236938476562,0.2269896697998047,0.22054531860351562,0.21640609741210937,0.2109261474609375,0.19903765869140624,0.19140992736816406,0.1870594787597656,0.1854810791015625]}}}}