{"earlystopping":{"confusion_matrices":{"abs":["[[4166, 534, 97, 74, 521], [228, 338, 725, 72, 364], [42, 226, 5598, 773, 203], [0, 0, 616, 937, 5], [19, 155, 686, 60, 1762]]"]},"markov_matrices":{"abs":{"actual":["[[5051, 318, 17, 0, 5], [183, 1134, 318, 2, 90], [88, 164, 6222, 274, 94], [12, 10, 254, 1282, 0], [57, 101, 31, 0, 2493]]"],"predicted":["[[3981, 231, 75, 39, 128], [172, 565, 249, 20, 247], [102, 201, 6382, 695, 342], [54, 17, 677, 1119, 49], [145, 239, 339, 43, 2089]]"]}},"metrics":{"downstream":{"cohen_kappa":[0.5932147376908155],"f1_scores":{"N1":[0.22684563758389262],"N2":[0.7687448503158473],"N3":[0.5394358088658607],"REM":[0.6364457287339714],"Wake":[0.8461460343251752],"macro":[0.6035236119649494]},"loss":[1.3117676840888128],"precisions":{"N1":[0.26975259377494015],"N2":[0.7249417249417249],"N3":[0.4890396659707724],"REM":[0.6171628721541156],"Wake":[0.9351290684624018],"macro":[0.6072051850607909]},"recalls":{"N1":[0.19571511291256513],"N2":[0.8181818181818182],"N3":[0.6014120667522465],"REM":[0.656972408650261],"Wake":[0.7726261127596439],"macro":[0.608981503851307]}}}},"test":{"confusion_matrices":{"abs":["[[6144, 1077, 355, 344, 1045], [662, 642, 1495, 524, 696], [38, 356, 8560, 1873, 259], [0, 0, 1125, 1050, 1], [28, 205, 1309, 186, 2662]]"]},"markov_matrices":{"abs":{"actual":["[[8369, 557, 27, 1, 10], [330, 3076, 529, 0, 84], [166, 277, 10122, 394, 127], [26, 9, 359, 1780, 2], [73, 100, 49, 1, 4167]]"],"predicted":["[[6108, 342, 117, 62, 242], [294, 1229, 324, 84, 349], [151, 251, 10728, 1229, 485], [86, 77, 1168, 2496, 150], [232, 381, 507, 106, 3437]]"]}},"metrics":{"downstream":{"cohen_kappa":[0.49057375274528336],"f1_scores":{"N1":[0.20384187966343864],"N2":[0.71541997492687],"N3":[0.3412969283276451],"REM":[0.5880923450789793],"Wake":[0.7759045273726084],"macro":[0.5249111310739083]},"loss":[1.939989725748698],"precisions":{"N1":[0.28157894736842104],"N2":[0.6664590470258487],"N3":[0.26401810409856674],"REM":[0.5708771177353635],"Wake":[0.8940628637951106],"macro":[0.5353992160046621]},"recalls":{"N1":[0.15974122916148295],"N2":[0.7721450478080462],"N3":[0.48253676470588236],"REM":[0.606378132118451],"Wake":[0.6853318460680424],"macro":[0.541226603972381]}}}},"train":{},"valid_pretraining":{}}