{"earlystopping":{"confusion_matrices":{"abs":["[[5123, 826, 65, 2, 70], [139, 969, 445, 10, 197], [33, 496, 5165, 621, 182], [0, 2, 447, 1099, 1], [19, 150, 391, 58, 2134]]"]},"markov_matrices":{"abs":{"actual":["[[5819, 253, 12, 0, 1], [157, 1185, 319, 2, 97], [66, 186, 5820, 317, 108], [7, 16, 296, 1230, 0], [36, 120, 50, 0, 2546]]"],"predicted":["[[4975, 298, 24, 0, 16], [237, 1676, 438, 4, 88], [62, 330, 5679, 280, 162], [6, 23, 255, 1502, 4], [34, 116, 116, 4, 2314]]"]}},"metrics":{"downstream":{"cohen_kappa":[0.7006978994019433],"f1_scores":{"N1":[0.4610992148465382],"N2":[0.7940046118370484],"N3":[0.6582809224318659],"REM":[0.7998500749625187],"Wake":[0.8987719298245614],"macro":[0.7224013507805065]},"loss":[1.4279740823281777],"precisions":{"N1":[0.39664347114203846],"N2":[0.7930293259634577],"N3":[0.6139664804469274],"REM":[0.8258513931888545],"Wake":[0.9640572073767407],"macro":[0.7187095756236037]},"recalls":{"N1":[0.5505681818181818],"N2":[0.7949822995228567],"N3":[0.709489993544222],"REM":[0.7754360465116279],"Wake":[0.8417679921130463],"macro":[0.7344489027019869]}}}},"test":{"confusion_matrices":{"abs":["[[7982, 1456, 132, 10, 102], [180, 1893, 527, 30, 369], [49, 1417, 9773, 906, 621], [0, 4, 516, 1648, 6], [51, 579, 376, 9, 3622]]"]},"markov_matrices":{"abs":{"actual":["[[9241, 410, 25, 0, 5], [217, 2136, 559, 2, 85], [152, 323, 11813, 339, 139], [16, 13, 311, 1833, 1], [55, 117, 58, 0, 4407]]"],"predicted":["[[7610, 560, 44, 5, 42], [426, 3711, 907, 15, 290], [115, 716, 9775, 419, 299], [4, 44, 379, 2155, 21], [107, 318, 218, 9, 4068]]"]}},"metrics":{"downstream":{"cohen_kappa":[0.6934715990104263],"f1_scores":{"N1":[0.45352180162913275],"N2":[0.8113740141137401],"N3":[0.6899727862675319],"REM":[0.774179758469595],"Wake":[0.8896567097637094],"macro":[0.7237410140487418]},"loss":[1.3807369470596313],"precisions":{"N1":[0.35389792484576554],"N2":[0.8630342635111268],"N3":[0.6331156358048405],"REM":[0.7673728813559322],"Wake":[0.9661099007504236],"macro":[0.7167061212536177]},"recalls":{"N1":[0.6312104034678226],"N2":[0.7655491148362839],"N3":[0.7580496780128795],"REM":[0.7811084753073108],"Wake":[0.8244164428837017],"macro":[0.7520668229015997]}}}},"train":{},"valid_pretraining":{}}