{"earlystopping":{"confusion_matrices":{"abs":["[[5671, 257, 42, 1, 115], [462, 457, 418, 40, 383], [492, 368, 4854, 560, 223], [49, 16, 400, 1083, 1], [77, 274, 131, 31, 2239]]"]},"markov_matrices":{"abs":{"actual":["[[5819, 253, 12, 0, 1], [157, 1185, 319, 2, 97], [66, 186, 5820, 317, 108], [7, 16, 296, 1230, 0], [36, 120, 50, 0, 2546]]"],"predicted":["[[6238, 256, 172, 25, 59], [160, 919, 183, 33, 77], [217, 85, 5202, 204, 137], [48, 50, 164, 1451, 2], [87, 62, 124, 2, 2686]]"]}},"metrics":{"downstream":{"cohen_kappa":[0.6830807261763716],"f1_scores":{"N1":[0.29182630906768836],"N2":[0.7865824015556636],"N3":[0.6636029411764706],"REM":[0.7838263609312095],"Wake":[0.8835397678585339],"macro":[0.6818755561179131]},"loss":[1.6304888338656038],"precisions":{"N1":[0.33309037900874633],"N2":[0.830453378956373],"N3":[0.6314868804664723],"REM":[0.7561634582911179],"Wake":[0.8400237001925641],"macro":[0.6782435593830547]},"recalls":{"N1":[0.2596590909090909],"N2":[0.7471140526396799],"N3":[0.6991607488702388],"REM":[0.8135901162790697],"Wake":[0.9318107131120604],"macro":[0.690266944362028]}}}},"test":{"confusion_matrices":{"abs":["[[9073, 342, 116, 0, 151], [637, 1356, 354, 6, 646], [381, 1679, 8938, 635, 1133], [27, 25, 686, 1433, 3], [223, 217, 159, 1, 4037]]"]},"markov_matrices":{"abs":{"actual":["[[9241, 410, 25, 0, 5], [217, 2136, 559, 2, 85], [152, 323, 11813, 339, 139], [16, 13, 311, 1833, 1], [55, 117, 58, 0, 4407]]"],"predicted":["[[9641, 450, 118, 4, 127], [248, 2702, 426, 43, 200], [229, 234, 9238, 287, 265], [36, 67, 229, 1738, 5], [186, 166, 242, 3, 5373]]"]}},"metrics":{"downstream":{"cohen_kappa":[0.6876967925957898],"f1_scores":{"N1":[0.4097914777878513],"N2":[0.7765758721056518],"N3":[0.6745116497999529],"REM":[0.7611954369755821],"Wake":[0.9062578035259452],"macro":[0.7056664480389967]},"loss":[1.5655280351638794],"precisions":{"N1":[0.3746891406465875],"N2":[0.8717448551643422],"N3":[0.6906024096385542],"REM":[0.676214405360134],"Wake":[0.877381297746833],"macro":[0.6981264217112901]},"recalls":{"N1":[0.4521507169056352],"N2":[0.7001409995300015],"N3":[0.6591536338546458],"REM":[0.8706059952555532],"Wake":[0.9370997727742202],"macro":[0.7238302236640111]}}}},"train":{},"valid_pretraining":{}}