{"earlystopping":{"confusion_matrices":{"abs":["[[1233, 126, 24, 4, 31], [122, 424, 203, 3, 43], [38, 164, 2145, 219, 50], [1, 2, 68, 1247, 0], [5, 52, 22, 1, 1161]]"]},"markov_matrices":{"abs":{"actual":["[[1126, 224, 50, 1, 17], [105, 349, 308, 1, 32], [110, 186, 2216, 66, 37], [28, 7, 32, 1250, 1], [48, 29, 10, 0, 1154]]"],"predicted":["[[1130, 219, 42, 1, 7], [85, 367, 262, 1, 52], [113, 134, 2104, 79, 32], [29, 6, 44, 1393, 2], [41, 42, 10, 0, 1192]]"]}},"metrics":{"downstream":{"cohen_kappa":[0.7928344675779042],"f1_scores":{"N1":[0.5425463851567498],"N2":[0.8448207955888145],"N3":[0.8932664756446992],"REM":[0.9192399049881235],"Wake":[0.8753993610223643],"macro":[0.8150545844801502]},"loss":[0.40078296661376955],"precisions":{"N1":[0.5520833333333334],"N2":[0.871242891957758],"N3":[0.8459972862957937],"REM":[0.9035019455252918],"Wake":[0.8813438170121516],"macro":[0.8108338548248657]},"recalls":{"N1":[0.5333333333333333],"N2":[0.819954128440367],"N3":[0.9461305007587253],"REM":[0.935535858178888],"Wake":[0.8695345557122708],"macro":[0.8208976752847169]}}}},"test":{"confusion_matrices":{"abs":["[[4151, 308, 78, 14, 133], [306, 1236, 520, 10, 241], [26, 287, 4520, 630, 149], [3, 3, 463, 3523, 0], [25, 82, 102, 0, 2730]]"]},"markov_matrices":{"abs":{"actual":["[[4011, 610, 44, 4, 15], [319, 1176, 689, 6, 122], [195, 395, 4680, 248, 94], [57, 20, 176, 3734, 5], [101, 112, 23, 0, 2703]]"],"predicted":["[[3903, 529, 29, 2, 48], [237, 985, 583, 2, 109], [182, 294, 4934, 185, 87], [62, 19, 106, 3987, 3], [126, 89, 31, 1, 3006]]"]}},"metrics":{"downstream":{"cohen_kappa":[0.7784626728646302],"f1_scores":{"N1":[0.5845353511468432],"N2":[0.8003541389995573],"N3":[0.8625290733259885],"REM":[0.8817829457364341],"Wake":[0.9028820010875476],"macro":[0.8064167020592741]},"loss":[0.47421866196852464],"precisions":{"N1":[0.6450939457202505],"N2":[0.7953545662502199],"N3":[0.8434282978214029],"REM":[0.8392253304641869],"Wake":[0.9201950786965196],"macro":[0.8086594437905159]},"recalls":{"N1":[0.5343709468223087],"N2":[0.8054169636493229],"N3":[0.8825150300601202],"REM":[0.9288873766587274],"Wake":[0.8862083689154568],"macro":[0.8074797372211873]}}}},"train":{},"valid_pretraining":{}}