{"earlystopping":{"confusion_matrices":{"abs":["[[1354, 172, 42, 1, 137], [210, 364, 247, 1, 88], [114, 308, 1754, 88, 91], [30, 11, 405, 881, 55], [17, 61, 70, 0, 945]]"]},"markov_matrices":{"abs":{"actual":["[[1401, 259, 37, 0, 9], [125, 439, 301, 1, 44], [114, 165, 1969, 73, 33], [25, 5, 43, 1308, 1], [40, 42, 5, 0, 1006]]"],"predicted":["[[1296, 282, 95, 16, 36], [157, 382, 298, 0, 78], [179, 169, 2009, 99, 62], [33, 2, 81, 854, 1], [59, 81, 35, 2, 1139]]"]}},"metrics":{"downstream":{"cohen_kappa":[0.6276679843001398],"f1_scores":{"N1":[0.39868565169769987],"N2":[0.7198850810588959],"N3":[0.7488312792180195],"REM":[0.7845579078455791],"Wake":[0.7892742640629554],"macro":[0.6882468367766299]},"loss":[1.5260147094726562],"precisions":{"N1":[0.39737991266375544],"N2":[0.6965845909451946],"N3":[0.9073120494335737],"REM":[0.7180851063829787],"Wake":[0.784927536231884],"macro":[0.7008578391314774]},"recalls":{"N1":[0.4],"N2":[0.7447983014861995],"N3":[0.6374819102749638],"REM":[0.8645928636779506],"Wake":[0.7936694021101993],"macro":[0.6881084955098625]}}}},"test":{"confusion_matrices":{"abs":["[[4339, 349, 106, 1, 245], [862, 1253, 769, 9, 514], [1083, 1026, 4298, 115, 587], [167, 71, 1150, 2170, 243], [253, 181, 94, 0, 1906]]"]},"markov_matrices":{"abs":{"actual":["[[4102, 786, 104, 4, 43], [364, 1729, 1099, 3, 212], [382, 681, 5745, 228, 73], [56, 29, 147, 3566, 3], [135, 182, 14, 0, 2103]]"],"predicted":["[[5297, 870, 325, 34, 178], [583, 1240, 794, 14, 248], [487, 538, 4973, 232, 187], [62, 15, 199, 2005, 14], [274, 217, 126, 10, 2868]]"]}},"metrics":{"downstream":{"cohen_kappa":[0.5371467473061657],"f1_scores":{"N1":[0.39860028630507394],"N2":[0.6355167824929765],"N3":[0.7119422572178478],"REM":[0.6429414741103053],"Wake":[0.7389305177111717],"macro":[0.625586263567475]},"loss":[2.1795581551485284],"precisions":{"N1":[0.43506944444444445],"N2":[0.6697833878759545],"N3":[0.9455337690631809],"REM":[0.5453505007153076],"Wake":[0.6472255369928401],"macro":[0.6485925278183455]},"recalls":{"N1":[0.3677722336366305],"N2":[0.604585736390491],"N3":[0.570902394106814],"REM":[0.7830731306491372],"Wake":[0.8609126984126985],"macro":[0.6374492386391541]}}}},"train":{},"valid_pretraining":{}}