{
    "earlystopping": {
        "confusion_matrices": {
            "abs": [
                "[[1187, 89, 74, 10, 12], [46, 233, 115, 1, 17], [23, 85, 3420, 317, 100], [1, 0, 67, 837, 0], [12, 50, 20, 0, 1227]]"
            ]
        },
        "markov_matrices": {
            "abs": {
                "actual": [
                    "[[1122, 217, 18, 0, 15], [56, 131, 215, 0, 10], [138, 60, 3629, 84, 34], [13, 1, 70, 821, 0], [42, 3, 13, 0, 1250]]"
                ],
                "predicted": [
                    "[[1049, 187, 26, 3, 4], [53, 224, 158, 0, 22], [115, 32, 3426, 84, 38], [21, 1, 65, 1078, 0], [30, 13, 21, 0, 1292]]"
                ]
            }
        },
        "metrics": {
            "downstream": {
                "cohen_kappa": [
                    0.8113730647446024
                ],
                "f1_scores": {
                    "N1": [
                        0.5362485615650172
                    ],
                    "N2": [
                        0.8951707891637221
                    ],
                    "N3": [
                        0.808695652173913
                    ],
                    "REM": [
                        0.9208255159474672
                    ],
                    "Wake": [
                        0.8989019310867096
                    ],
                    "macro": [
                        0.8119684899873658
                    ]
                },
                "loss": [
                    0.352420449256897
                ],
                "precisions": {
                    "N1": [
                        0.5098468271334792
                    ],
                    "N2": [
                        0.9253246753246753
                    ],
                    "N3": [
                        0.7184549356223175
                    ],
                    "REM": [
                        0.9048672566371682
                    ],
                    "Wake": [
                        0.9353821907013397
                    ],
                    "macro": [
                        0.7987751770837961
                    ]
                },
                "recalls": {
                    "N1": [
                        0.5655339805825242
                    ],
                    "N2": [
                        0.8669201520912547
                    ],
                    "N3": [
                        0.9248618784530387
                    ],
                    "REM": [
                        0.9373567608861727
                    ],
                    "Wake": [
                        0.8651603498542274
                    ],
                    "macro": [
                        0.8319666243734435
                    ]
                }
            }
        }
    },
    "test": {
        "confusion_matrices": {
            "abs": [
                "[[2366, 161, 167, 16, 46], [108, 416, 198, 7, 52], [71, 201, 5931, 697, 205], [1, 0, 54, 1459, 0], [30, 99, 87, 0, 2002]]"
            ]
        },
        "markov_matrices": {
            "abs": {
                "actual": [
                    "[[2267, 413, 59, 2, 15], [177, 247, 342, 0, 14], [239, 108, 6570, 128, 60], [22, 0, 108, 1384, 0], [50, 13, 26, 0, 2129]]"
                ],
                "predicted": [
                    "[[2137, 354, 53, 2, 30], [143, 409, 283, 0, 42], [208, 89, 5981, 91, 67], [19, 0, 72, 2085, 3], [68, 25, 48, 1, 2163]]"
                ]
            }
        },
        "metrics": {
            "downstream": {
                "cohen_kappa": [
                    0.7814310261474232
                ],
                "f1_scores": {
                    "N1": [
                        0.5018094089264173
                    ],
                    "N2": [
                        0.8759415152857776
                    ],
                    "N3": [
                        0.7901435147576497
                    ],
                    "REM": [
                        0.8852531505637851
                    ],
                    "Wake": [
                        0.8874718679669917
                    ],
                    "macro": [
                        0.7881238915001243
                    ]
                },
                "loss": [
                    0.4345827102661133
                ],
                "precisions": {
                    "N1": [
                        0.47434435575826683
                    ],
                    "N2": [
                        0.9213919527730309
                    ],
                    "N3": [
                        0.6695731987150069
                    ],
                    "REM": [
                        0.8685466377440347
                    ],
                    "Wake": [
                        0.9184782608695652
                    ],
                    "macro": [
                        0.7704668811719809
                    ]
                },
                "recalls": {
                    "N1": [
                        0.5326504481434059
                    ],
                    "N2": [
                        0.8347642505277973
                    ],
                    "N3": [
                        0.9636723910171731
                    ],
                    "REM": [
                        0.9026149684400361
                    ],
                    "Wake": [
                        0.8584905660377359
                    ],
                    "macro": [
                        0.8184385248332298
                    ]
                }
            }
        }
    },
    "train": {},
    "valid_pretraining": {}
}
