{"earlystopping":{"confusion_matrices":{"abs":["[[1059, 108, 204, 41, 74], [31, 99, 268, 15, 48], [26, 22, 3356, 381, 43], [0, 0, 340, 686, 0], [37, 44, 379, 0, 747]]"]},"markov_matrices":{"abs":{"actual":["[[1212, 234, 24, 0, 15], [70, 143, 236, 0, 12], [144, 80, 3479, 94, 31], [13, 1, 80, 932, 0], [46, 3, 9, 0, 1149]]"],"predicted":["[[973, 94, 54, 7, 24], [28, 138, 86, 6, 15], [98, 17, 4225, 93, 114], [15, 9, 81, 1016, 2], [38, 15, 101, 1, 757]]"]}},"metrics":{"downstream":{"cohen_kappa":[0.6128429410727738],"f1_scores":{"N1":[0.26975476839237056],"N2":[0.8014328358208955],"N3":[0.6384364820846906],"REM":[0.7050495516753185],"Wake":[0.8025767336112164],"macro":[0.6434500743168983]},"loss":[1.9484902620315552],"precisions":{"N1":[0.3626373626373626],"N2":[0.7380690565207829],"N3":[0.6108637577916296],"REM":[0.819078947368421],"Wake":[0.9184735472679966],"macro":[0.6898245343172386]},"recalls":{"N1":[0.21475054229934923],"N2":[0.8766980146290491],"N3":[0.6686159844054581],"REM":[0.6188898094449047],"Wake":[0.7126514131897712],"macro":[0.6183211527937065]}}}},"test":{"confusion_matrices":{"abs":["[[1011, 182, 658, 78, 284], [68, 187, 274, 71, 234], [89, 96, 5422, 677, 314], [1, 1, 469, 1043, 1], [4, 19, 1401, 26, 1199]]"]},"markov_matrices":{"abs":{"actual":["[[1846, 336, 22, 0, 8], [106, 332, 383, 0, 13], [188, 148, 6049, 144, 69], [24, 1, 119, 1371, 0], [48, 17, 25, 0, 2559]]"],"predicted":["[[853, 143, 64, 49, 64], [44, 239, 142, 11, 49], [138, 46, 7594, 148, 297], [63, 16, 133, 1653, 30], [75, 40, 291, 34, 1592]]"]}},"metrics":{"downstream":{"cohen_kappa":[0.45424814046810935],"f1_scores":{"N1":[0.2835481425322214],"N2":[0.7316151666441776],"N3":[0.6117302052785925],"REM":[0.512283700064089],"Wake":[0.5971647962197283],"macro":[0.5472684021477617]},"loss":[2.8046578301323786],"precisions":{"N1":[0.38556701030927837],"N2":[0.6592898832684825],"N3":[0.5503957783641161],"REM":[0.5900590551181102],"Wake":[0.8618925831202046],"macro":[0.6094408620360384]},"recalls":{"N1":[0.22422062350119903],"N2":[0.8217641709608973],"N3":[0.6884488448844884],"REM":[0.4526236315590789],"Wake":[0.45684591052869405],"macro":[0.5287806362868716]}}}},"train":{},"valid_pretraining":{}}