{
    "earlystopping": {
        "confusion_matrices": {
            "abs": [
                "[[893, 145, 108, 9, 217], [23, 159, 90, 4, 136], [58, 135, 1995, 388, 1369], [0, 6, 21, 818, 60], [8, 32, 22, 0, 1247]]"
            ]
        },
        "markov_matrices": {
            "abs": {
                "actual": [
                    "[[1122, 217, 18, 0, 15], [56, 131, 215, 0, 10], [138, 60, 3629, 84, 34], [13, 1, 70, 821, 0], [42, 3, 13, 0, 1250]]"
                ],
                "predicted": [
                    "[[790, 126, 21, 2, 43], [50, 241, 118, 11, 57], [65, 34, 1869, 78, 190], [10, 23, 54, 1079, 53], [66, 53, 174, 49, 2686]]"
                ]
            }
        },
        "metrics": {
            "downstream": {
                "cohen_kappa": [
                    0.5281690922525577
                ],
                "f1_scores": {
                    "N1": [
                        0.3577052868391451
                    ],
                    "N2": [
                        0.6455266138165346
                    ],
                    "N3": [
                        0.7702448210922788
                    ],
                    "REM": [
                        0.5749193176579069
                    ],
                    "Wake": [
                        0.7587085811384876
                    ],
                    "macro": [
                        0.6214209241088706
                    ]
                },
                "loss": [
                    2.4119200706481934
                ],
                "precisions": {
                    "N1": [
                        0.3333333333333333
                    ],
                    "N2": [
                        0.8922182468694096
                    ],
                    "N3": [
                        0.6710418375717802
                    ],
                    "REM": [
                        0.411687025420931
                    ],
                    "Wake": [
                        0.9093686354378818
                    ],
                    "macro": [
                        0.6435298157266671
                    ]
                },
                "recalls": {
                    "N1": [
                        0.3859223300970874
                    ],
                    "N2": [
                        0.5057034220532319
                    ],
                    "N3": [
                        0.9038674033149171
                    ],
                    "REM": [
                        0.9526355996944232
                    ],
                    "Wake": [
                        0.6508746355685131
                    ],
                    "macro": [
                        0.6798006781456346
                    ]
                }
            }
        }
    },
    "test": {
        "confusion_matrices": {
            "abs": [
                "[[1582, 259, 222, 31, 662], [44, 246, 139, 22, 330], [65, 282, 3288, 495, 2975], [1, 27, 72, 1305, 109], [3, 13, 35, 0, 2167]]"
            ]
        },
        "markov_matrices": {
            "abs": {
                "actual": [
                    "[[2267, 413, 59, 2, 15], [177, 247, 342, 0, 14], [239, 108, 6570, 128, 60], [22, 0, 108, 1384, 0], [50, 13, 26, 0, 2129]]"
                ],
                "predicted": [
                    "[[1320, 250, 58, 0, 67], [122, 397, 178, 15, 115], [123, 54, 3127, 73, 379], [9, 19, 51, 1699, 75], [121, 106, 342, 66, 5607]]"
                ]
            }
        },
        "metrics": {
            "downstream": {
                "cohen_kappa": [
                    0.47347309680159655
                ],
                "f1_scores": {
                    "N1": [
                        0.30597014925373134
                    ],
                    "N2": [
                        0.6054691096584108
                    ],
                    "N3": [
                        0.7751707751707753
                    ],
                    "REM": [
                        0.5122325966197848
                    ],
                    "Wake": [
                        0.7108514940462818
                    ],
                    "macro": [
                        0.5819388249497968
                    ]
                },
                "loss": [
                    3.066125277815194
                ],
                "precisions": {
                    "N1": [
                        0.2974607013301088
                    ],
                    "N2": [
                        0.8753993610223643
                    ],
                    "N3": [
                        0.7042633567188343
                    ],
                    "REM": [
                        0.3471087618132308
                    ],
                    "Wake": [
                        0.9333333333333333
                    ],
                    "macro": [
                        0.6315131028435743
                    ]
                },
                "recalls": {
                    "N1": [
                        0.31498079385403327
                    ],
                    "N2": [
                        0.4627726952850106
                    ],
                    "N3": [
                        0.8619550858652576
                    ],
                    "REM": [
                        0.9770063119927863
                    ],
                    "Wake": [
                        0.5740203193033382
                    ],
                    "macro": [
                        0.6381470412600851
                    ]
                }
            }
        }
    },
    "train": {},
    "valid_pretraining": {}
}
