{
    "earlystopping": {
        "confusion_matrices": {
            "abs": [
                "[[773, 80, 141, 4, 110], [71, 124, 183, 1, 49], [66, 95, 3077, 129, 730], [2, 2, 96, 418, 390], [50, 128, 255, 2, 818]]"
            ]
        },
        "markov_matrices": {
            "abs": {
                "actual": [
                    "[[862, 210, 21, 0, 14], [64, 148, 206, 0, 10], [130, 65, 3781, 89, 32], [11, 1, 77, 819, 0], [40, 4, 12, 0, 1197]]"
                ],
                "predicted": [
                    "[[734, 110, 82, 2, 34], [55, 241, 117, 1, 15], [121, 58, 3268, 50, 255], [9, 2, 40, 494, 9], [42, 18, 245, 7, 1784]]"
                ]
            }
        },
        "metrics": {
            "downstream": {
                "cohen_kappa": [
                    0.5087209327144621
                ],
                "f1_scores": {
                    "N1": [
                        0.28938156359393236
                    ],
                    "N2": [
                        0.7840489234297363
                    ],
                    "N3": [
                        0.5718194254445965
                    ],
                    "REM": [
                        0.4883582089552239
                    ],
                    "Wake": [
                        0.7468599033816425
                    ],
                    "macro": [
                        0.5760936049610264
                    ]
                },
                "loss": [
                    2.391464948654175
                ],
                "precisions": {
                    "N1": [
                        0.289044289044289
                    ],
                    "N2": [
                        0.8200959488272921
                    ],
                    "N3": [
                        0.7545126353790613
                    ],
                    "REM": [
                        0.3900810681926562
                    ],
                    "Wake": [
                        0.8035343035343036
                    ],
                    "macro": [
                        0.6114536489955205
                    ]
                },
                "recalls": {
                    "N1": [
                        0.2897196261682243
                    ],
                    "N2": [
                        0.7510373443983402
                    ],
                    "N3": [
                        0.460352422907489
                    ],
                    "REM": [
                        0.6528332003192339
                    ],
                    "Wake": [
                        0.6976534296028881
                    ],
                    "macro": [
                        0.5703192046792351
                    ]
                }
            }
        }
    },
    "test": {
        "confusion_matrices": {
            "abs": [
                "[[1700, 29, 315, 12, 315], [261, 103, 276, 5, 109], [157, 18, 4817, 110, 1382], [9, 0, 52, 568, 812], [31, 8, 733, 9, 1343]]"
            ]
        },
        "markov_matrices": {
            "abs": {
                "actual": [
                    "[[1925, 362, 71, 0, 13], [125, 270, 344, 1, 14], [256, 108, 5893, 174, 52], [18, 2, 155, 1266, 0], [46, 12, 21, 0, 2045]]"
                ],
                "predicted": [
                    "[[1791, 75, 195, 2, 95], [25, 48, 71, 0, 14], [229, 25, 5477, 51, 410], [6, 2, 51, 634, 11], [106, 8, 399, 17, 3431]]"
                ]
            }
        },
        "metrics": {
            "downstream": {
                "cohen_kappa": [
                    0.4848475038035386
                ],
                "f1_scores": {
                    "N1": [
                        0.22587719298245615
                    ],
                    "N2": [
                        0.759958980831427
                    ],
                    "N3": [
                        0.5296037296037296
                    ],
                    "REM": [
                        0.4414133114215284
                    ],
                    "Wake": [
                        0.7507175977036874
                    ],
                    "macro": [
                        0.5415141625085658
                    ]
                },
                "loss": [
                    2.9201422471266527
                ],
                "precisions": {
                    "N1": [
                        0.6518987341772152
                    ],
                    "N2": [
                        0.7778136605845309
                    ],
                    "N3": [
                        0.8068181818181818
                    ],
                    "REM": [
                        0.33905579399141633
                    ],
                    "Wake": [
                        0.7877664504170528
                    ],
                    "macro": [
                        0.6726705641976793
                    ]
                },
                "recalls": {
                    "N1": [
                        0.13660477453580902
                    ],
                    "N2": [
                        0.7429056138186305
                    ],
                    "N3": [
                        0.3941707147814018
                    ],
                    "REM": [
                        0.6322975517890772
                    ],
                    "Wake": [
                        0.7169970476592156
                    ],
                    "macro": [
                        0.5245951405168269
                    ]
                }
            }
        }
    },
    "train": {},
    "valid_pretraining": {}
}
