{"earlystopping":{"confusion_matrices":{"abs":["[[6175, 1258, 22, 0, 205], [162, 1068, 415, 7, 275], [127, 831, 5411, 213, 524], [14, 9, 510, 561, 34], [271, 73, 101, 26, 2370]]"]},"markov_matrices":{"abs":{"actual":["[[7290, 345, 19, 0, 5], [197, 1257, 361, 3, 109], [94, 200, 6433, 271, 108], [13, 13, 248, 854, 0], [65, 112, 45, 0, 2619]]"],"predicted":["[[6349, 294, 54, 2, 49], [206, 2610, 306, 1, 116], [105, 179, 5871, 139, 165], [20, 6, 109, 661, 11], [68, 150, 119, 4, 3067]]"]}},"metrics":{"downstream":{"cohen_kappa":[0.6643053600115099],"f1_scores":{"N1":[0.413472706155633],"N2":[0.7977884260965721],"N3":[0.57984496124031],"REM":[0.7585213634181469],"Wake":[0.8571031993892706],"macro":[0.6813461312599864]},"loss":[1.9613146898223133],"precisions":{"N1":[0.3297313985798086],"N2":[0.8377457810806627],"N3":[0.6951672862453532],"REM":[0.6954225352112676],"Wake":[0.9149503630167433],"macro":[0.6946034728267672]},"recalls":{"N1":[0.5542293720809549],"N2":[0.761469180973825],"N3":[0.4973404255319149],"REM":[0.8342133051742344],"Wake":[0.806135770234987],"macro":[0.6906776107991833]}}}},"test":{"confusion_matrices":{"abs":["[[7655, 2274, 188, 2, 662], [454, 2169, 580, 1, 501], [691, 1597, 9322, 171, 1139], [59, 16, 1171, 694, 96], [181, 752, 238, 1, 3668]]"]},"markov_matrices":{"abs":{"actual":["[[10118, 616, 19, 0, 27], [361, 2625, 600, 0, 119], [180, 332, 11792, 467, 149], [22, 6, 436, 1569, 3], [99, 126, 73, 0, 4542]]"],"predicted":["[[7977, 615, 289, 16, 142], [493, 5566, 484, 0, 265], [373, 282, 10465, 129, 250], [22, 9, 105, 724, 9], [174, 336, 156, 0, 5400]]"]}},"metrics":{"downstream":{"cohen_kappa":[0.5768536015385648],"f1_scores":{"N1":[0.4126319794540093],"N2":[0.763503828985626],"N3":[0.47779690189328744],"REM":[0.6726572528883183],"Wake":[0.7724130972201201],"macro":[0.6198006120882722]},"loss":[2.374886128439832],"precisions":{"N1":[0.3185957696827262],"N2":[0.8106791894947387],"N3":[0.7986191024165707],"REM":[0.60468183316848],"Wake":[0.8467920353982301],"macro":[0.6758735860321492]},"recalls":{"N1":[0.5854251012145749],"N2":[0.7215170278637771],"N3":[0.34086444007858546],"REM":[0.7578512396694215],"Wake":[0.710045450329283],"macro":[0.6231406518311283]}}}},"train":{},"valid_pretraining":{}}