{"earlystopping":{"confusion_matrices":{"abs":["[[984, 253, 59, 75, 189], [167, 261, 256, 120, 27], [93, 440, 1261, 599, 38], [4, 17, 115, 1275, 6], [47, 221, 182, 45, 700]]"]},"markov_matrices":{"abs":{"actual":["[[1273, 229, 40, 1, 17], [112, 387, 291, 0, 41], [103, 174, 2054, 62, 37], [22, 5, 35, 1354, 1], [49, 36, 11, 0, 1099]]"],"predicted":["[[1007, 136, 95, 21, 36], [111, 701, 262, 30, 88], [88, 234, 1308, 169, 73], [35, 33, 146, 1889, 11], [54, 87, 62, 5, 752]]"]}},"metrics":{"downstream":{"cohen_kappa":[0.4960098699646076],"f1_scores":{"N1":[0.25803262481463174],"N2":[0.5859665427509294],"N3":[0.7221750212404418],"REM":[0.6496519721577726],"Wake":[0.6893169877408056],"macro":[0.5810286297409162]},"loss":[1.1090746561686198],"precisions":{"N1":[0.21895973154362416],"N2":[0.6732514682327816],"N3":[0.6031220435193945],"REM":[0.7291666666666666],"Wake":[0.7598455598455598],"macro":[0.5968690939616053]},"recalls":{"N1":[0.3140794223826715],"N2":[0.5187165775401069],"N3":[0.899788285109386],"REM":[0.5857740585774058],"Wake":[0.6307692307692307],"macro":[0.5898255148757602]}}}},"test":{"confusion_matrices":{"abs":["[[3330, 510, 336, 321, 359], [601, 780, 874, 349, 126], [229, 1100, 3738, 1879, 157], [1, 61, 519, 3524, 25], [187, 561, 569, 284, 1374]]"]},"markov_matrices":{"abs":{"actual":["[[4051, 689, 82, 1, 32], [350, 1373, 861, 3, 143], [263, 497, 5960, 282, 101], [67, 39, 179, 3844, 1], [124, 132, 21, 0, 2698]]"],"predicted":["[[3553, 406, 244, 49, 95], [314, 1609, 738, 141, 210], [257, 652, 4468, 477, 182], [92, 153, 407, 5645, 60], [132, 191, 179, 45, 1494]]"]}},"metrics":{"downstream":{"cohen_kappa":[0.4676838091889197],"f1_scores":{"N1":[0.2716823406478579],"N2":[0.5689930740543421],"N3":[0.6720701821302565],"REM":[0.5478468899521531],"Wake":[0.7235984354628422],"macro":[0.5568381844494904]},"loss":[1.2549099589503088],"precisions":{"N1":[0.2589641434262948],"N2":[0.6192842942345924],"N3":[0.554349535944628],"REM":[0.6731994120529152],"Wake":[0.765869365225391],"macro":[0.5743333501767643]},"recalls":{"N1":[0.2857142857142857],"N2":[0.5262565113332395],"N3":[0.853268765133172],"REM":[0.4618487394957983],"Wake":[0.6857495881383855],"macro":[0.5625675779629762]}}}},"train":{},"valid_pretraining":{}}