{
    "earlystopping": {
        "confusion_matrices": {
            "abs": [
                "[[1126, 75, 117, 0, 168], [43, 73, 179, 0, 166], [110, 46, 3171, 241, 260], [8, 0, 180, 838, 0], [16, 1, 42, 0, 1148]]"
            ]
        },
        "markov_matrices": {
            "abs": {
                "actual": [
                    "[[1212, 234, 24, 0, 15], [70, 143, 236, 0, 12], [144, 80, 3479, 94, 31], [13, 1, 80, 932, 0], [46, 3, 9, 0, 1149]]"
                ],
                "predicted": [
                    "[[1108, 67, 50, 1, 77], [13, 99, 56, 0, 27], [86, 15, 3437, 73, 78], [8, 0, 66, 1005, 0], [87, 14, 80, 0, 1560]]"
                ]
            }
        },
        "metrics": {
            "downstream": {
                "cohen_kappa": [
                    0.7045122140067679
                ],
                "f1_scores": {
                    "N1": [
                        0.2225609756097561
                    ],
                    "N2": [
                        0.8436876413462817
                    ],
                    "N3": [
                        0.7961995249406175
                    ],
                    "REM": [
                        0.778569006442862
                    ],
                    "Wake": [
                        0.8074578702043744
                    ],
                    "macro": [
                        0.6896950037087783
                    ]
                },
                "loss": [
                    1.349778652191162
                ],
                "precisions": {
                    "N1": [
                        0.37435897435897436
                    ],
                    "N2": [
                        0.8595825426944972
                    ],
                    "N3": [
                        0.7766450417052827
                    ],
                    "REM": [
                        0.6590126291618829
                    ],
                    "Wake": [
                        0.86415963161934
                    ],
                    "macro": [
                        0.7067517639079954
                    ]
                },
                "recalls": {
                    "N1": [
                        0.15835140997830802
                    ],
                    "N2": [
                        0.8283699059561128
                    ],
                    "N3": [
                        0.8167641325536062
                    ],
                    "REM": [
                        0.9511184755592378
                    ],
                    "Wake": [
                        0.7577388963660835
                    ],
                    "macro": [
                        0.7024685640826698
                    ]
                }
            }
        }
    },
    "test": {
        "confusion_matrices": {
            "abs": [
                "[[1258, 109, 146, 8, 692], [136, 132, 295, 6, 265], [168, 45, 5514, 393, 478], [2, 0, 275, 1235, 3], [18, 1, 181, 0, 2449]]"
            ]
        },
        "markov_matrices": {
            "abs": {
                "actual": [
                    "[[1846, 336, 22, 0, 8], [106, 332, 383, 0, 13], [188, 148, 6049, 144, 69], [24, 1, 119, 1371, 0], [48, 17, 25, 0, 2559]]"
                ],
                "predicted": [
                    "[[1241, 120, 98, 12, 111], [27, 133, 100, 0, 27], [158, 22, 5946, 131, 154], [26, 2, 112, 1494, 8], [130, 10, 154, 5, 3587]]"
                ]
            }
        },
        "metrics": {
            "downstream": {
                "cohen_kappa": [
                    0.6626921677521809
                ],
                "f1_scores": {
                    "N1": [
                        0.23550401427297052
                    ],
                    "N2": [
                        0.84772080867092
                    ],
                    "N3": [
                        0.7823883433639531
                    ],
                    "REM": [
                        0.7493880048959609
                    ],
                    "Wake": [
                        0.6629776021080369
                    ],
                    "macro": [
                        0.6555957546623683
                    ]
                },
                "loss": [
                    1.757563555682147
                ],
                "precisions": {
                    "N1": [
                        0.45993031358885017
                    ],
                    "N2": [
                        0.8600842302292934
                    ],
                    "N3": [
                        0.7521315468940317
                    ],
                    "REM": [
                        0.6300488808850013
                    ],
                    "Wake": [
                        0.7951959544879899
                    ],
                    "macro": [
                        0.6994781852170333
                    ]
                },
                "recalls": {
                    "N1": [
                        0.15827338129496402
                    ],
                    "N2": [
                        0.8357077902394665
                    ],
                    "N3": [
                        0.8151815181518152
                    ],
                    "REM": [
                        0.9244998112495281
                    ],
                    "Wake": [
                        0.5684591052869408
                    ],
                    "macro": [
                        0.6604243212445429
                    ]
                }
            }
        }
    },
    "train": {},
    "valid_pretraining": {}
}
