{"earlystopping":{"confusion_matrices":{"abs":["[[2838, 174, 2206, 161, 707], [959, 61, 445, 28, 267], [2969, 132, 2464, 228, 704], [862, 73, 443, 115, 56], [1487, 29, 334, 19, 883]]"]},"markov_matrices":{"abs":{"actual":["[[5819, 253, 12, 0, 1], [157, 1185, 319, 2, 97], [66, 186, 5820, 317, 108], [7, 16, 296, 1230, 0], [36, 120, 50, 0, 2546]]"],"predicted":["[[6990, 156, 1222, 131, 616], [127, 164, 107, 30, 41], [1191, 86, 4121, 144, 349], [133, 24, 132, 228, 34], [673, 39, 310, 18, 1577]]"]}},"metrics":{"downstream":{"cohen_kappa":[0.06514987151213436],"f1_scores":{"N1":[0.0547330641543293],"N2":[0.39777221728953105],"N3":[0.10952380952380952],"REM":[0.32892531197615943],"Wake":[0.3733964870732189],"macro":[0.2528701780034096]},"loss":[3.1534997063714103],"precisions":{"N1":[0.1300639658848614],"N2":[0.418194161575017],"N3":[0.20871143375680581],"REM":[0.33740924722965226],"Wake":[0.3113549094898519],"macro":[0.2811467435872377]},"recalls":{"N1":[0.03465909090909091],"N2":[0.379251962444205],"N3":[0.07424144609425436],"REM":[0.32085755813953487],"Wake":[0.46631613539270456],"macro":[0.2550652385959579]}}}},"test":{"confusion_matrices":{"abs":["[[4513, 195, 3689, 159, 1126], [1760, 110, 571, 73, 485], [5520, 311, 5090, 533, 1312], [1004, 77, 795, 203, 95], [2634, 67, 385, 21, 1530]]"]},"markov_matrices":{"abs":{"actual":["[[9241, 410, 25, 0, 5], [217, 2136, 559, 2, 85], [152, 323, 11813, 339, 139], [16, 13, 311, 1833, 1], [55, 117, 58, 0, 4407]]"],"predicted":["[[12053, 247, 1862, 241, 1028], [203, 279, 164, 47, 67], [1856, 123, 7722, 260, 568], [210, 49, 272, 412, 46], [1108, 62, 510, 29, 2839]]"]}},"metrics":{"downstream":{"cohen_kappa":[0.08188619512481443],"f1_scores":{"N1":[0.05852620377760043],"N2":[0.4369848901098901],"N3":[0.12835915270312995],"REM":[0.3331518780620577],"Wake":[0.3594154422012503],"macro":[0.26328751337078565]},"loss":[3.293442487716675],"precisions":{"N1":[0.14473684210526316],"N2":[0.48338081671415006],"N3":[0.20525783619817997],"REM":[0.33641160949868076],"Wake":[0.29246322338150477],"macro":[0.2924500655795558]},"recalls":{"N1":[0.03667889296432144],"N2":[0.3987153376155413],"N3":[0.09337626494940203],"REM":[0.32995471209833943],"Wake":[0.4661227019210907],"macro":[0.26496958190973896]}}}},"train":{},"valid_pretraining":{}}