{"earlystopping":{"confusion_matrices":{"abs":["[[5361, 500, 41, 0, 184], [634, 115, 385, 18, 608], [522, 25, 4908, 150, 892], [40, 0, 992, 512, 5], [732, 4, 196, 21, 1799]]"]},"markov_matrices":{"abs":{"actual":["[[5819, 253, 12, 0, 1], [157, 1185, 319, 2, 97], [66, 186, 5820, 317, 108], [7, 16, 296, 1230, 0], [36, 120, 50, 0, 2546]]"],"predicted":["[[6569, 216, 152, 8, 343], [200, 359, 24, 0, 61], [149, 14, 5938, 194, 227], [24, 0, 178, 499, 0], [346, 55, 230, 0, 2857]]"]}},"metrics":{"downstream":{"cohen_kappa":[0.5546482396801079],"f1_scores":{"N1":[0.0956738768718802],"N2":[0.7539749596743222],"N3":[0.45511111111111113],"REM":[0.576602564102564],"Wake":[0.8016448598130841],"macro":[0.5366014743145924]},"loss":[2.9784933554159627],"precisions":{"N1":[0.17857142857142858],"N2":[0.7525298988040479],"N3":[0.7303851640513552],"REM":[0.5157683486238532],"Wake":[0.7354918370146797],"macro":[0.5825493354130729]},"recalls":{"N1":[0.06534090909090909],"N2":[0.7554255810374019],"N3":[0.33053582956746286],"REM":[0.6537063953488372],"Wake":[0.880874137364443],"macro":[0.5371765704818109]}}}},"test":{"confusion_matrices":{"abs":["[[9101, 367, 58, 1, 155], [1685, 106, 497, 3, 708], [1082, 34, 9045, 69, 2536], [21, 0, 1405, 744, 4], [1863, 11, 170, 0, 2593]]"]},"markov_matrices":{"abs":{"actual":["[[9241, 410, 25, 0, 5], [217, 2136, 559, 2, 85], [152, 323, 11813, 339, 139], [16, 13, 311, 1833, 1], [55, 117, 58, 0, 4407]]"],"predicted":["[[12759, 191, 248, 1, 552], [174, 269, 27, 0, 48], [263, 15, 10304, 211, 382], [14, 2, 196, 605, 0], [541, 41, 400, 0, 5014]]"]}},"metrics":{"downstream":{"cohen_kappa":[0.5308853409528674],"f1_scores":{"N1":[0.060278646573784476],"N2":[0.755607535190677],"N3":[0.4974924774322969],"REM":[0.4877268879902191],"Wake":[0.776734659042417],"macro":[0.515568041245879]},"loss":[3.3014116287231445],"precisions":{"N1":[0.20463320463320464],"N2":[0.8093959731543624],"N3":[0.9106487148102815],"REM":[0.43245496997998667],"Wake":[0.6617946480511926],"macro":[0.6037855021258055]},"recalls":{"N1":[0.035345115038346114],"N2":[0.7085226382578724],"N3":[0.3422263109475621],"REM":[0.5591977571705844],"Wake":[0.939991737244371],"macro":[0.5170567117317472]}}}},"train":{},"valid_pretraining":{}}