{"earlystopping":{"confusion_matrices":{"abs":["[[952, 118, 362, 8, 46], [91, 72, 282, 4, 12], [229, 140, 3186, 238, 35], [5, 2, 424, 594, 1], [259, 84, 451, 2, 411]]"]},"markov_matrices":{"abs":{"actual":["[[1212, 234, 24, 0, 15], [70, 143, 236, 0, 12], [144, 80, 3479, 94, 31], [13, 1, 80, 932, 0], [46, 3, 9, 0, 1149]]"],"predicted":["[[1103, 165, 198, 9, 60], [63, 139, 199, 0, 15], [286, 96, 4139, 118, 66], [15, 1, 110, 719, 1], [68, 15, 59, 0, 363]]"]}},"metrics":{"downstream":{"cohen_kappa":[0.46955845748947345],"f1_scores":{"N1":[0.16419612314709237],"N2":[0.7467479198406187],"N3":[0.6346153846153846],"REM":[0.48014018691588795],"Wake":[0.6300463269358041],"macro":[0.5311491882909576]},"loss":[1.930850625038147],"precisions":{"N1":[0.17307692307692307],"N2":[0.6771519659936238],"N3":[0.7021276595744681],"REM":[0.8138613861386138],"Wake":[0.6197916666666666],"macro":[0.597201920290059]},"recalls":{"N1":[0.1561822125813449],"N2":[0.8322884012539185],"N3":[0.5789473684210527],"REM":[0.34051367025683515],"Wake":[0.6406460296096904],"macro":[0.5097155364245682]}}}},"test":{"confusion_matrices":{"abs":["[[989, 144, 592, 15, 473], [200, 150, 363, 10, 111], [331, 280, 5345, 283, 359], [10, 2, 648, 854, 1], [363, 106, 1082, 4, 1094]]"]},"markov_matrices":{"abs":{"actual":["[[1846, 336, 22, 0, 8], [106, 332, 383, 0, 13], [188, 148, 6049, 144, 69], [24, 1, 119, 1371, 0], [48, 17, 25, 0, 2559]]"],"predicted":["[[1159, 252, 277, 8, 197], [115, 241, 272, 1, 53], [370, 141, 7088, 203, 227], [21, 1, 190, 953, 1], [228, 47, 202, 1, 1560]]"]}},"metrics":{"downstream":{"cohen_kappa":[0.4096915990308164],"f1_scores":{"N1":[0.19788918205804745],"N2":[0.7307902652447361],"N3":[0.6370757180156658],"REM":[0.4668231278002987],"Wake":[0.4817340477350219],"macro":[0.502862468170754]},"loss":[2.1239937676323786],"precisions":{"N1":[0.21994134897360704],"N2":[0.6656288916562889],"N3":[0.7324185248713551],"REM":[0.5368007850834151],"Wake":[0.5224511357633386],"macro":[0.5354481372696009]},"recalls":{"N1":[0.17985611510791366],"N2":[0.8100939678690512],"N3":[0.5636963696369637],"REM":[0.41298603246508114],"Wake":[0.44690465431540893],"macro":[0.4827074278788837]}}}},"train":{},"valid_pretraining":{}}