{"earlystopping":{"confusion_matrices":{"abs":["[[2522, 1, 2250, 49, 1264], [125, 3, 1200, 52, 380], [81, 3, 5281, 478, 654], [5, 1, 776, 748, 19], [276, 2, 828, 31, 1615]]"]},"markov_matrices":{"abs":{"actual":["[[5819, 253, 12, 0, 1], [157, 1185, 319, 2, 97], [66, 186, 5820, 317, 108], [7, 16, 296, 1230, 0], [36, 120, 50, 0, 2546]]"],"predicted":["[[2261, 0, 386, 29, 333], [1, 0, 5, 1, 3], [400, 7, 9005, 317, 605], [24, 0, 316, 980, 38], [322, 3, 623, 31, 2953]]"]}},"metrics":{"downstream":{"cohen_kappa":[0.36593294584169134],"f1_scores":{"N1":[0.003389830508474576],"N2":[0.627495247148289],"N3":[0.5146198830409356],"REM":[0.4832435667265111],"Wake":[0.5545904343045629],"macro":[0.4366677923457546]},"loss":[2.199233390189506],"precisions":{"N1":[0.3],"N2":[0.5109820996613449],"N3":[0.5508100147275405],"REM":[0.4107324516785351],"Wake":[0.838152210036557],"macro":[0.5221353552207955]},"recalls":{"N1":[0.0017045454545454545],"N2":[0.812836693858704],"N3":[0.4828921885087153],"REM":[0.5868459302325582],"Wake":[0.4143936904370687],"macro":[0.4597346096983184]}}}},"test":{"confusion_matrices":{"abs":["[[4159, 5, 3719, 207, 1592], [262, 3, 2018, 56, 660], [174, 3, 10530, 679, 1380], [12, 0, 1066, 1015, 81], [626, 6, 1094, 24, 2887]]"]},"markov_matrices":{"abs":{"actual":["[[9241, 410, 25, 0, 5], [217, 2136, 559, 2, 85], [152, 323, 11813, 339, 139], [16, 13, 311, 1833, 1], [55, 117, 58, 0, 4407]]"],"predicted":["[[3822, 3, 814, 71, 523], [4, 1, 2, 1, 9], [784, 9, 16060, 462, 1111], [71, 0, 464, 1380, 66], [552, 4, 1086, 67, 4891]]"]}},"metrics":{"downstream":{"cohen_kappa":[0.3875696162610246],"f1_scores":{"N1":[0.001989389920424403],"N2":[0.675151476292758],"N3":[0.48856799037304455],"REM":[0.5138382130461867],"Wake":[0.5576935970499497],"macro":[0.4474481333364727]},"loss":[2.0108232498168945],"precisions":{"N1":[0.17647058823529413],"N2":[0.5714440766266891],"N3":[0.5123674911660777],"REM":[0.43742424242424244],"Wake":[0.7947639977068603],"macro":[0.49849407923183275]},"recalls":{"N1":[0.0010003334444814939],"N2":[0.824847250509165],"N3":[0.4668813247470101],"REM":[0.6226008194953634],"Wake":[0.42956000826275564],"macro":[0.4689779472917551]}}}},"train":{},"valid_pretraining":{}}