{"earlystopping":{"confusion_matrices":{"abs":["[[1136, 96, 223, 2, 29], [46, 99, 298, 2, 16], [173, 78, 3279, 240, 58], [11, 12, 239, 753, 11], [21, 122, 524, 0, 540]]"]},"markov_matrices":{"abs":{"actual":["[[1212, 234, 24, 0, 15], [70, 143, 236, 0, 12], [144, 80, 3479, 94, 31], [13, 1, 80, 932, 0], [46, 3, 9, 0, 1149]]"],"predicted":["[[1146, 82, 108, 24, 26], [25, 172, 162, 7, 41], [127, 99, 4096, 119, 122], [29, 9, 106, 842, 11], [59, 45, 91, 5, 454]]"]}},"metrics":{"downstream":{"cohen_kappa":[0.5862522746830503],"f1_scores":{"N1":[0.22811059907834103],"N2":[0.781551662495531],"N3":[0.7444389520514089],"REM":[0.5803331542181623],"Wake":[0.7908109989557953],"macro":[0.6250490733598477]},"loss":[2.063502073287964],"precisions":{"N1":[0.24324324324324326],"N2":[0.7186061801446417],"N3":[0.7552657973921765],"REM":[0.8256880733944955],"Wake":[0.8190338860850757],"macro":[0.6723674360519265]},"recalls":{"N1":[0.21475054229934923],"N2":[0.8565830721003135],"N3":[0.7339181286549707],"REM":[0.44739022369511183],"Wake":[0.7644683714670256],"macro":[0.6034220676433542]}}}},"test":{"confusion_matrices":{"abs":["[[1454, 173, 456, 15, 115], [209, 208, 282, 0, 135], [358, 259, 5348, 273, 360], [35, 11, 573, 870, 26], [122, 129, 1155, 17, 1226]]"]},"markov_matrices":{"abs":{"actual":["[[1846, 336, 22, 0, 8], [106, 332, 383, 0, 13], [188, 148, 6049, 144, 69], [24, 1, 119, 1371, 0], [48, 17, 25, 0, 2559]]"],"predicted":["[[1693, 140, 227, 22, 95], [47, 390, 269, 5, 69], [273, 171, 6879, 150, 341], [34, 5, 134, 988, 14], [131, 74, 304, 10, 1343]]"]}},"metrics":{"downstream":{"cohen_kappa":[0.4884254753210887],"f1_scores":{"N1":[0.25774473358116484],"N2":[0.7421593116847071],"N3":[0.6468401486988846],"REM":[0.5435601862114829],"Wake":[0.6622637212480073],"macro":[0.5705136202848493]},"loss":[2.351641054506655],"precisions":{"N1":[0.26666666666666666],"N2":[0.6844125927821858],"N3":[0.7404255319148936],"REM":[0.6584317937701396],"Wake":[0.667584940312213],"macro":[0.6035043050892197]},"recalls":{"N1":[0.24940047961630696],"N2":[0.8105486511063958],"N3":[0.5742574257425742],"REM":[0.4628161570403926],"Wake":[0.6570266606416629],"macro":[0.5508098748294665]}}}},"train":{},"valid_pretraining":{}}