{
    "earlystopping": {
        "confusion_matrices": {
            "abs": [
                "[[869, 33, 470, 4, 112], [92, 24, 275, 1, 79], [53, 7, 3515, 198, 67], [3, 0, 251, 665, 0], [100, 4, 277, 4, 781]]"
            ]
        },
        "markov_matrices": {
            "abs": {
                "actual": [
                    "[[1224, 231, 17, 0, 15], [74, 164, 222, 0, 11], [132, 73, 3531, 73, 31], [11, 0, 62, 846, 0], [46, 3, 8, 0, 1109]]"
                ],
                "predicted": [
                    "[[948, 40, 114, 0, 15], [19, 22, 19, 0, 8], [132, 3, 4470, 84, 98], [4, 0, 80, 781, 7], [13, 3, 105, 7, 911]]"
                ]
            }
        },
        "metrics": {
            "downstream": {
                "cohen_kappa": [
                    0.6005318414748991
                ],
                "f1_scores": {
                    "N1": [
                        0.08905380333951762
                    ],
                    "N2": [
                        0.8147890588780713
                    ],
                    "N3": [
                        0.7426018983807928
                    ],
                    "REM": [
                        0.7083900226757369
                    ],
                    "Wake": [
                        0.6671785028790788
                    ],
                    "macro": [
                        0.6044026572306395
                    ]
                },
                "loss": [
                    2.576923131942749
                ],
                "precisions": {
                    "N1": [
                        0.35294117647058826
                    ],
                    "N2": [
                        0.7341269841269841
                    ],
                    "N3": [
                        0.7626146788990825
                    ],
                    "REM": [
                        0.7516843118383061
                    ],
                    "Wake": [
                        0.7779767233661593
                    ],
                    "macro": [
                        0.675868774940224
                    ]
                },
                "recalls": {
                    "N1": [
                        0.050955414012738856
                    ],
                    "N2": [
                        0.9153645833333334
                    ],
                    "N3": [
                        0.7236126224156693
                    ],
                    "REM": [
                        0.6698113207547169
                    ],
                    "Wake": [
                        0.584005376344086
                    ],
                    "macro": [
                        0.5887498633721089
                    ]
                }
            }
        }
    },
    "test": {
        "confusion_matrices": {
            "abs": [
                "[[1130, 64, 1002, 15, 305], [36, 67, 391, 5, 207], [25, 9, 5703, 329, 465], [0, 0, 564, 963, 0], [16, 1, 696, 25, 1433]]"
            ]
        },
        "markov_matrices": {
            "abs": {
                "actual": [
                    "[[2107, 335, 57, 1, 15], [101, 257, 328, 0, 20], [233, 100, 5972, 176, 50], [18, 3, 155, 1350, 1], [56, 11, 19, 0, 2085]]"
                ],
                "predicted": [
                    "[[942, 80, 152, 1, 32], [37, 43, 42, 0, 19], [178, 11, 7804, 152, 210], [7, 1, 148, 1179, 2], [43, 6, 209, 5, 2147]]"
                ]
            }
        },
        "metrics": {
            "downstream": {
                "cohen_kappa": [
                    0.5179759426212986
                ],
                "f1_scores": {
                    "N1": [
                        0.15820543093270367
                    ],
                    "N2": [
                        0.7661718277691947
                    ],
                    "N3": [
                        0.6724860335195532
                    ],
                    "REM": [
                        0.6256275922287711
                    ],
                    "Wake": [
                        0.6070373354821381
                    ],
                    "macro": [
                        0.5659056439864721
                    ]
                },
                "loss": [
                    3.530715094672309
                ],
                "precisions": {
                    "N1": [
                        0.475177304964539
                    ],
                    "N2": [
                        0.682503590234562
                    ],
                    "N3": [
                        0.7202692595362753
                    ],
                    "REM": [
                        0.5946058091286307
                    ],
                    "Wake": [
                        0.9362054681027341
                    ],
                    "macro": [
                        0.6817522863933483
                    ]
                },
                "recalls": {
                    "N1": [
                        0.09490084985835694
                    ],
                    "N2": [
                        0.8732200275608636
                    ],
                    "N3": [
                        0.630648330058939
                    ],
                    "REM": [
                        0.6600644864117918
                    ],
                    "Wake": [
                        0.4491255961844197
                    ],
                    "macro": [
                        0.5415918580148743
                    ]
                }
            }
        }
    },
    "train": {},
    "valid_pretraining": {}
}
