{"earlystopping":{"confusion_matrices":{"abs":["[[7814, 53, 42, 6, 43], [671, 335, 675, 47, 218], [144, 182, 5550, 568, 184], [8, 1, 427, 1094, 1], [197, 55, 338, 15, 2177]]"]},"markov_matrices":{"abs":{"actual":["[[7584, 353, 15, 0, 5], [200, 1236, 385, 2, 123], [98, 210, 5964, 245, 111], [13, 14, 220, 1284, 0], [62, 133, 44, 0, 2543]]"],"predicted":["[[8336, 203, 190, 5, 99], [89, 257, 233, 2, 45], [220, 124, 6272, 244, 172], [27, 8, 213, 1479, 3], [161, 34, 124, 0, 2304]]"]}},"metrics":{"downstream":{"cohen_kappa":[0.7364112847256753],"f1_scores":{"N1":[0.26049766718507],"N2":[0.8125915080527086],"N3":[0.6709598282735357],"REM":[0.805550416281221],"Wake":[0.9306812767984755],"macro":[0.6960561393182022]},"loss":[1.418342311207841],"precisions":{"N1":[0.5351437699680511],"N2":[0.7892491467576792],"N3":[0.6323699421965318],"REM":[0.8299656881433473],"Wake":[0.8845370160742585],"macro":[0.7342531126279735]},"recalls":{"N1":[0.1721479958890031],"N2":[0.8373566686783344],"N3":[0.7145656433703462],"REM":[0.7825305535585909],"Wake":[0.9819050012565972],"macro":[0.6977011725505744]}}}},"test":{"confusion_matrices":{"abs":["[[11654, 179, 529, 15, 171], [1501, 642, 1701, 122, 526], [628, 489, 9541, 993, 514], [34, 2, 538, 2026, 1], [624, 52, 697, 22, 3177]]"]},"markov_matrices":{"abs":{"actual":["[[11874, 617, 28, 3, 25], [348, 3420, 622, 0, 102], [199, 328, 10935, 568, 135], [29, 16, 522, 2030, 4], [97, 111, 58, 0, 4306]]"],"predicted":["[[13658, 358, 253, 1, 170], [169, 682, 396, 3, 114], [327, 223, 11647, 484, 325], [25, 7, 455, 2688, 3], [261, 94, 255, 2, 3777]]"]}},"metrics":{"downstream":{"cohen_kappa":[0.6422259346151196],"f1_scores":{"N1":[0.2192622950819672],"N2":[0.7580946327122482],"N3":[0.701159370133241],"REM":[0.7090726481419485],"Wake":[0.8636111008188522],"macro":[0.6502400093776515]},"loss":[2.2530579037136502],"precisions":{"N1":[0.4706744868035191],"N2":[0.7335844994617868],"N3":[0.6375078665827565],"REM":[0.7238550922761449],"Wake":[0.807007824942871],"macro":[0.6745259540134156]},"recalls":{"N1":[0.1429207479964381],"N2":[0.7842992190711057],"N3":[0.7789311803152633],"REM":[0.6948818897637795],"Wake":[0.928753586228881],"macro":[0.6659573246750935]}}}},"train":{},"valid_pretraining":{}}