{
    "earlystopping": {
        "confusion_matrices": {
            "abs": [
                "[[1290, 60, 116, 0, 20], [97, 144, 190, 0, 30], [80, 42, 3552, 69, 85], [10, 0, 306, 708, 2], [24, 43, 167, 0, 973]]"
            ]
        },
        "markov_matrices": {
            "abs": {
                "actual": [
                    "[[1212, 234, 24, 0, 15], [70, 143, 236, 0, 12], [144, 80, 3479, 94, 31], [13, 1, 80, 932, 0], [46, 3, 9, 0, 1149]]"
                ],
                "predicted": [
                    "[[1263, 171, 44, 0, 22], [57, 74, 140, 0, 18], [127, 34, 4033, 57, 80], [7, 1, 48, 718, 3], [46, 9, 66, 2, 987]]"
                ]
            }
        },
        "metrics": {
            "downstream": {
                "cohen_kappa": [
                    0.7505423964504622
                ],
                "f1_scores": {
                    "N1": [
                        0.384
                    ],
                    "N2": [
                        0.87069493810516
                    ],
                    "N3": [
                        0.7853577371048253
                    ],
                    "REM": [
                        0.8398791540785498
                    ],
                    "Wake": [
                        0.8637428858386341
                    ],
                    "macro": [
                        0.7487349430254339
                    ]
                },
                "loss": [
                    0.6760073304176331
                ],
                "precisions": {
                    "N1": [
                        0.4982698961937716
                    ],
                    "N2": [
                        0.8201339182636804
                    ],
                    "N3": [
                        0.9111969111969112
                    ],
                    "REM": [
                        0.8765765765765766
                    ],
                    "Wake": [
                        0.8594270486342438
                    ],
                    "macro": [
                        0.7931208701730368
                    ]
                },
                "recalls": {
                    "N1": [
                        0.3123644251626898
                    ],
                    "N2": [
                        0.9278996865203761
                    ],
                    "N3": [
                        0.6900584795321637
                    ],
                    "REM": [
                        0.8061309030654515
                    ],
                    "Wake": [
                        0.8681022880215343
                    ],
                    "macro": [
                        0.7209111564604431
                    ]
                }
            }
        }
    },
    "test": {
        "confusion_matrices": {
            "abs": [
                "[[1409, 73, 434, 16, 281], [127, 281, 297, 1, 128], [57, 77, 5902, 215, 347], [1, 0, 426, 1085, 3], [20, 22, 398, 0, 2209]]"
            ]
        },
        "markov_matrices": {
            "abs": {
                "actual": [
                    "[[1846, 336, 22, 0, 8], [106, 332, 383, 0, 13], [188, 148, 6049, 144, 69], [24, 1, 119, 1371, 0], [48, 17, 25, 0, 2559]]"
                ],
                "predicted": [
                    "[[1258, 253, 67, 1, 34], [76, 138, 226, 0, 13], [206, 42, 6868, 114, 227], [18, 1, 97, 1198, 3], [56, 19, 198, 4, 2691]]"
                ]
            }
        },
        "metrics": {
            "downstream": {
                "cohen_kappa": [
                    0.6838685166063905
                ],
                "f1_scores": {
                    "N1": [
                        0.4366744366744367
                    ],
                    "N2": [
                        0.839843472073995
                    ],
                    "N3": [
                        0.7662429378531074
                    ],
                    "REM": [
                        0.7865408581093111
                    ],
                    "Wake": [
                        0.7363470081003397
                    ],
                    "macro": [
                        0.713129742562238
                    ]
                },
                "loss": [
                    0.8737036387125651
                ],
                "precisions": {
                    "N1": [
                        0.6203090507726269
                    ],
                    "N2": [
                        0.7914711009789459
                    ],
                    "N3": [
                        0.8238420652999241
                    ],
                    "REM": [
                        0.7442722371967655
                    ],
                    "Wake": [
                        0.8729863692688972
                    ],
                    "macro": [
                        0.7705761647034318
                    ]
                },
                "recalls": {
                    "N1": [
                        0.3369304556354916
                    ],
                    "N2": [
                        0.8945134889360412
                    ],
                    "N3": [
                        0.7161716171617162
                    ],
                    "REM": [
                        0.8338995847489619
                    ],
                    "Wake": [
                        0.6366922729326706
                    ],
                    "macro": [
                        0.6836414838829763
                    ]
                }
            }
        }
    },
    "train": {},
    "valid_pretraining": {}
}
