{"earlystopping":{"confusion_matrices":{"abs":["[[6619, 723, 218, 12, 88], [186, 607, 980, 17, 137], [20, 373, 6385, 213, 115], [0, 0, 726, 389, 13], [13, 107, 666, 10, 2045]]"]},"markov_matrices":{"abs":{"actual":["[[7290, 345, 19, 0, 5], [197, 1257, 361, 3, 109], [94, 200, 6433, 271, 108], [13, 13, 248, 854, 0], [65, 112, 45, 0, 2619]]"],"predicted":["[[6565, 209, 43, 3, 17], [163, 1288, 302, 0, 57], [81, 247, 8212, 244, 191], [4, 1, 241, 391, 4], [24, 65, 177, 3, 2129]]"]}},"metrics":{"downstream":{"cohen_kappa":[0.6817351183901625],"f1_scores":{"N1":[0.3248595129783249],"N2":[0.7941048442261054],"N3":[0.43979649519502545],"REM":[0.780683336514602],"Wake":[0.9130914608911574],"macro":[0.650507129961043]},"loss":[1.1288012062631003],"precisions":{"N1":[0.33535911602209945],"N2":[0.7114206128133704],"N3":[0.6068642745709828],"REM":[0.8527939949958299],"Wake":[0.967973091547236],"macro":[0.6948822179899037]},"recalls":{"N1":[0.31499740529320186],"N2":[0.8985364480720518],"N3":[0.3448581560283688],"REM":[0.7198169658570925],"Wake":[0.8640992167101827],"macro":[0.6284616383921795]}}}},"test":{"confusion_matrices":{"abs":["[[9366, 779, 233, 34, 369], [1263, 834, 1152, 2, 454], [583, 999, 10586, 107, 645], [93, 7, 1203, 687, 46], [591, 344, 764, 6, 3135]]"]},"markov_matrices":{"abs":{"actual":["[[10118, 616, 19, 0, 27], [361, 2625, 600, 0, 119], [180, 332, 11792, 467, 149], [22, 6, 436, 1569, 3], [99, 126, 73, 0, 4542]]"],"predicted":["[[11092, 379, 232, 7, 185], [320, 2011, 444, 0, 188], [275, 387, 12703, 245, 328], [9, 4, 244, 566, 13], [199, 182, 315, 18, 3935]]"]}},"metrics":{"downstream":{"cohen_kappa":[0.6012669499488927],"f1_scores":{"N1":[0.2501499700059988],"N2":[0.7882939906173208],"N3":[0.47841225626740946],"REM":[0.6607650964274423],"Wake":[0.826035189839926],"macro":[0.6007313006316194]},"loss":[1.4012767734812266],"precisions":{"N1":[0.28147148160647995],"N2":[0.7595063854211508],"N3":[0.8217703349282297],"REM":[0.6743385674338568],"Wake":[0.7873234700739744],"macro":[0.6648820478927384]},"recalls":{"N1":[0.2251012145748988],"N2":[0.8193498452012384],"N3":[0.337426326129666],"REM":[0.6477272727272727],"Wake":[0.8687505797235878],"macro":[0.5796710476713327]}}}},"train":{},"valid_pretraining":{}}