{"earlystopping":{"confusion_matrices":{"abs":["[[1050, 113, 40, 12, 36], [360, 105, 194, 6, 176], [242, 58, 1984, 185, 252], [4, 3, 319, 1192, 2], [129, 131, 74, 7, 730]]"]},"markov_matrices":{"abs":{"actual":["[[981, 212, 41, 1, 16], [91, 401, 312, 1, 36], [102, 188, 2320, 72, 38], [30, 5, 38, 1446, 1], [46, 35, 10, 0, 980]]"],"predicted":["[[1506, 79, 114, 8, 78], [66, 221, 59, 6, 58], [122, 41, 2200, 123, 124], [18, 15, 103, 1263, 3], [73, 54, 135, 1, 933]]"]}},"metrics":{"downstream":{"cohen_kappa":[0.5842391796703378],"f1_scores":{"N1":[0.16786570743405277],"N2":[0.7441860465116279],"N3":[0.8158795345653662],"REM":[0.6440229378032643],"Wake":[0.691699604743083],"macro":[0.6127307662114788]},"loss":[0.9988930384318034],"precisions":{"N1":[0.25609756097560976],"N2":[0.7598621217924167],"N3":[0.8502139800285307],"REM":[0.6103678929765887],"Wake":[0.5882352941176471],"macro":[0.6129553699781586]},"recalls":{"N1":[0.1248513674197384],"N2":[0.729143697170158],"N3":[0.7842105263157895],"REM":[0.6816059757236228],"Wake":[0.8393285371702638],"macro":[0.6318280207599145]}}}},"test":{"confusion_matrices":{"abs":["[[2546, 158, 139, 9, 359], [838, 236, 813, 19, 693], [601, 420, 4890, 363, 648], [12, 23, 1218, 3037, 6], [410, 140, 397, 18, 1846]]"]},"markov_matrices":{"abs":{"actual":["[[2639, 499, 37, 1, 34], [225, 1407, 847, 6, 114], [206, 561, 5876, 194, 85], [45, 19, 132, 4095, 5], [95, 113, 30, 0, 2573]]"],"predicted":["[[3688, 186, 239, 9, 284], [170, 532, 149, 19, 107], [245, 130, 6384, 309, 389], [35, 26, 277, 3098, 10], [268, 103, 408, 11, 2762]]"]}},"metrics":{"downstream":{"cohen_kappa":[0.5190942051975751],"f1_scores":{"N1":[0.1319910514541387],"N2":[0.6801585645733361],"N3":[0.7845517954017049],"REM":[0.5802294515165802],"Wake":[0.6684169073247571],"macro":[0.5690695540541034]},"loss":[1.2190074431590545],"precisions":{"N1":[0.24155578300921188],"N2":[0.6557596888829288],"N3":[0.8813116656993616],"REM":[0.5197072072072072],"Wake":[0.5777172679827547],"macro":[0.5752103225562928]},"recalls":{"N1":[0.0908041554444017],"N2":[0.7064432245015891],"N3":[0.7069366852886406],"REM":[0.6567057986481679],"Wake":[0.7928994082840237],"macro":[0.5907578544333646]}}}},"train":{},"valid_pretraining":{}}