{"earlystopping":{"confusion_matrices":{"abs":["[[1211, 238, 142, 8, 107], [172, 318, 346, 8, 66], [50, 174, 1896, 202, 33], [2, 0, 269, 1111, 0], [70, 108, 113, 0, 802]]"]},"markov_matrices":{"abs":{"actual":["[[1401, 259, 37, 0, 9], [125, 439, 301, 1, 44], [114, 165, 1969, 73, 33], [25, 5, 43, 1308, 1], [40, 42, 5, 0, 1006]]"],"predicted":["[[1292, 155, 34, 0, 24], [61, 527, 189, 0, 60], [86, 92, 2454, 86, 48], [11, 2, 71, 1243, 2], [54, 62, 18, 0, 874]]"]}},"metrics":{"downstream":{"cohen_kappa":[0.6320674880768967],"f1_scores":{"N1":[0.36384439359267734],"N2":[0.7404803749267721],"N3":[0.8196237550719292],"REM":[0.763445978105664],"Wake":[0.7542821550918717],"macro":[0.6883353313577828]},"loss":[0.7134006500244141],"precisions":{"N1":[0.3794749403341289],"N2":[0.6854663774403471],"N3":[0.835966892400301],"REM":[0.7956349206349206],"Wake":[0.8046511627906977],"macro":[0.700238858720079]},"recalls":{"N1":[0.34945054945054943],"N2":[0.8050955414012739],"N3":[0.8039073806078147],"REM":[0.7337602927721867],"Wake":[0.7098475967174678],"macro":[0.6804122721898586]}}}},"test":{"confusion_matrices":{"abs":["[[3851, 507, 411, 20, 251], [562, 1218, 1243, 20, 364], [325, 664, 5732, 217, 171], [59, 20, 902, 2813, 7], [279, 242, 257, 0, 1656]]"]},"markov_matrices":{"abs":{"actual":["[[4102, 786, 104, 4, 43], [364, 1729, 1099, 3, 212], [382, 681, 5745, 228, 73], [56, 29, 147, 3566, 3], [135, 182, 14, 0, 2103]]"],"predicted":["[[4348, 534, 82, 0, 112], [269, 1589, 666, 0, 127], [258, 385, 7599, 173, 129], [19, 4, 149, 2896, 2], [181, 139, 49, 1, 2079]]"]}},"metrics":{"downstream":{"cohen_kappa":[0.6073051813271655],"f1_scores":{"N1":[0.4021129085506768],"N2":[0.7323367829308803],"N3":[0.818803667588415],"REM":[0.6782715543723121],"Wake":[0.7613681296955318],"macro":[0.6785786086275633]},"loss":[0.7936875099359557],"precisions":{"N1":[0.4594492644285175],"N2":[0.6708016383850205],"N3":[0.9162866449511401],"REM":[0.676194365046958],"Wake":[0.7586682427107959],"macro":[0.6962800311044864]},"recalls":{"N1":[0.3574992662166129],"N2":[0.8063018708679139],"N3":[0.7400684030518284],"REM":[0.6803615447822514],"Wake":[0.7640873015873015],"macro":[0.6696636773011816]}}}},"train":{},"valid_pretraining":{}}