{"earlystopping":{"confusion_matrices":{"abs":["[[886, 90, 41, 78, 156], [139, 251, 181, 98, 172], [33, 120, 1446, 858, 264], [1, 1, 60, 1448, 10], [34, 38, 27, 16, 956]]"]},"markov_matrices":{"abs":{"actual":["[[981, 212, 41, 1, 16], [91, 401, 312, 1, 36], [102, 188, 2320, 72, 38], [30, 5, 38, 1446, 1], [46, 35, 10, 0, 980]]"],"predicted":["[[871, 106, 46, 11, 59], [57, 256, 74, 28, 84], [65, 47, 1403, 125, 115], [25, 24, 110, 2306, 33], [74, 67, 122, 28, 1267]]"]}},"metrics":{"downstream":{"cohen_kappa":[0.5817881751157501],"f1_scores":{"N1":[0.3743475018642804],"N2":[0.646112600536193],"N3":[0.7207565953210553],"REM":[0.7272727272727273],"Wake":[0.7559726962457338],"macro":[0.6448924242479979]},"loss":[1.9007606506347656],"precisions":{"N1":[0.502],"N2":[0.8239316239316239],"N3":[0.5796637309847879],"REM":[0.613607188703466],"Wake":[0.8106129917657823],"macro":[0.665963107077132]},"recalls":{"N1":[0.2984542211652794],"N2":[0.5314222712238148],"N3":[0.9526315789473684],"REM":[0.892623716153128],"Wake":[0.7082334132693845],"macro":[0.676673040151795]}}}},"test":{"confusion_matrices":{"abs":["[[1588, 229, 1029, 71, 294], [185, 409, 1362, 212, 431], [120, 333, 4353, 1486, 630], [0, 12, 374, 3900, 10], [29, 50, 903, 55, 1774]]"]},"markov_matrices":{"abs":{"actual":["[[2639, 499, 37, 1, 34], [225, 1407, 847, 6, 114], [206, 561, 5876, 194, 85], [45, 19, 132, 4095, 5], [95, 113, 30, 0, 2573]]"],"predicted":["[[1575, 139, 133, 10, 64], [80, 546, 247, 25, 135], [159, 178, 6973, 394, 317], [21, 32, 344, 5251, 76], [86, 138, 324, 44, 2547]]"]}},"metrics":{"downstream":{"cohen_kappa":[0.4758457870729771],"f1_scores":{"N1":[0.22522026431718062],"N2":[0.5826139329451917],"N3":[0.7784431137724551],"REM":[0.5963025210084033],"Wake":[0.6187414767192675],"macro":[0.5602642617524997]},"loss":[3.234081561748798],"precisions":{"N1":[0.3959341723136496],"N2":[0.5427004114200225],"N3":[0.6813417190775681],"REM":[0.5651481363491557],"Wake":[0.826222684703434],"macro":[0.602269424772766]},"recalls":{"N1":[0.15736821854559446],"N2":[0.6288644900317827],"N3":[0.9078212290502793],"REM":[0.6310921380291711],"Wake":[0.49454998442852693],"macro":[0.5639392120170709]}}}},"train":{},"valid_pretraining":{}}