{"earlystopping":{"confusion_matrices":{"abs":["[[6321, 95, 194, 114, 392], [232, 343, 559, 55, 623], [12, 627, 4790, 286, 1140], [2, 4, 688, 583, 153], [53, 69, 580, 103, 1950]]"]},"markov_matrices":{"abs":{"actual":["[[6823, 271, 17, 0, 4], [151, 1184, 365, 3, 109], [78, 212, 6189, 261, 115], [11, 15, 238, 1166, 0], [52, 130, 46, 0, 2527]]"],"predicted":["[[6267, 146, 61, 32, 114], [70, 651, 232, 3, 182], [138, 156, 5711, 399, 406], [31, 0, 395, 687, 28], [113, 185, 412, 20, 3528]]"]}},"metrics":{"downstream":{"cohen_kappa":[0.5874648409678115],"f1_scores":{"N1":[0.23254237288135593],"N2":[0.7010098053563588],"N3":[0.4535200311162972],"REM":[0.5561100812776273],"Wake":[0.9203552708211997],"macro":[0.5727075122905678]},"loss":[1.9395020313752003],"precisions":{"N1":[0.30140597539543057],"N2":[0.7032741154015563],"N3":[0.5109553023663453],"REM":[0.4579614842649131],"Wake":[0.954833836858006],"macro":[0.5856861428572503]},"recalls":{"N1":[0.18929359823399558],"N2":[0.6987600291757841],"N3":[0.4076923076923077],"REM":[0.7078039927404719],"Wake":[0.8882799325463744],"macro":[0.5783659720777867]}}}},"test":{"confusion_matrices":{"abs":["[[10555, 659, 1354, 402, 2452], [339, 789, 1166, 64, 1656], [18, 1403, 7650, 350, 2292], [0, 9, 1511, 612, 121], [31, 101, 542, 86, 3183]]"]},"markov_matrices":{"abs":{"actual":["[[14659, 720, 37, 1, 4], [431, 2829, 660, 3, 91], [229, 338, 10472, 535, 139], [24, 14, 498, 1714, 3], [78, 113, 46, 0, 3706]]"],"predicted":["[[10055, 274, 194, 36, 383], [182, 1896, 496, 16, 371], [287, 349, 10061, 651, 875], [74, 8, 586, 750, 96], [344, 434, 886, 61, 7979]]"]}},"metrics":{"downstream":{"cohen_kappa":[0.4718075903534692],"f1_scores":{"N1":[0.22623655913978494],"N2":[0.6392045454545454],"N3":[0.3249269976108309],"REM":[0.4664761486040888],"Wake":[0.8006827233074151],"macro":[0.49150539482333305]},"loss":[2.6360668025604665],"precisions":{"N1":[0.26646403242147926],"N2":[0.6258692628650904],"N3":[0.404227212681638],"REM":[0.32800906842539157],"Wake":[0.9645435438179658],"macro":[0.517822624042313]},"recalls":{"N1":[0.19656203288490284],"N2":[0.6531204644412192],"N3":[0.27163781624500666],"REM":[0.8072533603854932],"Wake":[0.684411879133705],"macro":[0.5225971106180654]}}}},"train":{},"valid_pretraining":{}}