{
    "earlystopping": {
        "confusion_matrices": {
            "abs": [
                "[[676, 118, 209, 1, 484], [11, 53, 166, 1, 240], [29, 53, 2573, 113, 1072], [0, 0, 506, 281, 132], [86, 58, 238, 6, 778]]"
            ]
        },
        "markov_matrices": {
            "abs": {
                "actual": [
                    "[[1224, 231, 17, 0, 15], [74, 164, 222, 0, 11], [132, 73, 3531, 73, 31], [11, 0, 62, 846, 0], [46, 3, 8, 0, 1109]]"
                ],
                "predicted": [
                    "[[512, 117, 57, 0, 116], [36, 105, 62, 6, 72], [104, 28, 3390, 27, 143], [1, 4, 33, 295, 69], [148, 28, 150, 74, 2306]]"
                ]
            }
        },
        "metrics": {
            "downstream": {
                "cohen_kappa": [
                    0.3559992009152748
                ],
                "f1_scores": {
                    "N1": [
                        0.1407702523240372
                    ],
                    "N2": [
                        0.6832182687201274
                    ],
                    "N3": [
                        0.4254352763058289
                    ],
                    "REM": [
                        0.4018595041322314
                    ],
                    "Wake": [
                        0.5903930131004367
                    ],
                    "macro": [
                        0.44833526291653225
                    ]
                },
                "loss": [
                    4.225098133087158
                ],
                "precisions": {
                    "N1": [
                        0.1879432624113475
                    ],
                    "N2": [
                        0.6969122426868906
                    ],
                    "N3": [
                        0.6990049751243781
                    ],
                    "REM": [
                        0.28750923872875095
                    ],
                    "Wake": [
                        0.8428927680798005
                    ],
                    "macro": [
                        0.5428524974062335
                    ]
                },
                "recalls": {
                    "N1": [
                        0.11252653927813164
                    ],
                    "N2": [
                        0.6700520833333333
                    ],
                    "N3": [
                        0.3057671381936888
                    ],
                    "REM": [
                        0.6672384219554031
                    ],
                    "Wake": [
                        0.4543010752688172
                    ],
                    "macro": [
                        0.44197705160587475
                    ]
                }
            }
        }
    },
    "test": {
        "confusion_matrices": {
            "abs": [
                "[[1171, 291, 393, 20, 641], [46, 99, 236, 3, 322], [81, 104, 3196, 464, 2686], [2, 0, 430, 755, 340], [222, 207, 144, 38, 1560]]"
            ]
        },
        "markov_matrices": {
            "abs": {
                "actual": [
                    "[[2107, 335, 57, 1, 15], [101, 257, 328, 0, 20], [233, 100, 5972, 176, 50], [18, 3, 155, 1350, 1], [56, 11, 19, 0, 2085]]"
                ],
                "predicted": [
                    "[[919, 260, 120, 6, 216], [125, 298, 101, 8, 169], [178, 60, 3840, 69, 252], [12, 10, 67, 1070, 121], [288, 73, 271, 127, 4790]]"
                ]
            }
        },
        "metrics": {
            "downstream": {
                "cohen_kappa": [
                    0.32983043325829875
                ],
                "f1_scores": {
                    "N1": [
                        0.14072494669509594
                    ],
                    "N2": [
                        0.5848124428179322
                    ],
                    "N3": [
                        0.5379408621303884
                    ],
                    "REM": [
                        0.40414507772020725
                    ],
                    "Wake": [
                        0.5799900941059931
                    ],
                    "macro": [
                        0.4495226846939234
                    ]
                },
                "loss": [
                    4.191710860640915
                ],
                "precisions": {
                    "N1": [
                        0.14122681883024252
                    ],
                    "N2": [
                        0.7265287565355762
                    ],
                    "N3": [
                        0.58984375
                    ],
                    "REM": [
                        0.28113173544782843
                    ],
                    "Wake": [
                        0.7693823915900131
                    ],
                    "macro": [
                        0.501622690480732
                    ]
                },
                "recalls": {
                    "N1": [
                        0.14022662889518414
                    ],
                    "N2": [
                        0.4893584443423672
                    ],
                    "N3": [
                        0.49443352979698757
                    ],
                    "REM": [
                        0.718562874251497
                    ],
                    "Wake": [
                        0.4654213036565978
                    ],
                    "macro": [
                        0.46160055618852674
                    ]
                }
            }
        }
    },
    "train": {},
    "valid_pretraining": {}
}
