{"earlystopping":{"confusion_matrices":{"abs":["[[7131, 423, 44, 20, 42], [320, 665, 571, 90, 281], [94, 195, 5248, 909, 660], [3, 6, 154, 867, 98], [123, 77, 142, 168, 2331]]"]},"markov_matrices":{"abs":{"actual":["[[7290, 345, 19, 0, 5], [197, 1257, 361, 3, 109], [94, 200, 6433, 271, 108], [13, 13, 248, 854, 0], [65, 112, 45, 0, 2619]]"],"predicted":["[[7167, 342, 79, 22, 60], [230, 777, 236, 21, 102], [131, 114, 5440, 152, 322], [39, 28, 128, 1807, 52], [103, 105, 276, 52, 2876]]"]}},"metrics":{"downstream":{"cohen_kappa":[0.7051619499766398],"f1_scores":{"N1":[0.40388703310051627],"N2":[0.7912551828119111],"N3":[0.5449402891263356],"REM":[0.7455621301775148],"Wake":[0.9302719979127259],"macro":[0.6831833266258007]},"loss":[0.9818068713676639],"precisions":{"N1":[0.4868228404099561],"N2":[0.8520863776587109],"N3":[0.42210321324245376],"REM":[0.6831770222743259],"Wake":[0.9296050058662495],"macro":[0.6747588918903393]},"recalls":{"N1":[0.34509600415153086],"N2":[0.738530819026175],"N3":[0.7686170212765957],"REM":[0.8204857444561774],"Wake":[0.9309399477806789],"macro":[0.7207339073382315]}}}},"test":{"confusion_matrices":{"abs":["[[9976, 491, 89, 25, 200], [1681, 847, 727, 7, 443], [1443, 491, 8455, 1009, 1522], [30, 0, 395, 1386, 225], [1044, 393, 350, 46, 3007]]"]},"markov_matrices":{"abs":{"actual":["[[10118, 616, 19, 0, 27], [361, 2625, 600, 0, 119], [180, 332, 11792, 467, 149], [22, 6, 436, 1569, 3], [99, 126, 73, 0, 4542]]"],"predicted":["[[13010, 524, 432, 43, 164], [417, 1265, 281, 14, 245], [460, 155, 8755, 221, 425], [79, 21, 171, 2120, 82], [207, 257, 377, 75, 4481]]"]}},"metrics":{"downstream":{"cohen_kappa":[0.5738694452971359],"f1_scores":{"N1":[0.28581069681120297],"N2":[0.7372689222183467],"N3":[0.6147704590818364],"REM":[0.5874767998437042],"Wake":[0.7995191344419956],"macro":[0.6049692024794171]},"loss":[1.3247624866998018],"precisions":{"N1":[0.3811881188118812],"N2":[0.8441493610223643],"N3":[0.5604528912252326],"REM":[0.5571613859551603],"Wake":[0.703823902920841],"macro":[0.6093551319870958]},"recalls":{"N1":[0.22860998650472333],"N2":[0.6544117647058824],"N3":[0.6807465618860511],"REM":[0.6212809917355372],"Wake":[0.9253316018922177],"macro":[0.6220761813448823]}}}},"train":{},"valid_pretraining":{}}