{"earlystopping":{"confusion_matrices":{"abs":["[[6962, 91, 434, 156, 315], [326, 98, 1228, 132, 162], [14, 83, 5706, 720, 105], [3, 5, 650, 869, 4], [23, 52, 757, 385, 1565]]"]},"markov_matrices":{"abs":{"actual":["[[7584, 353, 15, 0, 5], [200, 1236, 385, 2, 123], [98, 210, 5964, 245, 111], [13, 14, 220, 1284, 0], [62, 133, 44, 0, 2543]]"],"predicted":["[[6953, 54, 196, 61, 63], [42, 49, 164, 25, 49], [132, 139, 7717, 492, 295], [74, 54, 413, 1641, 80], [126, 33, 285, 43, 1664]]"]}},"metrics":{"downstream":{"cohen_kappa":[0.6178920156830956],"f1_scores":{"N1":[0.08615384615384615],"N2":[0.7408946309160553],"N3":[0.4582124967044556],"REM":[0.6345023312385972],"Wake":[0.9108988617035195],"macro":[0.5661324333432948]},"loss":[1.6808639154201601],"precisions":{"N1":[0.2978723404255319],"N2":[0.6502564102564102],"N3":[0.38417329796640143],"REM":[0.7275685727568573],"Wake":[0.9500545851528385],"macro":[0.6019850413116079]},"recalls":{"N1":[0.050359712230215826],"N2":[0.8608931804465902],"N3":[0.5676028739386022],"REM":[0.5625449317038103],"Wake":[0.8748429253581301],"macro":[0.5832487247354697]}}}},"test":{"confusion_matrices":{"abs":["[[9606, 214, 997, 450, 1281], [930, 122, 2772, 445, 223], [536, 170, 9293, 1850, 316], [31, 5, 1008, 1554, 3], [253, 72, 1375, 323, 2549]]"]},"markov_matrices":{"abs":{"actual":["[[11874, 617, 28, 3, 25], [348, 3420, 622, 0, 102], [199, 328, 10935, 568, 135], [29, 16, 522, 2030, 4], [97, 111, 58, 0, 4306]]"],"predicted":["[[10557, 102, 352, 158, 186], [77, 88, 272, 48, 98], [268, 252, 13314, 1137, 474], [169, 79, 1021, 3199, 154], [284, 62, 486, 80, 3460]]"]}},"metrics":{"downstream":{"cohen_kappa":[0.49688938262292137],"f1_scores":{"N1":[0.04807881773399015],"N2":[0.6731618978630931],"N3":[0.4302921223868199],"REM":[0.5699910554561717],"Wake":[0.803714859437751],"macro":[0.5050477505755652]},"loss":[2.340959760877821],"precisions":{"N1":[0.20926243567753003],"N2":[0.6016833926837164],"N3":[0.3362180874080485],"REM":[0.583028362305581],"Wake":[0.8458964424092991],"macro":[0.515217744096835]},"recalls":{"N1":[0.02715939447907391],"N2":[0.7639128647759967],"N3":[0.5974625144175317],"REM":[0.5575240594925635],"Wake":[0.7655403251514186],"macro":[0.5423198316633169]}}}},"train":{},"valid_pretraining":{}}