{
    "earlystopping": {
        "confusion_matrices": {
            "abs": [
                "[[897, 67, 126, 1, 17], [79, 136, 172, 0, 41], [56, 57, 3655, 44, 285], [82, 0, 167, 628, 31], [14, 30, 141, 0, 1068]]"
            ]
        },
        "markov_matrices": {
            "abs": {
                "actual": [
                    "[[862, 210, 21, 0, 14], [64, 148, 206, 0, 10], [130, 65, 3781, 89, 32], [11, 1, 77, 819, 0], [40, 4, 12, 0, 1197]]"
                ],
                "predicted": [
                    "[[937, 121, 44, 0, 25], [34, 127, 110, 0, 19], [99, 31, 3978, 54, 99], [5, 1, 48, 619, 0], [52, 10, 81, 0, 1299]]"
                ]
            }
        },
        "metrics": {
            "downstream": {
                "cohen_kappa": [
                    0.7217645323036923
                ],
                "f1_scores": {
                    "N1": [
                        0.3788300835654596
                    ],
                    "N2": [
                        0.8746111509930605
                    ],
                    "N3": [
                        0.7944339025932954
                    ],
                    "REM": [
                        0.7925788497217069
                    ],
                    "Wake": [
                        0.8023255813953488
                    ],
                    "macro": [
                        0.7285559136537743
                    ]
                },
                "loss": [
                    0.5454394221305847
                ],
                "precisions": {
                    "N1": [
                        0.4689655172413793
                    ],
                    "N2": [
                        0.8577798638817179
                    ],
                    "N3": [
                        0.9331352154531947
                    ],
                    "REM": [
                        0.7406380027739251
                    ],
                    "Wake": [
                        0.7952127659574468
                    ],
                    "macro": [
                        0.7591462730615327
                    ]
                },
                "recalls": {
                    "N1": [
                        0.3177570093457944
                    ],
                    "N2": [
                        0.8921161825726142
                    ],
                    "N3": [
                        0.6916299559471366
                    ],
                    "REM": [
                        0.8523543495610535
                    ],
                    "Wake": [
                        0.8095667870036101
                    ],
                    "macro": [
                        0.7126848568860418
                    ]
                }
            }
        }
    },
    "test": {
        "confusion_matrices": {
            "abs": [
                "[[1942, 70, 292, 33, 34], [246, 209, 241, 0, 58], [297, 82, 5812, 145, 148], [26, 1, 316, 1087, 11], [103, 61, 453, 2, 1505]]"
            ]
        },
        "markov_matrices": {
            "abs": {
                "actual": [
                    "[[1925, 362, 71, 0, 13], [125, 270, 344, 1, 14], [256, 108, 5893, 174, 52], [18, 2, 155, 1266, 0], [46, 12, 21, 0, 2045]]"
                ],
                "predicted": [
                    "[[2230, 195, 134, 5, 50], [33, 162, 197, 1, 30], [256, 47, 6593, 72, 145], [17, 0, 64, 1183, 3], [77, 19, 126, 6, 1528]]"
                ]
            }
        },
        "metrics": {
            "downstream": {
                "cohen_kappa": [
                    0.7008994496487374
                ],
                "f1_scores": {
                    "N1": [
                        0.35514018691588783
                    ],
                    "N2": [
                        0.8548315928813061
                    ],
                    "N3": [
                        0.8028064992614475
                    ],
                    "REM": [
                        0.7757731958762887
                    ],
                    "Wake": [
                        0.7791374122367102
                    ],
                    "macro": [
                        0.713537777434328
                    ]
                },
                "loss": [
                    0.6039501336904672
                ],
                "precisions": {
                    "N1": [
                        0.4940898345153664
                    ],
                    "N2": [
                        0.8169806016305876
                    ],
                    "N3": [
                        0.8579321231254933
                    ],
                    "REM": [
                        0.8570615034168565
                    ],
                    "Wake": [
                        0.7429227237949503
                    ],
                    "macro": [
                        0.7537973572966508
                    ]
                },
                "recalls": {
                    "N1": [
                        0.27718832891246686
                    ],
                    "N2": [
                        0.8963602714373843
                    ],
                    "N3": [
                        0.7543372657876475
                    ],
                    "REM": [
                        0.7085687382297552
                    ],
                    "Wake": [
                        0.8190636862083509
                    ],
                    "macro": [
                        0.6911036581151209
                    ]
                }
            }
        }
    },
    "train": {},
    "valid_pretraining": {}
}
