{"earlystopping":{"confusion_matrices":{"abs":["[[4677, 428, 154, 3, 130], [204, 622, 732, 9, 160], [77, 235, 5939, 472, 119], [4, 2, 449, 1102, 1], [66, 105, 314, 0, 2197]]"]},"markov_matrices":{"abs":{"actual":["[[5051, 318, 17, 0, 5], [183, 1134, 318, 2, 90], [88, 164, 6222, 274, 94], [12, 10, 254, 1282, 0], [57, 101, 31, 0, 2493]]"],"predicted":["[[4734, 191, 50, 0, 52], [106, 992, 241, 0, 53], [109, 117, 7090, 147, 125], [4, 3, 140, 1439, 0], [74, 89, 67, 0, 2377]]"]}},"metrics":{"downstream":{"cohen_kappa":[0.7225722592668502],"f1_scores":{"N1":[0.3988457839050978],"N2":[0.8231462231462231],"N3":[0.7010178117048346],"REM":[0.8307808659481943],"Wake":[0.8976967370441459],"macro":[0.7302974843496991]},"loss":[0.527855290306939],"precisions":{"N1":[0.4468390804597701],"N2":[0.7826831839746969],"N3":[0.694829760403531],"REM":[0.8427311085538933],"Wake":[0.9301909307875895],"macro":[0.7394548128358963]},"recalls":{"N1":[0.3601621308627678],"N2":[0.8680210464776381],"N3":[0.7073170731707317],"REM":[0.8191648023862789],"Wake":[0.8673961424332344],"macro":[0.7244122390661302]}}}},"test":{"confusion_matrices":{"abs":["[[6638, 1229, 678, 9, 411], [494, 1332, 1811, 27, 355], [62, 553, 9457, 588, 426], [0, 11, 629, 1519, 17], [174, 238, 470, 0, 3508]]"]},"markov_matrices":{"abs":{"actual":["[[8369, 557, 27, 1, 10], [330, 3076, 529, 0, 84], [166, 277, 10122, 394, 127], [26, 9, 359, 1780, 2], [73, 100, 49, 1, 4167]]"],"predicted":["[[6820, 374, 50, 0, 124], [248, 2528, 475, 1, 110], [140, 275, 12188, 198, 244], [2, 2, 191, 1943, 5], [157, 184, 141, 1, 4234]]"]}},"metrics":{"downstream":{"cohen_kappa":[0.636195538276036],"f1_scores":{"N1":[0.36087781089135734],"N2":[0.7838050640255273],"N3":[0.7034035656401945],"REM":[0.7703963983748765],"Wake":[0.8128329149574481],"macro":[0.6862631507778808]},"loss":[0.691975466410319],"precisions":{"N1":[0.3960749330954505],"N2":[0.724952088922959],"N3":[0.7088194120391974],"REM":[0.743693025227899],"Wake":[0.9009229098805646],"macro":[0.6948924738332142]},"recalls":{"N1":[0.33142572779298335],"N2":[0.8530579108785856],"N3":[0.6980698529411765],"REM":[0.7990888382687927],"Wake":[0.7404350250976018],"macro":[0.684415470995828]}}}},"train":{},"valid_pretraining":{}}