{"earlystopping":{"confusion_matrices":{"abs":["[[5388, 398, 152, 6, 142], [255, 550, 733, 21, 201], [114, 202, 5470, 549, 162], [2, 0, 443, 1102, 2], [34, 97, 368, 8, 2245]]"]},"markov_matrices":{"abs":{"actual":["[[5819, 253, 12, 0, 1], [157, 1185, 319, 2, 97], [66, 186, 5820, 317, 108], [7, 16, 296, 1230, 0], [36, 120, 50, 0, 2546]]"],"predicted":["[[5531, 174, 37, 0, 50], [102, 877, 226, 0, 42], [90, 130, 6679, 151, 116], [4, 1, 146, 1533, 2], [65, 65, 78, 2, 2542]]"]}},"metrics":{"downstream":{"cohen_kappa":[0.7138712363745593],"f1_scores":{"N1":[0.36581310276022616],"N2":[0.8007026275342165],"N3":[0.6812982998454405],"REM":[0.8157703488372093],"Wake":[0.907147066251368],"macro":[0.7141462890456921]},"loss":[0.5414993698532516],"precisions":{"N1":[0.4410585404971933],"N2":[0.7633268210996371],"N3":[0.6536180308422301],"REM":[0.8157703488372093],"Wake":[0.9300880372863801],"macro":[0.7207723557125301]},"recalls":{"N1":[0.3125],"N2":[0.8419270432507311],"N3":[0.7114267269205939],"REM":[0.8157703488372093],"Wake":[0.8853105488005258],"macro":[0.713386933561812]}}}},"test":{"confusion_matrices":{"abs":["[[8576, 487, 315, 6, 298], [424, 1055, 1027, 9, 484], [100, 491, 11010, 575, 590], [2, 1, 532, 1638, 1], [197, 139, 404, 0, 3897]]"]},"markov_matrices":{"abs":{"actual":["[[9241, 410, 25, 0, 5], [217, 2136, 559, 2, 85], [152, 323, 11813, 339, 139], [16, 13, 311, 1833, 1], [55, 117, 58, 0, 4407]]"],"predicted":["[[8789, 326, 61, 0, 122], [152, 1541, 373, 0, 107], [149, 187, 12501, 188, 263], [5, 3, 181, 2039, 0], [203, 116, 172, 1, 4778]]"]}},"metrics":{"downstream":{"cohen_kappa":[0.7366936136602181],"f1_scores":{"N1":[0.4079659706109822],"N2":[0.8451677285637522],"N3":[0.7442071785552021],"REM":[0.7867164631068941],"Wake":[0.903640482587851],"macro":[0.7375395646849363]},"loss":[0.501281201839447],"precisions":{"N1":[0.48550391164289003],"N2":[0.8285671282360024],"N3":[0.7351885098743267],"REM":[0.7394686907020873],"Wake":[0.9222497042692762],"macro":[0.7421955889449166]},"recalls":{"N1":[0.351783927975992],"N2":[0.8624471251762494],"N3":[0.7534498620055198],"REM":[0.8404140608151822],"Wake":[0.8857674034290436],"macro":[0.7387724758803974]}}}},"train":{},"valid_pretraining":{}}