{"earlystopping":{"confusion_matrices":{"abs":["[[6791, 82, 45, 27, 171], [469, 210, 793, 111, 229], [158, 310, 5451, 537, 399], [8, 25, 486, 890, 21], [215, 17, 682, 180, 1661]]"]},"markov_matrices":{"abs":{"actual":["[[6823, 271, 17, 0, 4], [151, 1184, 365, 3, 109], [78, 212, 6189, 261, 115], [11, 15, 238, 1166, 0], [52, 130, 46, 0, 2527]]"],"predicted":["[[7250, 94, 131, 29, 136], [31, 319, 232, 20, 42], [106, 126, 6662, 135, 428], [45, 36, 81, 1530, 53], [208, 69, 351, 31, 1822]]"]}},"metrics":{"downstream":{"cohen_kappa":[0.6493465731742902],"f1_scores":{"N1":[0.17100977198697068],"N2":[0.7617384013415316],"N3":[0.5606299212598426],"REM":[0.634453781512605],"Wake":[0.9203767703462763],"macro":[0.6096417292894453]},"loss":[2.2755430172651243],"precisions":{"N1":[0.32608695652173914],"N2":[0.730991015153547],"N3":[0.5100286532951289],"REM":[0.6694881096332124],"Wake":[0.8887580159664965],"macro":[0.6250705501140248]},"recalls":{"N1":[0.11589403973509933],"N2":[0.7951859956236323],"N3":[0.6223776223776224],"REM":[0.6029038112522686],"Wake":[0.9543282743114109],"macro":[0.6181379486600067]}}}},"test":{"confusion_matrices":{"abs":["[[13246, 293, 847, 121, 915], [1012, 260, 2168, 56, 518], [262, 238, 9889, 704, 620], [3, 9, 1023, 1207, 11], [330, 17, 1221, 86, 2289]]"]},"markov_matrices":{"abs":{"actual":["[[14659, 720, 37, 1, 4], [431, 2829, 660, 3, 91], [229, 338, 10472, 535, 139], [24, 14, 498, 1714, 3], [78, 113, 46, 0, 3706]]"],"predicted":["[[13828, 193, 366, 39, 426], [107, 397, 275, 2, 36], [291, 140, 13640, 227, 850], [54, 14, 184, 1844, 78], [572, 73, 683, 62, 2963]]"]}},"metrics":{"downstream":{"cohen_kappa":[0.5945180070485645],"f1_scores":{"N1":[0.10763817015110744],"N2":[0.7363091470905774],"N3":[0.5452902642873277],"REM":[0.5518322082931534],"Wake":[0.8750454170107349],"macro":[0.5632230413665802]},"loss":[2.473778293557363],"precisions":{"N1":[0.3182374541003672],"N2":[0.6528254555056773],"N3":[0.5551977920883164],"REM":[0.5258442453480359],"Wake":[0.8918063690836868],"macro":[0.5887822632252167]},"recalls":{"N1":[0.06477329347284504],"N2":[0.844275591223427],"N3":[0.5357301375943186],"REM":[0.5805224448389551],"Wake":[0.8589028660355337],"macro":[0.5768408666330159]}}}},"train":{},"valid_pretraining":{}}