{"earlystopping":{},"train":{"metrics":{"freq":{"acc_freq":[0.01499,0.04611,0.04896,0.04994,0.05013,0.05821,0.07096,0.08567,0.09832,0.11071,0.12492,0.13957,0.15027,0.16103,0.16653,0.17168,0.17749,0.18207,0.18797,0.19024],"hamming_freq":[0.5144685,0.5254305,0.5276425,0.5975535000000001,0.6848434999999999,0.731595,0.763612,0.7981585,0.8256795,0.8462689999999999,0.8631545,0.874202,0.8808325,0.885335,0.8886845,0.891415,0.8937825,0.895731,0.8977905,0.899576],"loss":[0.895678203125,0.694092421875,0.69224640625,0.66426140625,0.61386578125,0.5671649609375,0.514917421875,0.43550859375,0.3779584765625,0.3338715625,0.2967765234375,0.26978900390625,0.25330568359375,0.2423039453125,0.23470193359375,0.22790107421875,0.22249953125,0.21799583984375,0.21376130859375,0.210085546875]}}},"valid_pretraining":{"metrics":{"freq":{"acc_freq":[0.0,0.056,0.056,0.049,0.056,0.056,0.081,0.057,0.132,0.132,0.156,0.177,0.192,0.205,0.214,0.221,0.227,0.229,0.232,0.234,0.23],"hamming_freq":[0.5017499999999999,0.5205,0.5205,0.5871500000000001,0.66315,0.7274499999999999,0.7614,0.7724,0.8335,0.8609,0.88175,0.89225,0.89945,0.90385,0.90835,0.9087,0.9094,0.9107,0.9123,0.9141,0.91555],"loss":[1.542835693359375,0.692624267578125,0.692375244140625,0.6825062255859375,0.6285787353515625,0.5736912231445312,0.5242029418945312,0.4617042541503906,0.38350567626953125,0.3281849365234375,0.2835867919921875,0.24931857299804688,0.22419677734375,0.20735653686523436,0.19753608703613282,0.19210467529296876,0.18800311279296875,0.1848648681640625,0.1824167938232422,0.17812492370605468,0.1762238311767578]}}}}