{
    "earlystopping": {
        "confusion_matrices": {
            "abs": [
                "[[1210, 78, 111, 3, 56], [76, 62, 222, 0, 48], [91, 51, 3384, 74, 102], [12, 0, 480, 557, 1], [35, 2, 208, 0, 820]]"
            ]
        },
        "markov_matrices": {
            "abs": {
                "actual": [
                    "[[1259, 184, 13, 0, 1], [48, 150, 197, 0, 13], [112, 70, 3412, 84, 24], [12, 1, 71, 966, 0], [26, 3, 9, 0, 1027]]"
                ],
                "predicted": [
                    "[[1200, 52, 153, 0, 18], [27, 110, 47, 1, 8], [167, 21, 4098, 65, 54], [6, 2, 58, 567, 1], [23, 8, 49, 1, 946]]"
                ]
            }
        },
        "metrics": {
            "downstream": {
                "cohen_kappa": [
                    0.6733316346614412
                ],
                "f1_scores": {
                    "N1": [
                        0.20632279534109815
                    ],
                    "N2": [
                        0.8348340939928457
                    ],
                    "N3": [
                        0.661520190023753
                    ],
                    "REM": [
                        0.7839388145315488
                    ],
                    "Wake": [
                        0.8396946564885496
                    ],
                    "macro": [
                        0.665262110075559
                    ]
                },
                "loss": [
                    1.8047399520874023
                ],
                "precisions": {
                    "N1": [
                        0.32124352331606215
                    ],
                    "N2": [
                        0.7682179341657208
                    ],
                    "N3": [
                        0.8785488958990536
                    ],
                    "REM": [
                        0.7984420642648491
                    ],
                    "Wake": [
                        0.8497191011235955
                    ],
                    "macro": [
                        0.7232343037538562
                    ]
                },
                "recalls": {
                    "N1": [
                        0.15196078431372548
                    ],
                    "N2": [
                        0.9141004862236629
                    ],
                    "N3": [
                        0.5304761904761904
                    ],
                    "REM": [
                        0.7699530516431925
                    ],
                    "Wake": [
                        0.8299039780521262
                    ],
                    "macro": [
                        0.6392788981417795
                    ]
                }
            }
        }
    },
    "test": {
        "confusion_matrices": {
            "abs": [
                "[[1511, 96, 329, 1, 72], [108, 79, 316, 2, 79], [258, 22, 5741, 257, 364], [16, 0, 582, 1262, 0], [96, 20, 580, 3, 1471]]"
            ]
        },
        "markov_matrices": {
            "abs": {
                "actual": [
                    "[[1680, 283, 29, 0, 17], [67, 196, 302, 0, 18], [192, 88, 6163, 147, 52], [23, 1, 123, 1713, 0], [46, 16, 25, 0, 2083]]"
                ],
                "predicted": [
                    "[[1623, 49, 246, 17, 54], [15, 120, 64, 0, 18], [250, 28, 6941, 123, 205], [34, 1, 107, 1382, 1], [66, 19, 190, 3, 1708]]"
                ]
            }
        },
        "metrics": {
            "downstream": {
                "cohen_kappa": [
                    0.6293459119189411
                ],
                "f1_scores": {
                    "N1": [
                        0.1972534332084894
                    ],
                    "N2": [
                        0.8091613812544046
                    ],
                    "N3": [
                        0.745642540620384
                    ],
                    "REM": [
                        0.7078922040423483
                    ],
                    "Wake": [
                        0.7558779389694847
                    ],
                    "macro": [
                        0.6431654996190221
                    ]
                },
                "loss": [
                    1.9509036724384015
                ],
                "precisions": {
                    "N1": [
                        0.3640552995391705
                    ],
                    "N2": [
                        0.7605988341282459
                    ],
                    "N3": [
                        0.8275409836065574
                    ],
                    "REM": [
                        0.7406847935548841
                    ],
                    "Wake": [
                        0.7596782302664655
                    ],
                    "macro": [
                        0.6905116282190648
                    ]
                },
                "recalls": {
                    "N1": [
                        0.13527397260273974
                    ],
                    "N2": [
                        0.8643480879253237
                    ],
                    "N3": [
                        0.678494623655914
                    ],
                    "REM": [
                        0.6778801843317972
                    ],
                    "Wake": [
                        0.7521154803384769
                    ],
                    "macro": [
                        0.6216224697708503
                    ]
                }
            }
        }
    },
    "train": {},
    "valid_pretraining": {}
}
