{"earlystopping":{"confusion_matrices":{"abs":["[[1012, 180, 17, 8, 160], [143, 453, 177, 22, 80], [57, 235, 1702, 406, 57], [4, 1, 132, 1406, 0], [32, 72, 42, 5, 1077]]"]},"markov_matrices":{"abs":{"actual":["[[1107, 224, 32, 1, 13], [103, 420, 304, 1, 47], [91, 183, 2069, 75, 39], [26, 6, 44, 1466, 0], [49, 42, 8, 0, 1129]]"],"predicted":["[[915, 236, 35, 21, 41], [113, 470, 280, 14, 64], [89, 174, 1662, 100, 45], [40, 14, 75, 1712, 5], [90, 47, 18, 0, 1219]]"]}},"metrics":{"downstream":{"cohen_kappa":[0.6873748582459529],"f1_scores":{"N1":[0.4988986784140969],"N2":[0.7519328473602828],"N3":[0.8294985250737463],"REM":[0.8278247501921598],"Wake":[0.7710476190476191],"macro":[0.735840484017581]},"loss":[1.2114459991455078],"precisions":{"N1":[0.4814027630180659],"N2":[0.8222222222222222],"N3":[0.7612344342176502],"REM":[0.7838427947598253],"Wake":[0.8108974358974359],"macro":[0.7319199300230399]},"recalls":{"N1":[0.5177142857142857],"N2":[0.6927146927146928],"N3":[0.9112119248217757],"REM":[0.8770358306188925],"Wake":[0.7349310094408134],"macro":[0.746721548662092]}}}},"test":{"confusion_matrices":{"abs":["[[3783, 605, 72, 125, 576], [412, 1300, 444, 121, 306], [109, 545, 3667, 954, 231], [16, 16, 453, 3237, 1], [68, 161, 131, 30, 1903]]"]},"markov_matrices":{"abs":{"actual":["[[4415, 676, 55, 1, 13], [385, 1308, 745, 5, 140], [218, 440, 4532, 223, 93], [51, 23, 150, 3494, 5], [91, 136, 24, 0, 2042]]"],"predicted":["[[3388, 701, 74, 56, 168], [421, 1440, 565, 36, 165], [199, 336, 3902, 235, 95], [105, 32, 180, 4095, 55], [274, 118, 46, 45, 2534]]"]}},"metrics":{"downstream":{"cohen_kappa":[0.6452349612078598],"f1_scores":{"N1":[0.4990403071017274],"N2":[0.7139102501703495],"N3":[0.7904761904761904],"REM":[0.7167608286252354],"Wake":[0.7923342758404022],"macro":[0.7025043704427809]},"loss":[1.410475781089381],"precisions":{"N1":[0.4948610582413399],"N2":[0.7692469058107825],"N3":[0.7246474143720618],"REM":[0.6307590321511435],"Wake":[0.8621239744758432],"macro":[0.6963276770102341]},"recalls":{"N1":[0.5032907471931862],"N2":[0.6660007264802034],"N3":[0.8694601128122482],"REM":[0.829917139119058],"Wake":[0.7329974811083123],"macro":[0.7203332413426017]}}}},"train":{},"valid_pretraining":{}}