{"earlystopping":{"confusion_matrices":{"abs":["[[4347, 579, 409, 21, 36], [229, 539, 820, 32, 107], [33, 311, 5552, 798, 148], [2, 7, 322, 1220, 7], [117, 150, 546, 7, 1862]]"]},"markov_matrices":{"abs":{"actual":["[[5051, 318, 17, 0, 5], [183, 1134, 318, 2, 90], [88, 164, 6222, 274, 94], [12, 10, 254, 1282, 0], [57, 101, 31, 0, 2493]]"],"predicted":["[[4126, 311, 213, 9, 68], [248, 866, 356, 20, 96], [221, 295, 6552, 290, 291], [18, 23, 266, 1751, 20], [114, 91, 262, 8, 1685]]"]}},"metrics":{"downstream":{"cohen_kappa":[0.647470752939248],"f1_scores":{"N1":[0.3253848475701781],"N2":[0.7662687185149403],"N3":[0.671067106710671],"REM":[0.7691036761668731],"Wake":[0.8590909090909091],"macro":[0.6781830516107143]},"loss":[1.1843896441989474],"precisions":{"N1":[0.33984867591424966],"N2":[0.7258465158844294],"N3":[0.5871029836381135],"REM":[0.862037037037037],"Wake":[0.9194162436548223],"macro":[0.6868502912257304]},"recalls":{"N1":[0.31210191082802546],"N2":[0.8114586378251973],"N3":[0.7830551989730423],"REM":[0.6942580164056674],"Wake":[0.8061943620178041],"macro":[0.6814136252099473]}}}},"test":{"confusion_matrices":{"abs":["[[6081, 1583, 1005, 178, 118], [385, 1433, 1757, 192, 252], [31, 950, 7377, 2080, 648], [0, 10, 292, 1856, 18], [252, 411, 682, 104, 2941]]"]},"markov_matrices":{"abs":{"actual":["[[8369, 557, 27, 1, 10], [330, 3076, 529, 0, 84], [166, 277, 10122, 394, 127], [26, 9, 359, 1780, 2], [73, 100, 49, 1, 4167]]"],"predicted":["[[5749, 579, 242, 34, 145], [491, 2665, 853, 109, 269], [275, 738, 9051, 595, 453], [43, 125, 556, 3620, 66], [190, 280, 411, 52, 3044]]"]}},"metrics":{"downstream":{"cohen_kappa":[0.5277175516522736],"f1_scores":{"N1":[0.34094694266000475],"N2":[0.6646245326366053],"N3":[0.5636197995748558],"REM":[0.7029998804828493],"Wake":[0.7739595265368461],"macro":[0.6092301363782322]},"loss":[1.752022425333659],"precisions":{"N1":[0.32664691132892637],"N2":[0.6638171510843157],"N3":[0.42086167800453517],"REM":[0.7395021372894142],"Wake":[0.9010223736849904],"macro":[0.6103700502784364]},"recalls":{"N1":[0.35655635730281166],"N2":[0.6654338805700885],"N3":[0.8529411764705882],"REM":[0.6699316628701595],"Wake":[0.6783045175683212],"macro":[0.6446335189563939]}}}},"train":{},"valid_pretraining":{}}