{"earlystopping":{"confusion_matrices":{"abs":["[[943, 108, 42, 43, 115], [208, 297, 221, 36, 79], [79, 275, 1938, 346, 83], [4, 14, 147, 1348, 7], [28, 87, 43, 23, 890]]"]},"markov_matrices":{"abs":{"actual":["[[981, 212, 41, 1, 16], [91, 401, 312, 1, 36], [102, 188, 2320, 72, 38], [30, 5, 38, 1446, 1], [46, 35, 10, 0, 980]]"],"predicted":["[[982, 186, 64, 7, 23], [114, 340, 217, 19, 90], [94, 136, 1998, 121, 42], [31, 25, 86, 1641, 13], [40, 94, 26, 8, 1006]]"]}},"metrics":{"downstream":{"cohen_kappa":[0.6502970935353314],"f1_scores":{"N1":[0.36621454993834773],"N2":[0.7582159624413145],"N3":[0.8130277442702051],"REM":[0.7928730512249443],"Wake":[0.7504974134500597],"macro":[0.6961657442649744]},"loss":[1.133081563313802],"precisions":{"N1":[0.38028169014084506],"N2":[0.8105395232120451],"N3":[0.7505567928730512],"REM":[0.75809199318569],"Wake":[0.7472266244057052],"macro":[0.6893393247634674]},"recalls":{"N1":[0.35315101070154575],"N2":[0.7122381477398015],"N3":[0.8868421052631579],"REM":[0.830999066293184],"Wake":[0.753796962430056],"macro":[0.707405458485549]}}}},"test":{"confusion_matrices":{"abs":["[[2726, 150, 209, 59, 67], [821, 585, 854, 73, 266], [512, 810, 4589, 644, 367], [3, 35, 745, 3505, 8], [207, 377, 232, 27, 1968]]"]},"markov_matrices":{"abs":{"actual":["[[2639, 499, 37, 1, 34], [225, 1407, 847, 6, 114], [206, 561, 5876, 194, 85], [45, 19, 132, 4095, 5], [95, 113, 30, 0, 2573]]"],"predicted":["[[3574, 423, 195, 5, 71], [273, 896, 525, 29, 234], [269, 360, 5601, 295, 104], [36, 38, 246, 3962, 26], [116, 240, 62, 17, 2241]]"]}},"metrics":{"downstream":{"cohen_kappa":[0.5764645279915455],"f1_scores":{"N1":[0.25680421422300265],"N2":[0.6772931886945612],"N3":[0.8147373314737332],"REM":[0.7173318753417168],"Wake":[0.7288770053475936],"macro":[0.6390087230161215]},"loss":[1.6153425559019432],"precisions":{"N1":[0.2989269289729177],"N2":[0.6922612762105899],"N3":[0.8136025998142989],"REM":[0.7354260089686099],"Wake":[0.6385570391192317],"macro":[0.6357547706171296]},"recalls":{"N1":[0.2250865717583686],"N2":[0.6629586824617163],"N3":[0.8158752327746741],"REM":[0.7001067235859125],"Wake":[0.8489567113048895],"macro":[0.6505967843771121]}}}},"train":{},"valid_pretraining":{}}