{"earlystopping":{"confusion_matrices":{"abs":["[[1112, 104, 18, 1, 16], [68, 551, 183, 0, 39], [27, 217, 2250, 151, 76], [1, 1, 104, 1414, 0], [5, 63, 16, 0, 987]]"]},"markov_matrices":{"abs":{"actual":["[[981, 212, 41, 1, 16], [91, 401, 312, 1, 36], [102, 188, 2320, 72, 38], [30, 5, 38, 1446, 1], [46, 35, 10, 0, 980]]"],"predicted":["[[945, 245, 19, 0, 4], [99, 487, 293, 0, 56], [96, 154, 2213, 70, 38], [27, 8, 35, 1496, 0], [45, 42, 11, 0, 1020]]"]}},"metrics":{"downstream":{"cohen_kappa":[0.8075791272293003],"f1_scores":{"N1":[0.6201463140123804],"N2":[0.8503401360544217],"N3":[0.916396629941672],"REM":[0.9017816354499771],"Wake":[0.9025974025974026],"macro":[0.8382524236111708]},"loss":[0.39199132919311525],"precisions":{"N1":[0.5886752136752137],"N2":[0.8751458576429405],"N3":[0.9029374201787995],"REM":[0.8828264758497316],"Wake":[0.9167353668590272],"macro":[0.8332640668411425]},"recalls":{"N1":[0.6551724137931034],"N2":[0.8269018743109151],"N3":[0.9302631578947368],"REM":[0.9215686274509803],"Wake":[0.8888888888888888],"macro":[0.8445589924677248]}}}},"test":{"confusion_matrices":{"abs":["[[2811, 280, 65, 4, 51], [310, 1442, 708, 5, 134], [147, 711, 5403, 381, 280], [3, 13, 761, 3517, 2], [79, 271, 121, 0, 2340]]"]},"markov_matrices":{"abs":{"actual":["[[2639, 499, 37, 1, 34], [225, 1407, 847, 6, 114], [206, 561, 5876, 194, 85], [45, 19, 132, 4095, 5], [95, 113, 30, 0, 2573]]"],"predicted":["[[2733, 567, 30, 0, 19], [264, 1599, 686, 2, 166], [210, 404, 6128, 217, 99], [34, 10, 171, 3688, 4], [108, 137, 43, 0, 2519]]"]}},"metrics":{"downstream":{"cohen_kappa":[0.7160391755000691],"f1_scores":{"N1":[0.5425131677953349],"N2":[0.7729613733905579],"N3":[0.8574911617700841],"REM":[0.8330366678533286],"Wake":[0.8568815729309557],"macro":[0.7725767887480522]},"loss":[0.6634380634014423],"precisions":{"N1":[0.5307324254692676],"N2":[0.7655143100028337],"N3":[0.9001791656002047],"REM":[0.8336302101888137],"Wake":[0.8391044776119403],"macro":[0.773832117774612]},"recalls":{"N1":[0.5548287803001154],"N2":[0.7805547529615718],"N3":[0.8186685288640596],"REM":[0.8324439701173959],"Wake":[0.8754282155091871],"macro":[0.7723848495504659]}}}},"train":{},"valid_pretraining":{}}