{
    "earlystopping": {
        "confusion_matrices": {
            "abs": [
                "[[826, 37, 147, 2, 96], [123, 120, 123, 1, 61], [112, 371, 2837, 120, 657], [7, 104, 132, 422, 243], [120, 102, 348, 11, 672]]"
            ]
        },
        "markov_matrices": {
            "abs": {
                "actual": [
                    "[[862, 210, 21, 0, 14], [64, 148, 206, 0, 10], [130, 65, 3781, 89, 32], [11, 1, 77, 819, 0], [40, 4, 12, 0, 1197]]"
                ],
                "predicted": [
                    "[[913, 168, 72, 0, 35], [108, 513, 84, 0, 29], [101, 24, 3244, 56, 162], [7, 1, 47, 497, 4], [58, 28, 140, 3, 1499]]"
                ]
            }
        },
        "metrics": {
            "downstream": {
                "cohen_kappa": [
                    0.4554305282772977
                ],
                "f1_scores": {
                    "N1": [
                        0.20654044750430292
                    ],
                    "N2": [
                        0.7384174908901614
                    ],
                    "N3": [
                        0.5765027322404371
                    ],
                    "REM": [
                        0.4507042253521127
                    ],
                    "Wake": [
                        0.7195121951219512
                    ],
                    "macro": [
                        0.538335418221793
                    ]
                },
                "loss": [
                    1.832157850265503
                ],
                "precisions": {
                    "N1": [
                        0.16348773841961853
                    ],
                    "N2": [
                        0.7909116253136326
                    ],
                    "N3": [
                        0.7589928057553957
                    ],
                    "REM": [
                        0.38866396761133604
                    ],
                    "Wake": [
                        0.6952861952861953
                    ],
                    "macro": [
                        0.5594684664772356
                    ]
                },
                "recalls": {
                    "N1": [
                        0.2803738317757009
                    ],
                    "N2": [
                        0.6924578960214791
                    ],
                    "N3": [
                        0.4647577092511013
                    ],
                    "REM": [
                        0.5363128491620112
                    ],
                    "Wake": [
                        0.7454873646209387
                    ],
                    "macro": [
                        0.5438779301662462
                    ]
                }
            }
        }
    },
    "test": {
        "confusion_matrices": {
            "abs": [
                "[[1790, 54, 288, 4, 235], [292, 177, 191, 1, 93], [383, 80, 4538, 120, 1363], [8, 0, 97, 729, 607], [78, 153, 739, 16, 1138]]"
            ]
        },
        "markov_matrices": {
            "abs": {
                "actual": [
                    "[[1925, 362, 71, 0, 13], [125, 270, 344, 1, 14], [256, 108, 5893, 174, 52], [18, 2, 155, 1266, 0], [46, 12, 21, 0, 2045]]"
                ],
                "predicted": [
                    "[[2179, 153, 140, 1, 78], [83, 241, 114, 0, 26], [181, 47, 5364, 50, 210], [6, 1, 49, 771, 43], [101, 22, 186, 48, 3079]]"
                ]
            }
        },
        "metrics": {
            "downstream": {
                "cohen_kappa": [
                    0.47567543737863427
                ],
                "f1_scores": {
                    "N1": [
                        0.29064039408866993
                    ],
                    "N2": [
                        0.7356731782443058
                    ],
                    "N3": [
                        0.630895716140199
                    ],
                    "REM": [
                        0.4093525179856115
                    ],
                    "Wake": [
                        0.7273466070702966
                    ],
                    "macro": [
                        0.5587816827058165
                    ]
                },
                "loss": [
                    2.2312145233154297
                ],
                "precisions": {
                    "N1": [
                        0.38146551724137934
                    ],
                    "N2": [
                        0.7753288911669229
                    ],
                    "N3": [
                        0.8379310344827586
                    ],
                    "REM": [
                        0.3311990686845169
                    ],
                    "Wake": [
                        0.7016856134849079
                    ],
                    "macro": [
                        0.6055220250120972
                    ]
                },
                "recalls": {
                    "N1": [
                        0.23474801061007958
                    ],
                    "N2": [
                        0.6998766193707588
                    ],
                    "N3": [
                        0.5058986814712005
                    ],
                    "REM": [
                        0.5357815442561206
                    ],
                    "Wake": [
                        0.7549557148882328
                    ],
                    "macro": [
                        0.5462521141192785
                    ]
                }
            }
        }
    },
    "train": {},
    "valid_pretraining": {}
}
