{
    "earlystopping": {
        "confusion_matrices": {
            "abs": [
                "[[825, 99, 94, 1, 89], [45, 128, 151, 1, 103], [148, 35, 3252, 409, 253], [35, 0, 66, 753, 54], [14, 27, 59, 0, 1153]]"
            ]
        },
        "markov_matrices": {
            "abs": {
                "actual": [
                    "[[862, 210, 21, 0, 14], [64, 148, 206, 0, 10], [130, 65, 3781, 89, 32], [11, 1, 77, 819, 0], [40, 4, 12, 0, 1197]]"
                ],
                "predicted": [
                    "[[777, 137, 77, 16, 59], [54, 110, 105, 0, 20], [126, 31, 3284, 84, 97], [28, 0, 73, 1063, 0], [81, 11, 83, 1, 1476]]"
                ]
            }
        },
        "metrics": {
            "downstream": {
                "cohen_kappa": [
                    0.6837246173570692
                ],
                "f1_scores": {
                    "N1": [
                        0.35704323570432356
                    ],
                    "N2": [
                        0.8425961912164788
                    ],
                    "N3": [
                        0.7268339768339768
                    ],
                    "REM": [
                        0.7938037865748709
                    ],
                    "Wake": [
                        0.7586206896551724
                    ],
                    "macro": [
                        0.6957795759969645
                    ]
                },
                "loss": [
                    1.0732777118682861
                ],
                "precisions": {
                    "N1": [
                        0.4429065743944637
                    ],
                    "N2": [
                        0.8978464936499172
                    ],
                    "N3": [
                        0.6469072164948454
                    ],
                    "REM": [
                        0.6979418886198547
                    ],
                    "Wake": [
                        0.7731958762886598
                    ],
                    "macro": [
                        0.6917596098895482
                    ]
                },
                "recalls": {
                    "N1": [
                        0.29906542056074764
                    ],
                    "N2": [
                        0.7937515255064681
                    ],
                    "N3": [
                        0.829295154185022
                    ],
                    "REM": [
                        0.9201915403032721
                    ],
                    "Wake": [
                        0.7445848375451264
                    ],
                    "macro": [
                        0.7173776956201273
                    ]
                }
            }
        }
    },
    "test": {
        "confusion_matrices": {
            "abs": [
                "[[1846, 121, 129, 26, 249], [218, 229, 132, 7, 168], [248, 79, 4587, 430, 1140], [17, 0, 41, 1291, 92], [54, 92, 162, 0, 1816]]"
            ]
        },
        "markov_matrices": {
            "abs": {
                "actual": [
                    "[[1925, 362, 71, 0, 13], [125, 270, 344, 1, 14], [256, 108, 5893, 174, 52], [18, 2, 155, 1266, 0], [46, 12, 21, 0, 2045]]"
                ],
                "predicted": [
                    "[[1939, 184, 132, 7, 121], [65, 258, 160, 1, 37], [198, 53, 4462, 145, 192], [27, 2, 122, 1575, 28], [153, 24, 175, 26, 3087]]"
                ]
            }
        },
        "metrics": {
            "downstream": {
                "cohen_kappa": [
                    0.6407766801362189
                ],
                "f1_scores": {
                    "N1": [
                        0.3592156862745098
                    ],
                    "N2": [
                        0.7953185955786736
                    ],
                    "N3": [
                        0.8081377151799686
                    ],
                    "REM": [
                        0.6498479155483986
                    ],
                    "Wake": [
                        0.7766091712242323
                    ],
                    "macro": [
                        0.6778258167611566
                    ]
                },
                "loss": [
                    1.4561496147742639
                ],
                "precisions": {
                    "N1": [
                        0.43953934740882916
                    ],
                    "N2": [
                        0.9081370025737477
                    ],
                    "N3": [
                        0.7360319270239453
                    ],
                    "REM": [
                        0.5240981240981241
                    ],
                    "Wake": [
                        0.7746537977339488
                    ],
                    "macro": [
                        0.6764920397677191
                    ]
                },
                "recalls": {
                    "N1": [
                        0.3037135278514589
                    ],
                    "N2": [
                        0.7074336829117829
                    ],
                    "N3": [
                        0.8959056210964608
                    ],
                    "REM": [
                        0.8549905838041432
                    ],
                    "Wake": [
                        0.7785744411640658
                    ],
                    "macro": [
                        0.7081235713655822
                    ]
                }
            }
        }
    },
    "train": {},
    "valid_pretraining": {}
}
