{"earlystopping":{"confusion_matrices":{"abs":["[[1061, 96, 24, 29, 167], [206, 203, 224, 102, 140], [155, 44, 1282, 829, 147], [60, 0, 17, 1443, 23], [26, 41, 58, 6, 1097]]"]},"markov_matrices":{"abs":{"actual":["[[1107, 224, 32, 1, 13], [103, 420, 304, 1, 47], [91, 183, 2069, 75, 39], [26, 6, 44, 1466, 0], [49, 42, 8, 0, 1129]]"],"predicted":["[[1203, 137, 64, 64, 40], [47, 155, 92, 12, 78], [82, 23, 1339, 92, 69], [88, 9, 63, 2220, 28], [87, 60, 47, 21, 1359]]"]}},"metrics":{"downstream":{"cohen_kappa":[0.5925054455125609],"f1_scores":{"N1":[0.32247815726767276],"N2":[0.6312161496799606],"N3":[0.7302631578947368],"REM":[0.7830121341898644],"Wake":[0.735528596187175],"macro":[0.640499639043882]},"loss":[1.6666343688964844],"precisions":{"N1":[0.5286458333333334],"N2":[0.7987538940809968],"N3":[0.5990037359900373],"REM":[0.6969504447268107],"Wake":[0.7035809018567639],"macro":[0.6653869619975885]},"recalls":{"N1":[0.232],"N2":[0.5217745217745218],"N3":[0.9351911860012961],"REM":[0.8933224755700325],"Wake":[0.7705156136528686],"macro":[0.6705607593997438]}}}},"test":{"confusion_matrices":{"abs":["[[3833, 192, 102, 121, 913], [610, 620, 621, 292, 440], [189, 149, 2687, 2049, 432], [73, 0, 127, 3512, 11], [94, 81, 131, 67, 1920]]"]},"markov_matrices":{"abs":{"actual":["[[4415, 676, 55, 1, 13], [385, 1308, 745, 5, 140], [218, 440, 4532, 223, 93], [51, 23, 150, 3494, 5], [91, 136, 24, 0, 2042]]"],"predicted":["[[3971, 404, 141, 132, 150], [227, 419, 197, 56, 143], [181, 73, 3054, 230, 130], [170, 38, 191, 5555, 87], [249, 108, 85, 68, 3206]]"]}},"metrics":{"downstream":{"cohen_kappa":[0.559106910661693],"f1_scores":{"N1":[0.34206896551724136],"N2":[0.5857859167211685],"N3":[0.7193773043834494],"REM":[0.6390414378432352],"Wake":[0.7696787148594377],"macro":[0.6111904678649064]},"loss":[1.910742910284745],"precisions":{"N1":[0.5950095969289827],"N2":[0.7325517993456925],"N3":[0.5813607018705512],"REM":[0.5166846071044133],"Wake":[0.7987080641800375],"macro":[0.6448629538859354]},"recalls":{"N1":[0.2400309717382888],"N2":[0.48801307664366145],"N3":[0.9433252753156057],"REM":[0.8373310074138683],"Wake":[0.7426855260608409],"macro":[0.6502771714344531]}}}},"train":{},"valid_pretraining":{}}