{"earlystopping":{"confusion_matrices":{"abs":["[[4429, 554, 145, 0, 264], [128, 725, 602, 0, 272], [38, 171, 6409, 18, 206], [30, 5, 1015, 503, 5], [22, 51, 165, 0, 2444]]"]},"markov_matrices":{"abs":{"actual":["[[5051, 318, 17, 0, 5], [183, 1134, 318, 2, 90], [88, 164, 6222, 274, 94], [12, 10, 254, 1282, 0], [57, 101, 31, 0, 2493]]"],"predicted":["[[4285, 271, 43, 0, 47], [141, 1061, 254, 0, 50], [134, 104, 7865, 95, 138], [10, 0, 85, 426, 0], [76, 70, 89, 0, 2956]]"]}},"metrics":{"downstream":{"cohen_kappa":[0.7167962915919182],"f1_scores":{"N1":[0.4484998453448809],"N2":[0.8445117933851627],"N3":[0.48388648388648386],"REM":[0.8322833304954879],"Wake":[0.8823588006773583],"macro":[0.6983080507578747]},"loss":[0.7421381738450792],"precisions":{"N1":[0.4814077025232404],"N2":[0.7688339731285988],"N3":[0.9654510556621881],"REM":[0.7659041052961454],"Wake":[0.9530880137723262],"macro":[0.7869369700764998]},"recalls":{"N1":[0.4198031268094962],"N2":[0.9367144109909383],"N3":[0.3228498074454429],"REM":[0.9112602535421327],"Wake":[0.8214020771513353],"macro":[0.682405935187869]}}}},"test":{"confusion_matrices":{"abs":["[[7387, 732, 269, 2, 575], [534, 1266, 1854, 13, 352], [37, 370, 9983, 174, 522], [6, 3, 1794, 353, 20], [28, 96, 399, 0, 3867]]"]},"markov_matrices":{"abs":{"actual":["[[8369, 557, 27, 1, 10], [330, 3076, 529, 0, 84], [166, 277, 10122, 394, 127], [26, 9, 359, 1780, 2], [73, 100, 49, 1, 4167]]"],"predicted":["[[7360, 433, 84, 0, 114], [241, 1718, 389, 0, 119], [208, 191, 13499, 159, 242], [6, 1, 150, 383, 2], [176, 124, 177, 0, 4859]]"]}},"metrics":{"downstream":{"cohen_kappa":[0.6463039150679036],"f1_scores":{"N1":[0.39037927844588344],"N2":[0.7865274768564112],"N3":[0.2597498160412068],"REM":[0.7951881554595929],"Wake":[0.8712626054136935],"macro":[0.6206214664433576]},"loss":[1.0329766591389975],"precisions":{"N1":[0.513173895419538],"N2":[0.6981607105391986],"N3":[0.6512915129151291],"REM":[0.7247001499250375],"Wake":[0.9242992992992993],"macro":[0.7023251136196406]},"recalls":{"N1":[0.31500373227170936],"N2":[0.9005051416200613],"N3":[0.16222426470588236],"REM":[0.8808656036446469],"Wake":[0.8239821528165087],"macro":[0.6165161790117617]}}}},"train":{},"valid_pretraining":{}}