{"earlystopping":{"confusion_matrices":{"abs":["[[4874, 142, 654, 25, 391], [280, 150, 979, 13, 338], [26, 103, 6246, 39, 83], [0, 3, 1542, 4, 0], [243, 164, 1093, 53, 1199]]"]},"markov_matrices":{"abs":{"actual":["[[5819, 253, 12, 0, 1], [157, 1185, 319, 2, 97], [66, 186, 5820, 317, 108], [7, 16, 296, 1230, 0], [36, 120, 50, 0, 2546]]"],"predicted":["[[4779, 94, 253, 4, 292], [63, 146, 244, 10, 99], [265, 205, 9721, 65, 258], [43, 16, 11, 39, 25], [273, 101, 284, 16, 1337]]"]}},"metrics":{"downstream":{"cohen_kappa":[0.519723520141447],"f1_scores":{"N1":[0.12919896640826872],"N2":[0.734348362824055],"N3":[0.004753416518122401],"REM":[0.5034642032332564],"Wake":[0.8469893127117908],"macro":[0.44375085233909867]},"loss":[2.2789015898833402],"precisions":{"N1":[0.2669039145907473],"N2":[0.5940650561156553],"N3":[0.029850746268656716],"REM":[0.5962207856787668],"Wake":[0.8987645214825742],"macro":[0.4771610048272801]},"recalls":{"N1":[0.08522727272727272],"N2":[0.9613667846698476],"N3":[0.0025823111684958036],"REM":[0.43568313953488375],"Wake":[0.8008544199802826],"macro":[0.45714278561615646]}}}},"test":{"confusion_matrices":{"abs":["[[7624, 267, 1296, 36, 459], [616, 321, 1415, 27, 620], [103, 316, 11955, 78, 314], [0, 3, 2165, 5, 1], [606, 318, 1405, 45, 2263]]"]},"markov_matrices":{"abs":{"actual":["[[9241, 410, 25, 0, 5], [217, 2136, 559, 2, 85], [152, 323, 11813, 339, 139], [16, 13, 311, 1833, 1], [55, 117, 58, 0, 4407]]"],"predicted":["[[7724, 156, 520, 11, 537], [95, 433, 450, 7, 240], [580, 370, 16749, 105, 432], [72, 9, 24, 45, 41], [478, 257, 493, 23, 2406]]"]}},"metrics":{"downstream":{"cohen_kappa":[0.535081788657334],"f1_scores":{"N1":[0.15198863636363635],"N2":[0.7712405651248306],"N3":[0.004228329809725159],"REM":[0.5456956836267182],"Wake":[0.8184209113842521],"macro":[0.4583148252618325]},"loss":[2.077730894088745],"precisions":{"N1":[0.2620408163265306],"N2":[0.655571397236236],"N3":[0.02617801047120419],"REM":[0.6188132348919879],"Wake":[0.8519387641077215],"macro":[0.4829084446067361]},"recalls":{"N1":[0.10703567855951984],"N2":[0.9364718784270719],"N3":[0.0022999080036798527],"REM":[0.48803105456113866],"Wake":[0.7874406114439165],"macro":[0.4642558261990654]}}}},"train":{},"valid_pretraining":{}}