{
    "earlystopping": {
        "confusion_matrices": {
            "abs": [
                "[[1231, 66, 63, 1, 11], [37, 232, 119, 0, 24], [24, 54, 3533, 245, 89], [0, 0, 94, 811, 0], [18, 28, 39, 0, 1224]]"
            ]
        },
        "markov_matrices": {
            "abs": {
                "actual": [
                    "[[1122, 217, 18, 0, 15], [56, 131, 215, 0, 10], [138, 60, 3629, 84, 34], [13, 1, 70, 821, 0], [42, 3, 13, 0, 1250]]"
                ],
                "predicted": [
                    "[[1111, 172, 14, 0, 13], [46, 164, 158, 0, 11], [105, 38, 3605, 65, 35], [10, 1, 54, 992, 0], [37, 5, 17, 0, 1289]]"
                ]
            }
        },
        "metrics": {
            "downstream": {
                "cohen_kappa": [
                    0.8324536475389475
                ],
                "f1_scores": {
                    "N1": [
                        0.5858585858585859
                    ],
                    "N2": [
                        0.9067111510329782
                    ],
                    "N3": [
                        0.8267074413863404
                    ],
                    "REM": [
                        0.9213398569815582
                    ],
                    "Wake": [
                        0.917971662938106
                    ],
                    "macro": [
                        0.8317177396395138
                    ]
                },
                "loss": [
                    0.30062833428382874
                ],
                "precisions": {
                    "N1": [
                        0.6105263157894737
                    ],
                    "N2": [
                        0.9181392931392931
                    ],
                    "N3": [
                        0.7672658467360454
                    ],
                    "REM": [
                        0.9080118694362018
                    ],
                    "Wake": [
                        0.9396946564885497
                    ],
                    "macro": [
                        0.8287275963179127
                    ]
                },
                "recalls": {
                    "N1": [
                        0.5631067961165048
                    ],
                    "N2": [
                        0.8955640050697085
                    ],
                    "N3": [
                        0.8961325966850828
                    ],
                    "REM": [
                        0.935064935064935
                    ],
                    "Wake": [
                        0.8972303206997084
                    ],
                    "macro": [
                        0.837419730727188
                    ]
                }
            }
        }
    },
    "test": {
        "confusion_matrices": {
            "abs": [
                "[[2487, 107, 114, 8, 40], [142, 396, 172, 0, 71], [154, 134, 6079, 461, 277], [3, 0, 119, 1382, 10], [44, 23, 72, 0, 2079]]"
            ]
        },
        "markov_matrices": {
            "abs": {
                "actual": [
                    "[[2267, 413, 59, 2, 15], [177, 247, 342, 0, 14], [239, 108, 6570, 128, 60], [22, 0, 108, 1384, 0], [50, 13, 26, 0, 2129]]"
                ],
                "predicted": [
                    "[[2387, 340, 62, 0, 41], [130, 250, 255, 0, 25], [220, 59, 6118, 83, 75], [11, 0, 71, 1762, 7], [81, 11, 50, 6, 2329]]"
                ]
            }
        },
        "metrics": {
            "downstream": {
                "cohen_kappa": [
                    0.8044649038033398
                ],
                "f1_scores": {
                    "N1": [
                        0.549618320610687
                    ],
                    "N2": [
                        0.889978771685821
                    ],
                    "N3": [
                        0.8213967310549777
                    ],
                    "REM": [
                        0.8856230031948883
                    ],
                    "Wake": [
                        0.8904403866809882
                    ],
                    "macro": [
                        0.8074114426454726
                    ]
                },
                "loss": [
                    0.37574508272368334
                ],
                "precisions": {
                    "N1": [
                        0.6
                    ],
                    "N2": [
                        0.927242220866382
                    ],
                    "N3": [
                        0.7466234467855214
                    ],
                    "REM": [
                        0.8393217601937828
                    ],
                    "Wake": [
                        0.8787985865724381
                    ],
                    "macro": [
                        0.7983972028836248
                    ]
                },
                "recalls": {
                    "N1": [
                        0.5070422535211268
                    ],
                    "N2": [
                        0.8555946516537649
                    ],
                    "N3": [
                        0.9128137384412153
                    ],
                    "REM": [
                        0.9373309287646528
                    ],
                    "Wake": [
                        0.9023947750362845
                    ],
                    "macro": [
                        0.8230352694834087
                    ]
                }
            }
        }
    },
    "train": {},
    "valid_pretraining": {}
}
