{
    "earlystopping": {
        "confusion_matrices": {
            "abs": [
                "[[1311, 62, 66, 1, 48], [72, 158, 171, 0, 70], [32, 21, 3483, 151, 153], [2, 0, 176, 741, 0], [9, 8, 29, 0, 1120]]"
            ]
        },
        "markov_matrices": {
            "abs": {
                "actual": [
                    "[[1224, 231, 17, 0, 15], [74, 164, 222, 0, 11], [132, 73, 3531, 73, 31], [11, 0, 62, 846, 0], [46, 3, 8, 0, 1109]]"
                ],
                "predicted": [
                    "[[1234, 143, 18, 0, 30], [34, 81, 127, 0, 7], [93, 21, 3716, 54, 41], [11, 0, 43, 839, 0], [53, 4, 21, 0, 1313]]"
                ]
            }
        },
        "metrics": {
            "downstream": {
                "cohen_kappa": [
                    0.8008720745134695
                ],
                "f1_scores": {
                    "N1": [
                        0.43888888888888883
                    ],
                    "N2": [
                        0.897102382485512
                    ],
                    "N3": [
                        0.8178807947019867
                    ],
                    "REM": [
                        0.8760265936644505
                    ],
                    "Wake": [
                        0.8997940974605354
                    ],
                    "macro": [
                        0.7859385514402747
                    ]
                },
                "loss": [
                    0.6131701469421387
                ],
                "precisions": {
                    "N1": [
                        0.6345381526104418
                    ],
                    "N2": [
                        0.8873885350318471
                    ],
                    "N3": [
                        0.8297872340425532
                    ],
                    "REM": [
                        0.805176132278936
                    ],
                    "Wake": [
                        0.9193548387096774
                    ],
                    "macro": [
                        0.815248978534691
                    ]
                },
                "recalls": {
                    "N1": [
                        0.3354564755838641
                    ],
                    "N2": [
                        0.90703125
                    ],
                    "N3": [
                        0.8063112078346029
                    ],
                    "REM": [
                        0.9605488850771869
                    ],
                    "Wake": [
                        0.8810483870967742
                    ],
                    "macro": [
                        0.7780792411184856
                    ]
                }
            }
        }
    },
    "test": {
        "confusion_matrices": {
            "abs": [
                "[[2173, 87, 113, 1, 142], [104, 303, 203, 4, 92], [122, 59, 5365, 456, 529], [1, 0, 328, 1197, 1], [11, 6, 41, 0, 2113]]"
            ]
        },
        "markov_matrices": {
            "abs": {
                "actual": [
                    "[[2107, 335, 57, 1, 15], [101, 257, 328, 0, 20], [233, 100, 5972, 176, 50], [18, 3, 155, 1350, 1], [56, 11, 19, 0, 2085]]"
                ],
                "predicted": [
                    "[[2048, 254, 72, 2, 34], [81, 162, 189, 0, 23], [179, 29, 5643, 96, 103], [17, 3, 76, 1560, 2], [85, 7, 70, 0, 2715]]"
                ]
            }
        },
        "metrics": {
            "downstream": {
                "cohen_kappa": [
                    0.7549555962016609
                ],
                "f1_scores": {
                    "N1": [
                        0.5219638242894057
                    ],
                    "N2": [
                        0.8528733804943962
                    ],
                    "N3": [
                        0.7516483516483516
                    ],
                    "REM": [
                        0.8371632329635499
                    ],
                    "Wake": [
                        0.8820783438197687
                    ],
                    "macro": [
                        0.7691454266430945
                    ]
                },
                "loss": [
                    0.6090654443811487
                ],
                "precisions": {
                    "N1": [
                        0.6659340659340659
                    ],
                    "N2": [
                        0.8867768595041322
                    ],
                    "N3": [
                        0.7219541616405307
                    ],
                    "REM": [
                        0.7344456030587417
                    ],
                    "Wake": [
                        0.901285773537951
                    ],
                    "macro": [
                        0.7820792927350843
                    ]
                },
                "recalls": {
                    "N1": [
                        0.42917847025495753
                    ],
                    "N2": [
                        0.8214668504057572
                    ],
                    "N3": [
                        0.7838899803536346
                    ],
                    "REM": [
                        0.973284200829111
                    ],
                    "Wake": [
                        0.8636724960254372
                    ],
                    "macro": [
                        0.7742983995737795
                    ]
                }
            }
        }
    },
    "train": {},
    "valid_pretraining": {}
}
