{"earlystopping":{"confusion_matrices":{"abs":["[[1038, 0, 240, 21, 189], [96, 0, 235, 2, 138], [30, 0, 3102, 321, 387], [1, 0, 269, 592, 57], [100, 0, 243, 16, 807]]"]},"markov_matrices":{"abs":{"actual":["[[1224, 231, 17, 0, 15], [74, 164, 222, 0, 11], [132, 73, 3531, 73, 31], [11, 0, 62, 846, 0], [46, 3, 8, 0, 1109]]"],"predicted":["[[1109, 0, 66, 13, 76], [0, 0, 0, 0, 0], [76, 0, 3727, 108, 178], [9, 0, 94, 796, 53], [70, 0, 202, 35, 1271]]"]}},"metrics":{"downstream":{"cohen_kappa":[0.5583223877373649],"f1_scores":{"N1":[0.0],"N2":[0.7824441922058267],"N3":[0.6328166755745591],"REM":[0.5881924198250729],"Wake":[0.7540864511442064],"macro":[0.551507947749933]},"loss":[1.725278615951538],"precisions":{"N1":[0.0],"N2":[0.7586206896551724],"N3":[0.6218487394957983],"REM":[0.5114068441064639],"Wake":[0.8205533596837945],"macro":[0.5424859265882458]},"recalls":{"N1":[0.0],"N2":[0.8078125],"N3":[0.6441784548422198],"REM":[0.6921097770154374],"Wake":[0.6975806451612904],"macro":[0.5683362754037894]}}}},"test":{"confusion_matrices":{"abs":["[[1530, 0, 494, 64, 428], [86, 0, 250, 19, 351], [41, 0, 4969, 720, 801], [0, 0, 756, 759, 12], [102, 0, 664, 112, 1293]]"]},"markov_matrices":{"abs":{"actual":["[[2107, 335, 57, 1, 15], [101, 257, 328, 0, 20], [233, 100, 5972, 176, 50], [18, 3, 155, 1350, 1], [56, 11, 19, 0, 2085]]"],"predicted":["[[1434, 0, 113, 38, 173], [0, 0, 0, 0, 0], [142, 0, 6572, 167, 252], [38, 0, 165, 1387, 84], [144, 0, 283, 82, 2376]]"]}},"metrics":{"downstream":{"cohen_kappa":[0.4557335967902718],"f1_scores":{"N1":[0.0],"N2":[0.7273126463700234],"N3":[0.4742268041237113],"REM":[0.5114715189873418],"Wake":[0.7157894736842105],"macro":[0.4857600886330574]},"loss":[2.5159855595341436],"precisions":{"N1":[0.0],"N2":[0.696621337445675],"N3":[0.45340501792114696],"REM":[0.44818024263431544],"Wake":[0.869812393405344],"macro":[0.4936037982812963]},"recalls":{"N1":[0.0],"N2":[0.7608329505435615],"N3":[0.49705304518664045],"REM":[0.5955780746199908],"Wake":[0.6081081081081081],"macro":[0.49231443569166017]}}}},"train":{},"valid_pretraining":{}}