{"earlystopping":{"confusion_matrices":{"abs":["[[777, 109, 374, 78, 120], [14, 41, 261, 12, 80], [2, 4, 3361, 257, 78], [0, 0, 220, 830, 0], [2, 1, 524, 10, 528]]"]},"markov_matrices":{"abs":{"actual":["[[1259, 184, 13, 0, 1], [48, 150, 197, 0, 13], [112, 70, 3412, 84, 24], [12, 1, 71, 966, 0], [26, 3, 9, 0, 1027]]"],"predicted":["[[719, 40, 21, 7, 8], [2, 71, 77, 1, 4], [63, 33, 4399, 109, 135], [4, 3, 107, 1065, 8], [7, 8, 135, 5, 651]]"]}},"metrics":{"downstream":{"cohen_kappa":[0.567863054906627],"f1_scores":{"N1":[0.14564831261101246],"N2":[0.7962568111821844],"N3":[0.7420652659812249],"REM":[0.5644040619989311],"Wake":[0.6897470039946738],"macro":[0.5876242911536054]},"loss":[2.1872572898864746],"precisions":{"N1":[0.2645161290322581],"N2":[0.7090717299578059],"N3":[0.6992417860151643],"REM":[0.6550868486352357],"Wake":[0.9773584905660377],"macro":[0.6610549968413004]},"recalls":{"N1":[0.10049019607843138],"N2":[0.9078876283090221],"N3":[0.7904761904761904],"REM":[0.49577464788732395],"Wake":[0.5329218106995884],"macro":[0.5655100946901113]}}}},"test":{"confusion_matrices":{"abs":["[[989, 97, 445, 55, 423], [31, 35, 365, 18, 135], [21, 32, 5694, 591, 304], [0, 0, 327, 1533, 0], [39, 7, 877, 14, 1233]]"]},"markov_matrices":{"abs":{"actual":["[[1680, 283, 29, 0, 17], [67, 196, 302, 0, 18], [192, 88, 6163, 147, 52], [23, 1, 123, 1713, 0], [46, 16, 25, 0, 2083]]"],"predicted":["[[927, 51, 42, 8, 52], [6, 65, 84, 4, 12], [92, 32, 7122, 217, 244], [11, 6, 202, 1966, 26], [43, 17, 258, 16, 1761]]"]}},"metrics":{"downstream":{"cohen_kappa":[0.5594083813664621],"f1_scores":{"N1":[0.09271523178807946],"N2":[0.793588850174216],"N3":[0.7531319086219602],"REM":[0.5781946072684644],"Wake":[0.6403366785367434],"macro":[0.5715934552778926]},"loss":[1.7569489112267127],"precisions":{"N1":[0.2046783625730994],"N2":[0.7387130254281267],"N3":[0.6933514246947082],"REM":[0.5885441527446301],"Wake":[0.9157407407407407],"macro":[0.628205541236261]},"recalls":{"N1":[0.059931506849315065],"N2":[0.8572719060523939],"N3":[0.8241935483870968],"REM":[0.5682027649769585],"Wake":[0.492284718765555],"macro":[0.5603768890062638]}}}},"train":{},"valid_pretraining":{}}