{"earlystopping":{"confusion_matrices":{"abs":["[[614, 312, 303, 42, 101], [34, 85, 188, 19, 86], [12, 117, 2817, 579, 420], [0, 9, 70, 816, 10], [11, 51, 364, 11, 872]]"]},"markov_matrices":{"abs":{"actual":["[[1122, 217, 18, 0, 15], [56, 131, 215, 0, 10], [138, 60, 3629, 84, 34], [13, 1, 70, 821, 0], [42, 3, 13, 0, 1250]]"],"predicted":["[[571, 59, 27, 2, 12], [30, 338, 143, 25, 38], [49, 107, 3216, 117, 253], [5, 24, 116, 1302, 20], [16, 45, 240, 21, 1166]]"]}},"metrics":{"downstream":{"cohen_kappa":[0.5043680037802747],"f1_scores":{"N1":[0.17241379310344826],"N2":[0.7329257187459346],"N3":[0.688026981450253],"REM":[0.6233023588277341],"Wake":[0.6010768477728831],"macro":[0.5635491399800505]},"loss":[1.5468604564666748],"precisions":{"N1":[0.1480836236933798],"N2":[0.7528059861036879],"N3":[0.556237218813906],"REM":[0.5856279382135662],"Wake":[0.9150521609538003],"macro":[0.5915613855556681]},"recalls":{"N1":[0.20631067961165048],"N2":[0.7140684410646387],"N3":[0.901657458563536],"REM":[0.666157372039725],"Wake":[0.44752186588921283],"macro":[0.5871431634337526]}}}},"test":{"confusion_matrices":{"abs":["[[1233, 361, 789, 138, 235], [49, 177, 311, 79, 165], [27, 560, 4566, 1024, 928], [0, 70, 79, 1361, 4], [23, 147, 401, 33, 1614]]"]},"markov_matrices":{"abs":{"actual":["[[2267, 413, 59, 2, 15], [177, 247, 342, 0, 14], [239, 108, 6570, 128, 60], [22, 0, 108, 1384, 0], [50, 13, 26, 0, 2129]]"],"predicted":["[[1096, 104, 83, 7, 42], [69, 762, 289, 99, 96], [112, 227, 5244, 235, 328], [16, 98, 235, 2245, 41], [39, 123, 295, 49, 2439]]"]}},"metrics":{"downstream":{"cohen_kappa":[0.47232154988324393],"f1_scores":{"N1":[0.16889312977099238],"N2":[0.6891555354312882],"N3":[0.6560617016148469],"REM":[0.6250968241673123],"Wake":[0.6032289628180039],"macro":[0.5484872307604887]},"loss":[1.6968517961173222],"precisions":{"N1":[0.13460076045627375],"N2":[0.7429222258379434],"N3":[0.5165085388994307],"REM":[0.5478615071283096],"Wake":[0.9256756756756757],"macro":[0.5735137415995266]},"recalls":{"N1":[0.2266325224071703],"N2":[0.6426460239268121],"N3":[0.8989431968295905],"REM":[0.7276825969341749],"Wake":[0.4473875181422351],"macro":[0.5886583716479965]}}}},"train":{},"valid_pretraining":{}}