{
    "earlystopping": {
        "confusion_matrices": {
            "abs": [
                "[[1232, 115, 91, 6, 42], [20, 255, 149, 1, 36], [23, 105, 3144, 333, 223], [0, 0, 116, 890, 20], [6, 61, 37, 0, 1103]]"
            ]
        },
        "markov_matrices": {
            "abs": {
                "actual": [
                    "[[1212, 234, 24, 0, 15], [70, 143, 236, 0, 12], [144, 80, 3479, 94, 31], [13, 1, 80, 932, 0], [46, 3, 9, 0, 1149]]"
                ],
                "predicted": [
                    "[[1079, 181, 11, 2, 7], [50, 299, 160, 0, 27], [96, 37, 3281, 58, 65], [13, 1, 46, 1170, 0], [42, 18, 39, 0, 1325]]"
                ]
            }
        },
        "metrics": {
            "downstream": {
                "cohen_kappa": [
                    0.756185678523831
                ],
                "f1_scores": {
                    "N1": [
                        0.5115346038114343
                    ],
                    "N2": [
                        0.8537678207739308
                    ],
                    "N3": [
                        0.7890070921985816
                    ],
                    "REM": [
                        0.8384644621816799
                    ],
                    "Wake": [
                        0.8904951210697506
                    ],
                    "macro": [
                        0.7766538200070755
                    ]
                },
                "loss": [
                    0.507539689540863
                ],
                "precisions": {
                    "N1": [
                        0.47574626865671643
                    ],
                    "N2": [
                        0.8888888888888888
                    ],
                    "N3": [
                        0.7235772357723578
                    ],
                    "REM": [
                        0.7745786516853933
                    ],
                    "Wake": [
                        0.9617486338797814
                    ],
                    "macro": [
                        0.7649079357766275
                    ]
                },
                "recalls": {
                    "N1": [
                        0.5531453362255966
                    ],
                    "N2": [
                        0.8213166144200627
                    ],
                    "N3": [
                        0.8674463937621832
                    ],
                    "REM": [
                        0.9138359569179785
                    ],
                    "Wake": [
                        0.82907133243607
                    ],
                    "macro": [
                        0.7969631267523782
                    ]
                }
            }
        }
    },
    "test": {
        "confusion_matrices": {
            "abs": [
                "[[1437, 143, 111, 62, 460], [51, 466, 186, 13, 118], [23, 244, 5532, 528, 271], [2, 0, 178, 1335, 0], [1, 66, 82, 0, 2500]]"
            ]
        },
        "markov_matrices": {
            "abs": {
                "actual": [
                    "[[1846, 336, 22, 0, 8], [106, 332, 383, 0, 13], [188, 148, 6049, 144, 69], [24, 1, 119, 1371, 0], [48, 17, 25, 0, 2559]]"
                ],
                "predicted": [
                    "[[1153, 256, 42, 12, 50], [72, 525, 279, 4, 39], [177, 76, 5605, 143, 88], [39, 1, 116, 1771, 11], [73, 60, 47, 8, 3161]]"
                ]
            }
        },
        "metrics": {
            "downstream": {
                "cohen_kappa": [
                    0.7394949548535851
                ],
                "f1_scores": {
                    "N1": [
                        0.5316600114090131
                    ],
                    "N2": [
                        0.8720737763064554
                    ],
                    "N3": [
                        0.7732406602953953
                    ],
                    "REM": [
                        0.8336112037345782
                    ],
                    "Wake": [
                        0.7711295948484035
                    ],
                    "macro": [
                        0.7563430493187691
                    ]
                },
                "loss": [
                    0.6124504937065972
                ],
                "precisions": {
                    "N1": [
                        0.5070729053318824
                    ],
                    "N2": [
                        0.9085235670881918
                    ],
                    "N3": [
                        0.6888544891640866
                    ],
                    "REM": [
                        0.746491489997014
                    ],
                    "Wake": [
                        0.9491413474240423
                    ],
                    "macro": [
                        0.7600167598010434
                    ]
                },
                "recalls": {
                    "N1": [
                        0.5587529976019184
                    ],
                    "N2": [
                        0.8384358896635344
                    ],
                    "N3": [
                        0.8811881188118812
                    ],
                    "REM": [
                        0.9437523593808984
                    ],
                    "Wake": [
                        0.6493447808404881
                    ],
                    "macro": [
                        0.774294829259744
                    ]
                }
            }
        }
    },
    "train": {},
    "valid_pretraining": {}
}
