{
    "earlystopping": {
        "confusion_matrices": {
            "abs": [
                "[[626, 44, 114, 8, 580], [19, 47, 209, 9, 128], [47, 46, 2898, 219, 735], [1, 0, 235, 547, 122], [2, 37, 223, 0, 1047]]"
            ]
        },
        "markov_matrices": {
            "abs": {
                "actual": [
                    "[[1122, 217, 18, 0, 15], [56, 131, 215, 0, 10], [138, 60, 3629, 84, 34], [13, 1, 70, 821, 0], [42, 3, 13, 0, 1250]]"
                ],
                "predicted": [
                    "[[537, 35, 29, 8, 86], [9, 76, 61, 16, 12], [38, 17, 3298, 79, 247], [13, 13, 65, 654, 38], [98, 33, 226, 26, 2228]]"
                ]
            }
        },
        "metrics": {
            "downstream": {
                "cohen_kappa": [
                    0.4918633182545681
                ],
                "f1_scores": {
                    "N1": [
                        0.16040955631399317
                    ],
                    "N2": [
                        0.7602308499475341
                    ],
                    "N3": [
                        0.6481042654028437
                    ],
                    "REM": [
                        0.5340474368783473
                    ],
                    "Wake": [
                        0.605708756652153
                    ],
                    "macro": [
                        0.5417001730389743
                    ]
                },
                "loss": [
                    3.602128267288208
                ],
                "precisions": {
                    "N1": [
                        0.27011494252873564
                    ],
                    "N2": [
                        0.7877140527317206
                    ],
                    "N3": [
                        0.698595146871009
                    ],
                    "REM": [
                        0.40084226646248083
                    ],
                    "Wake": [
                        0.9007194244604316
                    ],
                    "macro": [
                        0.6115971666108755
                    ]
                },
                "recalls": {
                    "N1": [
                        0.11407766990291263
                    ],
                    "N2": [
                        0.7346007604562738
                    ],
                    "N3": [
                        0.6044198895027625
                    ],
                    "REM": [
                        0.7998472116119175
                    ],
                    "Wake": [
                        0.45626822157434405
                    ],
                    "macro": [
                        0.5418427506096422
                    ]
                }
            }
        }
    },
    "test": {
        "confusion_matrices": {
            "abs": [
                "[[1677, 65, 122, 7, 885], [87, 92, 256, 3, 343], [107, 96, 4569, 282, 2051], [1, 0, 262, 948, 303], [10, 36, 818, 0, 1354]]"
            ]
        },
        "markov_matrices": {
            "abs": {
                "actual": [
                    "[[2267, 413, 59, 2, 15], [177, 247, 342, 0, 14], [239, 108, 6570, 128, 60], [22, 0, 108, 1384, 0], [50, 13, 26, 0, 2129]]"
                ],
                "predicted": [
                    "[[1608, 72, 46, 4, 152], [21, 128, 117, 1, 22], [74, 42, 5426, 111, 374], [8, 2, 91, 1073, 66], [171, 45, 347, 51, 4321]]"
                ]
            }
        },
        "metrics": {
            "downstream": {
                "cohen_kappa": [
                    0.4337388613448824
                ],
                "f1_scores": {
                    "N1": [
                        0.17196261682242991
                    ],
                    "N2": [
                        0.6958574474565945
                    ],
                    "N3": [
                        0.6884531590413944
                    ],
                    "REM": [
                        0.3785294939893765
                    ],
                    "Wake": [
                        0.7231565329883569
                    ],
                    "macro": [
                        0.5315918500596304
                    ]
                },
                "loss": [
                    5.167086897225215
                ],
                "precisions": {
                    "N1": [
                        0.31833910034602075
                    ],
                    "N2": [
                        0.7580886012941762
                    ],
                    "N3": [
                        0.7645161290322581
                    ],
                    "REM": [
                        0.27431118314424635
                    ],
                    "Wake": [
                        0.8910733262486716
                    ],
                    "macro": [
                        0.6012656680130746
                    ]
                },
                "recalls": {
                    "N1": [
                        0.117797695262484
                    ],
                    "N2": [
                        0.6430682617874736
                    ],
                    "N3": [
                        0.6261558784676354
                    ],
                    "REM": [
                        0.6104598737601443
                    ],
                    "Wake": [
                        0.6084905660377359
                    ],
                    "macro": [
                        0.5211944550630946
                    ]
                }
            }
        }
    },
    "train": {},
    "valid_pretraining": {}
}
