{"earlystopping":{"confusion_matrices":{"abs":["[[1130, 199, 66, 5, 18], [117, 443, 213, 6, 16], [49, 214, 2085, 238, 30], [1, 0, 110, 1207, 0], [15, 136, 133, 2, 955]]"]},"markov_matrices":{"abs":{"actual":["[[1126, 224, 50, 1, 17], [105, 349, 308, 1, 32], [110, 186, 2216, 66, 37], [28, 7, 32, 1250, 1], [48, 29, 10, 0, 1154]]"],"predicted":["[[1024, 229, 48, 1, 10], [100, 548, 285, 1, 57], [122, 152, 2179, 86, 68], [24, 2, 60, 1370, 2], [41, 61, 35, 0, 882]]"]}},"metrics":{"downstream":{"cohen_kappa":[0.7237034257803014],"f1_scores":{"N1":[0.49580302182428654],"N2":[0.7983917288914417],"N3":[0.8695965417867435],"REM":[0.8451327433628318],"Wake":[0.8278388278388278],"macro":[0.7673525727408264]},"loss":[0.5455310821533204],"precisions":{"N1":[0.4465725806451613],"N2":[0.7997698504027618],"N3":[0.8278463648834019],"REM":[0.9371933267909716],"Wake":[0.8612804878048781],"macro":[0.7745325221054349]},"recalls":{"N1":[0.5572327044025157],"N2":[0.7970183486238532],"N3":[0.9157814871016692],"REM":[0.7695406929895245],"Wake":[0.7968970380818053],"macro":[0.7672940542398736]}}}},"test":{"confusion_matrices":{"abs":["[[4136, 320, 186, 19, 23], [328, 1172, 693, 9, 111], [41, 345, 4683, 475, 68], [4, 1, 493, 3494, 0], [115, 252, 554, 8, 2010]]"]},"markov_matrices":{"abs":{"actual":["[[4011, 610, 44, 4, 15], [319, 1176, 689, 6, 122], [195, 395, 4680, 248, 94], [57, 20, 176, 3734, 5], [101, 112, 23, 0, 2703]]"],"predicted":["[[3942, 586, 57, 3, 36], [269, 1093, 636, 2, 90], [264, 310, 5666, 212, 156], [39, 13, 164, 3788, 1], [109, 88, 86, 0, 1929]]"]}},"metrics":{"downstream":{"cohen_kappa":[0.7327404726933715],"f1_scores":{"N1":[0.5323642970701794],"N2":[0.7663857294820391],"N3":[0.8738276853820183],"REM":[0.7804309842748981],"Wake":[0.8886978942844864],"macro":[0.7683413180987243]},"loss":[0.5373788491273538],"precisions":{"N1":[0.5607655502392345],"N2":[0.7085792101679528],"N3":[0.8724094881398252],"REM":[0.9086799276672695],"Wake":[0.8944636678200693],"macro":[0.7889795688068701]},"recalls":{"N1":[0.5067012537829658],"N2":[0.8344618674269423],"N3":[0.875250501002004],"REM":[0.6839060905069752],"Wake":[0.8830059777967549],"macro":[0.7566651381031284]}}}},"train":{},"valid_pretraining":{}}