{"earlystopping":{"confusion_matrices":{"abs":["[[1130, 53, 23, 11, 34], [211, 268, 276, 9, 77], [106, 150, 2138, 121, 206], [5, 9, 284, 1191, 31], [118, 53, 160, 5, 735]]"]},"markov_matrices":{"abs":{"actual":["[[981, 212, 41, 1, 16], [91, 401, 312, 1, 36], [102, 188, 2320, 72, 38], [30, 5, 38, 1446, 1], [46, 35, 10, 0, 980]]"],"predicted":["[[1249, 172, 103, 6, 40], [99, 227, 160, 7, 39], [120, 82, 2358, 134, 187], [28, 11, 109, 1179, 10], [73, 41, 151, 11, 807]]"]}},"metrics":{"downstream":{"cohen_kappa":[0.6524864352890072],"f1_scores":{"N1":[0.3901018922852984],"N2":[0.7632988218493395],"N3":[0.8337416870843543],"REM":[0.6824512534818942],"Wake":[0.8011343495214462],"macro":[0.6941456008444665]},"loss":[1.3229122161865234],"precisions":{"N1":[0.5028142589118199],"N2":[0.742103436306838],"N3":[0.8908002991772626],"REM":[0.6786703601108033],"Wake":[0.7197452229299363],"macro":[0.706826715487332]},"recalls":{"N1":[0.31866825208085614],"N2":[0.7857405365674385],"N3":[0.7835526315789474],"REM":[0.6862745098039216],"Wake":[0.903277378097522],"macro":[0.6955026616257373]}}}},"test":{"confusion_matrices":{"abs":["[[2693, 186, 250, 12, 70], [781, 666, 783, 15, 354], [707, 873, 4151, 262, 929], [22, 85, 1240, 2863, 86], [320, 141, 517, 1, 1832]]"]},"markov_matrices":{"abs":{"actual":["[[2639, 499, 37, 1, 34], [225, 1407, 847, 6, 114], [206, 561, 5876, 194, 85], [45, 19, 132, 4095, 5], [95, 113, 30, 0, 2573]]"],"predicted":["[[3765, 426, 171, 19, 141], [300, 1141, 340, 40, 130], [232, 205, 5733, 275, 496], [41, 37, 249, 2794, 32], [184, 142, 448, 25, 2472]]"]}},"metrics":{"downstream":{"cohen_kappa":[0.5005019619516549],"f1_scores":{"N1":[0.2927472527472528],"N2":[0.598860275553632],"N3":[0.7686937844005907],"REM":[0.6024334100624794],"Wake":[0.6964054822860098],"macro":[0.591828041009993]},"loss":[2.582538311298077],"precisions":{"N1":[0.34136340338288057],"N2":[0.5980406281515632],"N3":[0.9080241040279099],"REM":[0.5600733720574748],"Wake":[0.5954012823347336],"macro":[0.6005805579909124]},"recalls":{"N1":[0.2562524047710658],"N2":[0.5996821727824329],"N3":[0.6664338919925512],"REM":[0.6517253646389185],"Wake":[0.8386795390843974],"macro":[0.6025546746538731]}}}},"train":{},"valid_pretraining":{}}