{"earlystopping":{"confusion_matrices":{"abs":["[[6999, 336, 156, 8, 161], [374, 462, 884, 24, 183], [151, 135, 5912, 753, 155], [5, 3, 280, 834, 6], [177, 82, 440, 31, 2111]]"]},"markov_matrices":{"abs":{"actual":["[[7290, 345, 19, 0, 5], [197, 1257, 361, 3, 109], [94, 200, 6433, 271, 108], [13, 13, 248, 854, 0], [65, 112, 45, 0, 2619]]"],"predicted":["[[7341, 209, 85, 3, 67], [103, 658, 216, 0, 41], [147, 82, 7149, 130, 164], [10, 2, 122, 1516, 0], [104, 67, 100, 1, 2344]]"]}},"metrics":{"downstream":{"cohen_kappa":[0.7029117916830606],"f1_scores":{"N1":[0.31375212224108656],"N2":[0.8001082690485858],"N3":[0.6004319654427646],"REM":[0.7736851750045812],"Wake":[0.91097227645451],"macro":[0.6797899616383056]},"loss":[0.5604005208829554],"precisions":{"N1":[0.4538310412573674],"N2":[0.7705943691345151],"N3":[0.5054545454545455],"REM":[0.8069571865443425],"Wake":[0.9082533091097846],"macro":[0.689018090300111]},"recalls":{"N1":[0.23975090814737934],"N2":[0.8319729805797917],"N3":[0.7393617021276596],"REM":[0.7430482224568814],"Wake":[0.9137075718015666],"macro":[0.6935682770226557]}}}},"test":{"confusion_matrices":{"abs":["[[9433, 401, 390, 15, 542], [1509, 694, 1099, 7, 396], [2971, 375, 8464, 660, 450], [145, 2, 639, 1242, 8], [754, 249, 890, 10, 2937]]"]},"markov_matrices":{"abs":{"actual":["[[10118, 616, 19, 0, 27], [361, 2625, 600, 0, 119], [180, 332, 11792, 467, 149], [22, 6, 436, 1569, 3], [99, 126, 73, 0, 4542]]"],"predicted":["[[13866, 415, 238, 3, 289], [237, 1028, 336, 0, 120], [333, 148, 10568, 188, 245], [11, 0, 179, 1743, 1], [364, 130, 161, 0, 3678]]"]}},"metrics":{"downstream":{"cohen_kappa":[0.527888254533718],"f1_scores":{"N1":[0.25580538149649834],"N2":[0.6937136300303254],"N3":[0.6256926952141058],"REM":[0.640357571132672],"Wake":[0.737154690735748],"macro":[0.5905447937218699]},"loss":[0.9506724912728837],"precisions":{"N1":[0.4032539221382917],"N2":[0.7371538059571503],"N3":[0.6421923474663909],"REM":[0.6778213708746826],"Wake":[0.6368485012152308],"macro":[0.6194539895303492]},"recalls":{"N1":[0.1873144399460189],"N2":[0.6551083591331269],"N3":[0.6100196463654224],"REM":[0.6068181818181818],"Wake":[0.8749652165847324],"macro":[0.5868451687694966]}}}},"train":{},"valid_pretraining":{}}