{"earlystopping":{"confusion_matrices":{"abs":["[[1086, 58, 129, 8, 91], [77, 79, 169, 5, 82], [383, 34, 2712, 235, 581], [3, 0, 195, 680, 27], [86, 22, 84, 0, 1117]]"]},"markov_matrices":{"abs":{"actual":["[[1122, 217, 18, 0, 15], [56, 131, 215, 0, 10], [138, 60, 3629, 84, 34], [13, 1, 70, 821, 0], [42, 3, 13, 0, 1250]]"],"predicted":["[[1354, 79, 89, 34, 79], [27, 64, 91, 1, 10], [133, 37, 2889, 93, 136], [35, 0, 93, 787, 13], [85, 13, 127, 13, 1660]]"]}},"metrics":{"downstream":{"cohen_kappa":[0.594714696857048],"f1_scores":{"N1":[0.2611570247933884],"N2":[0.7497926458390931],"N3":[0.7419530823786143],"REM":[0.6966011849080138],"Wake":[0.7223145992683738],"macro":[0.6343637074374968]},"loss":[2.387204170227051],"precisions":{"N1":[0.40932642487046633],"N2":[0.8245667376102158],"N3":[0.7327586206896551],"REM":[0.5885142255005269],"Wake":[0.6642201834862386],"macro":[0.6438772384314205]},"recalls":{"N1":[0.19174757281553398],"N2":[0.6874524714828897],"N3":[0.7513812154696132],"REM":[0.8533231474407945],"Wake":[0.7915451895043731],"macro":[0.6550899193426408]}}}},"test":{"confusion_matrices":{"abs":["[[2146, 71, 195, 46, 298], [160, 163, 193, 37, 228], [351, 98, 4778, 654, 1224], [1, 0, 223, 1249, 41], [113, 55, 407, 1, 1642]]"]},"markov_matrices":{"abs":{"actual":["[[2267, 413, 59, 2, 15], [177, 247, 342, 0, 14], [239, 108, 6570, 128, 60], [22, 0, 108, 1384, 0], [50, 13, 26, 0, 2129]]"],"predicted":["[[2304, 168, 134, 26, 139], [58, 131, 172, 1, 25], [204, 60, 5081, 158, 292], [35, 1, 137, 1754, 60], [170, 27, 272, 47, 2917]]"]}},"metrics":{"downstream":{"cohen_kappa":[0.56976689660487],"f1_scores":{"N1":[0.27910958904109584],"N2":[0.7407177738159832],"N3":[0.7135104255926877],"REM":[0.5811360821093612],"Wake":[0.7765514745793378],"macro":[0.6182050690276931]},"loss":[2.9445421942349137],"precisions":{"N1":[0.42118863049095606],"N2":[0.8243616287094548],"N3":[0.6285858077503774],"REM":[0.4782988639673755],"Wake":[0.7744496571634789],"macro":[0.6253769176163286]},"recalls":{"N1":[0.2087067861715749],"N2":[0.6724841660802252],"N3":[0.8249669749009247],"REM":[0.7403065825067628],"Wake":[0.7786647314949202],"macro":[0.6450258482308816]}}}},"train":{},"valid_pretraining":{}}