{"earlystopping":{"confusion_matrices":{"abs":["[[7131, 420, 30, 2, 77], [241, 837, 699, 23, 127], [90, 219, 6155, 471, 171], [10, 3, 307, 808, 0], [65, 107, 346, 1, 2322]]"]},"markov_matrices":{"abs":{"actual":["[[7290, 345, 19, 0, 5], [197, 1257, 361, 3, 109], [94, 200, 6433, 271, 108], [13, 13, 248, 854, 0], [65, 112, 45, 0, 2619]]"],"predicted":["[[7132, 332, 40, 2, 30], [153, 1045, 335, 1, 52], [145, 148, 6926, 202, 116], [29, 0, 174, 1100, 2], [77, 61, 62, 0, 2497]]"]}},"metrics":{"downstream":{"cohen_kappa":[0.7678698291444295],"f1_scores":{"N1":[0.47651579846285225],"N2":[0.8406747251246329],"N3":[0.6642005754212906],"REM":[0.838569880823402],"Wake":[0.9384746989537409],"macro":[0.7516871357571837]},"loss":[0.4323484374255669],"precisions":{"N1":[0.5277427490542245],"N2":[0.8166379195966565],"N3":[0.6191570881226054],"REM":[0.8609566184649611],"Wake":[0.946132413427093],"macro":[0.754125357733108]},"recalls":{"N1":[0.4343539180072652],"N2":[0.8661694342808894],"N3":[0.7163120567375887],"REM":[0.8173178458289335],"Wake":[0.9309399477806789],"macro":[0.7530186405270711]}}}},"test":{"confusion_matrices":{"abs":["[[9454, 978, 131, 4, 214], [625, 1775, 892, 1, 412], [131, 511, 11384, 418, 476], [6, 1, 567, 1460, 2], [215, 298, 685, 0, 3642]]"]},"markov_matrices":{"abs":{"actual":["[[10118, 616, 19, 0, 27], [361, 2625, 600, 0, 119], [180, 332, 11792, 467, 149], [22, 6, 436, 1569, 3], [99, 126, 73, 0, 4542]]"],"predicted":["[[9675, 635, 58, 1, 61], [343, 2537, 515, 0, 168], [216, 219, 12725, 227, 272], [27, 0, 201, 1655, 0], [169, 172, 160, 0, 4245]]"]}},"metrics":{"downstream":{"cohen_kappa":[0.7339894095997741],"f1_scores":{"N1":[0.488442487616951],"N2":[0.8566161255126228],"N3":[0.7450880326613932],"REM":[0.7598581264343834],"Wake":[0.8913822364699227],"macro":[0.7482774017390545]},"loss":[0.5079797773218867],"precisions":{"N1":[0.49817569463934885],"N2":[0.833443151035947],"N3":[0.7753584705257568],"REM":[0.7673830594184576],"Wake":[0.9063368804524974],"macro":[0.7561394512144014]},"recalls":{"N1":[0.47908232118758437],"N2":[0.8811145510835914],"N3":[0.7170923379174853],"REM":[0.7524793388429752],"Wake":[0.876913087839718],"macro":[0.7413363273742708]}}}},"train":{},"valid_pretraining":{}}