{"earlystopping":{"confusion_matrices":{"abs":["[[1078, 77, 265, 49, 17], [160, 27, 262, 10, 2], [429, 54, 2884, 460, 1], [110, 7, 76, 833, 0], [180, 88, 757, 12, 170]]"]},"markov_matrices":{"abs":{"actual":["[[1212, 234, 24, 0, 15], [70, 143, 236, 0, 12], [144, 80, 3479, 94, 31], [13, 1, 80, 932, 0], [46, 3, 9, 0, 1149]]"],"predicted":["[[1774, 38, 122, 3, 20], [31, 138, 55, 11, 18], [121, 51, 3914, 102, 55], [12, 11, 97, 1241, 3], [19, 15, 55, 7, 94]]"]}},"metrics":{"downstream":{"cohen_kappa":[0.4412915941132637],"f1_scores":{"N1":[0.07563025210084033],"N2":[0.7145688800792863],"N3":[0.6970711297071129],"REM":[0.243378668575519],"Wake":[0.6261980830670926],"macro":[0.47136940270597016]},"loss":[3.304141044616699],"precisions":{"N1":[0.1067193675889328],"N2":[0.6795475966069745],"N3":[0.6107038123167156],"REM":[0.8947368421052632],"Wake":[0.5508431272355646],"macro":[0.5685101491706901]},"recalls":{"N1":[0.05856832971800434],"N2":[0.7533960292580982],"N3":[0.8118908382066277],"REM":[0.14084507042253522],"Wake":[0.7254374158815612],"macro":[0.4980275366973653]}}}},"test":{"confusion_matrices":{"abs":["[[873, 115, 901, 235, 89], [144, 119, 405, 82, 84], [67, 133, 5416, 885, 97], [0, 0, 138, 1377, 0], [82, 484, 1779, 14, 290]]"]},"markov_matrices":{"abs":{"actual":["[[1846, 336, 22, 0, 8], [106, 332, 383, 0, 13], [188, 148, 6049, 144, 69], [24, 1, 119, 1371, 0], [48, 17, 25, 0, 2559]]"],"predicted":["[[873, 77, 178, 14, 24], [58, 540, 223, 11, 19], [186, 199, 7919, 190, 145], [27, 11, 176, 2340, 38], [22, 24, 142, 38, 334]]"]}},"metrics":{"downstream":{"cohen_kappa":[0.36648478772479887],"f1_scores":{"N1":[0.14124629080118695],"N2":[0.7109010960162762],"N3":[0.6703992210321325],"REM":[0.18074166406980366],"Wake":[0.5167209233501036],"macro":[0.44400183905390056]},"loss":[3.3120498657226562],"precisions":{"N1":[0.1398354876615746],"N2":[0.6269244125477486],"N3":[0.5310451214809101],"REM":[0.5178571428571429],"Wake":[0.7487135506003431],"macro":[0.5128751430295437]},"recalls":{"N1":[0.14268585131894485],"N2":[0.820854804486208],"N3":[0.9089108910891089],"REM":[0.10947527368818422],"Wake":[0.394487121554451],"macro":[0.47528278842737937]}}}},"train":{},"valid_pretraining":{}}