{"earlystopping":{"confusion_matrices":{"abs":["[[5829, 58, 90, 15, 94], [679, 59, 588, 136, 298], [405, 23, 4509, 1176, 384], [20, 0, 177, 1347, 5], [60, 5, 157, 126, 2404]]"]},"markov_matrices":{"abs":{"actual":["[[5819, 253, 12, 0, 1], [157, 1185, 319, 2, 97], [66, 186, 5820, 317, 108], [7, 16, 296, 1230, 0], [36, 120, 50, 0, 2546]]"],"predicted":["[[6566, 81, 191, 45, 109], [43, 40, 42, 1, 19], [190, 12, 4859, 303, 157], [65, 1, 275, 2427, 32], [128, 11, 154, 24, 2868]]"]}},"metrics":{"downstream":{"cohen_kappa":[0.6723239605903997],"f1_scores":{"N1":[0.06194225721784777],"N2":[0.7503744383424863],"N3":[0.6194527477581053],"REM":[0.809836617820448],"Wake":[0.8913525498891353],"macro":[0.6265917222056044]},"loss":[1.242012642525338],"precisions":{"N1":[0.4068965517241379],"N2":[0.8166998732113747],"N3":[0.4810714285714286],"REM":[0.7547880690737834],"Wake":[0.8335478335478336],"macro":[0.6586007512257117]},"recalls":{"N1":[0.033522727272727273],"N2":[0.6940126212097891],"N3":[0.8695932859909619],"REM":[0.873546511627907],"Wake":[0.9577719355898784],"macro":[0.6856894163382526]}}}},"test":{"confusion_matrices":{"abs":["[[9103, 56, 413, 13, 97], [1673, 30, 507, 85, 704], [823, 58, 8276, 1863, 1746], [16, 0, 277, 1880, 1], [647, 17, 157, 27, 3789]]"]},"markov_matrices":{"abs":{"actual":["[[9241, 410, 25, 0, 5], [217, 2136, 559, 2, 85], [152, 323, 11813, 339, 139], [16, 13, 311, 1833, 1], [55, 117, 58, 0, 4407]]"],"predicted":["[[11384, 87, 355, 56, 379], [51, 25, 58, 2, 25], [347, 38, 8398, 445, 402], [93, 1, 396, 3336, 42], [386, 10, 423, 29, 5489]]"]}},"metrics":{"downstream":{"cohen_kappa":[0.6106875961388336],"f1_scores":{"N1":[0.0189873417721519],"N2":[0.7390605465261654],"N3":[0.6223104932141675],"REM":[0.6905412793876435],"Wake":[0.8296573095151294],"macro":[0.5801113940830515]},"loss":[1.3981380462646484],"precisions":{"N1":[0.18633540372670807],"N2":[0.8593977154724818],"N3":[0.4860392967942089],"REM":[0.597916995423702],"Wake":[0.7423748165062796],"macro":[0.5744128455846761]},"recalls":{"N1":[0.010003334444814937],"N2":[0.6482845057183143],"N3":[0.8647654093836247],"REM":[0.8171231399611818],"Wake":[0.940198306135096],"macro":[0.6560749391286064]}}}},"train":{},"valid_pretraining":{}}