{"earlystopping":{"confusion_matrices":{"abs":["[[923, 78, 102, 85, 518], [193, 162, 210, 84, 261], [85, 144, 1511, 369, 246], [1, 20, 145, 1206, 10], [11, 56, 66, 62, 898]]"]},"markov_matrices":{"abs":{"actual":["[[1401, 259, 37, 0, 9], [125, 439, 301, 1, 44], [114, 165, 1969, 73, 33], [25, 5, 43, 1308, 1], [40, 42, 5, 0, 1006]]"],"predicted":["[[975, 64, 78, 15, 81], [42, 214, 83, 44, 76], [77, 67, 1600, 119, 171], [26, 35, 112, 1587, 46], [93, 80, 161, 41, 1558]]"]}},"metrics":{"downstream":{"cohen_kappa":[0.5305671129719812],"f1_scores":{"N1":[0.2364963503649635],"N2":[0.6885395306447938],"N3":[0.7565872020075283],"REM":[0.5935228023793787],"Wake":[0.632408359027064],"macro":[0.5815108488847456]},"loss":[1.0546925862630208],"precisions":{"N1":[0.3521739130434783],"N2":[0.7428711897738446],"N3":[0.6677740863787376],"REM":[0.4645628556647698],"Wake":[0.7609233305853257],"macro":[0.5976610750892312]},"recalls":{"N1":[0.17802197802197803],"N2":[0.6416135881104034],"N3":[0.8726483357452967],"REM":[0.8215919487648673],"Wake":[0.541031652989449],"macro":[0.6109815007263989]}}}},"test":{"confusion_matrices":{"abs":["[[3006, 311, 236, 169, 1318], [625, 607, 839, 191, 1145], [682, 459, 4077, 979, 912], [15, 8, 594, 3140, 44], [133, 124, 192, 54, 1931]]"]},"markov_matrices":{"abs":{"actual":["[[4102, 786, 104, 4, 43], [364, 1729, 1099, 3, 212], [382, 681, 5745, 228, 73], [56, 29, 147, 3566, 3], [135, 182, 14, 0, 2103]]"],"predicted":["[[3515, 185, 287, 35, 439], [95, 793, 279, 75, 267], [338, 181, 4717, 313, 388], [71, 70, 277, 4027, 88], [441, 280, 378, 83, 4168]]"]}},"metrics":{"downstream":{"cohen_kappa":[0.4749338815320776],"f1_scores":{"N1":[0.24694873881204232],"N2":[0.6249712577604047],"N3":[0.7535397168226542],"REM":[0.4961459403905447],"Wake":[0.632775497316072],"macro":[0.5508762302203436]},"loss":[1.1267148394917332],"precisions":{"N1":[0.4022531477799867],"N2":[0.6865948130683732],"N3":[0.6926979924994485],"REM":[0.36093457943925233],"Wake":[0.6738399462004036],"macro":[0.5632640957974929]},"recalls":{"N1":[0.17816260639859113],"N2":[0.5734983823322549],"N3":[0.8260983951591686],"REM":[0.7933442892358258],"Wake":[0.5964285714285714],"macro":[0.5935064489108823]}}}},"train":{},"valid_pretraining":{}}