{
    "earlystopping": {
        "confusion_matrices": {
            "abs": [
                "[[1056, 37, 112, 7, 274], [71, 58, 216, 2, 114], [336, 35, 2992, 148, 317], [44, 1, 303, 602, 76], [69, 189, 299, 0, 650]]"
            ]
        },
        "markov_matrices": {
            "abs": {
                "actual": [
                    "[[1212, 234, 24, 0, 15], [70, 143, 236, 0, 12], [144, 80, 3479, 94, 31], [13, 1, 80, 932, 0], [46, 3, 9, 0, 1149]]"
                ],
                "predicted": [
                    "[[1257, 79, 107, 11, 121], [10, 149, 107, 0, 54], [147, 42, 3572, 70, 91], [21, 1, 58, 677, 2], [140, 49, 78, 1, 1163]]"
                ]
            }
        },
        "metrics": {
            "downstream": {
                "cohen_kappa": [
                    0.5190035114158016
                ],
                "f1_scores": {
                    "N1": [
                        0.14852752880921896
                    ],
                    "N2": [
                        0.7721290322580645
                    ],
                    "N3": [
                        0.6745098039215687
                    ],
                    "REM": [
                        0.4927975739196361
                    ],
                    "Wake": [
                        0.6897452645329849
                    ],
                    "macro": [
                        0.5555418406882946
                    ]
                },
                "loss": [
                    2.506875991821289
                ],
                "precisions": {
                    "N1": [
                        0.18125
                    ],
                    "N2": [
                        0.7628760836308006
                    ],
                    "N3": [
                        0.7931488801054019
                    ],
                    "REM": [
                        0.45422781271837875
                    ],
                    "Wake": [
                        0.6700507614213198
                    ],
                    "macro": [
                        0.5723107075751802
                    ]
                },
                "recalls": {
                    "N1": [
                        0.12581344902386118
                    ],
                    "N2": [
                        0.7816091954022989
                    ],
                    "N3": [
                        0.5867446393762183
                    ],
                    "REM": [
                        0.5385252692626347
                    ],
                    "Wake": [
                        0.7106325706594886
                    ],
                    "macro": [
                        0.5486650247449003
                    ]
                }
            }
        }
    },
    "test": {
        "confusion_matrices": {
            "abs": [
                "[[1446, 115, 442, 30, 180], [262, 172, 180, 11, 209], [702, 208, 4877, 242, 569], [37, 1, 436, 1031, 10], [226, 318, 730, 0, 1375]]"
            ]
        },
        "markov_matrices": {
            "abs": {
                "actual": [
                    "[[1846, 336, 22, 0, 8], [106, 332, 383, 0, 13], [188, 148, 6049, 144, 69], [24, 1, 119, 1371, 0], [48, 17, 25, 0, 2559]]"
                ],
                "predicted": [
                    "[[1934, 181, 344, 18, 196], [66, 405, 209, 1, 133], [407, 113, 5843, 124, 177], [41, 5, 97, 1152, 19], [225, 110, 171, 19, 1818]]"
                ]
            }
        },
        "metrics": {
            "downstream": {
                "cohen_kappa": [
                    0.4862498480059345
                ],
                "f1_scores": {
                    "N1": [
                        0.2087378640776699
                    ],
                    "N2": [
                        0.735429390032421
                    ],
                    "N3": [
                        0.7288794627076705
                    ],
                    "REM": [
                        0.5508814102564102
                    ],
                    "Wake": [
                        0.5918952108063855
                    ],
                    "macro": [
                        0.5631646675761114
                    ]
                },
                "loss": [
                    2.7885595251012734
                ],
                "precisions": {
                    "N1": [
                        0.2113022113022113
                    ],
                    "N2": [
                        0.7317329332333083
                    ],
                    "N3": [
                        0.784627092846271
                    ],
                    "REM": [
                        0.5868544600938967
                    ],
                    "Wake": [
                        0.5409652076318743
                    ],
                    "macro": [
                        0.5710963810215123
                    ]
                },
                "recalls": {
                    "N1": [
                        0.20623501199040767
                    ],
                    "N2": [
                        0.7391633828432859
                    ],
                    "N3": [
                        0.6805280528052805
                    ],
                    "REM": [
                        0.5190637976594942
                    ],
                    "Wake": [
                        0.6534116583822865
                    ],
                    "macro": [
                        0.5596803807361509
                    ]
                }
            }
        }
    },
    "train": {},
    "valid_pretraining": {}
}
