{
    "earlystopping": {
        "confusion_matrices": {
            "abs": [
                "[[704, 62, 108, 38, 196], [59, 106, 129, 34, 100], [122, 100, 2391, 1242, 242], [0, 0, 121, 787, 0], [40, 40, 79, 24, 1070]]"
            ]
        },
        "markov_matrices": {
            "abs": {
                "actual": [
                    "[[862, 210, 21, 0, 14], [64, 148, 206, 0, 10], [130, 65, 3781, 89, 32], [11, 1, 77, 819, 0], [40, 4, 12, 0, 1197]]"
                ],
                "predicted": [
                    "[[737, 66, 26, 23, 73], [18, 112, 159, 16, 3], [59, 89, 2374, 206, 100], [28, 9, 205, 1846, 37], [82, 32, 64, 34, 1395]]"
                ]
            }
        },
        "metrics": {
            "downstream": {
                "cohen_kappa": [
                    0.5160046947879429
                ],
                "f1_scores": {
                    "N1": [
                        0.28804347826086957
                    ],
                    "N2": [
                        0.6905415162454873
                    ],
                    "N3": [
                        0.5189581272667325
                    ],
                    "REM": [
                        0.7479902132121636
                    ],
                    "Wake": [
                        0.692572552877521
                    ],
                    "macro": [
                        0.5876211775725548
                    ]
                },
                "loss": [
                    2.95839524269104
                ],
                "precisions": {
                    "N1": [
                        0.34415584415584416
                    ],
                    "N2": [
                        0.8454738330975955
                    ],
                    "N3": [
                        0.3703529411764706
                    ],
                    "REM": [
                        0.6654228855721394
                    ],
                    "Wake": [
                        0.7610810810810811
                    ],
                    "macro": [
                        0.5972973170166261
                    ]
                },
                "recalls": {
                    "N1": [
                        0.24766355140186916
                    ],
                    "N2": [
                        0.5835977544544789
                    ],
                    "N3": [
                        0.8667400881057269
                    ],
                    "REM": [
                        0.8539505187549881
                    ],
                    "Wake": [
                        0.6353790613718412
                    ],
                    "macro": [
                        0.6374661948177808
                    ]
                }
            }
        }
    },
    "test": {
        "confusion_matrices": {
            "abs": [
                "[[1597, 50, 96, 141, 487], [268, 117, 71, 57, 241], [299, 186, 2864, 1885, 1250], [0, 0, 3, 1388, 50], [80, 46, 130, 136, 1732]]"
            ]
        },
        "markov_matrices": {
            "abs": {
                "actual": [
                    "[[1925, 362, 71, 0, 13], [125, 270, 344, 1, 14], [256, 108, 5893, 174, 52], [18, 2, 155, 1266, 0], [46, 12, 21, 0, 2045]]"
                ],
                "predicted": [
                    "[[1880, 93, 60, 19, 192], [19, 147, 193, 31, 9], [110, 95, 2450, 335, 174], [23, 21, 351, 3058, 153], [212, 43, 109, 164, 3232]]"
                ]
            }
        },
        "metrics": {
            "downstream": {
                "cohen_kappa": [
                    0.4625725422865986
                ],
                "f1_scores": {
                    "N1": [
                        0.2029488291413703
                    ],
                    "N2": [
                        0.593698175787728
                    ],
                    "N3": [
                        0.5499207606973059
                    ],
                    "REM": [
                        0.5887151597552686
                    ],
                    "Wake": [
                        0.6920910075839654
                    ],
                    "macro": [
                        0.5254747865931276
                    ]
                },
                "loss": [
                    3.2909469604492188
                ],
                "precisions": {
                    "N1": [
                        0.2932330827067669
                    ],
                    "N2": [
                        0.9051833122629582
                    ],
                    "N3": [
                        0.3848073191017466
                    ],
                    "REM": [
                        0.46063829787234045
                    ],
                    "Wake": [
                        0.7116755793226381
                    ],
                    "macro": [
                        0.5511075182532901
                    ]
                },
                "recalls": {
                    "N1": [
                        0.15517241379310345
                    ],
                    "N2": [
                        0.4417026526835287
                    ],
                    "N3": [
                        0.9632199861207494
                    ],
                    "REM": [
                        0.815442561205273
                    ],
                    "Wake": [
                        0.6735554618304513
                    ],
                    "macro": [
                        0.6098186151266212
                    ]
                }
            }
        }
    },
    "train": {},
    "valid_pretraining": {}
}
