{
    "earlystopping": {
        "confusion_matrices": {
            "abs": [
                "[[1085, 278, 50, 5, 70], [12, 296, 96, 2, 65], [21, 125, 2919, 309, 466], [2, 0, 133, 764, 20], [29, 192, 56, 0, 889]]"
            ]
        },
        "markov_matrices": {
            "abs": {
                "actual": [
                    "[[1224, 231, 17, 0, 15], [74, 164, 222, 0, 11], [132, 73, 3531, 73, 31], [11, 0, 62, 846, 0], [46, 3, 8, 0, 1109]]"
                ],
                "predicted": [
                    "[[877, 248, 18, 1, 4], [118, 518, 198, 0, 57], [92, 85, 2920, 47, 110], [12, 3, 35, 1016, 14], [49, 37, 83, 16, 1325]]"
                ]
            }
        },
        "metrics": {
            "downstream": {
                "cohen_kappa": [
                    0.6600232387364918
                ],
                "f1_scores": {
                    "N1": [
                        0.434654919236417
                    ],
                    "N2": [
                        0.8229489709613758
                    ],
                    "N3": [
                        0.7643821910955477
                    ],
                    "REM": [
                        0.6644245142002989
                    ],
                    "Wake": [
                        0.8229048160788774
                    ],
                    "macro": [
                        0.7018630823145033
                    ]
                },
                "loss": [
                    1.3862289190292358
                ],
                "precisions": {
                    "N1": [
                        0.33221099887766553
                    ],
                    "N2": [
                        0.8970497848801475
                    ],
                    "N3": [
                        0.7074074074074074
                    ],
                    "REM": [
                        0.5887417218543046
                    ],
                    "Wake": [
                        0.9442993907745866
                    ],
                    "macro": [
                        0.6939418607588222
                    ]
                },
                "recalls": {
                    "N1": [
                        0.6284501061571125
                    ],
                    "N2": [
                        0.76015625
                    ],
                    "N3": [
                        0.8313384113166485
                    ],
                    "REM": [
                        0.7624356775300172
                    ],
                    "Wake": [
                        0.7291666666666666
                    ],
                    "macro": [
                        0.7423094223340889
                    ]
                }
            }
        }
    },
    "test": {
        "confusion_matrices": {
            "abs": [
                "[[1901, 409, 128, 14, 64], [64, 447, 133, 8, 54], [131, 367, 4181, 1002, 850], [4, 0, 102, 1406, 15], [74, 281, 161, 10, 1645]]"
            ]
        },
        "markov_matrices": {
            "abs": {
                "actual": [
                    "[[2107, 335, 57, 1, 15], [101, 257, 328, 0, 20], [233, 100, 5972, 176, 50], [18, 3, 155, 1350, 1], [56, 11, 19, 0, 2085]]"
                ],
                "predicted": [
                    "[[1638, 434, 73, 9, 19], [212, 832, 335, 6, 119], [208, 134, 4110, 132, 121], [30, 9, 110, 2260, 31], [85, 95, 77, 33, 2338]]"
                ]
            }
        },
        "metrics": {
            "downstream": {
                "cohen_kappa": [
                    0.6121161291158841
                ],
                "f1_scores": {
                    "N1": [
                        0.40452488687782806
                    ],
                    "N2": [
                        0.7442150231399074
                    ],
                    "N3": [
                        0.7088479959667254
                    ],
                    "REM": [
                        0.6855594915607418
                    ],
                    "Wake": [
                        0.8106609808102345
                    ],
                    "macro": [
                        0.6707616756710875
                    ]
                },
                "loss": [
                    1.3368985211407696
                ],
                "precisions": {
                    "N1": [
                        0.29720744680851063
                    ],
                    "N2": [
                        0.8886291179596174
                    ],
                    "N3": [
                        0.5762295081967214
                    ],
                    "REM": [
                        0.625951293759513
                    ],
                    "Wake": [
                        0.87442502299908
                    ],
                    "macro": [
                        0.6524884779446884
                    ]
                },
                "recalls": {
                    "N1": [
                        0.6331444759206799
                    ],
                    "N2": [
                        0.6401776144541418
                    ],
                    "N3": [
                        0.9207596594629993
                    ],
                    "REM": [
                        0.7577153385536619
                    ],
                    "Wake": [
                        0.755564387917329
                    ],
                    "macro": [
                        0.7414722952617623
                    ]
                }
            }
        }
    },
    "train": {},
    "valid_pretraining": {}
}
