{"earlystopping":{"confusion_matrices":{"abs":["[[699, 18, 304, 25, 412], [70, 2, 152, 9, 175], [39, 3, 2393, 370, 897], [0, 0, 251, 793, 6], [86, 2, 335, 8, 634]]"]},"markov_matrices":{"abs":{"actual":["[[1259, 184, 13, 0, 1], [48, 150, 197, 0, 13], [112, 70, 3412, 84, 24], [12, 1, 71, 966, 0], [26, 3, 9, 0, 1027]]"],"predicted":["[[672, 15, 81, 6, 119], [12, 1, 3, 0, 9], [99, 3, 2855, 84, 394], [6, 0, 84, 1081, 34], [104, 6, 412, 34, 1568]]"]}},"metrics":{"downstream":{"cohen_kappa":[0.4142038043452706],"f1_scores":{"N1":[0.009237875288683603],"N2":[0.6705898837046378],"N3":[0.7033259423503325],"REM":[0.3976168077767326],"Wake":[0.5943877551020409],"macro":[0.4750316528444854]},"loss":[2.4202826023101807],"precisions":{"N1":[0.08],"N2":[0.6966521106259097],"N3":[0.6580912863070539],"REM":[0.2984934086629002],"Wake":[0.7818791946308725],"macro":[0.5030232000453473]},"recalls":{"N1":[0.004901960784313725],"N2":[0.6464073473797947],"N3":[0.7552380952380953],"REM":[0.5953051643192488],"Wake":[0.4794238683127572],"macro":[0.496255287206842]}}}},"test":{"confusion_matrices":{"abs":["[[1201, 18, 262, 40, 488], [54, 1, 216, 4, 309], [112, 8, 3471, 1015, 2036], [0, 0, 457, 1399, 4], [88, 6, 551, 2, 1523]]"]},"markov_matrices":{"abs":{"actual":["[[1680, 283, 29, 0, 17], [67, 196, 302, 0, 18], [192, 88, 6163, 147, 52], [23, 1, 123, 1713, 0], [46, 16, 25, 0, 2083]]"],"predicted":["[[1067, 11, 95, 11, 271], [6, 3, 6, 0, 18], [113, 8, 4231, 104, 500], [22, 4, 116, 2184, 134], [246, 7, 509, 161, 3437]]"]}},"metrics":{"downstream":{"cohen_kappa":[0.4033433250304006],"f1_scores":{"N1":[0.0032414910858995136],"N2":[0.5984998706785069],"N3":[0.6476851851851853],"REM":[0.46646248085758035],"Wake":[0.6934180138568129],"macro":[0.48186140833279706]},"loss":[2.6890191298264723],"precisions":{"N1":[0.030303030303030304],"N2":[0.7002219084123462],"N3":[0.5686991869918699],"REM":[0.3493119266055046],"Wake":[0.8254295532646048],"macro":[0.49479312111547114]},"recalls":{"N1":[0.0017123287671232876],"N2":[0.5225835591689251],"N3":[0.7521505376344086],"REM":[0.7018433179723502],"Wake":[0.5978098556495769],"macro":[0.5152199198384768]}}}},"train":{},"valid_pretraining":{}}