{
    "earlystopping": {
        "confusion_matrices": {
            "abs": [
                "[[783, 46, 196, 11, 72], [52, 104, 186, 2, 84], [109, 64, 3036, 599, 289], [0, 33, 102, 773, 0], [16, 126, 171, 4, 936]]"
            ]
        },
        "markov_matrices": {
            "abs": {
                "actual": [
                    "[[862, 210, 21, 0, 14], [64, 148, 206, 0, 10], [130, 65, 3781, 89, 32], [11, 1, 77, 819, 0], [40, 4, 12, 0, 1197]]"
                ],
                "predicted": [
                    "[[737, 65, 76, 8, 74], [19, 213, 134, 1, 6], [108, 87, 3289, 69, 138], [27, 1, 58, 1289, 14], [68, 7, 134, 22, 1149]]"
                ]
            }
        },
        "metrics": {
            "downstream": {
                "cohen_kappa": [
                    0.5930731803442111
                ],
                "f1_scores": {
                    "N1": [
                        0.2596754057428215
                    ],
                    "N2": [
                        0.7796610169491526
                    ],
                    "N3": [
                        0.6730518067043971
                    ],
                    "REM": [
                        0.7107061503416855
                    ],
                    "Wake": [
                        0.7572533849129593
                    ],
                    "macro": [
                        0.6360695529302032
                    ]
                },
                "loss": [
                    2.9762346744537354
                ],
                "precisions": {
                    "N1": [
                        0.27882037533512066
                    ],
                    "N2": [
                        0.822541316716337
                    ],
                    "N3": [
                        0.556515478761699
                    ],
                    "REM": [
                        0.6777697320782042
                    ],
                    "Wake": [
                        0.815625
                    ],
                    "macro": [
                        0.6302543805782721
                    ]
                },
                "recalls": {
                    "N1": [
                        0.24299065420560748
                    ],
                    "N2": [
                        0.7410300219672932
                    ],
                    "N3": [
                        0.8513215859030837
                    ],
                    "REM": [
                        0.7470071827613727
                    ],
                    "Wake": [
                        0.7066787003610109
                    ],
                    "macro": [
                        0.6578056290396737
                    ]
                }
            }
        }
    },
    "test": {
        "confusion_matrices": {
            "abs": [
                "[[1614, 163, 276, 68, 250], [214, 163, 211, 19, 147], [120, 137, 4756, 601, 870], [11, 1, 33, 1323, 73], [72, 194, 268, 21, 1569]]"
            ]
        },
        "markov_matrices": {
            "abs": {
                "actual": [
                    "[[1925, 362, 71, 0, 13], [125, 270, 344, 1, 14], [256, 108, 5893, 174, 52], [18, 2, 155, 1266, 0], [46, 12, 21, 0, 2045]]"
                ],
                "predicted": [
                    "[[1657, 114, 127, 9, 124], [47, 379, 192, 3, 37], [170, 118, 4873, 130, 252], [23, 15, 117, 1818, 59], [133, 32, 235, 72, 2437]]"
                ]
            }
        },
        "metrics": {
            "downstream": {
                "cohen_kappa": [
                    0.5990752514850836
                ],
                "f1_scores": {
                    "N1": [
                        0.2308781869688385
                    ],
                    "N2": [
                        0.7908214166943798
                    ],
                    "N3": [
                        0.7618773394759574
                    ],
                    "REM": [
                        0.6234849990065567
                    ],
                    "Wake": [
                        0.7333030440708768
                    ],
                    "macro": [
                        0.6280729972433218
                    ]
                },
                "loss": [
                    2.709353813758263
                ],
                "precisions": {
                    "N1": [
                        0.24772036474164133
                    ],
                    "N2": [
                        0.8578643578643579
                    ],
                    "N3": [
                        0.6510826771653543
                    ],
                    "REM": [
                        0.5393606050189068
                    ],
                    "Wake": [
                        0.794682422451994
                    ],
                    "macro": [
                        0.618142085448451
                    ]
                },
                "recalls": {
                    "N1": [
                        0.21618037135278514
                    ],
                    "N2": [
                        0.7334978408389883
                    ],
                    "N3": [
                        0.9181124219292158
                    ],
                    "REM": [
                        0.7387005649717514
                    ],
                    "Wake": [
                        0.6807254323070434
                    ],
                    "macro": [
                        0.6574433262799568
                    ]
                }
            }
        }
    },
    "train": {},
    "valid_pretraining": {}
}
