{"earlystopping":{"confusion_matrices":{"abs":["[[835, 388, 432, 21, 30], [100, 371, 395, 4, 40], [157, 854, 1223, 36, 85], [24, 118, 268, 921, 51], [83, 236, 307, 2, 465]]"]},"markov_matrices":{"abs":{"actual":["[[1401, 259, 37, 0, 9], [125, 439, 301, 1, 44], [114, 165, 1969, 73, 33], [25, 5, 43, 1308, 1], [40, 42, 5, 0, 1006]]"],"predicted":["[[867, 99, 148, 8, 77], [71, 1594, 222, 13, 67], [148, 210, 2135, 58, 73], [15, 15, 42, 890, 22], [97, 49, 78, 15, 432]]"]}},"metrics":{"downstream":{"cohen_kappa":[0.3760673969520094],"f1_scores":{"N1":[0.25790754257907544],"N2":[0.4911646586345382],"N3":[0.7785291631445478],"REM":[0.5272108843537415],"Wake":[0.5748709122203098],"macro":[0.5259366321864426]},"loss":[5.052191670735677],"precisions":{"N1":[0.18861209964412812],"N2":[0.4659047619047619],"N3":[0.9359756097560976],"REM":[0.6929955290611028],"Wake":[0.6964136780650542],"macro":[0.5959803356862289]},"recalls":{"N1":[0.4076923076923077],"N2":[0.5193205944798301],"N3":[0.6664254703328509],"REM":[0.4254345837145471],"Wake":[0.4894490035169988],"macro":[0.5016643919473068]}}}},"test":{"confusion_matrices":{"abs":["[[2402, 1086, 1421, 16, 115], [353, 1627, 1327, 11, 89], [486, 3047, 3189, 108, 279], [91, 266, 944, 2355, 145], [346, 505, 650, 6, 927]]"]},"markov_matrices":{"abs":{"actual":["[[4102, 786, 104, 4, 43], [364, 1729, 1099, 3, 212], [382, 681, 5745, 228, 73], [56, 29, 147, 3566, 3], [135, 182, 14, 0, 2103]]"],"predicted":["[[2704, 469, 309, 20, 176], [376, 5269, 715, 13, 158], [355, 663, 6117, 167, 228], [35, 15, 140, 2248, 58], [208, 115, 249, 48, 935]]"]}},"metrics":{"downstream":{"cohen_kappa":[0.330040616349654],"f1_scores":{"N1":[0.3274300664117529],"N2":[0.43565573770491806],"N3":[0.7479752262982372],"REM":[0.46477813988468286],"Wake":[0.5510438173893095],"macro":[0.5053765975377801]},"loss":[4.921903033589208],"precisions":{"N1":[0.2491195835247282],"N2":[0.42344974107024297],"N3":[0.9435096153846154],"REM":[0.5961414790996784],"Wake":[0.6530723219140837],"macro":[0.5730585481986697]},"recalls":{"N1":[0.47754622835339006],"N2":[0.4485862990575327],"N3":[0.6195737963693765],"REM":[0.3808545603944125],"Wake":[0.4765873015873016],"macro":[0.48062963715240264]}}}},"train":{},"valid_pretraining":{}}