{
    "earlystopping": {
        "confusion_matrices": {
            "abs": [
                "[[1069, 22, 336, 2, 59], [209, 31, 172, 0, 59], [807, 102, 1730, 24, 1177], [25, 5, 261, 129, 499], [300, 31, 741, 4, 90]]"
            ]
        },
        "markov_matrices": {
            "abs": {
                "actual": [
                    "[[1224, 231, 17, 0, 15], [74, 164, 222, 0, 11], [132, 73, 3531, 73, 31], [11, 0, 62, 846, 0], [46, 3, 8, 0, 1109]]"
                ],
                "predicted": [
                    "[[1925, 83, 228, 0, 174], [62, 55, 55, 0, 19], [244, 33, 2854, 56, 53], [0, 0, 55, 97, 7], [178, 20, 48, 6, 1631]]"
                ]
            }
        },
        "metrics": {
            "downstream": {
                "cohen_kappa": [
                    0.12764758181062985
                ],
                "f1_scores": {
                    "N1": [
                        0.09365558912386707
                    ],
                    "N2": [
                        0.4887005649717514
                    ],
                    "N3": [
                        0.23933209647495363
                    ],
                    "REM": [
                        0.05901639344262295
                    ],
                    "Wake": [
                        0.5484864032837352
                    ],
                    "macro": [
                        0.28583820945938604
                    ]
                },
                "loss": [
                    3.4629714488983154
                ],
                "precisions": {
                    "N1": [
                        0.16230366492146597
                    ],
                    "N2": [
                        0.5339506172839507
                    ],
                    "N3": [
                        0.8113207547169812
                    ],
                    "REM": [
                        0.04777070063694268
                    ],
                    "Wake": [
                        0.44356846473029043
                    ],
                    "macro": [
                        0.3997828404579262
                    ]
                },
                "recalls": {
                    "N1": [
                        0.06581740976645435
                    ],
                    "N2": [
                        0.4505208333333333
                    ],
                    "N3": [
                        0.14036996735582155
                    ],
                    "REM": [
                        0.07718696397941681
                    ],
                    "Wake": [
                        0.7184139784946236
                    ],
                    "macro": [
                        0.29046183058592995
                    ]
                }
            }
        }
    },
    "test": {
        "confusion_matrices": {
            "abs": [
                "[[1566, 36, 655, 1, 258], [334, 25, 254, 0, 93], [1819, 103, 1792, 23, 2794], [88, 2, 234, 145, 1058], [885, 63, 881, 2, 340]]"
            ]
        },
        "markov_matrices": {
            "abs": {
                "actual": [
                    "[[2107, 335, 57, 1, 15], [101, 257, 328, 0, 20], [233, 100, 5972, 176, 50], [18, 3, 155, 1350, 1], [56, 11, 19, 0, 2085]]"
                ],
                "predicted": [
                    "[[3819, 102, 377, 1, 393], [69, 75, 66, 0, 19], [396, 29, 3259, 40, 91], [2, 0, 36, 127, 6], [406, 23, 77, 3, 4034]]"
                ]
            }
        },
        "metrics": {
            "downstream": {
                "cohen_kappa": [
                    0.03745214486032766
                ],
                "f1_scores": {
                    "N1": [
                        0.053475935828877004
                    ],
                    "N2": [
                        0.3463805934087175
                    ],
                    "N3": [
                        0.1707891637220259
                    ],
                    "REM": [
                        0.1012809055704498
                    ],
                    "Wake": [
                        0.4345172031076582
                    ],
                    "macro": [
                        0.22128876032754566
                    ]
                },
                "loss": [
                    4.430758440936053
                ],
                "precisions": {
                    "N1": [
                        0.1091703056768559
                    ],
                    "N2": [
                        0.469601677148847
                    ],
                    "N3": [
                        0.847953216374269
                    ],
                    "REM": [
                        0.07484041382346467
                    ],
                    "Wake": [
                        0.3337595907928389
                    ],
                    "macro": [
                        0.3670650407632551
                    ]
                },
                "recalls": {
                    "N1": [
                        0.03541076487252125
                    ],
                    "N2": [
                        0.27438370846730975
                    ],
                    "N3": [
                        0.09495743287491815
                    ],
                    "REM": [
                        0.1566098572086596
                    ],
                    "Wake": [
                        0.6224165341812401
                    ],
                    "macro": [
                        0.23675565952092978
                    ]
                }
            }
        }
    },
    "train": {},
    "valid_pretraining": {}
}
