{
    "earlystopping": {
        "confusion_matrices": {
            "abs": [
                "[[1204, 70, 58, 1, 39], [69, 195, 115, 0, 33], [105, 69, 3549, 104, 118], [1, 0, 178, 726, 0], [9, 25, 81, 0, 1194]]"
            ]
        },
        "markov_matrices": {
            "abs": {
                "actual": [
                    "[[1122, 217, 18, 0, 15], [56, 131, 215, 0, 10], [138, 60, 3629, 84, 34], [13, 1, 70, 821, 0], [42, 3, 13, 0, 1250]]"
                ],
                "predicted": [
                    "[[1156, 171, 45, 1, 15], [53, 161, 129, 0, 16], [123, 19, 3704, 80, 54], [9, 0, 72, 750, 0], [46, 8, 31, 0, 1299]]"
                ]
            }
        },
        "metrics": {
            "downstream": {
                "cohen_kappa": [
                    0.8003583051386958
                ],
                "f1_scores": {
                    "N1": [
                        0.5058365758754864
                    ],
                    "N2": [
                        0.8955336866010599
                    ],
                    "N3": [
                        0.836405529953917
                    ],
                    "REM": [
                        0.8867434088377275
                    ],
                    "Wake": [
                        0.8724637681159421
                    ],
                    "macro": [
                        0.7993965938768266
                    ]
                },
                "loss": [
                    0.3691804111003876
                ],
                "precisions": {
                    "N1": [
                        0.5431754874651811
                    ],
                    "N2": [
                        0.8914845516201959
                    ],
                    "N3": [
                        0.8736462093862816
                    ],
                    "REM": [
                        0.8627167630057804
                    ],
                    "Wake": [
                        0.8674351585014409
                    ],
                    "macro": [
                        0.807691633995776
                    ]
                },
                "recalls": {
                    "N1": [
                        0.4733009708737864
                    ],
                    "N2": [
                        0.8996197718631179
                    ],
                    "N3": [
                        0.8022099447513812
                    ],
                    "REM": [
                        0.9121466768525592
                    ],
                    "Wake": [
                        0.8775510204081632
                    ],
                    "macro": [
                        0.7929656769498016
                    ]
                }
            }
        }
    },
    "test": {
        "confusion_matrices": {
            "abs": [
                "[[2457, 78, 174, 11, 36], [232, 308, 152, 13, 76], [289, 147, 5825, 591, 253], [1, 0, 131, 1382, 0], [118, 63, 341, 0, 1696]]"
            ]
        },
        "markov_matrices": {
            "abs": {
                "actual": [
                    "[[2267, 413, 59, 2, 15], [177, 247, 342, 0, 14], [239, 108, 6570, 128, 60], [22, 0, 108, 1384, 0], [50, 13, 26, 0, 2129]]"
                ],
                "predicted": [
                    "[[2589, 313, 124, 12, 59], [124, 213, 224, 0, 35], [249, 54, 6102, 103, 114], [33, 1, 83, 1876, 4], [101, 15, 90, 6, 1849]]"
                ]
            }
        },
        "metrics": {
            "downstream": {
                "cohen_kappa": [
                    0.7279233909912513
                ],
                "f1_scores": {
                    "N1": [
                        0.44734931009440815
                    ],
                    "N2": [
                        0.8486305361305362
                    ],
                    "N3": [
                        0.7872401025348904
                    ],
                    "REM": [
                        0.7927085767702734
                    ],
                    "Wake": [
                        0.8395694515633009
                    ],
                    "macro": [
                        0.7430995954186818
                    ]
                },
                "loss": [
                    0.5727521962132948
                ],
                "precisions": {
                    "N1": [
                        0.5167785234899329
                    ],
                    "N2": [
                        0.879510795711913
                    ],
                    "N3": [
                        0.6920380570856285
                    ],
                    "REM": [
                        0.8229015041242116
                    ],
                    "Wake": [
                        0.7933484016790442
                    ],
                    "macro": [
                        0.740915456418146
                    ]
                },
                "recalls": {
                    "N1": [
                        0.39436619718309857
                    ],
                    "N2": [
                        0.8198451794510908
                    ],
                    "N3": [
                        0.9128137384412153
                    ],
                    "REM": [
                        0.7646528403967539
                    ],
                    "Wake": [
                        0.8915094339622641
                    ],
                    "macro": [
                        0.7566374778868845
                    ]
                }
            }
        }
    },
    "train": {},
    "valid_pretraining": {}
}
