{
    "earlystopping": {
        "confusion_matrices": {
            "abs": [
                "[[1241, 126, 30, 3, 58], [39, 206, 96, 0, 67], [49, 81, 3057, 113, 402], [1, 0, 322, 724, 3], [6, 13, 130, 14, 902]]"
            ]
        },
        "markov_matrices": {
            "abs": {
                "actual": [
                    "[[1259, 184, 13, 0, 1], [48, 150, 197, 0, 13], [112, 70, 3412, 84, 24], [12, 1, 71, 966, 0], [26, 3, 9, 0, 1027]]"
                ],
                "predicted": [
                    "[[1125, 170, 31, 2, 7], [75, 218, 89, 0, 44], [94, 23, 3368, 69, 81], [12, 0, 60, 778, 4], [29, 15, 87, 5, 1296]]"
                ]
            }
        },
        "metrics": {
            "downstream": {
                "cohen_kappa": [
                    0.7091832813800971
                ],
                "f1_scores": {
                    "N1": [
                        0.4940047961630695
                    ],
                    "N2": [
                        0.8333106174185635
                    ],
                    "N3": [
                        0.7605042016806722
                    ],
                    "REM": [
                        0.7224669603524229
                    ],
                    "Wake": [
                        0.8883321403006442
                    ],
                    "macro": [
                        0.7397237431830744
                    ]
                },
                "loss": [
                    0.641474187374115
                ],
                "precisions": {
                    "N1": [
                        0.4835680751173709
                    ],
                    "N2": [
                        0.840990371389271
                    ],
                    "N3": [
                        0.8477751756440282
                    ],
                    "REM": [
                        0.6298882681564246
                    ],
                    "Wake": [
                        0.9288922155688623
                    ],
                    "macro": [
                        0.7462228211751913
                    ]
                },
                "recalls": {
                    "N1": [
                        0.5049019607843137
                    ],
                    "N2": [
                        0.8257698541329012
                    ],
                    "N3": [
                        0.6895238095238095
                    ],
                    "REM": [
                        0.8469483568075117
                    ],
                    "Wake": [
                        0.8511659807956105
                    ],
                    "macro": [
                        0.7436619924088294
                    ]
                }
            }
        }
    },
    "test": {
        "confusion_matrices": {
            "abs": [
                "[[1461, 163, 108, 0, 277], [59, 242, 157, 1, 125], [105, 123, 5116, 171, 1127], [13, 1, 303, 1542, 1], [24, 30, 325, 24, 1767]]"
            ]
        },
        "markov_matrices": {
            "abs": {
                "actual": [
                    "[[1680, 283, 29, 0, 17], [67, 196, 302, 0, 18], [192, 88, 6163, 147, 52], [23, 1, 123, 1713, 0], [46, 16, 25, 0, 2083]]"
                ],
                "predicted": [
                    "[[1274, 276, 65, 6, 41], [116, 222, 165, 1, 55], [165, 39, 5501, 113, 190], [25, 1, 93, 1615, 4], [81, 21, 185, 3, 3007]]"
                ]
            }
        },
        "metrics": {
            "downstream": {
                "cohen_kappa": [
                    0.6589039662762991
                ],
                "f1_scores": {
                    "N1": [
                        0.42344706911636043
                    ],
                    "N2": [
                        0.8087898189866414
                    ],
                    "N3": [
                        0.8571428571428571
                    ],
                    "REM": [
                        0.6464239985366745
                    ],
                    "Wake": [
                        0.7959684009806592
                    ],
                    "macro": [
                        0.7063544289526386
                    ]
                },
                "loss": [
                    0.9298431689922626
                ],
                "precisions": {
                    "N1": [
                        0.4329159212880143
                    ],
                    "N2": [
                        0.8513895822932268
                    ],
                    "N3": [
                        0.8872266973532796
                    ],
                    "REM": [
                        0.5359417652411284
                    ],
                    "Wake": [
                        0.8790613718411552
                    ],
                    "macro": [
                        0.7173070676033608
                    ]
                },
                "recalls": {
                    "N1": [
                        0.4143835616438356
                    ],
                    "N2": [
                        0.7702499247214695
                    ],
                    "N3": [
                        0.8290322580645161
                    ],
                    "REM": [
                        0.8142857142857143
                    ],
                    "Wake": [
                        0.7272274763563962
                    ],
                    "macro": [
                        0.7110357870143863
                    ]
                }
            }
        }
    },
    "train": {},
    "valid_pretraining": {}
}
