{"earlystopping":{"confusion_matrices":{"abs":["[[898, 269, 44, 23, 143], [126, 417, 198, 91, 43], [45, 303, 1344, 715, 50], [4, 16, 75, 1447, 1], [23, 91, 150, 11, 953]]"]},"markov_matrices":{"abs":{"actual":["[[1107, 224, 32, 1, 13], [103, 420, 304, 1, 47], [91, 183, 2069, 75, 39], [26, 6, 44, 1466, 0], [49, 42, 8, 0, 1129]]"],"predicted":["[[753, 235, 42, 27, 39], [124, 678, 155, 53, 86], [80, 98, 1438, 126, 69], [63, 19, 114, 2070, 20], [75, 66, 62, 11, 976]]"]}},"metrics":{"downstream":{"cohen_kappa":[0.5888264087214099],"f1_scores":{"N1":[0.4231354642313546],"N2":[0.6298031865042174],"N3":[0.7556135770234987],"REM":[0.7882547559966915],"Wake":[0.7262434290335624],"macro":[0.6646100825578649]},"loss":[1.7646734873453775],"precisions":{"N1":[0.38047445255474455],"N2":[0.7421314191054665],"N3":[0.6327066025360735],"REM":[0.8008403361344538],"Wake":[0.8193430656934306],"macro":[0.6750991752048338]},"recalls":{"N1":[0.4765714285714286],"N2":[0.5470085470085471],"N3":[0.9377835385612443],"REM":[0.7760586319218241],"Wake":[0.6521423384168482],"macro":[0.6779128968959784]}}}},"test":{"confusion_matrices":{"abs":["[[2921, 868, 440, 200, 732], [270, 1210, 571, 240, 292], [83, 500, 2919, 1754, 250], [3, 7, 267, 3442, 4], [59, 202, 284, 80, 1668]]"]},"markov_matrices":{"abs":{"actual":["[[4415, 676, 55, 1, 13], [385, 1308, 745, 5, 140], [218, 440, 4532, 223, 93], [51, 23, 150, 3494, 5], [91, 136, 24, 0, 2042]]"],"predicted":["[[2427, 656, 117, 63, 73], [406, 1642, 383, 112, 244], [230, 226, 3564, 280, 181], [128, 55, 250, 5181, 102], [144, 208, 167, 80, 2346]]"]}},"metrics":{"downstream":{"cohen_kappa":[0.5344259442260668],"f1_scores":{"N1":[0.4506517690875233],"N2":[0.5845599279062782],"N3":[0.7293145460324187],"REM":[0.6367627409811033],"Wake":[0.6875367776862422],"macro":[0.6177651523387132]},"loss":[2.1179474278500208],"precisions":{"N1":[0.43415859346968066],"N2":[0.6514170943985718],"N3":[0.6021693491952415],"REM":[0.5661914460285132],"Wake":[0.875599520383693],"macro":[0.62590720069514]},"recalls":{"N1":[0.46844754161827334],"N2":[0.5301489284416999],"N3":[0.9245232339511147],"REM":[0.7274313126907981],"Wake":[0.5659755861267196],"macro":[0.6433053205657211]}}}},"train":{},"valid_pretraining":{}}