{"earlystopping":{"confusion_matrices":{"abs":["[[5114, 21, 2482, 0, 341], [607, 24, 1197, 0, 118], [374, 36, 6093, 1, 124], [21, 1, 1508, 0, 1], [922, 16, 1087, 0, 757]]"]},"markov_matrices":{"abs":{"actual":["[[7584, 353, 15, 0, 5], [200, 1236, 385, 2, 123], [98, 210, 5964, 245, 111], [13, 14, 220, 1284, 0], [62, 133, 44, 0, 2543]]"],"predicted":["[[5751, 24, 975, 0, 287], [22, 21, 45, 0, 10], [1001, 41, 11075, 1, 249], [1, 0, 0, 0, 0], [262, 12, 272, 0, 795]]"]}},"metrics":{"downstream":{"cohen_kappa":[0.36905270749567476],"f1_scores":{"N1":[0.023483365949119372],"N2":[0.6415372466438537],"N3":[0.0],"REM":[0.36720834343924325],"Wake":[0.6820485462790077],"macro":[0.3428555004622448]},"loss":[2.4944234708460367],"precisions":{"N1":[0.24489795918367346],"N2":[0.4926821379477642],"N3":[0.0],"REM":[0.5645041014168531],"Wake":[0.7266268826371128],"macro":[0.40574221623708073]},"recalls":{"N1":[0.012332990750256937],"N2":[0.9192818346409173],"N3":[0.0],"REM":[0.2721063982746226],"Wake":[0.6426237748177934],"macro":[0.36926899969671806]}}}},"test":{"confusion_matrices":{"abs":["[[7334, 44, 4518, 2, 650], [1287, 27, 2946, 2, 230], [900, 53, 10906, 3, 303], [65, 0, 2536, 0, 0], [1800, 34, 1504, 0, 1234]]"]},"markov_matrices":{"abs":{"actual":["[[11874, 617, 28, 3, 25], [348, 3420, 622, 0, 102], [199, 328, 10935, 568, 135], [29, 16, 522, 2030, 4], [97, 111, 58, 0, 4306]]"],"predicted":["[[9295, 29, 1564, 0, 498], [42, 44, 61, 1, 10], [1553, 64, 20433, 5, 354], [1, 0, 4, 1, 1], [495, 21, 347, 0, 1554]]"]}},"metrics":{"downstream":{"cohen_kappa":[0.3148560333151522],"f1_scores":{"N1":[0.011612903225806452],"N2":[0.6308604483007954],"N3":[0.0],"REM":[0.35312634139361854],"Wake":[0.6128520096933233],"macro":[0.32169034052270873]},"loss":[2.9139232635498047],"precisions":{"N1":[0.17088607594936708],"N2":[0.4866577420794288],"N3":[0.0],"REM":[0.5105502689284237],"Wake":[0.6441243632531178],"macro":[0.3624436900420675]},"recalls":{"N1":[0.006010685663401603],"N2":[0.8965063707357173],"N3":[0.0],"REM":[0.2699037620297463],"Wake":[0.5844756136436086],"macro":[0.35137928641449473]}}}},"train":{},"valid_pretraining":{}}