{"earlystopping":{"confusion_matrices":{"abs":["[[684, 307, 276, 39, 112], [98, 416, 156, 70, 55], [40, 898, 888, 651, 139], [1, 2, 33, 1282, 0], [5, 412, 296, 137, 391]]"]},"markov_matrices":{"abs":{"actual":["[[1126, 224, 50, 1, 17], [105, 349, 308, 1, 32], [110, 186, 2216, 66, 37], [28, 7, 32, 1250, 1], [48, 29, 10, 0, 1154]]"],"predicted":["[[642, 73, 87, 12, 14], [62, 1510, 240, 81, 141], [86, 239, 1114, 93, 117], [16, 69, 93, 1939, 62], [22, 144, 115, 54, 362]]"]}},"metrics":{"downstream":{"cohen_kappa":[0.3704819659984838],"f1_scores":{"N1":[0.2939929328621908],"N2":[0.4164126611957796],"N3":[0.7331998856162425],"REM":[0.40350877192982454],"Wake":[0.6090828138913624],"macro":[0.4912394130990799]},"loss":[2.8543492635091146],"precisions":{"N1":[0.20442260442260443],"N2":[0.5385081867798666],"N3":[0.5883432767324461],"REM":[0.5609756097560976],"Wake":[0.8260869565217391],"macro":[0.5436673268425507]},"recalls":{"N1":[0.5232704402515723],"N2":[0.3394495412844037],"N3":[0.9726858877086495],"REM":[0.3150684931506849],"Wake":[0.4823695345557123],"macro":[0.5265687793902045]}}}},"test":{"confusion_matrices":{"abs":["[[1917, 820, 1471, 248, 228], [221, 795, 1044, 127, 126], [62, 1324, 2677, 1351, 198], [0, 55, 202, 3721, 14], [108, 1047, 768, 274, 742]]"]},"markov_matrices":{"abs":{"actual":["[[4011, 610, 44, 4, 15], [319, 1176, 689, 6, 122], [195, 395, 4680, 248, 94], [57, 20, 176, 3734, 5], [101, 112, 23, 0, 2703]]"],"predicted":["[[1740, 130, 375, 27, 36], [128, 2885, 540, 152, 336], [323, 566, 4718, 300, 254], [46, 130, 288, 5151, 106], [71, 330, 240, 91, 576]]"]}},"metrics":{"downstream":{"cohen_kappa":[0.3698085805354694],"f1_scores":{"N1":[0.2502360717658168],"N2":[0.454730762697469],"N3":[0.7661896427468341],"REM":[0.34942312220390864],"Wake":[0.5483409610983981],"macro":[0.4737841121024854]},"loss":[2.7624961657401843],"precisions":{"N1":[0.19673348181143283],"N2":[0.43443687114573193],"N3":[0.6504107673483657],"REM":[0.5672782874617737],"Wake":[0.8305892547660312],"macro":[0.5358897325066672]},"recalls":{"N1":[0.3437094682230869],"N2":[0.4770135424091233],"N3":[0.9321142284569138],"REM":[0.2524668254508336],"Wake":[0.409265584970111],"macro":[0.4829139299020137]}}}},"train":{},"valid_pretraining":{}}