{
    "earlystopping": {
        "confusion_matrices": {
            "abs": [
                "[[1145, 72, 120, 17, 18], [61, 163, 138, 0, 50], [35, 37, 3602, 129, 142], [0, 0, 127, 778, 0], [35, 25, 150, 7, 1092]]"
            ]
        },
        "markov_matrices": {
            "abs": {
                "actual": [
                    "[[1122, 217, 18, 0, 15], [56, 131, 215, 0, 10], [138, 60, 3629, 84, 34], [13, 1, 70, 821, 0], [42, 3, 13, 0, 1250]]"
                ],
                "predicted": [
                    "[[1053, 148, 44, 3, 28], [23, 112, 136, 0, 26], [134, 26, 3827, 91, 58], [12, 1, 80, 837, 1], [53, 10, 50, 0, 1189]]"
                ]
            }
        },
        "metrics": {
            "downstream": {
                "cohen_kappa": [
                    0.78187678530845
                ],
                "f1_scores": {
                    "N1": [
                        0.459802538787024
                    ],
                    "N2": [
                        0.8913635238802277
                    ],
                    "N3": [
                        0.8474945533769063
                    ],
                    "REM": [
                        0.8364611260053619
                    ],
                    "Wake": [
                        0.8648036253776435
                    ],
                    "macro": [
                        0.7799850734854327
                    ]
                },
                "loss": [
                    0.45449647307395935
                ],
                "precisions": {
                    "N1": [
                        0.5488215488215489
                    ],
                    "N2": [
                        0.8706792361614697
                    ],
                    "N3": [
                        0.8356605800214822
                    ],
                    "REM": [
                        0.8387096774193549
                    ],
                    "Wake": [
                        0.8973354231974922
                    ],
                    "macro": [
                        0.7982412931242695
                    ]
                },
                "recalls": {
                    "N1": [
                        0.39563106796116504
                    ],
                    "N2": [
                        0.9130544993662865
                    ],
                    "N3": [
                        0.8596685082872928
                    ],
                    "REM": [
                        0.8342245989304813
                    ],
                    "Wake": [
                        0.8345481049562682
                    ],
                    "macro": [
                        0.7674253559002988
                    ]
                }
            }
        }
    },
    "test": {
        "confusion_matrices": {
            "abs": [
                "[[2299, 79, 322, 19, 37], [184, 258, 285, 10, 44], [203, 65, 5952, 620, 265], [1, 0, 127, 1386, 0], [92, 59, 557, 5, 1505]]"
            ]
        },
        "markov_matrices": {
            "abs": {
                "actual": [
                    "[[2267, 413, 59, 2, 15], [177, 247, 342, 0, 14], [239, 108, 6570, 128, 60], [22, 0, 108, 1384, 0], [50, 13, 26, 0, 2129]]"
                ],
                "predicted": [
                    "[[2280, 266, 204, 6, 23], [84, 148, 198, 0, 31], [333, 32, 6627, 127, 123], [27, 1, 104, 1905, 3], [54, 14, 110, 2, 1671]]"
                ]
            }
        },
        "metrics": {
            "downstream": {
                "cohen_kappa": [
                    0.6945183985875734
                ],
                "f1_scores": {
                    "N1": [
                        0.41545893719806765
                    ],
                    "N2": [
                        0.829662670755506
                    ],
                    "N3": [
                        0.7799662352279122
                    ],
                    "REM": [
                        0.739739493733104
                    ],
                    "Wake": [
                        0.8307136404697381
                    ],
                    "macro": [
                        0.7191081954768656
                    ]
                },
                "loss": [
                    0.661437856739965
                ],
                "precisions": {
                    "N1": [
                        0.559652928416486
                    ],
                    "N2": [
                        0.8217589396658843
                    ],
                    "N3": [
                        0.6794117647058824
                    ],
                    "REM": [
                        0.8130740140464614
                    ],
                    "Wake": [
                        0.8272759985606333
                    ],
                    "macro": [
                        0.7402347290790694
                    ]
                },
                "recalls": {
                    "N1": [
                        0.33034571062740076
                    ],
                    "N2": [
                        0.8377199155524279
                    ],
                    "N3": [
                        0.9154557463672391
                    ],
                    "REM": [
                        0.6785392245266005
                    ],
                    "Wake": [
                        0.8341799709724238
                    ],
                    "macro": [
                        0.7192481136092185
                    ]
                }
            }
        }
    },
    "train": {},
    "valid_pretraining": {}
}
