{
    "earlystopping": {
        "confusion_matrices": {
            "abs": [
                "[[363, 17, 328, 6, 394], [9, 0, 229, 1, 189], [42, 6, 3648, 204, 197], [1, 0, 297, 609, 1], [5, 1, 322, 0, 925]]"
            ]
        },
        "markov_matrices": {
            "abs": {
                "actual": [
                    "[[862, 210, 21, 0, 14], [64, 148, 206, 0, 10], [130, 65, 3781, 89, 32], [11, 1, 77, 819, 0], [40, 4, 12, 0, 1197]]"
                ],
                "predicted": [
                    "[[298, 6, 65, 2, 49], [4, 8, 6, 0, 6], [77, 4, 4442, 106, 194], [2, 1, 107, 707, 3], [39, 4, 204, 5, 1454]]"
                ]
            }
        },
        "metrics": {
            "downstream": {
                "cohen_kappa": [
                    0.5341170313180985
                ],
                "f1_scores": {
                    "N1": [
                        0.0
                    ],
                    "N2": [
                        0.8178455330119941
                    ],
                    "N3": [
                        0.7048611111111112
                    ],
                    "REM": [
                        0.6252112200067591
                    ],
                    "Wake": [
                        0.475130890052356
                    ],
                    "macro": [
                        0.5246097508364441
                    ]
                },
                "loss": [
                    1.4871591329574585
                ],
                "precisions": {
                    "N1": [
                        0.0
                    ],
                    "N2": [
                        0.7562189054726368
                    ],
                    "N3": [
                        0.7426829268292683
                    ],
                    "REM": [
                        0.5422039859320047
                    ],
                    "Wake": [
                        0.8642857142857143
                    ],
                    "macro": [
                        0.5810783065039249
                    ]
                },
                "recalls": {
                    "N1": [
                        0.0
                    ],
                    "N2": [
                        0.8904076153282889
                    ],
                    "N3": [
                        0.670704845814978
                    ],
                    "REM": [
                        0.7382282521947326
                    ],
                    "Wake": [
                        0.3276173285198556
                    ],
                    "macro": [
                        0.5253916083715711
                    ]
                }
            }
        }
    },
    "test": {
        "confusion_matrices": {
            "abs": [
                "[[374, 55, 395, 32, 1515], [32, 2, 244, 3, 473], [71, 3, 5294, 135, 981], [2, 0, 364, 1045, 30], [42, 19, 445, 1, 1617]]"
            ]
        },
        "markov_matrices": {
            "abs": {
                "actual": [
                    "[[1925, 362, 71, 0, 13], [125, 270, 344, 1, 14], [256, 108, 5893, 174, 52], [18, 2, 155, 1266, 0], [46, 12, 21, 0, 2045]]"
                ],
                "predicted": [
                    "[[282, 21, 49, 0, 169], [20, 42, 6, 2, 9], [80, 10, 6059, 151, 441], [7, 1, 146, 1039, 23], [132, 4, 482, 24, 3974]]"
                ]
            }
        },
        "metrics": {
            "downstream": {
                "cohen_kappa": [
                    0.4547415265223165
                ],
                "f1_scores": {
                    "N1": [
                        0.004801920768307323
                    ],
                    "N2": [
                        0.8005443822773326
                    ],
                    "N3": [
                        0.7866014301844185
                    ],
                    "REM": [
                        0.47982195845697323
                    ],
                    "Wake": [
                        0.25864453665283543
                    ],
                    "macro": [
                        0.4660828456679734
                    ]
                },
                "loss": [
                    1.461553720327524
                ],
                "precisions": {
                    "N1": [
                        0.02531645569620253
                    ],
                    "N2": [
                        0.7852269356274103
                    ],
                    "N3": [
                        0.859375
                    ],
                    "REM": [
                        0.35030329289428075
                    ],
                    "Wake": [
                        0.7178502879078695
                    ],
                    "macro": [
                        0.5476143944251526
                    ]
                },
                "recalls": {
                    "N1": [
                        0.002652519893899204
                    ],
                    "N2": [
                        0.8164713140037014
                    ],
                    "N3": [
                        0.7251908396946565
                    ],
                    "REM": [
                        0.7612994350282486
                    ],
                    "Wake": [
                        0.1577393504850274
                    ],
                    "macro": [
                        0.4926706918211067
                    ]
                }
            }
        }
    },
    "train": {},
    "valid_pretraining": {}
}
