{"earlystopping":{"confusion_matrices":{"abs":["[[996, 95, 56, 25, 534], [176, 63, 205, 70, 396], [99, 11, 1251, 526, 468], [3, 0, 71, 1302, 6], [62, 2, 46, 10, 973]]"]},"markov_matrices":{"abs":{"actual":["[[1401, 259, 37, 0, 9], [125, 439, 301, 1, 44], [114, 165, 1969, 73, 33], [25, 5, 43, 1308, 1], [40, 42, 5, 0, 1006]]"],"predicted":["[[1036, 56, 67, 26, 151], [15, 88, 21, 4, 43], [84, 6, 1287, 93, 159], [47, 1, 70, 1764, 51], [153, 20, 184, 46, 1973]]"]}},"metrics":{"downstream":{"cohen_kappa":[0.5147636362244845],"f1_scores":{"N1":[0.11655874190564293],"N2":[0.6280120481927711],"N3":[0.7855203619909502],"REM":[0.5608069164265129],"Wake":[0.6548323471400395],"macro":[0.5491460831311833]},"loss":[3.9136759440104165],"precisions":{"N1":[0.3684210526315789],"N2":[0.7679558011049724],"N3":[0.6735644076564925],"REM":[0.40933950357593607],"Wake":[0.7455089820359282],"macro":[0.5929579494009817]},"recalls":{"N1":[0.06923076923076923],"N2":[0.5312101910828025],"N3":[0.9421128798842258],"REM":[0.8902104300091491],"Wake":[0.5838218053927315],"macro":[0.6033172151199355]}}}},"test":{"confusion_matrices":{"abs":["[[2923, 597, 312, 26, 1182], [239, 335, 1156, 63, 1614], [87, 80, 4857, 842, 1243], [5, 1, 501, 3198, 96], [87, 84, 148, 27, 2088]]"]},"markov_matrices":{"abs":{"actual":["[[4102, 786, 104, 4, 43], [364, 1729, 1099, 3, 212], [382, 681, 5745, 228, 73], [56, 29, 147, 3566, 3], [135, 182, 14, 0, 2103]]"],"predicted":["[[2635, 199, 126, 21, 360], [79, 692, 136, 4, 186], [206, 82, 5956, 297, 433], [62, 1, 245, 3737, 110], [358, 123, 511, 97, 5134]]"]}},"metrics":{"downstream":{"cohen_kappa":[0.510831686165717],"f1_scores":{"N1":[0.14875666074600355],"N2":[0.6897678051551516],"N3":[0.8038205353776549],"REM":[0.4823841977590389],"Wake":[0.6975301276697291],"macro":[0.5644518653415156]},"loss":[3.8252872200899346],"precisions":{"N1":[0.3053783044667274],"N2":[0.6964439346142817],"N3":[0.7694898941289702],"REM":[0.33552948738550537],"Wake":[0.8748877581562406],"macro":[0.5963458757503451]},"recalls":{"N1":[0.09832697387731142],"N2":[0.6832184554789703],"N3":[0.8413575374901342],"REM":[0.8578471651602301],"Wake":[0.5799603174603175],"macro":[0.6121420898933927]}}}},"train":{},"valid_pretraining":{}}