{
    "earlystopping": {
        "confusion_matrices": {
            "abs": [
                "[[1192, 185, 53, 5, 23], [14, 276, 100, 3, 15], [21, 139, 3095, 374, 73], [0, 0, 127, 920, 3], [8, 69, 76, 0, 912]]"
            ]
        },
        "markov_matrices": {
            "abs": {
                "actual": [
                    "[[1259, 184, 13, 0, 1], [48, 150, 197, 0, 13], [112, 70, 3412, 84, 24], [12, 1, 71, 966, 0], [26, 3, 9, 0, 1027]]"
                ],
                "predicted": [
                    "[[1014, 208, 6, 0, 6], [88, 363, 195, 0, 23], [95, 70, 3188, 51, 47], [12, 3, 36, 1251, 0], [25, 25, 26, 0, 950]]"
                ]
            }
        },
        "metrics": {
            "downstream": {
                "cohen_kappa": [
                    0.7628039539769338
                ],
                "f1_scores": {
                    "N1": [
                        0.5125348189415042
                    ],
                    "N2": [
                        0.8653711729344331
                    ],
                    "N3": [
                        0.782312925170068
                    ],
                    "REM": [
                        0.8723098995695839
                    ],
                    "Wake": [
                        0.8852580764946156
                    ],
                    "macro": [
                        0.783557378622041
                    ]
                },
                "loss": [
                    0.4963424503803253
                ],
                "precisions": {
                    "N1": [
                        0.4125560538116592
                    ],
                    "N2": [
                        0.8968414952187772
                    ],
                    "N3": [
                        0.706605222734255
                    ],
                    "REM": [
                        0.8888888888888888
                    ],
                    "Wake": [
                        0.9651821862348178
                    ],
                    "macro": [
                        0.7740147693776795
                    ]
                },
                "recalls": {
                    "N1": [
                        0.6764705882352942
                    ],
                    "N2": [
                        0.8360345759049163
                    ],
                    "N3": [
                        0.8761904761904762
                    ],
                    "REM": [
                        0.856338028169014
                    ],
                    "Wake": [
                        0.8175582990397805
                    ],
                    "macro": [
                        0.8125183935078961
                    ]
                }
            }
        }
    },
    "test": {
        "confusion_matrices": {
            "abs": [
                "[[1393, 355, 200, 18, 43], [30, 400, 139, 1, 14], [51, 201, 5589, 653, 148], [0, 0, 41, 1819, 0], [22, 155, 387, 8, 1598]]"
            ]
        },
        "markov_matrices": {
            "abs": {
                "actual": [
                    "[[1680, 283, 29, 0, 17], [67, 196, 302, 0, 18], [192, 88, 6163, 147, 52], [23, 1, 123, 1713, 0], [46, 16, 25, 0, 2083]]"
                ],
                "predicted": [
                    "[[1131, 333, 27, 2, 3], [93, 584, 396, 1, 37], [211, 136, 5782, 115, 111], [18, 13, 87, 2380, 1], [42, 45, 64, 1, 1651]]"
                ]
            }
        },
        "metrics": {
            "downstream": {
                "cohen_kappa": [
                    0.7308332881108324
                ],
                "f1_scores": {
                    "N1": [
                        0.471976401179941
                    ],
                    "N2": [
                        0.8599784582243422
                    ],
                    "N3": [
                        0.834595090617114
                    ],
                    "REM": [
                        0.8044299018374025
                    ],
                    "Wake": [
                        0.7948644793152639
                    ],
                    "macro": [
                        0.7531688662348126
                    ]
                },
                "loss": [
                    0.5660666685837966
                ],
                "precisions": {
                    "N1": [
                        0.36003600360036003
                    ],
                    "N2": [
                        0.8793266205160478
                    ],
                    "N3": [
                        0.7278911564625851
                    ],
                    "REM": [
                        0.8863006100942873
                    ],
                    "Wake": [
                        0.9311497326203209
                    ],
                    "macro": [
                        0.7569408246587203
                    ]
                },
                "recalls": {
                    "N1": [
                        0.684931506849315
                    ],
                    "N2": [
                        0.8414634146341463
                    ],
                    "N3": [
                        0.9779569892473118
                    ],
                    "REM": [
                        0.7364055299539171
                    ],
                    "Wake": [
                        0.6933797909407665
                    ],
                    "macro": [
                        0.7868274463250914
                    ]
                }
            }
        }
    },
    "train": {},
    "valid_pretraining": {}
}
