{"earlystopping":{"confusion_matrices":{"abs":["[[1133, 235, 39, 9, 42], [21, 234, 117, 5, 31], [98, 108, 3010, 329, 157], [0, 0, 170, 880, 0], [5, 75, 185, 1, 799]]"]},"markov_matrices":{"abs":{"actual":["[[1259, 184, 13, 0, 1], [48, 150, 197, 0, 13], [112, 70, 3412, 84, 24], [12, 1, 71, 966, 0], [26, 3, 9, 0, 1027]]"],"predicted":["[[1018, 171, 39, 22, 6], [76, 376, 156, 3, 41], [107, 56, 3183, 74, 101], [32, 5, 60, 1123, 4], [23, 44, 83, 2, 877]]"]}},"metrics":{"downstream":{"cohen_kappa":[0.6988905172575766],"f1_scores":{"N1":[0.44150943396226416],"N2":[0.8334487055240206],"N3":[0.7739665787159191],"REM":[0.7631327602674308],"Wake":[0.8346224677716392],"macro":[0.7293359892482549]},"loss":[1.072466254234314],"precisions":{"N1":[0.3588957055214724],"N2":[0.8548707753479126],"N3":[0.7189542483660131],"REM":[0.7764820213799806],"Wake":[0.9013524264120922],"macro":[0.7221110354054943]},"recalls":{"N1":[0.5735294117647058],"N2":[0.8130740140464614],"N3":[0.8380952380952381],"REM":[0.7502347417840376],"Wake":[0.7770919067215364],"macro":[0.7504050624823958]}}}},"test":{"confusion_matrices":{"abs":["[[1433, 333, 90, 9, 144], [43, 336, 135, 6, 64], [111, 297, 5025, 590, 619], [10, 0, 127, 1721, 2], [40, 150, 474, 5, 1501]]"]},"markov_matrices":{"abs":{"actual":["[[1680, 283, 29, 0, 17], [67, 196, 302, 0, 18], [192, 88, 6163, 147, 52], [23, 1, 123, 1713, 0], [46, 16, 25, 0, 2083]]"],"predicted":["[[1229, 287, 79, 11, 31], [116, 623, 283, 4, 90], [187, 120, 5207, 148, 188], [34, 6, 120, 2158, 13], [70, 80, 162, 10, 2008]]"]}},"metrics":{"downstream":{"cohen_kappa":[0.6517774811275174],"f1_scores":{"N1":[0.3952941176470588],"N2":[0.8044504922756743],"N3":[0.821283703173467],"REM":[0.6671111111111112],"Wake":[0.7860669226549645],"macro":[0.6948412693724552]},"loss":[1.2348780998816857],"precisions":{"N1":[0.3010752688172043],"N2":[0.8588275508460093],"N3":[0.7383097383097383],"REM":[0.644206008583691],"Wake":[0.8753817959682346],"macro":[0.6835600725049755]},"recalls":{"N1":[0.5753424657534246],"N2":[0.7565492321589883],"N3":[0.9252688172043011],"REM":[0.691705069124424],"Wake":[0.713290194126431],"macro":[0.7324311556735138]}}}},"train":{},"valid_pretraining":{}}