{"earlystopping":{"confusion_matrices":{"abs":["[[617, 389, 27, 6, 212], [133, 303, 126, 6, 273], [313, 150, 1705, 83, 470], [23, 0, 462, 1027, 8], [181, 196, 142, 0, 552]]"]},"markov_matrices":{"abs":{"actual":["[[981, 212, 41, 1, 16], [91, 401, 312, 1, 36], [102, 188, 2320, 72, 38], [30, 5, 38, 1446, 1], [46, 35, 10, 0, 980]]"],"predicted":["[[953, 138, 63, 8, 105], [109, 665, 63, 2, 199], [84, 68, 2035, 84, 191], [19, 3, 60, 1024, 16], [101, 164, 241, 4, 1004]]"]}},"metrics":{"downstream":{"cohen_kappa":[0.44033814415573025],"f1_scores":{"N1":[0.3225119744544971],"N2":[0.6579201234806097],"N3":[0.7774413323239969],"REM":[0.42691415313225056],"Wake":[0.49007148530579825],"macro":[0.5349718137394305]},"loss":[1.908981704711914],"precisions":{"N1":[0.29190751445086704],"N2":[0.6925264012997563],"N3":[0.9153297682709447],"REM":[0.36435643564356435],"Wake":[0.48697711128650356],"macro":[0.5502194461903271]},"recalls":{"N1":[0.36028537455410226],"N2":[0.6266078647556046],"N3":[0.6756578947368421],"REM":[0.5154061624649859],"Wake":[0.49320543565147884],"macro":[0.5342325464326028]}}}},"test":{"confusion_matrices":{"abs":["[[620, 1081, 358, 8, 1144], [81, 551, 1052, 7, 908], [284, 480, 5093, 150, 915], [45, 3, 2072, 2142, 34], [276, 430, 1029, 2, 1074]]"]},"markov_matrices":{"abs":{"actual":["[[2639, 499, 37, 1, 34], [225, 1407, 847, 6, 114], [206, 561, 5876, 194, 85], [45, 19, 132, 4095, 5], [95, 113, 30, 0, 2573]]"],"predicted":["[[860, 162, 65, 22, 196], [104, 1581, 239, 3, 618], [117, 246, 8528, 206, 507], [19, 9, 186, 2076, 19], [205, 547, 586, 2, 2735]]"]}},"metrics":{"downstream":{"cohen_kappa":[0.30317065687300815],"f1_scores":{"N1":[0.21423017107309486],"N2":[0.6163620960910081],"N3":[0.6485995457986374],"REM":[0.31193726401394134],"Wake":[0.27451848572061105],"macro":[0.4131295125394585]},"loss":[2.917303232046274],"precisions":{"N1":[0.21650294695481337],"N2":[0.5302998750520617],"N3":[0.927674317886531],"REM":[0.26355828220858896],"Wake":[0.47473200612557426],"macro":[0.4825534856455139]},"recalls":{"N1":[0.21200461716044633],"N2":[0.735770008668015],"N3":[0.49860335195530725],"REM":[0.3820704375667022],"Wake":[0.1930862659607599],"macro":[0.4043069362622461]}}}},"train":{},"valid_pretraining":{}}