{
    "earlystopping": {
        "confusion_matrices": {
            "abs": [
                "[[622, 190, 443, 20, 183], [23, 72, 254, 5, 54], [77, 49, 3098, 190, 288], [0, 0, 381, 663, 6], [128, 58, 410, 12, 457]]"
            ]
        },
        "markov_matrices": {
            "abs": {
                "actual": [
                    "[[1259, 184, 13, 0, 1], [48, 150, 197, 0, 13], [112, 70, 3412, 84, 24], [12, 1, 71, 966, 0], [26, 3, 9, 0, 1027]]"
                ],
                "predicted": [
                    "[[562, 129, 80, 10, 68], [59, 158, 115, 1, 36], [128, 55, 4139, 75, 189], [9, 1, 76, 796, 8], [91, 26, 176, 8, 687]]"
                ]
            }
        },
        "metrics": {
            "downstream": {
                "cohen_kappa": [
                    0.449519238041456
                ],
                "f1_scores": {
                    "N1": [
                        0.18532818532818537
                    ],
                    "N2": [
                        0.7475868725868725
                    ],
                    "N3": [
                        0.6835051546391753
                    ],
                    "REM": [
                        0.4452021432050658
                    ],
                    "Wake": [
                        0.5389948006932409
                    ],
                    "macro": [
                        0.5201234312905079
                    ]
                },
                "loss": [
                    1.5783013105392456
                ],
                "precisions": {
                    "N1": [
                        0.1951219512195122
                    ],
                    "N2": [
                        0.675534234627126
                    ],
                    "N3": [
                        0.744943820224719
                    ],
                    "REM": [
                        0.4625506072874494
                    ],
                    "Wake": [
                        0.731764705882353
                    ],
                    "macro": [
                        0.5619830638482319
                    ]
                },
                "recalls": {
                    "N1": [
                        0.17647058823529413
                    ],
                    "N2": [
                        0.8368449486763911
                    ],
                    "N3": [
                        0.6314285714285715
                    ],
                    "REM": [
                        0.4291079812206573
                    ],
                    "Wake": [
                        0.42661179698216734
                    ],
                    "macro": [
                        0.5000927773086162
                    ]
                }
            }
        }
    },
    "test": {
        "confusion_matrices": {
            "abs": [
                "[[942, 175, 475, 14, 403], [88, 101, 299, 4, 92], [361, 173, 4910, 584, 614], [7, 0, 631, 1204, 18], [187, 135, 837, 39, 972]]"
            ]
        },
        "markov_matrices": {
            "abs": {
                "actual": [
                    "[[1680, 283, 29, 0, 17], [67, 196, 302, 0, 18], [192, 88, 6163, 147, 52], [23, 1, 123, 1713, 0], [46, 16, 25, 0, 2083]]"
                ],
                "predicted": [
                    "[[1034, 207, 165, 18, 160], [90, 247, 181, 2, 64], [234, 76, 6294, 185, 363], [18, 4, 185, 1616, 22], [208, 50, 327, 24, 1490]]"
                ]
            }
        },
        "metrics": {
            "downstream": {
                "cohen_kappa": [
                    0.41742560741697
                ],
                "f1_scores": {
                    "N1": [
                        0.17294520547945205
                    ],
                    "N2": [
                        0.7119037262577933
                    ],
                    "N3": [
                        0.6499325236167341
                    ],
                    "REM": [
                        0.45537596626844695
                    ],
                    "Wake": [
                        0.5242070116861435
                    ],
                    "macro": [
                        0.502872886661714
                    ]
                },
                "loss": [
                    1.7440907404972956
                ],
                "precisions": {
                    "N1": [
                        0.17294520547945205
                    ],
                    "N2": [
                        0.6865212527964206
                    ],
                    "N3": [
                        0.6525745257452574
                    ],
                    "REM": [
                        0.4630776560266794
                    ],
                    "Wake": [
                        0.5943217665615141
                    ],
                    "macro": [
                        0.5138880813218647
                    ]
                },
                "recalls": {
                    "N1": [
                        0.17294520547945205
                    ],
                    "N2": [
                        0.739235170129479
                    ],
                    "N3": [
                        0.6473118279569893
                    ],
                    "REM": [
                        0.447926267281106
                    ],
                    "Wake": [
                        0.4688899950223992
                    ],
                    "macro": [
                        0.49526169317388513
                    ]
                }
            }
        }
    },
    "train": {},
    "valid_ssl": {}
}
