{"earlystopping":{"confusion_matrices":{"abs":["[[5787, 228, 43, 1, 27], [400, 588, 490, 23, 259], [217, 321, 5136, 580, 243], [27, 12, 407, 1103, 0], [175, 147, 197, 30, 2203]]"]},"markov_matrices":{"abs":{"actual":["[[5819, 253, 12, 0, 1], [157, 1185, 319, 2, 97], [66, 186, 5820, 317, 108], [7, 16, 296, 1230, 0], [36, 120, 50, 0, 2546]]"],"predicted":["[[6143, 309, 97, 26, 30], [177, 805, 236, 11, 67], [201, 95, 5502, 324, 151], [29, 18, 317, 1372, 1], [55, 69, 121, 4, 2483]]"]}},"metrics":{"downstream":{"cohen_kappa":[0.7192567528778857],"f1_scores":{"N1":[0.38481675392670156],"N2":[0.8043852779953015],"N3":[0.6713329275715155],"REM":[0.8034281546316557],"Wake":[0.9119130160731169],"macro":[0.7151752260396582]},"loss":[1.1992099865062817],"precisions":{"N1":[0.4537037037037037],"N2":[0.8187470109995217],"N3":[0.6350028785261946],"REM":[0.8063689604685212],"Wake":[0.8760217983651226],"macro":[0.7179688704126128]},"recalls":{"N1":[0.3340909090909091],"N2":[0.7905187009388949],"N3":[0.7120723047127179],"REM":[0.8005087209302325],"Wake":[0.9508708511337496],"macro":[0.7176122973613008]}}}},"test":{"confusion_matrices":{"abs":["[[9035, 515, 56, 2, 74], [610, 1302, 502, 2, 583], [213, 935, 9811, 654, 1153], [14, 7, 1051, 1094, 8], [212, 259, 201, 1, 3964]]"]},"markov_matrices":{"abs":{"actual":["[[9241, 410, 25, 0, 5], [217, 2136, 559, 2, 85], [152, 323, 11813, 339, 139], [16, 13, 311, 1833, 1], [55, 117, 58, 0, 4407]]"],"predicted":["[[9391, 534, 66, 2, 90], [250, 2076, 422, 24, 246], [245, 186, 10446, 390, 354], [17, 22, 391, 1303, 20], [180, 200, 296, 34, 5072]]"]}},"metrics":{"downstream":{"cohen_kappa":[0.698664914869507],"f1_scores":{"N1":[0.4327738075452883],"N2":[0.8046090129987288],"N3":[0.5571683218742042],"REM":[0.7609175544677992],"Wake":[0.9141960943033491],"macro":[0.6939329582378739]},"loss":[1.2536134719848633],"precisions":{"N1":[0.43141153081510936],"N2":[0.8442474830049049],"N3":[0.6240730176839704],"REM":[0.6855759252853684],"Wake":[0.8959738199127331],"macro":[0.6962563553404173]},"recalls":{"N1":[0.4341447149049683],"N2":[0.7685257715807614],"N3":[0.5032198712051518],"REM":[0.8548630580116454],"Wake":[0.9331749638504441],"macro":[0.6987856759105942]}}}},"train":{},"valid_pretraining":{}}