{"earlystopping":{"confusion_matrices":{"abs":["[[7351, 179, 53, 7, 70], [434, 757, 570, 49, 117], [159, 414, 5733, 748, 52], [14, 2, 241, 869, 2], [223, 171, 512, 70, 1865]]"]},"markov_matrices":{"abs":{"actual":["[[7290, 345, 19, 0, 5], [197, 1257, 361, 3, 109], [94, 200, 6433, 271, 108], [13, 13, 248, 854, 0], [65, 112, 45, 0, 2619]]"],"predicted":["[[7770, 280, 66, 27, 37], [136, 981, 340, 3, 63], [136, 184, 6337, 314, 138], [56, 3, 283, 1395, 6], [82, 75, 83, 4, 1862]]"]}},"metrics":{"downstream":{"cohen_kappa":[0.721164699257433],"f1_scores":{"N1":[0.43884057971014495],"N2":[0.806612733028491],"N3":[0.6053639846743295],"REM":[0.7539923185769153],"Wake":[0.928097973612777],"macro":[0.7065815179205316]},"loss":[1.0896648313941024],"precisions":{"N1":[0.4970453053184504],"N2":[0.8064425376283584],"N3":[0.4985656913367757],"REM":[0.8855650522317189],"Wake":[0.8985454100965652],"macro":[0.7172327993223737]},"recalls":{"N1":[0.3928386092371562],"N2":[0.8067830002814523],"N3":[0.7703900709219859],"REM":[0.656458993312214],"Wake":[0.9596605744125326],"macro":[0.7172262496330682]}}}},"test":{"confusion_matrices":{"abs":["[[9922, 266, 155, 5, 433], [1631, 1038, 686, 15, 335], [1293, 955, 9087, 1254, 331], [121, 7, 465, 1442, 1], [523, 449, 761, 23, 3084]]"]},"markov_matrices":{"abs":{"actual":["[[10118, 616, 19, 0, 27], [361, 2625, 600, 0, 119], [180, 332, 11792, 467, 149], [22, 6, 436, 1569, 3], [99, 126, 73, 0, 4542]]"],"predicted":["[[12436, 541, 238, 83, 191], [318, 1762, 505, 5, 125], [334, 270, 9807, 517, 226], [136, 10, 454, 2115, 24], [265, 132, 150, 19, 3618]]"]}},"metrics":{"downstream":{"cohen_kappa":[0.6083377601817667],"f1_scores":{"N1":[0.3233644859813084],"N2":[0.7549223228379164],"N3":[0.6039790575916231],"REM":[0.6835106382978723],"Wake":[0.8176012525235878],"macro":[0.6366755514464616]},"loss":[1.6210508204218168],"precisions":{"N1":[0.38232044198895027],"N2":[0.8146853146853147],"N3":[0.5264695144213216],"REM":[0.737093690248566],"Wake":[0.7355077835433654],"macro":[0.6392153489775037]},"recalls":{"N1":[0.28016194331983807],"N2":[0.703328173374613],"N3":[0.7082514734774067],"REM":[0.6371900826446281],"Wake":[0.9203227900936833],"macro":[0.6498508925820338]}}}},"train":{},"valid_pretraining":{}}