{"earlystopping":{"confusion_matrices":{"abs":["[[1010, 367, 147, 26, 156], [140, 250, 415, 48, 57], [38, 85, 1920, 300, 12], [1, 0, 149, 1232, 0], [23, 160, 207, 38, 665]]"]},"markov_matrices":{"abs":{"actual":["[[1401, 259, 37, 0, 9], [125, 439, 301, 1, 44], [114, 165, 1969, 73, 33], [25, 5, 43, 1308, 1], [40, 42, 5, 0, 1006]]"],"predicted":["[[951, 130, 75, 10, 46], [76, 518, 164, 11, 92], [95, 106, 2464, 125, 48], [31, 15, 100, 1487, 11], [58, 93, 35, 11, 693]]"]}},"metrics":{"downstream":{"cohen_kappa":[0.5865326493799387],"f1_scores":{"N1":[0.28216704288939054],"N2":[0.7394569612940497],"N3":[0.8142762723066754],"REM":[0.6707009581442259],"Wake":[0.6922549691569568],"macro":[0.6397712407582596]},"loss":[1.632720947265625],"precisions":{"N1":[0.2900232018561485],"N2":[0.6765327695560254],"N3":[0.7493917274939172],"REM":[0.7471910112359551],"Wake":[0.8333333333333334],"macro":[0.6592944086950759]},"recalls":{"N1":[0.27472527472527475],"N2":[0.8152866242038217],"N3":[0.8914616497829233],"REM":[0.6084172003659652],"Wake":[0.5920281359906213],"macro":[0.6363837770137213]}}}},"test":{"confusion_matrices":{"abs":["[[3119, 1100, 349, 70, 402], [484, 1031, 1486, 154, 252], [235, 275, 5620, 896, 83], [28, 5, 497, 3241, 30], [187, 416, 379, 66, 1386]]"]},"markov_matrices":{"abs":{"actual":["[[4102, 786, 104, 4, 43], [364, 1729, 1099, 3, 212], [382, 681, 5745, 228, 73], [56, 29, 147, 3566, 3], [135, 182, 14, 0, 2103]]"],"predicted":["[[3166, 474, 180, 59, 174], [312, 1760, 476, 23, 256], [242, 305, 7326, 334, 124], [101, 37, 275, 3985, 28], [231, 251, 74, 26, 1571]]"]}},"metrics":{"downstream":{"cohen_kappa":[0.5567421695744473],"f1_scores":{"N1":[0.3307667629130574],"N2":[0.727979274611399],"N3":[0.7877977637335926],"REM":[0.60431654676259],"Wake":[0.6860222148905751],"macro":[0.6273765125822429]},"loss":[1.8033060473065043],"precisions":{"N1":[0.36469755925008845],"N2":[0.6745888848877686],"N3":[0.732098486559747],"REM":[0.6437529029261495],"Wake":[0.769553417221811],"macro":[0.636938250169113]},"recalls":{"N1":[0.30261226885823306],"N2":[0.7905471936981291],"N3":[0.852670349907919],"REM":[0.5694330320460148],"Wake":[0.6188492063492064],"macro":[0.6268224101719004]}}}},"train":{},"valid_pretraining":{}}