{"earlystopping":{"confusion_matrices":{"abs":["[[1071, 0, 344, 30, 41], [89, 1, 343, 18, 10], [49, 0, 3201, 566, 12], [0, 0, 168, 858, 0], [50, 0, 926, 11, 220]]"]},"markov_matrices":{"abs":{"actual":["[[1212, 234, 24, 0, 15], [70, 143, 236, 0, 12], [144, 80, 3479, 94, 31], [13, 1, 80, 932, 0], [46, 3, 9, 0, 1149]]"],"predicted":["[[1093, 1, 151, 3, 11], [0, 0, 1, 0, 0], [133, 0, 4605, 131, 113], [13, 0, 121, 1341, 8], [19, 0, 104, 8, 151]]"]}},"metrics":{"downstream":{"cohen_kappa":[0.4850926471185403],"f1_scores":{"N1":[0.004329004329004329],"N2":[0.7266742338251986],"N3":[0.6839378238341968],"REM":[0.2953020134228188],"Wake":[0.7803278688524591],"macro":[0.4981141888527355]},"loss":[1.0095371007919312],"precisions":{"N1":[1.0],"N2":[0.6425130469690887],"N3":[0.5785569790964261],"REM":[0.7773851590106007],"Wake":[0.8506751389992058],"macro":[0.7698260648150642]},"recalls":{"N1":[0.0021691973969631237],"N2":[0.8362068965517241],"N3":[0.8362573099415205],"REM":[0.18227009113504558],"Wake":[0.7207267833109018],"macro":[0.515526055667231]}}}},"test":{"confusion_matrices":{"abs":["[[1177, 0, 861, 65, 110], [182, 1, 569, 43, 39], [140, 9, 5628, 761, 60], [1, 0, 589, 925, 0], [137, 0, 1947, 25, 540]]"]},"markov_matrices":{"abs":{"actual":["[[1846, 336, 22, 0, 8], [106, 332, 383, 0, 13], [188, 148, 6049, 144, 69], [24, 1, 119, 1371, 0], [48, 17, 25, 0, 2559]]"],"predicted":["[[1315, 3, 256, 31, 32], [2, 4, 2, 1, 1], [235, 2, 8841, 239, 276], [36, 1, 224, 1533, 25], [49, 0, 270, 15, 415]]"]}},"metrics":{"downstream":{"cohen_kappa":[0.35744765917143373],"f1_scores":{"N1":[0.0023696682464454974],"N2":[0.6951581027667985],"N3":[0.5548890221955609],"REM":[0.31783402001177163],"Wake":[0.6114285714285714],"macro":[0.4363358769298296]},"loss":[1.1986024644639757],"precisions":{"N1":[0.1],"N2":[0.5866166353971232],"N3":[0.508521165475536],"REM":[0.7209612817089452],"Wake":[0.7189981673793525],"macro":[0.5270194499921914]},"recalls":{"N1":[0.001199040767386091],"N2":[0.8529857532585632],"N3":[0.6105610561056105],"REM":[0.20385050962627407],"Wake":[0.5318572074107546],"macro":[0.4400907134337177]}}}},"train":{},"valid_pretraining":{}}