{
    "earlystopping": {
        "confusion_matrices": {
            "abs": [
                "[[1149, 87, 98, 2, 36], [63, 177, 133, 0, 39], [127, 67, 3273, 308, 170], [0, 0, 148, 757, 0], [25, 34, 20, 1, 1229]]"
            ]
        },
        "markov_matrices": {
            "abs": {
                "actual": [
                    "[[1122, 217, 18, 0, 15], [56, 131, 215, 0, 10], [138, 60, 3629, 84, 34], [13, 1, 70, 821, 0], [42, 3, 13, 0, 1250]]"
                ],
                "predicted": [
                    "[[1136, 148, 60, 1, 19], [48, 175, 116, 0, 25], [131, 21, 3408, 62, 50], [11, 1, 49, 1005, 2], [37, 20, 39, 0, 1378]]"
                ]
            }
        },
        "metrics": {
            "downstream": {
                "cohen_kappa": [
                    0.753096080415836
                ],
                "f1_scores": {
                    "N1": [
                        0.4555984555984556
                    ],
                    "N2": [
                        0.8593934619929107
                    ],
                    "N3": [
                        0.7673593512417639
                    ],
                    "REM": [
                        0.8832195472511677
                    ],
                    "Wake": [
                        0.8399122807017543
                    ],
                    "macro": [
                        0.7610966193572105
                    ]
                },
                "loss": [
                    0.6495446562767029
                ],
                "precisions": {
                    "N1": [
                        0.4849315068493151
                    ],
                    "N2": [
                        0.8913398692810458
                    ],
                    "N3": [
                        0.7088014981273408
                    ],
                    "REM": [
                        0.833785617367707
                    ],
                    "Wake": [
                        0.842375366568915
                    ],
                    "macro": [
                        0.7522467716388648
                    ]
                },
                "recalls": {
                    "N1": [
                        0.42961165048543687
                    ],
                    "N2": [
                        0.8296577946768061
                    ],
                    "N3": [
                        0.8364640883977901
                    ],
                    "REM": [
                        0.9388846447669977
                    ],
                    "Wake": [
                        0.8374635568513119
                    ],
                    "macro": [
                        0.7744163470356685
                    ]
                }
            }
        }
    },
    "test": {
        "confusion_matrices": {
            "abs": [
                "[[2309, 142, 220, 8, 77], [110, 334, 253, 4, 80], [99, 152, 5920, 568, 366], [0, 0, 188, 1326, 0], [156, 37, 109, 9, 1907]]"
            ]
        },
        "markov_matrices": {
            "abs": {
                "actual": [
                    "[[2267, 413, 59, 2, 15], [177, 247, 342, 0, 14], [239, 108, 6570, 128, 60], [22, 0, 108, 1384, 0], [50, 13, 26, 0, 2129]]"
                ],
                "predicted": [
                    "[[2219, 315, 104, 2, 34], [118, 268, 240, 2, 37], [243, 59, 6151, 122, 115], [14, 0, 105, 1786, 10], [79, 23, 90, 3, 2234]]"
                ]
            }
        },
        "metrics": {
            "downstream": {
                "cohen_kappa": [
                    0.7406872527067899
                ],
                "f1_scores": {
                    "N1": [
                        0.46196403872752423
                    ],
                    "N2": [
                        0.8582819862268938
                    ],
                    "N3": [
                        0.7734033245844271
                    ],
                    "REM": [
                        0.8205679862306368
                    ],
                    "Wake": [
                        0.8504604051565378
                    ],
                    "macro": [
                        0.7529355481852039
                    ]
                },
                "loss": [
                    0.6687828590129984
                ],
                "precisions": {
                    "N1": [
                        0.5022556390977444
                    ],
                    "N2": [
                        0.8849028400597907
                    ],
                    "N3": [
                        0.6924281984334204
                    ],
                    "REM": [
                        0.7847736625514403
                    ],
                    "Wake": [
                        0.8635003739715782
                    ],
                    "macro": [
                        0.7455721428227948
                    ]
                },
                "recalls": {
                    "N1": [
                        0.42765685019206146
                    ],
                    "N2": [
                        0.8332160450387052
                    ],
                    "N3": [
                        0.8758256274768824
                    ],
                    "REM": [
                        0.8597835888187556
                    ],
                    "Wake": [
                        0.8378084179970973
                    ],
                    "macro": [
                        0.7668581059047004
                    ]
                }
            }
        }
    },
    "train": {},
    "valid_pretraining": {}
}
