{
    "earlystopping": {
        "confusion_matrices": {
            "abs": [
                "[[1190, 79, 74, 1, 28], [49, 186, 148, 0, 29], [41, 28, 3615, 149, 112], [1, 0, 92, 812, 0], [13, 18, 32, 0, 1246]]"
            ]
        },
        "markov_matrices": {
            "abs": {
                "actual": [
                    "[[1122, 217, 18, 0, 15], [56, 131, 215, 0, 10], [138, 60, 3629, 84, 34], [13, 1, 70, 821, 0], [42, 3, 13, 0, 1250]]"
                ],
                "predicted": [
                    "[[1095, 163, 30, 0, 6], [32, 135, 133, 0, 11], [126, 9, 3712, 66, 47], [6, 1, 58, 896, 1], [34, 3, 28, 0, 1350]]"
                ]
            }
        },
        "metrics": {
            "downstream": {
                "cohen_kappa": [
                    0.8342379152486654
                ],
                "f1_scores": {
                    "N1": [
                        0.5145228215767634
                    ],
                    "N2": [
                        0.9144953200101189
                    ],
                    "N3": [
                        0.8698446705945367
                    ],
                    "REM": [
                        0.9148311306901615
                    ],
                    "Wake": [
                        0.8927231807951989
                    ],
                    "macro": [
                        0.8212834247333559
                    ]
                },
                "loss": [
                    0.3097643256187439
                ],
                "precisions": {
                    "N1": [
                        0.5980707395498392
                    ],
                    "N2": [
                        0.9126483211310276
                    ],
                    "N3": [
                        0.8440748440748441
                    ],
                    "REM": [
                        0.880565371024735
                    ],
                    "Wake": [
                        0.919629057187017
                    ],
                    "macro": [
                        0.8309976665934926
                    ]
                },
                "recalls": {
                    "N1": [
                        0.45145631067961167
                    ],
                    "N2": [
                        0.9163498098859315
                    ],
                    "N3": [
                        0.8972375690607735
                    ],
                    "REM": [
                        0.9518716577540107
                    ],
                    "Wake": [
                        0.8673469387755102
                    ],
                    "macro": [
                        0.8168524572311675
                    ]
                }
            }
        }
    },
    "test": {
        "confusion_matrices": {
            "abs": [
                "[[2156, 200, 227, 8, 165], [86, 302, 237, 1, 155], [104, 94, 5653, 441, 813], [1, 0, 155, 1325, 33], [16, 15, 66, 0, 2121]]"
            ]
        },
        "markov_matrices": {
            "abs": {
                "actual": [
                    "[[2267, 413, 59, 2, 15], [177, 247, 342, 0, 14], [239, 108, 6570, 128, 60], [22, 0, 108, 1384, 0], [50, 13, 26, 0, 2129]]"
                ],
                "predicted": [
                    "[[1913, 331, 74, 1, 44], [101, 241, 244, 0, 25], [243, 34, 5835, 74, 151], [14, 0, 59, 1698, 4], [91, 5, 126, 2, 3063]]"
                ]
            }
        },
        "metrics": {
            "downstream": {
                "cohen_kappa": [
                    0.7200002785367947
                ],
                "f1_scores": {
                    "N1": [
                        0.4339080459770115
                    ],
                    "N2": [
                        0.8410325076247861
                    ],
                    "N3": [
                        0.8057160231073274
                    ],
                    "REM": [
                        0.7705722070844686
                    ],
                    "Wake": [
                        0.8423520218792733
                    ],
                    "macro": [
                        0.7387161611345734
                    ]
                },
                "loss": [
                    0.5888609392889614
                ],
                "precisions": {
                    "N1": [
                        0.49427168576104746
                    ],
                    "N2": [
                        0.8919217418744083
                    ],
                    "N3": [
                        0.7464788732394366
                    ],
                    "REM": [
                        0.6452692424703377
                    ],
                    "Wake": [
                        0.9123994921709692
                    ],
                    "macro": [
                        0.7380682071032398
                    ]
                },
                "recalls": {
                    "N1": [
                        0.3866837387964149
                    ],
                    "N2": [
                        0.7956368754398311
                    ],
                    "N3": [
                        0.8751651254953765
                    ],
                    "REM": [
                        0.9562669071235347
                    ],
                    "Wake": [
                        0.7822931785195936
                    ],
                    "macro": [
                        0.7592091650749502
                    ]
                }
            }
        }
    },
    "train": {},
    "valid_pretraining": {}
}
