{"earlystopping":{"confusion_matrices":{"abs":["[[676, 399, 68, 1, 342], [7, 239, 108, 2, 105], [12, 221, 3037, 168, 390], [0, 5, 453, 493, 75], [11, 115, 17, 0, 1064]]"]},"markov_matrices":{"abs":{"actual":["[[1212, 234, 24, 0, 15], [70, 143, 236, 0, 12], [144, 80, 3479, 94, 31], [13, 1, 80, 932, 0], [46, 3, 9, 0, 1149]]"],"predicted":["[[469, 207, 9, 0, 21], [106, 624, 182, 1, 66], [64, 76, 3383, 46, 114], [2, 1, 34, 605, 22], [64, 71, 75, 12, 1753]]"]}},"metrics":{"downstream":{"cohen_kappa":[0.5598162005343753],"f1_scores":{"N1":[0.33194444444444443],"N2":[0.8086806017840501],"N3":[0.583431952662722],"REM":[0.6685516808042726],"Wake":[0.6167883211678833],"macro":[0.6018794001726745]},"loss":[1.1710789203643799],"precisions":{"N1":[0.24412665985699694],"N2":[0.824599511267988],"N3":[0.7424698795180723],"REM":[0.5384615384615384],"Wake":[0.9575070821529745],"macro":[0.6614329342515141]},"recalls":{"N1":[0.5184381778741866],"N2":[0.7933646812957158],"N3":[0.48050682261208577],"REM":[0.8815244407622204],"Wake":[0.4549125168236878],"macro":[0.6257493278735792]}}}},"test":{"confusion_matrices":{"abs":["[[577, 413, 248, 22, 953], [52, 287, 117, 5, 373], [51, 281, 4640, 184, 1442], [0, 0, 880, 530, 105], [9, 23, 88, 0, 2529]]"]},"markov_matrices":{"abs":{"actual":["[[1846, 336, 22, 0, 8], [106, 332, 383, 0, 13], [188, 148, 6049, 144, 69], [24, 1, 119, 1371, 0], [48, 17, 25, 0, 2559]]"],"predicted":["[[381, 229, 18, 0, 61], [102, 567, 187, 4, 144], [54, 55, 5574, 47, 243], [5, 0, 37, 669, 30], [147, 152, 157, 21, 4924]]"]}},"metrics":{"downstream":{"cohen_kappa":[0.45729823347170506],"f1_scores":{"N1":[0.31229597388465724],"N2":[0.7382069843290112],"N3":[0.46985815602836883],"REM":[0.6282449385169544],"Wake":[0.39765678842177804],"macro":[0.509252568236154]},"loss":[1.8382386101616754],"precisions":{"N1":[0.2858565737051793],"N2":[0.7768290641218818],"N3":[0.7152496626180836],"REM":[0.46815994076268047],"Wake":[0.8374455732946299],"macro":[0.6167081629004911]},"recalls":{"N1":[0.3441247002398082],"N2":[0.7032434070930585],"N3":[0.34983498349834985],"REM":[0.9546998867497168],"Wake":[0.2607320379575237],"macro":[0.5225270031076914]}}}},"train":{},"valid_pretraining":{}}