{"earlystopping":{"confusion_matrices":{"abs":["[[7570, 115, 50, 6, 217], [814, 209, 475, 119, 329], [359, 237, 4635, 887, 510], [28, 2, 231, 1270, 0], [317, 47, 255, 151, 2012]]"]},"markov_matrices":{"abs":{"actual":["[[7584, 353, 15, 0, 5], [200, 1236, 385, 2, 123], [98, 210, 5964, 245, 111], [13, 14, 220, 1284, 0], [62, 133, 44, 0, 2543]]"],"predicted":["[[8329, 209, 239, 55, 255], [184, 221, 112, 4, 89], [234, 84, 4863, 208, 257], [104, 8, 164, 2119, 38], [236, 88, 268, 47, 2429]]"]}},"metrics":{"downstream":{"cohen_kappa":[0.6552424702336521],"f1_scores":{"N1":[0.16353677621283255],"N2":[0.7552550105914942],"N3":[0.6407669021190716],"REM":[0.6878632478632478],"Wake":[0.8881849114161681],"macro":[0.6271213696405629]},"loss":[2.7483414440620235],"precisions":{"N1":[0.34262295081967215],"N2":[0.8209351753453773],"N3":[0.5219893136046033],"REM":[0.6558018252933507],"Wake":[0.8329665492957746],"macro":[0.6348631628717556]},"recalls":{"N1":[0.10739979445015416],"N2":[0.6993059746529873],"N3":[0.829523187459177],"REM":[0.7232207045291158],"Wake":[0.9512440311636089],"macro":[0.6621387384510087]}}}},"test":{"confusion_matrices":{"abs":["[[10269, 325, 541, 46, 1367], [1986, 237, 1096, 179, 994], [1226, 351, 6868, 1800, 1920], [64, 0, 337, 2199, 1], [540, 84, 649, 113, 3186]]"]},"markov_matrices":{"abs":{"actual":["[[11874, 617, 28, 3, 25], [348, 3420, 622, 0, 102], [199, 328, 10935, 568, 135], [29, 16, 522, 2030, 4], [97, 111, 58, 0, 4306]]"],"predicted":["[[12634, 373, 351, 48, 679], [325, 379, 145, 4, 144], [367, 92, 8061, 403, 568], [139, 6, 311, 3841, 39], [619, 147, 623, 41, 6038]]"]}},"metrics":{"downstream":{"cohen_kappa":[0.4951060694511551],"f1_scores":{"N1":[0.08635452723629077],"N2":[0.634281492427041],"N3":[0.633900259440761],"REM":[0.5292358803986711],"Wake":[0.7711485750760335],"macro":[0.5309841469157595]},"loss":[4.947381337483724],"precisions":{"N1":[0.23771313941825475],"N2":[0.7236329153935307],"N3":[0.5070325109522712],"REM":[0.4266202463845742],"Wake":[0.729073482428115],"macro":[0.5248144589153492]},"recalls":{"N1":[0.05276046304541407],"N2":[0.564570489108097],"N3":[0.845444059976932],"REM":[0.6968503937007874],"Wake":[0.8183774306662416],"macro":[0.5956005672994944]}}}},"train":{},"valid_pretraining":{}}