{
    "earlystopping": {
        "confusion_matrices": {
            "abs": [
                "[[944, 2, 327, 28, 187], [105, 6, 274, 4, 82], [137, 0, 2664, 515, 524], [1, 0, 128, 762, 28], [108, 0, 277, 44, 737]]"
            ]
        },
        "markov_matrices": {
            "abs": {
                "actual": [
                    "[[1224, 231, 17, 0, 15], [74, 164, 222, 0, 11], [132, 73, 3531, 73, 31], [11, 0, 62, 846, 0], [46, 3, 8, 0, 1109]]"
                ],
                "predicted": [
                    "[[898, 1, 325, 8, 63], [2, 0, 4, 1, 1], [307, 4, 3169, 47, 143], [6, 1, 48, 1214, 83], [82, 2, 123, 83, 1268]]"
                ]
            }
        },
        "metrics": {
            "downstream": {
                "cohen_kappa": [
                    0.4928119452773865
                ],
                "f1_scores": {
                    "N1": [
                        0.02505219206680585
                    ],
                    "N2": [
                        0.7094540612516644
                    ],
                    "N3": [
                        0.6707746478873239
                    ],
                    "REM": [
                        0.541116005873715
                    ],
                    "Wake": [
                        0.678404599353216
                    ],
                    "macro": [
                        0.524960301286545
                    ]
                },
                "loss": [
                    1.81287682056427
                ],
                "precisions": {
                    "N1": [
                        0.75
                    ],
                    "N2": [
                        0.7258855585831062
                    ],
                    "N3": [
                        0.5631929046563193
                    ],
                    "REM": [
                        0.4730423620025674
                    ],
                    "Wake": [
                        0.728957528957529
                    ],
                    "macro": [
                        0.6482156708399043
                    ]
                },
                "recalls": {
                    "N1": [
                        0.012738853503184714
                    ],
                    "N2": [
                        0.69375
                    ],
                    "N3": [
                        0.8291621327529923
                    ],
                    "REM": [
                        0.6320754716981132
                    ],
                    "Wake": [
                        0.6344086021505376
                    ],
                    "macro": [
                        0.5604270120209656
                    ]
                }
            }
        }
    },
    "test": {
        "confusion_matrices": {
            "abs": [
                "[[1469, 10, 610, 179, 248], [174, 4, 334, 27, 167], [640, 4, 3712, 1110, 1065], [26, 0, 119, 1188, 194], [247, 2, 519, 266, 1137]]"
            ]
        },
        "markov_matrices": {
            "abs": {
                "actual": [
                    "[[2107, 335, 57, 1, 15], [101, 257, 328, 0, 20], [233, 100, 5972, 176, 50], [18, 3, 155, 1350, 1], [56, 11, 19, 0, 2085]]"
                ],
                "predicted": [
                    "[[1711, 3, 700, 26, 116], [5, 0, 8, 0, 7], [652, 11, 4197, 156, 278], [43, 1, 145, 2411, 170], [145, 5, 243, 177, 2240]]"
                ]
            }
        },
        "metrics": {
            "downstream": {
                "cohen_kappa": [
                    0.38328164455365477
                ],
                "f1_scores": {
                    "N1": [
                        0.011019283746556476
                    ],
                    "N2": [
                        0.6278224101479917
                    ],
                    "N3": [
                        0.552943914358855
                    ],
                    "REM": [
                        0.4564431955038137
                    ],
                    "Wake": [
                        0.5792586750788644
                    ],
                    "macro": [
                        0.4454974957672162
                    ]
                },
                "loss": [
                    2.009009043375651
                ],
                "precisions": {
                    "N1": [
                        0.2
                    ],
                    "N2": [
                        0.7011711371363808
                    ],
                    "N3": [
                        0.42888086642599277
                    ],
                    "REM": [
                        0.4044823906083244
                    ],
                    "Wake": [
                        0.5747261345852895
                    ],
                    "macro": [
                        0.4618521057511975
                    ]
                },
                "recalls": {
                    "N1": [
                        0.0056657223796034
                    ],
                    "N2": [
                        0.568366253253713
                    ],
                    "N3": [
                        0.7779960707269156
                    ],
                    "REM": [
                        0.5237217871948411
                    ],
                    "Wake": [
                        0.5838632750397457
                    ],
                    "macro": [
                        0.4919226217189638
                    ]
                }
            }
        }
    },
    "train": {},
    "valid_pretraining": {}
}
