{"earlystopping":{"confusion_matrices":{"abs":["[[1126, 124, 105, 18, 45], [142, 276, 240, 59, 78], [67, 130, 1906, 456, 57], [1, 0, 57, 1260, 0], [32, 29, 51, 0, 1129]]"]},"markov_matrices":{"abs":{"actual":["[[1126, 224, 50, 1, 17], [105, 349, 308, 1, 32], [110, 186, 2216, 66, 37], [28, 7, 32, 1250, 1], [48, 29, 10, 0, 1154]]"],"predicted":["[[1100, 162, 72, 12, 22], [83, 259, 180, 4, 32], [100, 100, 2017, 94, 48], [39, 11, 57, 1683, 3], [45, 27, 33, 0, 1204]]"]}},"metrics":{"downstream":{"cohen_kappa":[0.7028247319998455],"f1_scores":{"N1":[0.4076809453471196],"N2":[0.7662311557788944],"N3":[0.8100289296046287],"REM":[0.8854901960784314],"Wake":[0.8083273510409189],"macro":[0.7355517155699987]},"loss":[0.8726678848266601],"precisions":{"N1":[0.4937388193202147],"N2":[0.807969478592624],"N3":[0.7027328499721138],"REM":[0.8624904507257448],"Wake":[0.8230994152046783],"macro":[0.7380062027630752]},"recalls":{"N1":[0.3471698113207547],"N2":[0.7285932721712538],"N3":[0.9559939301972686],"REM":[0.9097502014504432],"Wake":[0.7940761636107193],"macro":[0.7471166757500879]}}}},"test":{"confusion_matrices":{"abs":["[[3911, 414, 204, 37, 118], [380, 718, 759, 78, 378], [66, 189, 4092, 1024, 241], [11, 1, 348, 3632, 0], [66, 59, 159, 30, 2625]]"]},"markov_matrices":{"abs":{"actual":["[[4011, 610, 44, 4, 15], [319, 1176, 689, 6, 122], [195, 395, 4680, 248, 94], [57, 20, 176, 3734, 5], [101, 112, 23, 0, 2703]]"],"predicted":["[[3824, 372, 113, 15, 110], [169, 730, 389, 7, 86], [199, 202, 4815, 212, 133], [70, 16, 146, 4561, 8], [171, 61, 99, 6, 3025]]"]}},"metrics":{"downstream":{"cohen_kappa":[0.7004534157399613],"f1_scores":{"N1":[0.3887384948565241],"N2":[0.7324145337390371],"N3":[0.8261116797452519],"REM":[0.8332010791937787],"Wake":[0.8578635665716166],"macro":[0.7276658708212416]},"loss":[0.8923028799203726],"precisions":{"N1":[0.5199131064446053],"N2":[0.7357065803667745],"N3":[0.7565090606123724],"REM":[0.780785246876859],"Wake":[0.8820478123590437],"macro":[0.734992361331931]},"recalls":{"N1":[0.31041936878512755],"N2":[0.729151817533856],"N3":[0.9098196392785571],"REM":[0.8931609390949302],"Wake":[0.8349701110162254],"macro":[0.7355043751417394]}}}},"train":{},"valid_pretraining":{}}