{"earlystopping":{"confusion_matrices":{"abs":["[[932, 25, 140, 3, 8], [117, 93, 172, 0, 46], [79, 29, 3540, 214, 235], [6, 0, 197, 701, 4], [70, 30, 220, 0, 933]]"]},"markov_matrices":{"abs":{"actual":["[[862, 210, 21, 0, 14], [64, 148, 206, 0, 10], [130, 65, 3781, 89, 32], [11, 1, 77, 819, 0], [40, 4, 12, 0, 1197]]"],"predicted":["[[959, 105, 102, 1, 36], [19, 59, 84, 0, 15], [156, 7, 3941, 70, 95], [7, 0, 65, 846, 0], [62, 6, 77, 1, 1080]]"]}},"metrics":{"downstream":{"cohen_kappa":[0.685095559717265],"f1_scores":{"N1":[0.30743801652892566],"N2":[0.8462825723165194],"N3":[0.7677984665936473],"REM":[0.7527228721258571],"Wake":[0.8062283737024222],"macro":[0.6960940602534744]},"loss":[0.9646447896957397],"precisions":{"N1":[0.5254237288135594],"N2":[0.8292340126493324],"N3":[0.7636165577342048],"REM":[0.7610114192495921],"Wake":[0.7740863787375415],"macro":[0.7306744194368461]},"recalls":{"N1":[0.21728971962616822],"N2":[0.8640468635587015],"N3":[0.7720264317180616],"REM":[0.7446129289704708],"Wake":[0.8411552346570397],"macro":[0.6878262357060885]}}}},"test":{"confusion_matrices":{"abs":["[[1859, 38, 430, 31, 13], [302, 133, 289, 4, 26], [298, 33, 5810, 241, 102], [1, 0, 293, 1146, 1], [197, 56, 717, 11, 1143]]"]},"markov_matrices":{"abs":{"actual":["[[1925, 362, 71, 0, 13], [125, 270, 344, 1, 14], [256, 108, 5893, 174, 52], [18, 2, 155, 1266, 0], [46, 12, 21, 0, 2045]]"],"predicted":["[[2169, 158, 288, 9, 33], [36, 77, 131, 0, 16], [369, 20, 6857, 123, 169], [27, 0, 108, 1298, 0], [55, 5, 155, 3, 1067]]"]}},"metrics":{"downstream":{"cohen_kappa":[0.6417801274495658],"f1_scores":{"N1":[0.26232741617356997],"N2":[0.8286386650502745],"N3":[0.7974947807933195],"REM":[0.6705778820768553],"Wake":[0.7394590294351631],"macro":[0.6596995547058365]},"loss":[1.0070763367872972],"precisions":{"N1":[0.5115384615384615],"N2":[0.7706592386258124],"N3":[0.7997208653175157],"REM":[0.8894941634241245],"Wake":[0.6996612721114038],"macro":[0.7342148002034636]},"recalls":{"N1":[0.17639257294429708],"N2":[0.8960518198642813],"N3":[0.7952810548230396],"REM":[0.538135593220339],"Wake":[0.7840573597638127],"macro":[0.637983680123154]}}}},"train":{},"valid_pretraining":{}}