{
    "earlystopping": {
        "confusion_matrices": {
            "abs": [
                "[[1319, 101, 34, 0, 4], [29, 253, 108, 0, 18], [34, 84, 3309, 204, 71], [0, 0, 147, 903, 0], [12, 21, 40, 0, 992]]"
            ]
        },
        "markov_matrices": {
            "abs": {
                "actual": [
                    "[[1259, 184, 13, 0, 1], [48, 150, 197, 0, 13], [112, 70, 3412, 84, 24], [12, 1, 71, 966, 0], [26, 3, 9, 0, 1027]]"
                ],
                "predicted": [
                    "[[1185, 182, 16, 0, 10], [65, 231, 154, 0, 9], [104, 37, 3419, 46, 32], [13, 1, 32, 1061, 0], [26, 8, 17, 0, 1034]]"
                ]
            }
        },
        "metrics": {
            "downstream": {
                "cohen_kappa": [
                    0.8301323983654638
                ],
                "f1_scores": {
                    "N1": [
                        0.5836216839677048
                    ],
                    "N2": [
                        0.9016348773841962
                    ],
                    "N3": [
                        0.8372739916550764
                    ],
                    "REM": [
                        0.9227906976744186
                    ],
                    "Wake": [
                        0.9249649368863956
                    ],
                    "macro": [
                        0.8340572375135583
                    ]
                },
                "loss": [
                    0.3553422689437866
                ],
                "precisions": {
                    "N1": [
                        0.55119825708061
                    ],
                    "N2": [
                        0.9095656954370533
                    ],
                    "N3": [
                        0.8157181571815718
                    ],
                    "REM": [
                        0.9142857142857143
                    ],
                    "Wake": [
                        0.9461979913916786
                    ],
                    "macro": [
                        0.8273931630753257
                    ]
                },
                "recalls": {
                    "N1": [
                        0.6200980392156863
                    ],
                    "N2": [
                        0.8938411669367909
                    ],
                    "N3": [
                        0.86
                    ],
                    "REM": [
                        0.9314553990610329
                    ],
                    "Wake": [
                        0.9046639231824417
                    ],
                    "macro": [
                        0.8420117056791904
                    ]
                }
            }
        }
    },
    "test": {
        "confusion_matrices": {
            "abs": [
                "[[1738, 111, 106, 2, 52], [48, 366, 138, 0, 32], [53, 128, 6036, 280, 145], [1, 0, 175, 1684, 0], [45, 88, 140, 0, 1897]]"
            ]
        },
        "markov_matrices": {
            "abs": {
                "actual": [
                    "[[1680, 283, 29, 0, 17], [67, 196, 302, 0, 18], [192, 88, 6163, 147, 52], [23, 1, 123, 1713, 0], [46, 16, 25, 0, 2083]]"
                ],
                "predicted": [
                    "[[1558, 279, 36, 0, 12], [67, 307, 289, 0, 30], [189, 82, 6149, 98, 76], [19, 5, 74, 1868, 0], [51, 20, 47, 0, 2008]]"
                ]
            }
        },
        "metrics": {
            "downstream": {
                "cohen_kappa": [
                    0.8288878697377081
                ],
                "f1_scores": {
                    "N1": [
                        0.5732184808144086
                    ],
                    "N2": [
                        0.9119891214021304
                    ],
                    "N3": [
                        0.8802927339257711
                    ],
                    "REM": [
                        0.883147113594041
                    ],
                    "Wake": [
                        0.8926553672316384
                    ],
                    "macro": [
                        0.828260563393598
                    ]
                },
                "loss": [
                    0.3175371976999136
                ],
                "precisions": {
                    "N1": [
                        0.5281385281385281
                    ],
                    "N2": [
                        0.9152388172858226
                    ],
                    "N3": [
                        0.8565615462868769
                    ],
                    "REM": [
                        0.8922859830667921
                    ],
                    "Wake": [
                        0.9220159151193634
                    ],
                    "macro": [
                        0.8228481579794765
                    ]
                },
                "recalls": {
                    "N1": [
                        0.6267123287671232
                    ],
                    "N2": [
                        0.9087624209575429
                    ],
                    "N3": [
                        0.9053763440860215
                    ],
                    "REM": [
                        0.8741935483870967
                    ],
                    "Wake": [
                        0.8651070184171229
                    ],
                    "macro": [
                        0.8360303321229814
                    ]
                }
            }
        }
    },
    "train": {},
    "valid_pretraining": {}
}
