{
    "earlystopping": {
        "confusion_matrices": {
            "abs": [
                "[[991, 152, 291, 7, 47], [50, 194, 155, 0, 72], [31, 148, 2705, 82, 874], [1, 1, 237, 632, 48], [31, 48, 61, 0, 1026]]"
            ]
        },
        "markov_matrices": {
            "abs": {
                "actual": [
                    "[[1224, 231, 17, 0, 15], [74, 164, 222, 0, 11], [132, 73, 3531, 73, 31], [11, 0, 62, 846, 0], [46, 3, 8, 0, 1109]]"
                ],
                "predicted": [
                    "[[870, 131, 76, 4, 23], [55, 244, 172, 1, 71], [121, 137, 2873, 71, 247], [5, 0, 77, 623, 15], [53, 31, 250, 22, 1711]]"
                ]
            }
        },
        "metrics": {
            "downstream": {
                "cohen_kappa": [
                    0.5808794624377049
                ],
                "f1_scores": {
                    "N1": [
                        0.3826429980276134
                    ],
                    "N2": [
                        0.7422142955137879
                    ],
                    "N3": [
                        0.7707317073170732
                    ],
                    "REM": [
                        0.6347046087225486
                    ],
                    "Wake": [
                        0.7646604938271605
                    ],
                    "macro": [
                        0.6589908206816367
                    ]
                },
                "loss": [
                    1.4102330207824707
                ],
                "precisions": {
                    "N1": [
                        0.3572744014732965
                    ],
                    "N2": [
                        0.7842853000869817
                    ],
                    "N3": [
                        0.8765603328710125
                    ],
                    "REM": [
                        0.49637155297532654
                    ],
                    "Wake": [
                        0.8976449275362319
                    ],
                    "macro": [
                        0.6824273029885699
                    ]
                },
                "recalls": {
                    "N1": [
                        0.4118895966029724
                    ],
                    "N2": [
                        0.7044270833333334
                    ],
                    "N3": [
                        0.6877040261153428
                    ],
                    "REM": [
                        0.8799313893653516
                    ],
                    "Wake": [
                        0.665994623655914
                    ],
                    "macro": [
                        0.6699893438145829
                    ]
                }
            }
        }
    },
    "test": {
        "confusion_matrices": {
            "abs": [
                "[[1272, 303, 639, 36, 266], [64, 203, 261, 5, 173], [46, 217, 4278, 502, 1488], [5, 1, 321, 1151, 49], [36, 60, 290, 18, 1767]]"
            ]
        },
        "markov_matrices": {
            "abs": {
                "actual": [
                    "[[2107, 335, 57, 1, 15], [101, 257, 328, 0, 20], [233, 100, 5972, 176, 50], [18, 3, 155, 1350, 1], [56, 11, 19, 0, 2085]]"
                ],
                "predicted": [
                    "[[1006, 209, 152, 9, 47], [102, 367, 205, 2, 108], [203, 155, 4849, 146, 435], [19, 2, 141, 1526, 24], [93, 51, 441, 29, 3129]]"
                ]
            }
        },
        "metrics": {
            "downstream": {
                "cohen_kappa": [
                    0.4986581910479848
                ],
                "f1_scores": {
                    "N1": [
                        0.27248322147651005
                    ],
                    "N2": [
                        0.6944805194805196
                    ],
                    "N3": [
                        0.710713183081198
                    ],
                    "REM": [
                        0.5975650997632737
                    ],
                    "Wake": [
                        0.6458492003046458
                    ],
                    "macro": [
                        0.5842182448212294
                    ]
                },
                "loss": [
                    1.821456202754268
                ],
                "precisions": {
                    "N1": [
                        0.25892857142857145
                    ],
                    "N2": [
                        0.7389877353601658
                    ],
                    "N3": [
                        0.6723130841121495
                    ],
                    "REM": [
                        0.4720812182741117
                    ],
                    "Wake": [
                        0.8938861560084329
                    ],
                    "macro": [
                        0.6072393530366863
                    ]
                },
                "recalls": {
                    "N1": [
                        0.28753541076487255
                    ],
                    "N2": [
                        0.6550298576022049
                    ],
                    "N3": [
                        0.7537655533726261
                    ],
                    "REM": [
                        0.8139106402579457
                    ],
                    "Wake": [
                        0.505564387917329
                    ],
                    "macro": [
                        0.6031611699829956
                    ]
                }
            }
        }
    },
    "train": {},
    "valid_pretraining": {}
}
