{
    "earlystopping": {
        "confusion_matrices": {
            "abs": [
                "[[957, 310, 146, 13, 60], [37, 124, 264, 7, 29], [188, 54, 3295, 267, 24], [11, 0, 323, 692, 0], [80, 99, 852, 35, 141]]"
            ]
        },
        "markov_matrices": {
            "abs": {
                "actual": [
                    "[[1212, 234, 24, 0, 15], [70, 143, 236, 0, 12], [144, 80, 3479, 94, 31], [13, 1, 80, 932, 0], [46, 3, 9, 0, 1149]]"
                ],
                "predicted": [
                    "[[995, 159, 74, 23, 21], [63, 358, 135, 1, 30], [160, 38, 4544, 103, 35], [29, 6, 93, 883, 3], [25, 26, 34, 4, 165]]"
                ]
            }
        },
        "metrics": {
            "downstream": {
                "cohen_kappa": [
                    0.4655375384878849
                ],
                "f1_scores": {
                    "N1": [
                        0.2366412213740458
                    ],
                    "N2": [
                        0.7567753789618742
                    ],
                    "N3": [
                        0.6784313725490196
                    ],
                    "REM": [
                        0.19301848049281314
                    ],
                    "Wake": [
                        0.6937296121783255
                    ],
                    "macro": [
                        0.5117192131112157
                    ]
                },
                "loss": [
                    2.468869686126709
                ],
                "precisions": {
                    "N1": [
                        0.21124361158432708
                    ],
                    "N2": [
                        0.6752049180327869
                    ],
                    "N3": [
                        0.6824457593688363
                    ],
                    "REM": [
                        0.5551181102362205
                    ],
                    "Wake": [
                        0.7517674783974863
                    ],
                    "macro": [
                        0.5751559755239314
                    ]
                },
                "recalls": {
                    "N1": [
                        0.26898047722342733
                    ],
                    "N2": [
                        0.8607628004179728
                    ],
                    "N3": [
                        0.6744639376218323
                    ],
                    "REM": [
                        0.11681855840927921
                    ],
                    "Wake": [
                        0.6440107671601615
                    ],
                    "macro": [
                        0.5130073081665346
                    ]
                }
            }
        }
    },
    "test": {
        "confusion_matrices": {
            "abs": [
                "[[1115, 311, 653, 94, 40], [231, 257, 286, 50, 10], [316, 186, 5371, 672, 53], [5, 0, 369, 1141, 0], [231, 122, 1985, 80, 231]]"
            ]
        },
        "markov_matrices": {
            "abs": {
                "actual": [
                    "[[1846, 336, 22, 0, 8], [106, 332, 383, 0, 13], [188, 148, 6049, 144, 69], [24, 1, 119, 1371, 0], [48, 17, 25, 0, 2559]]"
                ],
                "predicted": [
                    "[[1377, 255, 182, 66, 18], [78, 526, 230, 16, 26], [346, 43, 8032, 165, 78], [82, 24, 135, 1777, 18], [15, 27, 85, 13, 194]]"
                ]
            }
        },
        "metrics": {
            "downstream": {
                "cohen_kappa": [
                    0.36906311603923336
                ],
                "f1_scores": {
                    "N1": [
                        0.30058479532163745
                    ],
                    "N2": [
                        0.703839601624951
                    ],
                    "N3": [
                        0.6424549549549551
                    ],
                    "REM": [
                        0.15487763995977205
                    ],
                    "Wake": [
                        0.5424470931646802
                    ],
                    "macro": [
                        0.4688408170051992
                    ]
                },
                "loss": [
                    3.1795202184606484
                ],
                "precisions": {
                    "N1": [
                        0.29337899543379
                    ],
                    "N2": [
                        0.6199215143120961
                    ],
                    "N3": [
                        0.5601374570446735
                    ],
                    "REM": [
                        0.6916167664670658
                    ],
                    "Wake": [
                        0.5874604847207587
                    ],
                    "macro": [
                        0.5505030435956767
                    ]
                },
                "recalls": {
                    "N1": [
                        0.30815347721822545
                    ],
                    "N2": [
                        0.8140345559260382
                    ],
                    "N3": [
                        0.7531353135313531
                    ],
                    "REM": [
                        0.08720271800679502
                    ],
                    "Wake": [
                        0.5038409399005874
                    ],
                    "macro": [
                        0.4932734009165999
                    ]
                }
            }
        }
    },
    "train": {},
    "valid_pretraining": {}
}
