{"earlystopping":{"confusion_matrices":{"abs":["[[6998, 829, 29, 4, 98], [631, 437, 550, 59, 269], [403, 292, 5199, 370, 364], [23, 0, 568, 936, 4], [290, 101, 246, 50, 2095]]"]},"markov_matrices":{"abs":{"actual":["[[7584, 353, 15, 0, 5], [200, 1236, 385, 2, 123], [98, 210, 5964, 245, 111], [13, 14, 220, 1284, 0], [62, 133, 44, 0, 2543]]"],"predicted":["[[7668, 304, 169, 17, 186], [188, 1142, 244, 4, 81], [194, 114, 5870, 218, 196], [36, 6, 194, 1171, 12], [258, 93, 115, 9, 2355]]"]}},"metrics":{"downstream":{"cohen_kappa":[0.6529616096452087],"f1_scores":{"N1":[0.24244105409153952],"N2":[0.786535552193646],"N3":[0.6345762711864407],"REM":[0.7466143977191732],"Wake":[0.8584923020303011],"macro":[0.6537319154442202]},"loss":[2.078155145412538],"precisions":{"N1":[0.26341169379144064],"N2":[0.7886832524271845],"N3":[0.6596194503171248],"REM":[0.7402826855123675],"Wake":[0.8385859796285201],"macro":[0.6581166123353275]},"recalls":{"N1":[0.22456320657759507],"N2":[0.7843995171997586],"N3":[0.6113651208360549],"REM":[0.7530553558590942],"Wake":[0.8793666750439809],"macro":[0.6505499751032968]}}}},"test":{"confusion_matrices":{"abs":["[[11316, 557, 344, 7, 324], [1391, 874, 1511, 97, 619], [859, 527, 9310, 572, 897], [48, 0, 869, 1682, 2], [921, 189, 669, 9, 2784]]"]},"markov_matrices":{"abs":{"actual":["[[11874, 617, 28, 3, 25], [348, 3420, 622, 0, 102], [199, 328, 10935, 568, 135], [29, 16, 522, 2030, 4], [97, 111, 58, 0, 4306]]"],"predicted":["[[13543, 412, 259, 8, 312], [217, 1345, 377, 3, 205], [304, 187, 11420, 414, 378], [34, 4, 384, 1937, 8], [436, 199, 263, 5, 3723]]"]}},"metrics":{"downstream":{"cohen_kappa":[0.6010832779617212],"f1_scores":{"N1":[0.26329266455791533],"N2":[0.7487534180472897],"N3":[0.677133655394525],"REM":[0.6053489889106327],"Wake":[0.8356533618875309],"macro":[0.6260364177595787]},"loss":[2.7670618693033853],"precisions":{"N1":[0.40707964601769914],"N2":[0.7328977406911753],"N3":[0.710604140261935],"REM":[0.6018158236057068],"Wake":[0.7785345717234262],"macro":[0.6461863844599885]},"recalls":{"N1":[0.19456812110418523],"N2":[0.7653103164817098],"N3":[0.6466743560169166],"REM":[0.6089238845144357],"Wake":[0.9018170226330889],"macro":[0.6234587401500672]}}}},"train":{},"valid_pretraining":{}}