{"earlystopping":{"confusion_matrices":{"abs":["[[992, 201, 21, 20, 326], [104, 317, 217, 71, 122], [57, 202, 1416, 546, 210], [0, 1, 45, 1365, 6], [20, 121, 97, 26, 931]]"]},"markov_matrices":{"abs":{"actual":["[[1273, 229, 40, 1, 17], [112, 387, 291, 0, 41], [103, 174, 2054, 62, 37], [22, 5, 35, 1354, 1], [49, 36, 11, 0, 1099]]"],"predicted":["[[975, 102, 34, 18, 44], [40, 556, 159, 24, 63], [48, 109, 1465, 69, 105], [33, 18, 49, 1877, 51], [77, 57, 89, 40, 1331]]"]}},"metrics":{"downstream":{"cohen_kappa":[0.5884685761409009],"f1_scores":{"N1":[0.3789599521817095],"N2":[0.6699787083037615],"N3":[0.7924528301886793],"REM":[0.6673835125448029],"Wake":[0.7259421880717161],"macro":[0.6469434382581338]},"loss":[3.090903472900391],"precisions":{"N1":[0.37648456057007124],"N2":[0.7884187082405345],"N3":[0.6730769230769231],"REM":[0.5836990595611286],"Wake":[0.8456947996589941],"macro":[0.6534748102215303]},"recalls":{"N1":[0.381468110709988],"N2":[0.5824763471822295],"N3":[0.963302752293578],"REM":[0.7790794979079498],"Wake":[0.6358974358974359],"macro":[0.6684448287982363]}}}},"test":{"confusion_matrices":{"abs":["[[2553, 781, 123, 98, 1301], [232, 972, 851, 208, 467], [144, 482, 4170, 1668, 639], [3, 8, 483, 3509, 127], [26, 276, 301, 233, 2139]]"]},"markov_matrices":{"abs":{"actual":["[[4051, 689, 82, 1, 32], [350, 1373, 861, 3, 143], [263, 497, 5960, 282, 101], [67, 39, 179, 3844, 1], [124, 132, 21, 0, 2698]]"],"predicted":["[[2409, 307, 71, 27, 143], [149, 1638, 481, 61, 190], [101, 325, 4965, 266, 271], [46, 42, 231, 5253, 144], [253, 207, 180, 109, 3924]]"]}},"metrics":{"downstream":{"cohen_kappa":[0.5076973499843616],"f1_scores":{"N1":[0.3703562583349209],"N2":[0.6400122784130151],"N3":[0.7127767621369084],"REM":[0.5593619246861925],"Wake":[0.6534425390325057],"macro":[0.5871899525207085]},"loss":[3.9870609017305596],"precisions":{"N1":[0.3858674077014688],"N2":[0.7034412955465587],"N3":[0.613890832750175],"REM":[0.4577359298095442],"Wake":[0.8630831643002028],"macro":[0.6048037260215898]},"recalls":{"N1":[0.35604395604395606],"N2":[0.5870758834295368],"N3":[0.849636803874092],"REM":[0.7189915966386554],"Wake":[0.5257413509060955],"macro":[0.6074979181784672]}}}},"train":{},"valid_pretraining":{}}