{"earlystopping":{"confusion_matrices":{"abs":["[[886, 70, 124, 2, 26], [91, 109, 160, 4, 64], [184, 143, 3250, 231, 289], [10, 33, 187, 665, 13], [66, 108, 274, 0, 805]]"]},"markov_matrices":{"abs":{"actual":["[[862, 210, 21, 0, 14], [64, 148, 206, 0, 10], [130, 65, 3781, 89, 32], [11, 1, 77, 819, 0], [40, 4, 12, 0, 1197]]"],"predicted":["[[973, 164, 71, 9, 19], [63, 206, 145, 0, 49], [135, 61, 3597, 59, 143], [18, 0, 51, 819, 14], [47, 32, 131, 15, 972]]"]}},"metrics":{"downstream":{"cohen_kappa":[0.5998220753769747],"f1_scores":{"N1":[0.244668911335578],"N2":[0.8032624814631734],"N3":[0.7348066298342543],"REM":[0.6571428571428573],"Wake":[0.7556503198294243],"macro":[0.6391062399210575]},"loss":[1.5403367280960083],"precisions":{"N1":[0.23542116630669546],"N2":[0.8135168961201502],"N3":[0.7372505543237251],"REM":[0.672514619883041],"Wake":[0.7162489894907034],"macro":[0.634990445224863]},"recalls":{"N1":[0.2546728971962617],"N2":[0.7932633634366609],"N3":[0.7323788546255506],"REM":[0.6424581005586593],"Wake":[0.7996389891696751],"macro":[0.6444824409973615]}}}},"test":{"confusion_matrices":{"abs":["[[2002, 99, 92, 40, 138], [294, 216, 126, 2, 116], [484, 237, 4030, 158, 1575], [27, 1, 186, 1039, 188], [282, 124, 439, 2, 1277]]"]},"markov_matrices":{"abs":{"actual":["[[1925, 362, 71, 0, 13], [125, 270, 344, 1, 14], [256, 108, 5893, 174, 52], [18, 2, 155, 1266, 0], [46, 12, 21, 0, 2045]]"],"predicted":["[[2548, 290, 153, 12, 86], [99, 286, 218, 6, 68], [240, 79, 4235, 82, 236], [43, 2, 58, 1110, 28], [158, 20, 209, 31, 2876]]"]}},"metrics":{"downstream":{"cohen_kappa":[0.5154551437614595],"f1_scores":{"N1":[0.30188679245283023],"N2":[0.7096944615655544],"N3":[0.7747949291573453],"REM":[0.471391657438169],"Wake":[0.7333333333333334],"macro":[0.5982202347894464]},"loss":[2.4026236900916467],"precisions":{"N1":[0.3190546528803545],"N2":[0.8270059511594501],"N3":[0.8372280419016922],"REM":[0.38767455980570736],"Wake":[0.648106183230819],"macro":[0.6038138777956046]},"recalls":{"N1":[0.2864721485411141],"N2":[0.621529919802591],"N3":[0.721027064538515],"REM":[0.6012241054613936],"Wake":[0.8443694643610291],"macro":[0.6149245405409285]}}}},"train":{},"valid_pretraining":{}}