{
    "earlystopping": {
        "confusion_matrices": {
            "abs": [
                "[[460, 218, 282, 2, 146], [30, 88, 219, 0, 91], [73, 76, 3553, 205, 190], [0, 0, 258, 649, 1], [84, 149, 435, 2, 583]]"
            ]
        },
        "markov_matrices": {
            "abs": {
                "actual": [
                    "[[862, 210, 21, 0, 14], [64, 148, 206, 0, 10], [130, 65, 3781, 89, 32], [11, 1, 77, 819, 0], [40, 4, 12, 0, 1197]]"
                ],
                "predicted": [
                    "[[423, 149, 41, 1, 33], [70, 250, 142, 1, 68], [100, 73, 4368, 56, 149], [5, 0, 52, 798, 3], [48, 59, 144, 2, 758]]"
                ]
            }
        },
        "metrics": {
            "downstream": {
                "cohen_kappa": [
                    0.49929411585354555
                ],
                "f1_scores": {
                    "N1": [
                        0.1835245046923879
                    ],
                    "N2": [
                        0.8034825870646766
                    ],
                    "N3": [
                        0.7349943374858438
                    ],
                    "REM": [
                        0.515017667844523
                    ],
                    "Wake": [
                        0.5242165242165242
                    ],
                    "macro": [
                        0.5522471242607911
                    ]
                },
                "loss": [
                    0.9661788940429688
                ],
                "precisions": {
                    "N1": [
                        0.1657250470809793
                    ],
                    "N2": [
                        0.7484727196123868
                    ],
                    "N3": [
                        0.7564102564102564
                    ],
                    "REM": [
                        0.5766567754698319
                    ],
                    "Wake": [
                        0.7109737248840804
                    ],
                    "macro": [
                        0.5916477046915068
                    ]
                },
                "recalls": {
                    "N1": [
                        0.205607476635514
                    ],
                    "N2": [
                        0.8672199170124482
                    ],
                    "N3": [
                        0.7147577092511013
                    ],
                    "REM": [
                        0.4652833200319234
                    ],
                    "Wake": [
                        0.4151624548736462
                    ],
                    "macro": [
                        0.5336061755609266
                    ]
                }
            }
        }
    },
    "test": {
        "confusion_matrices": {
            "abs": [
                "[[1316, 435, 390, 29, 201], [168, 239, 250, 9, 88], [315, 258, 5330, 179, 402], [2, 1, 424, 1000, 14], [336, 284, 670, 21, 813]]"
            ]
        },
        "markov_matrices": {
            "abs": {
                "actual": [
                    "[[1925, 362, 71, 0, 13], [125, 270, 344, 1, 14], [256, 108, 5893, 174, 52], [18, 2, 155, 1266, 0], [46, 12, 21, 0, 2045]]"
                ],
                "predicted": [
                    "[[1532, 375, 131, 3, 96], [261, 610, 252, 0, 94], [215, 150, 6368, 132, 198], [8, 0, 128, 1097, 5], [120, 82, 185, 6, 1125]]"
                ]
            }
        },
        "metrics": {
            "downstream": {
                "cohen_kappa": [
                    0.49496832633363863
                ],
                "f1_scores": {
                    "N1": [
                        0.24251648909183154
                    ],
                    "N2": [
                        0.7868320047239445
                    ],
                    "N3": [
                        0.7465472191116088
                    ],
                    "REM": [
                        0.4464579901153213
                    ],
                    "Wake": [
                        0.5838509316770186
                    ],
                    "macro": [
                        0.561240926943945
                    ]
                },
                "loss": [
                    0.9460857831514798
                ],
                "precisions": {
                    "N1": [
                        0.19638455217748563
                    ],
                    "N2": [
                        0.7545300113250283
                    ],
                    "N3": [
                        0.8077544426494345
                    ],
                    "REM": [
                        0.5355731225296443
                    ],
                    "Wake": [
                        0.6158165652784277
                    ],
                    "macro": [
                        0.5820117387920041
                    ]
                },
                "recalls": {
                    "N1": [
                        0.3169761273209549
                    ],
                    "N2": [
                        0.8220234423195558
                    ],
                    "N3": [
                        0.6939625260235948
                    ],
                    "REM": [
                        0.3827683615819209
                    ],
                    "Wake": [
                        0.5550400674820751
                    ],
                    "macro": [
                        0.5541541049456203
                    ]
                }
            }
        }
    },
    "train": {},
    "valid_pretraining": {}
}
