{"earlystopping":{"confusion_matrices":{"abs":["[[821, 6, 261, 124, 165], [323, 11, 309, 184, 48], [323, 74, 1174, 875, 11], [7, 0, 34, 1502, 0], [54, 9, 195, 233, 737]]"]},"markov_matrices":{"abs":{"actual":["[[1107, 224, 32, 1, 13], [103, 420, 304, 1, 47], [91, 183, 2069, 75, 39], [26, 6, 44, 1466, 0], [49, 42, 8, 0, 1129]]"],"predicted":["[[1155, 19, 198, 101, 55], [14, 34, 30, 13, 9], [163, 26, 1587, 130, 67], [116, 11, 106, 2608, 76], [80, 10, 52, 66, 753]]"]}},"metrics":{"downstream":{"cohen_kappa":[0.44023633797448136],"f1_scores":{"N1":[0.022564102564102566],"N2":[0.5300225733634312],"N3":[0.6733916162295449],"REM":[0.6733668341708543],"Wake":[0.5652323580034423],"macro":[0.49291549686627506]},"loss":[1.6026673634847006],"precisions":{"N1":[0.11],"N2":[0.5950329447541814],"N3":[0.5147361206305688],"REM":[0.7669094693028096],"Wake":[0.537303664921466],"macro":[0.5047964399218052]},"recalls":{"N1":[0.012571428571428572],"N2":[0.4778184778184778],"N3":[0.9734283862605314],"REM":[0.6001628664495114],"Wake":[0.5962236746550472],"macro":[0.5320409667509993]}}}},"test":{"confusion_matrices":{"abs":["[[3032, 43, 521, 865, 700], [865, 61, 764, 678, 215], [527, 95, 2243, 2534, 107], [30, 0, 92, 3600, 1], [269, 12, 258, 422, 1332]]"]},"markov_matrices":{"abs":{"actual":["[[4415, 676, 55, 1, 13], [385, 1308, 745, 5, 140], [218, 440, 4532, 223, 93], [51, 23, 150, 3494, 5], [91, 136, 24, 0, 2042]]"],"predicted":["[[3807, 42, 372, 238, 264], [36, 77, 51, 22, 25], [284, 41, 3136, 268, 149], [303, 22, 184, 7420, 169], [293, 29, 134, 151, 1748]]"]}},"metrics":{"downstream":{"cohen_kappa":[0.4008868737296679],"f1_scores":{"N1":[0.043664996420901936],"N2":[0.47804774083546464],"N3":[0.6090340043985789],"REM":[0.5731497418244407],"Wake":[0.613516794819911],"macro":[0.4634826556598594]},"loss":[1.9713223105982731],"precisions":{"N1":[0.2890995260663507],"N2":[0.5783909231562662],"N3":[0.4444993209038153],"REM":[0.5656050955414013],"Wake":[0.6419648528477663],"macro":[0.5039119437031199]},"recalls":{"N1":[0.023615950445218737],"N2":[0.40737377406465675],"N3":[0.9669621273166801],"REM":[0.5808983863933711],"Wake":[0.587483045921333],"macro":[0.5132666568282519]}}}},"train":{},"valid_pretraining":{}}