{"earlystopping":{"confusion_matrices":{"abs":["[[6713, 504, 325, 14, 104], [184, 594, 1015, 26, 108], [9, 217, 6705, 84, 91], [3, 0, 876, 249, 0], [3, 116, 902, 10, 1810]]"]},"markov_matrices":{"abs":{"actual":["[[7290, 345, 19, 0, 5], [197, 1257, 361, 3, 109], [94, 200, 6433, 271, 108], [13, 13, 248, 854, 0], [65, 112, 45, 0, 2619]]"],"predicted":["[[6527, 297, 70, 2, 15], [211, 959, 200, 0, 61], [131, 104, 9196, 195, 197], [4, 0, 192, 186, 1], [38, 71, 165, 0, 1839]]"]}},"metrics":{"downstream":{"cohen_kappa":[0.6784187113503561],"f1_scores":{"N1":[0.35378201310303753],"N2":[0.7921318447634237],"N3":[0.32958305757776307],"REM":[0.7307226483649576],"Wake":[0.9213560252539116],"macro":[0.6255151178126187]},"loss":[1.2982462441048972],"precisions":{"N1":[0.41509433962264153],"N2":[0.682581696019546],"N3":[0.6501305483028721],"REM":[0.8566019876952201],"Wake":[0.9712094907407407],"macro":[0.7151236124762042]},"recalls":{"N1":[0.30825116761805915],"N2":[0.943568815085843],"N3":[0.22074468085106383],"REM":[0.63709961281239],"Wake":[0.8763707571801567],"macro":[0.5972070067095026]}}}},"test":{"confusion_matrices":{"abs":["[[9406, 637, 464, 5, 269], [1366, 982, 954, 6, 397], [324, 849, 9813, 67, 1867], [2, 7, 1616, 390, 21], [568, 475, 1032, 6, 2759]]"]},"markov_matrices":{"abs":{"actual":["[[10118, 616, 19, 0, 27], [361, 2625, 600, 0, 119], [180, 332, 11792, 467, 149], [22, 6, 436, 1569, 3], [99, 126, 73, 0, 4542]]"],"predicted":["[[10792, 624, 133, 3, 113], [441, 1881, 380, 0, 248], [237, 244, 12751, 258, 389], [11, 0, 250, 213, 0], [184, 201, 365, 0, 4563]]"]}},"metrics":{"downstream":{"cohen_kappa":[0.5498561779417439],"f1_scores":{"N1":[0.29511645379413975],"N2":[0.7323407589835441],"N3":[0.3107569721115538],"REM":[0.5434846843297547],"Wake":[0.8380629928275494],"macro":[0.5439523724093084]},"loss":[1.8165149973399604],"precisions":{"N1":[0.3328813559322034],"N2":[0.7070394120613878],"N3":[0.8227848101265823],"REM":[0.5192923019009975],"Wake":[0.8062746442653866],"macro":[0.6376545048573116]},"recalls":{"N1":[0.2650472334682861],"N2":[0.7595201238390092],"N3":[0.19155206286836934],"REM":[0.5700413223140496],"Wake":[0.8724608106854652],"macro":[0.5317243106350358]}}}},"train":{},"valid_pretraining":{}}