{
    "earlystopping": {
        "confusion_matrices": {
            "abs": [
                "[[935, 18, 38, 20, 97], [144, 84, 86, 7, 107], [367, 375, 2104, 436, 815], [55, 62, 7, 701, 83], [132, 64, 116, 7, 934]]"
            ]
        },
        "markov_matrices": {
            "abs": {
                "actual": [
                    "[[862, 210, 21, 0, 14], [64, 148, 206, 0, 10], [130, 65, 3781, 89, 32], [11, 1, 77, 819, 0], [40, 4, 12, 0, 1197]]"
                ],
                "predicted": [
                    "[[1328, 156, 75, 9, 65], [93, 398, 64, 5, 43], [74, 26, 2007, 51, 193], [17, 4, 39, 1063, 47], [120, 19, 166, 43, 1688]]"
                ]
            }
        },
        "metrics": {
            "downstream": {
                "cohen_kappa": [
                    0.479171294863057
                ],
                "f1_scores": {
                    "N1": [
                        0.1629485935984481
                    ],
                    "N2": [
                        0.652605459057072
                    ],
                    "N3": [
                        0.6743626743626744
                    ],
                    "REM": [
                        0.5679537853450897
                    ],
                    "Wake": [
                        0.682232761765779
                    ],
                    "macro": [
                        0.5480206548258126
                    ]
                },
                "loss": [
                    2.482144355773926
                ],
                "precisions": {
                    "N1": [
                        0.13930348258706468
                    ],
                    "N2": [
                        0.8949383241173968
                    ],
                    "N3": [
                        0.5986336464560205
                    ],
                    "REM": [
                        0.4587426326129666
                    ],
                    "Wake": [
                        0.5725658297611758
                    ],
                    "macro": [
                        0.532836783106925
                    ]
                },
                "recalls": {
                    "N1": [
                        0.19626168224299065
                    ],
                    "N2": [
                        0.5135464974371491
                    ],
                    "N3": [
                        0.7720264317180616
                    ],
                    "REM": [
                        0.7454110135674381
                    ],
                    "Wake": [
                        0.8438628158844765
                    ],
                    "macro": [
                        0.6142216881700231
                    ]
                }
            }
        }
    },
    "test": {
        "confusion_matrices": {
            "abs": [
                "[[2064, 75, 24, 74, 134], [382, 153, 87, 11, 121], [840, 264, 3477, 726, 1177], [55, 5, 54, 1197, 130], [292, 164, 331, 19, 1318]]"
            ]
        },
        "markov_matrices": {
            "abs": {
                "actual": [
                    "[[1925, 362, 71, 0, 13], [125, 270, 344, 1, 14], [256, 108, 5893, 174, 52], [18, 2, 155, 1266, 0], [46, 12, 21, 0, 2045]]"
                ],
                "predicted": [
                    "[[2990, 235, 156, 107, 145], [129, 253, 192, 18, 69], [189, 105, 3313, 110, 256], [119, 18, 107, 1723, 60], [205, 50, 205, 69, 2350]]"
                ]
            }
        },
        "metrics": {
            "downstream": {
                "cohen_kappa": [
                    0.49546933010230865
                ],
                "f1_scores": {
                    "N1": [
                        0.21625441696113074
                    ],
                    "N2": [
                        0.6650090848235631
                    ],
                    "N3": [
                        0.6903114186851211
                    ],
                    "REM": [
                        0.5267785771382894
                    ],
                    "Wake": [
                        0.6875416389073951
                    ],
                    "macro": [
                        0.5571790273030999
                    ]
                },
                "loss": [
                    1.9951497591458833
                ],
                "precisions": {
                    "N1": [
                        0.2314674735249622
                    ],
                    "N2": [
                        0.8751573118550214
                    ],
                    "N3": [
                        0.5905278737049827
                    ],
                    "REM": [
                        0.4576388888888889
                    ],
                    "Wake": [
                        0.5681255161023947
                    ],
                    "macro": [
                        0.54458341281525
                    ]
                },
                "recalls": {
                    "N1": [
                        0.20291777188328913
                    ],
                    "N2": [
                        0.5362430598396052
                    ],
                    "N3": [
                        0.8306731436502429
                    ],
                    "REM": [
                        0.620527306967985
                    ],
                    "Wake": [
                        0.8705187684521299
                    ],
                    "macro": [
                        0.6121760101586504
                    ]
                }
            }
        }
    },
    "train": {},
    "valid_pretraining": {}
}
