{"earlystopping":{"confusion_matrices":{"abs":["[[5706, 1233, 217, 39, 465], [104, 765, 819, 39, 200], [13, 808, 5845, 269, 171], [2, 16, 639, 453, 18], [1, 345, 389, 71, 2035]]"]},"markov_matrices":{"abs":{"actual":["[[7290, 345, 19, 0, 5], [197, 1257, 361, 3, 109], [94, 200, 6433, 271, 108], [13, 13, 248, 854, 0], [65, 112, 45, 0, 2619]]"],"predicted":["[[5320, 405, 28, 11, 61], [380, 2078, 492, 13, 204], [36, 419, 7064, 227, 163], [10, 26, 203, 609, 23], [79, 239, 122, 11, 2438]]"]}},"metrics":{"downstream":{"cohen_kappa":[0.6105558286600545],"f1_scores":{"N1":[0.3003533568904594],"N2":[0.7785547785547785],"N3":[0.4532266133066533],"REM":[0.7102966841186736],"Wake":[0.8462108853625983],"macro":[0.6177284636466327]},"loss":[1.5673361057188453],"precisions":{"N1":[0.24155352068203348],"N2":[0.7390314831204956],"N3":[0.5200918484500574],"REM":[0.7043959847698166],"Wake":[0.9794026776519053],"macro":[0.6368951029348617]},"recalls":{"N1":[0.3969901401141671],"N2":[0.8225443287362793],"N3":[0.4015957446808511],"REM":[0.7162970784934882],"Wake":[0.7449086161879895],"macro":[0.6164671816425551]}}}},"test":{"confusion_matrices":{"abs":["[[8027, 1605, 238, 18, 893], [951, 1638, 635, 20, 461], [131, 3483, 7436, 338, 1532], [3, 75, 1257, 636, 65], [190, 1247, 330, 19, 3054]]"]},"markov_matrices":{"abs":{"actual":["[[10118, 616, 19, 0, 27], [361, 2625, 600, 0, 119], [180, 332, 11792, 467, 149], [22, 6, 436, 1569, 3], [99, 126, 73, 0, 4542]]"],"predicted":["[[8334, 762, 54, 5, 146], [677, 5753, 912, 23, 683], [75, 819, 8508, 280, 214], [12, 34, 254, 702, 29], [203, 680, 168, 21, 4933]]"]}},"metrics":{"downstream":{"cohen_kappa":[0.4780711643497798],"f1_scores":{"N1":[0.27873734365693864],"N2":[0.6518232819074333],"N3":[0.4147375285295077],"REM":[0.5632088520055325],"Wake":[0.7993825623661803],"macro":[0.5415779136931185]},"loss":[2.3030996749650186],"precisions":{"N1":[0.20352882703777336],"N2":[0.7514147130153598],"N3":[0.6168768186226964],"REM":[0.5085761865112406],"Wake":[0.8629327026445925],"macro":[0.5886658495663324]},"recalls":{"N1":[0.4421052631578947],"N2":[0.5755417956656347],"N3":[0.31237721021611004],"REM":[0.6309917355371901],"Wake":[0.7445505982747426],"macro":[0.5411133205703144]}}}},"train":{},"valid_pretraining":{}}