{
    "earlystopping": {
        "confusion_matrices": {
            "abs": [
                "[[903, 352, 131, 1, 99], [8, 196, 227, 1, 29], [48, 126, 3383, 124, 147], [4, 15, 364, 638, 5], [22, 241, 524, 0, 420]]"
            ]
        },
        "markov_matrices": {
            "abs": {
                "actual": [
                    "[[1212, 234, 24, 0, 15], [70, 143, 236, 0, 12], [144, 80, 3479, 94, 31], [13, 1, 80, 932, 0], [46, 3, 9, 0, 1149]]"
                ],
                "predicted": [
                    "[[782, 104, 52, 4, 43], [34, 634, 234, 0, 28], [101, 159, 4129, 105, 135], [7, 0, 101, 644, 12], [60, 33, 113, 11, 482]]"
                ]
            }
        },
        "metrics": {
            "downstream": {
                "cohen_kappa": [
                    0.5391675360822223
                ],
                "f1_scores": {
                    "N1": [
                        0.28181164629762767
                    ],
                    "N2": [
                        0.8000472980962515
                    ],
                    "N3": [
                        0.7128491620111732
                    ],
                    "REM": [
                        0.4404824331410592
                    ],
                    "Wake": [
                        0.7308781869688386
                    ],
                    "macro": [
                        0.5932137453029901
                    ]
                },
                "loss": [
                    2.765402317047119
                ],
                "precisions": {
                    "N1": [
                        0.210752688172043
                    ],
                    "N2": [
                        0.7308273925253834
                    ],
                    "N3": [
                        0.8350785340314136
                    ],
                    "REM": [
                        0.6
                    ],
                    "Wake": [
                        0.916751269035533
                    ],
                    "macro": [
                        0.6586819767528747
                    ]
                },
                "recalls": {
                    "N1": [
                        0.42516268980477223
                    ],
                    "N2": [
                        0.8837513061650992
                    ],
                    "N3": [
                        0.621832358674464
                    ],
                    "REM": [
                        0.347970173985087
                    ],
                    "Wake": [
                        0.607671601615074
                    ],
                    "macro": [
                        0.5772776260488992
                    ]
                }
            }
        }
    },
    "test": {
        "confusion_matrices": {
            "abs": [
                "[[899, 320, 424, 17, 553], [83, 143, 379, 0, 229], [124, 33, 5560, 196, 685], [6, 0, 698, 767, 44], [34, 121, 1541, 0, 953]]"
            ]
        },
        "markov_matrices": {
            "abs": {
                "actual": [
                    "[[1846, 336, 22, 0, 8], [106, 332, 383, 0, 13], [188, 148, 6049, 144, 69], [24, 1, 119, 1371, 0], [48, 17, 25, 0, 2559]]"
                ],
                "predicted": [
                    "[[733, 119, 122, 5, 167], [43, 358, 194, 2, 20], [158, 101, 7748, 111, 484], [13, 2, 102, 837, 26], [199, 37, 435, 25, 1767]]"
                ]
            }
        },
        "metrics": {
            "downstream": {
                "cohen_kappa": [
                    0.3833319797343815
                ],
                "f1_scores": {
                    "N1": [
                        0.19710544452101994
                    ],
                    "N2": [
                        0.731578947368421
                    ],
                    "N3": [
                        0.6148296593186372
                    ],
                    "REM": [
                        0.3727752787013495
                    ],
                    "Wake": [
                        0.5352783566537659
                    ],
                    "macro": [
                        0.4903135373126387
                    ]
                },
                "loss": [
                    4.554362261736834
                ],
                "precisions": {
                    "N1": [
                        0.23176661264181522
                    ],
                    "N2": [
                        0.6463613113229482
                    ],
                    "N3": [
                        0.7826530612244897
                    ],
                    "REM": [
                        0.3867694805194805
                    ],
                    "Wake": [
                        0.7844677137870855
                    ],
                    "macro": [
                        0.5664036358991638
                    ]
                },
                "recalls": {
                    "N1": [
                        0.17146282973621102
                    ],
                    "N2": [
                        0.8426795998787512
                    ],
                    "N3": [
                        0.5062706270627063
                    ],
                    "REM": [
                        0.35975839939599846
                    ],
                    "Wake": [
                        0.4062358788974243
                    ],
                    "macro": [
                        0.4572814669942183
                    ]
                }
            }
        }
    },
    "train": {},
    "valid_pretraining": {}
}
