{
    "earlystopping": {
        "confusion_matrices": {
            "abs": [
                "[[1049, 62, 156, 4, 101], [40, 29, 196, 0, 147], [42, 14, 3141, 138, 610], [2, 1, 290, 607, 5], [34, 2, 60, 0, 1213]]"
            ]
        },
        "markov_matrices": {
            "abs": {
                "actual": [
                    "[[1122, 217, 18, 0, 15], [56, 131, 215, 0, 10], [138, 60, 3629, 84, 34], [13, 1, 70, 821, 0], [42, 3, 13, 0, 1250]]"
                ],
                "predicted": [
                    "[[962, 44, 87, 5, 69], [5, 51, 20, 4, 28], [96, 4, 3453, 99, 190], [14, 3, 99, 624, 9], [89, 6, 184, 17, 1780]]"
                ]
            }
        },
        "metrics": {
            "downstream": {
                "cohen_kappa": [
                    0.6473865673700179
                ],
                "f1_scores": {
                    "N1": [
                        0.11153846153846153
                    ],
                    "N2": [
                        0.8066255778120185
                    ],
                    "N3": [
                        0.7339782345828294
                    ],
                    "REM": [
                        0.7166912850812407
                    ],
                    "Wake": [
                        0.826309570697125
                    ],
                    "macro": [
                        0.6390286259423351
                    ]
                },
                "loss": [
                    1.562122106552124
                ],
                "precisions": {
                    "N1": [
                        0.26851851851851855
                    ],
                    "N2": [
                        0.8173302107728337
                    ],
                    "N3": [
                        0.8104138851802403
                    ],
                    "REM": [
                        0.5842967244701349
                    ],
                    "Wake": [
                        0.8988860325621251
                    ],
                    "macro": [
                        0.6758890743007704
                    ]
                },
                "recalls": {
                    "N1": [
                        0.0703883495145631
                    ],
                    "N2": [
                        0.7961977186311787
                    ],
                    "N3": [
                        0.6707182320441989
                    ],
                    "REM": [
                        0.9266615737203973
                    ],
                    "Wake": [
                        0.7645772594752187
                    ],
                    "macro": [
                        0.6457086266771113
                    ]
                }
            }
        }
    },
    "test": {
        "confusion_matrices": {
            "abs": [
                "[[2083, 63, 352, 8, 250], [141, 46, 316, 5, 273], [170, 129, 4837, 551, 1418], [4, 5, 238, 1257, 10], [48, 14, 215, 1, 1940]]"
            ]
        },
        "markov_matrices": {
            "abs": {
                "actual": [
                    "[[2267, 413, 59, 2, 15], [177, 247, 342, 0, 14], [239, 108, 6570, 128, 60], [22, 0, 108, 1384, 0], [50, 13, 26, 0, 2129]]"
                ],
                "predicted": [
                    "[[1993, 74, 242, 10, 127], [28, 131, 42, 2, 54], [259, 23, 5250, 98, 328], [18, 5, 93, 1681, 25], [148, 23, 331, 31, 3357]]"
                ]
            }
        },
        "metrics": {
            "downstream": {
                "cohen_kappa": [
                    0.5852753655512438
                ],
                "f1_scores": {
                    "N1": [
                        0.08863198458574181
                    ],
                    "N2": [
                        0.7405649544515043
                    ],
                    "N3": [
                        0.7535971223021584
                    ],
                    "REM": [
                        0.6351284989359961
                    ],
                    "Wake": [
                        0.8008458285274894
                    ],
                    "macro": [
                        0.603753677760578
                    ]
                },
                "loss": [
                    2.1251314097437364
                ],
                "precisions": {
                    "N1": [
                        0.17898832684824903
                    ],
                    "N2": [
                        0.8118496139644176
                    ],
                    "N3": [
                        0.6899012074643249
                    ],
                    "REM": [
                        0.4985864816242611
                    ],
                    "Wake": [
                        0.8515944399018807
                    ],
                    "macro": [
                        0.6061840139606266
                    ]
                },
                "recalls": {
                    "N1": [
                        0.058898847631242
                    ],
                    "N2": [
                        0.6807881773399015
                    ],
                    "N3": [
                        0.8302509907529723
                    ],
                    "REM": [
                        0.8746618575293057
                    ],
                    "Wake": [
                        0.7558055152394775
                    ],
                    "macro": [
                        0.6400810776985798
                    ]
                }
            }
        }
    },
    "train": {},
    "valid_pretraining": {}
}
