{"earlystopping":{"confusion_matrices":{"abs":["[[5110, 194, 27, 2, 59], [237, 760, 553, 9, 168], [34, 191, 6083, 388, 146], [3, 0, 408, 1147, 0], [25, 67, 155, 0, 2435]]"]},"markov_matrices":{"abs":{"actual":["[[5051, 318, 17, 0, 5], [183, 1134, 318, 2, 90], [88, 164, 6222, 274, 94], [12, 10, 254, 1282, 0], [57, 101, 31, 0, 2493]]"],"predicted":["[[5128, 242, 24, 0, 14], [100, 813, 269, 0, 30], [119, 107, 6701, 198, 101], [13, 2, 183, 1348, 0], [48, 48, 49, 0, 2663]]"]}},"metrics":{"downstream":{"cohen_kappa":[0.7983532130821619],"f1_scores":{"N1":[0.5171827152092549],"N2":[0.8647995450668183],"N3":[0.7390463917525774],"REM":[0.8870673952641166],"Wake":[0.9462086843810759],"macro":[0.7908609463347686]},"loss":[0.3823541005452474],"precisions":{"N1":[0.6270627062706271],"N2":[0.8418212012178246],"N3":[0.7419146183699871],"REM":[0.8671652421652422],"Wake":[0.9447217600295803],"macro":[0.8045371056106523]},"recalls":{"N1":[0.4400694846554719],"N2":[0.8890675241157556],"N3":[0.7362002567394095],"REM":[0.9079045488441462],"Wake":[0.9477002967359051],"macro":[0.7841884222181376]}}}},"test":{"confusion_matrices":{"abs":["[[8321, 453, 65, 6, 120], [860, 1522, 1194, 34, 409], [91, 464, 9234, 550, 747], [4, 8, 429, 1718, 17], [172, 153, 294, 0, 3771]]"]},"markov_matrices":{"abs":{"actual":["[[8369, 557, 27, 1, 10], [330, 3076, 529, 0, 84], [166, 277, 10122, 394, 127], [26, 9, 359, 1780, 2], [73, 100, 49, 1, 4167]]"],"predicted":["[[8848, 491, 50, 0, 58], [246, 1740, 486, 1, 127], [183, 230, 10290, 238, 275], [16, 10, 212, 2069, 1], [154, 129, 178, 0, 4603]]"]}},"metrics":{"downstream":{"cohen_kappa":[0.7312010184752789],"f1_scores":{"N1":[0.45988820063453695],"N2":[0.8280871670702179],"N3":[0.7662801070472792],"REM":[0.7977575629363233],"Wake":[0.9038179547059143],"macro":[0.7511661984788544]},"loss":[0.514527956644694],"precisions":{"N1":[0.5853846153846154],"N2":[0.8232881597717546],"N3":[0.744367417677643],"REM":[0.7446682464454977],"Wake":[0.8807154953429297],"macro":[0.755684786924488]},"recalls":{"N1":[0.3787011694451356],"N2":[0.8329424499368573],"N3":[0.7895220588235294],"REM":[0.8589977220956719],"Wake":[0.928165086447295],"macro":[0.7576656973496979]}}}},"train":{},"valid_pretraining":{}}