{
    "earlystopping": {
        "confusion_matrices": {
            "abs": [
                "[[1126, 72, 157, 11, 122], [129, 68, 190, 0, 84], [400, 24, 2958, 119, 339], [96, 0, 241, 565, 17], [204, 26, 137, 0, 799]]"
            ]
        },
        "markov_matrices": {
            "abs": {
                "actual": [
                    "[[1224, 231, 17, 0, 15], [74, 164, 222, 0, 11], [132, 73, 3531, 73, 31], [11, 0, 62, 846, 0], [46, 3, 8, 0, 1109]]"
                ],
                "predicted": [
                    "[[1713, 93, 92, 2, 54], [36, 64, 77, 0, 13], [132, 13, 3351, 70, 117], [6, 0, 62, 615, 12], [67, 20, 101, 8, 1165]]"
                ]
            }
        },
        "metrics": {
            "downstream": {
                "cohen_kappa": [
                    0.5637050448609302
                ],
                "f1_scores": {
                    "N1": [
                        0.20574886535552195
                    ],
                    "N2": [
                        0.7863884088794364
                    ],
                    "N3": [
                        0.7001239157372987
                    ],
                    "REM": [
                        0.632370399683419
                    ],
                    "Wake": [
                        0.6540807435376126
                    ],
                    "macro": [
                        0.5957424666386577
                    ]
                },
                "loss": [
                    1.2205394506454468
                ],
                "precisions": {
                    "N1": [
                        0.35789473684210527
                    ],
                    "N2": [
                        0.8031496062992126
                    ],
                    "N3": [
                        0.8129496402877698
                    ],
                    "REM": [
                        0.5870683321087435
                    ],
                    "Wake": [
                        0.5759590792838875
                    ],
                    "macro": [
                        0.6274042789643437
                    ]
                },
                "recalls": {
                    "N1": [
                        0.14437367303609341
                    ],
                    "N2": [
                        0.7703125
                    ],
                    "N3": [
                        0.6147986942328618
                    ],
                    "REM": [
                        0.6852487135506004
                    ],
                    "Wake": [
                        0.7567204301075269
                    ],
                    "macro": [
                        0.5942908021854165
                    ]
                }
            }
        }
    },
    "test": {
        "confusion_matrices": {
            "abs": [
                "[[1765, 96, 380, 33, 242], [191, 109, 272, 3, 131], [325, 90, 4717, 655, 744], [9, 0, 414, 1095, 9], [438, 44, 379, 12, 1298]]"
            ]
        },
        "markov_matrices": {
            "abs": {
                "actual": [
                    "[[2107, 335, 57, 1, 15], [101, 257, 328, 0, 20], [233, 100, 5972, 176, 50], [18, 3, 155, 1350, 1], [56, 11, 19, 0, 2085]]"
                ],
                "predicted": [
                    "[[2197, 171, 184, 6, 169], [71, 114, 125, 1, 28], [251, 29, 5477, 157, 248], [27, 1, 135, 1625, 10], [181, 24, 241, 9, 1969]]"
                ]
            }
        },
        "metrics": {
            "downstream": {
                "cohen_kappa": [
                    0.5215136018186899
                ],
                "f1_scores": {
                    "N1": [
                        0.20861244019138758
                    ],
                    "N2": [
                        0.7432443078862365
                    ],
                    "N3": [
                        0.6586466165413534
                    ],
                    "REM": [
                        0.5649619151251359
                    ],
                    "Wake": [
                        0.6731502669717772
                    ],
                    "macro": [
                        0.5697231093431782
                    ]
                },
                "loss": [
                    1.0936169800934967
                ],
                "precisions": {
                    "N1": [
                        0.3215339233038348
                    ],
                    "N2": [
                        0.7654982148653035
                    ],
                    "N3": [
                        0.6090100111234705
                    ],
                    "REM": [
                        0.5354785478547854
                    ],
                    "Wake": [
                        0.6469941348973607
                    ],
                    "macro": [
                        0.575702966408951
                    ]
                },
                "recalls": {
                    "N1": [
                        0.15439093484419264
                    ],
                    "N2": [
                        0.722247741540346
                    ],
                    "N3": [
                        0.7170923379174853
                    ],
                    "REM": [
                        0.5978811607554122
                    ],
                    "Wake": [
                        0.701510333863275
                    ],
                    "macro": [
                        0.5786245017841422
                    ]
                }
            }
        }
    },
    "train": {},
    "valid_ssl": {}
}
