{"earlystopping":{"confusion_matrices":{"abs":["[[1057, 93, 163, 22, 83], [187, 112, 419, 19, 58], [77, 38, 2218, 230, 53], [4, 1, 180, 1133, 0], [69, 49, 126, 12, 985]]"]},"markov_matrices":{"abs":{"actual":["[[1126, 224, 50, 1, 17], [105, 349, 308, 1, 32], [110, 186, 2216, 66, 37], [28, 7, 32, 1250, 1], [48, 29, 10, 0, 1154]]"],"predicted":["[[1109, 96, 138, 10, 41], [59, 98, 92, 4, 40], [145, 48, 2684, 144, 85], [27, 4, 125, 1255, 5], [54, 47, 66, 3, 1008]]"]}},"metrics":{"downstream":{"cohen_kappa":[0.6600142225240928],"f1_scores":{"N1":[0.20588235294117646],"N2":[0.775253407899336],"N3":[0.8288222384784198],"REM":[0.8140495867768595],"Wake":[0.751778093883357],"macro":[0.6751571359958297]},"loss":[1.2638490041097006],"precisions":{"N1":[0.3822525597269625],"N2":[0.7141017385705087],"N3":[0.8001412429378532],"REM":[0.8354537743850721],"Wake":[0.7582496413199427],"macro":[0.6980397913880678]},"recalls":{"N1":[0.14088050314465408],"N2":[0.8478593272171254],"N3":[0.8596358118361154],"REM":[0.7937147461724415],"Wake":[0.7454160789844851],"macro":[0.6775012934709643]}}}},"test":{"confusion_matrices":{"abs":["[[3844, 246, 400, 65, 129], [602, 478, 933, 53, 247], [298, 128, 4590, 473, 123], [12, 0, 835, 3143, 2], [185, 118, 418, 46, 2172]]"]},"markov_matrices":{"abs":{"actual":["[[4011, 610, 44, 4, 15], [319, 1176, 689, 6, 122], [195, 395, 4680, 248, 94], [57, 20, 176, 3734, 5], [101, 112, 23, 0, 2703]]"],"predicted":["[[4224, 331, 239, 49, 98], [192, 401, 271, 13, 93], [293, 141, 6099, 391, 251], [74, 8, 368, 3298, 32], [158, 89, 198, 29, 2199]]"]}},"metrics":{"downstream":{"cohen_kappa":[0.645929170015823],"f1_scores":{"N1":[0.2911970758452635],"N2":[0.717860494213325],"N3":[0.8088008234688626],"REM":[0.7740555951532431],"Wake":[0.7987532467532468],"macro":[0.6781334470867882]},"loss":[1.3240701724321415],"precisions":{"N1":[0.4927835051546392],"N2":[0.6396321070234113],"N3":[0.8314814814814815],"REM":[0.8125701459034792],"Wake":[0.777980165958308],"macro":[0.7108894811042638]},"recalls":{"N1":[0.20665801988759186],"N2":[0.8178902352102637],"N3":[0.7873246492985972],"REM":[0.7390268798911195],"Wake":[0.82066609735269],"macro":[0.6743131763280524]}}}},"train":{},"valid_pretraining":{}}