{"earlystopping":{"confusion_matrices":{"abs":["[[6264, 266, 838, 0, 292], [896, 125, 720, 0, 186], [1365, 585, 4746, 1, 409], [109, 89, 890, 1, 39], [1535, 130, 620, 0, 556]]"]},"markov_matrices":{"abs":{"actual":["[[7290, 345, 19, 0, 5], [197, 1257, 361, 3, 109], [94, 200, 6433, 271, 108], [13, 13, 248, 854, 0], [65, 112, 45, 0, 2619]]"],"predicted":["[[8441, 253, 1072, 0, 402], [276, 481, 386, 0, 52], [1021, 375, 6125, 2, 291], [0, 0, 1, 0, 1], [430, 86, 230, 0, 736]]"]}},"metrics":{"downstream":{"cohen_kappa":[0.35418208771024917],"f1_scores":{"N1":[0.0800768737988469],"N2":[0.6361930294906166],"N3":[0.0017699115044247787],"REM":[0.25722877631274577],"Wake":[0.7026754164563351],"macro":[0.3355888015125938]},"loss":[2.0545004867925876],"precisions":{"N1":[0.10460251046025104],"N2":[0.6073713846941388],"N3":[0.5],"REM":[0.37516869095816463],"Wake":[0.6159897728390206],"macro":[0.44062647179031506]},"recalls":{"N1":[0.06486766995329528],"N2":[0.6678862932732902],"N3":[0.0008865248226950354],"REM":[0.19570573741640268],"Wake":[0.8177545691906005],"macro":[0.3494201589312568]}}}},"test":{"confusion_matrices":{"abs":["[[8292, 374, 1540, 0, 575], [2073, 220, 1164, 0, 248], [4482, 1019, 7009, 2, 408], [334, 134, 1509, 0, 59], [2797, 286, 1100, 0, 657]]"]},"markov_matrices":{"abs":{"actual":["[[10118, 616, 19, 0, 27], [361, 2625, 600, 0, 119], [180, 332, 11792, 467, 149], [22, 6, 436, 1569, 3], [99, 126, 73, 0, 4542]]"],"predicted":["[[14719, 584, 2003, 0, 671], [577, 755, 633, 0, 68], [1957, 616, 9439, 2, 308], [0, 0, 2, 0, 0], [725, 78, 245, 0, 899]]"]}},"metrics":{"downstream":{"cohen_kappa":[0.22927993726026252],"f1_scores":{"N1":[0.07668177065179504],"N2":[0.5553442674906901],"N3":[0.0],"REM":[0.1936054221305437],"Wake":[0.5766542647519037],"macro":[0.28045714500498653]},"loss":[2.5688474285068796],"precisions":{"N1":[0.10821446138711265],"N2":[0.5688199967537737],"N3":[0.0],"REM":[0.337442218798151],"Wake":[0.46123039270219157],"macro":[0.2951414139282458]},"recalls":{"N1":[0.059379217273954114],"N2":[0.5424922600619195],"N3":[0.0],"REM":[0.13574380165289257],"Wake":[0.7691308783971802],"macro":[0.30134923147718934]}}}},"train":{},"valid_pretraining":{}}