{"earlystopping":{"confusion_matrices":{"abs":["[[1171, 208, 93, 37, 197], [248, 204, 323, 66, 69], [141, 182, 1546, 445, 41], [119, 5, 57, 1201, 0], [126, 97, 71, 9, 790]]"]},"markov_matrices":{"abs":{"actual":["[[1401, 259, 37, 0, 9], [125, 439, 301, 1, 44], [114, 165, 1969, 73, 33], [25, 5, 43, 1308, 1], [40, 42, 5, 0, 1006]]"],"predicted":["[[1479, 149, 108, 20, 49], [88, 318, 205, 5, 80], [109, 151, 1691, 92, 46], [50, 4, 57, 1638, 9], [78, 74, 29, 3, 913]]"]}},"metrics":{"downstream":{"cohen_kappa":[0.5630315996413036],"f1_scores":{"N1":[0.25404732254047324],"N2":[0.6956130483689539],"N3":[0.7649681528662421],"REM":[0.7214611872146118],"Wake":[0.667046425519795],"macro":[0.6206272273020152]},"loss":[1.5564924875895183],"precisions":{"N1":[0.29310344827586204],"N2":[0.7397129186602871],"N3":[0.6831626848691695],"REM":[0.7201458523245214],"Wake":[0.6487534626038781],"macro":[0.6169756733467435]},"recalls":{"N1":[0.22417582417582418],"N2":[0.6564755838641189],"N3":[0.8690303907380608],"REM":[0.7227813357731016],"Wake":[0.686400937866354],"macro":[0.6317728144834919]}}}},"test":{"confusion_matrices":{"abs":["[[3750, 486, 304, 77, 423], [1181, 731, 1070, 126, 299], [836, 655, 4506, 853, 259], [346, 20, 246, 3049, 140], [449, 172, 91, 14, 1708]]"]},"markov_matrices":{"abs":{"actual":["[[4102, 786, 104, 4, 43], [364, 1729, 1099, 3, 212], [382, 681, 5745, 228, 73], [56, 29, 147, 3566, 3], [135, 182, 14, 0, 2103]]"],"predicted":["[[5473, 499, 321, 81, 188], [374, 858, 655, 27, 150], [345, 537, 4991, 198, 146], [130, 26, 137, 3796, 29], [239, 144, 113, 17, 2316]]"]}},"metrics":{"downstream":{"cohen_kappa":[0.5235052097679431],"f1_scores":{"N1":[0.2672271979528423],"N2":[0.6762719495722648],"N3":[0.7699494949494949],"REM":[0.6490594717841536],"Wake":[0.6464402689191519],"macro":[0.6017896766355815]},"loss":[1.6644354531931322],"precisions":{"N1":[0.3541666666666667],"N2":[0.7247868746984076],"N3":[0.7402282107307598],"REM":[0.6037469070342877],"Wake":[0.5714721121609265],"macro":[0.5988801542582097]},"recalls":{"N1":[0.21455826240093925],"N2":[0.6338444225629484],"N3":[0.8021573270192055],"REM":[0.7017255546425637],"Wake":[0.7440476190476191],"macro":[0.6192666371346551]}}}},"train":{},"valid_pretraining":{}}