{
    "earlystopping": {
        "confusion_matrices": {
            "abs": [
                "[[1207, 78, 70, 2, 15], [36, 218, 136, 1, 21], [18, 57, 3643, 164, 63], [0, 0, 94, 811, 0], [19, 31, 34, 0, 1225]]"
            ]
        },
        "markov_matrices": {
            "abs": {
                "actual": [
                    "[[1122, 217, 18, 0, 15], [56, 131, 215, 0, 10], [138, 60, 3629, 84, 34], [13, 1, 70, 821, 0], [42, 3, 13, 0, 1250]]"
                ],
                "predicted": [
                    "[[1084, 168, 12, 0, 16], [44, 163, 164, 0, 13], [99, 44, 3722, 77, 34], [13, 1, 63, 901, 0], [39, 8, 16, 0, 1261]]"
                ]
            }
        },
        "metrics": {
            "downstream": {
                "cohen_kappa": [
                    0.8445470324877342
                ],
                "f1_scores": {
                    "N1": [
                        0.5477386934673367
                    ],
                    "N2": [
                        0.9197172431204241
                    ],
                    "N3": [
                        0.8613913967073819
                    ],
                    "REM": [
                        0.9304975313330801
                    ],
                    "Wake": [
                        0.9102564102564102
                    ],
                    "macro": [
                        0.8339202549769265
                    ]
                },
                "loss": [
                    0.27338603138923645
                ],
                "precisions": {
                    "N1": [
                        0.5677083333333334
                    ],
                    "N2": [
                        0.9160170983153131
                    ],
                    "N3": [
                        0.8292433537832311
                    ],
                    "REM": [
                        0.925226586102719
                    ],
                    "Wake": [
                        0.94296875
                    ],
                    "macro": [
                        0.8362328243069193
                    ]
                },
                "recalls": {
                    "N1": [
                        0.529126213592233
                    ],
                    "N2": [
                        0.923447401774398
                    ],
                    "N3": [
                        0.8961325966850828
                    ],
                    "REM": [
                        0.9358288770053476
                    ],
                    "Wake": [
                        0.8797376093294461
                    ],
                    "macro": [
                        0.8328545396773015
                    ]
                }
            }
        }
    },
    "test": {
        "confusion_matrices": {
            "abs": [
                "[[2253, 186, 270, 8, 39], [70, 367, 289, 1, 54], [62, 137, 6376, 407, 123], [1, 0, 135, 1378, 0], [29, 36, 105, 0, 2048]]"
            ]
        },
        "markov_matrices": {
            "abs": {
                "actual": [
                    "[[2267, 413, 59, 2, 15], [177, 247, 342, 0, 14], [239, 108, 6570, 128, 60], [22, 0, 108, 1384, 0], [50, 13, 26, 0, 2129]]"
                ],
                "predicted": [
                    "[[2016, 314, 71, 0, 14], [105, 320, 274, 0, 27], [235, 81, 6711, 85, 62], [11, 0, 74, 1709, 0], [47, 11, 45, 0, 2161]]"
                ]
            }
        },
        "metrics": {
            "downstream": {
                "cohen_kappa": [
                    0.8005443073841125
                ],
                "f1_scores": {
                    "N1": [
                        0.4870603848706038
                    ],
                    "N2": [
                        0.8929971988795519
                    ],
                    "N3": [
                        0.8331318016928658
                    ],
                    "REM": [
                        0.9138777331548416
                    ],
                    "Wake": [
                        0.871398182169793
                    ],
                    "macro": [
                        0.7996930601535313
                    ]
                },
                "loss": [
                    0.3833875984981142
                ],
                "precisions": {
                    "N1": [
                        0.5055096418732782
                    ],
                    "N2": [
                        0.8886411149825784
                    ],
                    "N3": [
                        0.7681159420289855
                    ],
                    "REM": [
                        0.9045936395759717
                    ],
                    "Wake": [
                        0.9329192546583851
                    ],
                    "macro": [
                        0.7999559186238396
                    ]
                },
                "recalls": {
                    "N1": [
                        0.469910371318822
                    ],
                    "N2": [
                        0.897396199859254
                    ],
                    "N3": [
                        0.9101717305151915
                    ],
                    "REM": [
                        0.9233543733092876
                    ],
                    "Wake": [
                        0.8174891146589259
                    ],
                    "macro": [
                        0.8036643579322963
                    ]
                }
            }
        }
    },
    "train": {},
    "valid_pretraining": {}
}
