{"earlystopping":{"confusion_matrices":{"abs":["[[7288, 412, 129, 7, 122], [172, 795, 732, 49, 198], [40, 163, 5668, 673, 84], [2, 2, 482, 1045, 0], [10, 134, 479, 15, 2144]]"]},"markov_matrices":{"abs":{"actual":["[[7584, 353, 15, 0, 5], [200, 1236, 385, 2, 123], [98, 210, 5964, 245, 111], [13, 14, 220, 1284, 0], [62, 133, 44, 0, 2543]]"],"predicted":["[[7223, 235, 31, 6, 16], [125, 878, 372, 6, 125], [120, 229, 6638, 371, 132], [16, 14, 351, 1405, 3], [27, 150, 98, 1, 2272]]"]}},"metrics":{"downstream":{"cohen_kappa":[0.7393804690384904],"f1_scores":{"N1":[0.46060254924681343],"N2":[0.8029465930018416],"N3":[0.6295180722891566],"REM":[0.8045028142589118],"Wake":[0.9422107304460245],"macro":[0.7279561518485496]},"loss":[0.9287852775759813],"precisions":{"N1":[0.5278884462151394],"N2":[0.7567423230974633],"N3":[0.5841252096143097],"REM":[0.8414442700156985],"Wake":[0.9701810436634718],"macro":[0.7360762585212164]},"recalls":{"N1":[0.408530318602261],"N2":[0.8551599275799638],"N3":[0.6825604180274331],"REM":[0.7706685837526959],"Wake":[0.9158079919577783],"macro":[0.7265454479840263]}}}},"test":{"confusion_matrices":{"abs":["[[10743, 599, 673, 21, 512], [635, 1299, 2075, 148, 335], [529, 311, 10350, 767, 208], [31, 5, 831, 1732, 2], [309, 141, 807, 24, 3291]]"]},"markov_matrices":{"abs":{"actual":["[[11874, 617, 28, 3, 25], [348, 3420, 622, 0, 102], [199, 328, 10935, 568, 135], [29, 16, 522, 2030, 4], [97, 111, 58, 0, 4306]]"],"predicted":["[[11603, 395, 117, 4, 127], [266, 1475, 476, 4, 134], [225, 299, 13290, 658, 264], [14, 16, 634, 2024, 4], [138, 170, 219, 2, 3819]]"]}},"metrics":{"downstream":{"cohen_kappa":[0.6578493853176366],"f1_scores":{"N1":[0.37943624945231486],"N2":[0.7694881231180997],"N3":[0.6544492726242207],"REM":[0.7378923766816143],"Wake":[0.8665456745311555],"macro":[0.681562339281481]},"loss":[1.3412831624348958],"precisions":{"N1":[0.5515923566878981],"N2":[0.7023615635179153],"N3":[0.6433878157503715],"REM":[0.7568997240110396],"Wake":[0.8771944149587654],"macro":[0.7062871749851979]},"recalls":{"N1":[0.2891807658058771],"N2":[0.8508014796547472],"N3":[0.6658977316416763],"REM":[0.7198162729658792],"Wake":[0.856152374880459],"macro":[0.6763697249897277]}}}},"train":{},"valid_pretraining":{}}