{"earlystopping":{"confusion_matrices":{"abs":["[[724, 121, 77, 84, 371], [212, 217, 232, 122, 92], [158, 87, 1277, 909, 26], [26, 1, 16, 1500, 0], [16, 104, 134, 87, 887]]"]},"markov_matrices":{"abs":{"actual":["[[1107, 224, 32, 1, 13], [103, 420, 304, 1, 47], [91, 183, 2069, 75, 39], [26, 6, 44, 1466, 0], [49, 42, 8, 0, 1129]]"],"predicted":["[[829, 83, 76, 67, 81], [57, 301, 66, 22, 84], [79, 40, 1435, 115, 67], [83, 18, 95, 2463, 42], [88, 88, 64, 35, 1101]]"]}},"metrics":{"downstream":{"cohen_kappa":[0.5089971001489744],"f1_scores":{"N1":[0.3088967971530249],"N2":[0.609110422132125],"N3":[0.7067137809187279],"REM":[0.6812596006144394],"Wake":[0.5762037405491445],"macro":[0.5764368682734924]},"loss":[1.4858814239501954],"precisions":{"N1":[0.40943396226415096],"N2":[0.7355990783410138],"N3":[0.5551443375277573],"REM":[0.6446220930232558],"Wake":[0.6373239436619719],"macro":[0.5964246829636299]},"recalls":{"N1":[0.248],"N2":[0.5197395197395197],"N3":[0.9721322099805574],"REM":[0.7223127035830619],"Wake":[0.5257806826434277],"macro":[0.5975930231893132]}}}},"test":{"confusion_matrices":{"abs":["[[2182, 676, 281, 468, 1554], [448, 794, 533, 392, 416], [285, 468, 2438, 2174, 141], [64, 0, 84, 3574, 1], [93, 136, 144, 222, 1698]]"]},"markov_matrices":{"abs":{"actual":["[[4415, 676, 55, 1, 13], [385, 1308, 745, 5, 140], [218, 440, 4532, 223, 93], [51, 23, 150, 3494, 5], [91, 136, 24, 0, 2042]]"],"predicted":["[[2207, 282, 181, 116, 286], [231, 1340, 172, 124, 207], [180, 102, 2767, 254, 177], [158, 124, 202, 6233, 112], [295, 226, 158, 103, 3028]]"]}},"metrics":{"downstream":{"cohen_kappa":[0.4427544484116769],"f1_scores":{"N1":[0.34099205497101137],"N2":[0.5426218562207878],"N3":[0.6773429356581067],"REM":[0.556447648697362],"Wake":[0.5300619458277663],"macro":[0.5294932882750067]},"loss":[1.8195023787649054],"precisions":{"N1":[0.3828351012536162],"N2":[0.7005747126436782],"N3":[0.5232796486090776],"REM":[0.4456692913385827],"Wake":[0.7102864583333334],"macro":[0.5525290424356577]},"recalls":{"N1":[0.3073945025164537],"N2":[0.4427896839811115],"N3":[0.9599785119527263],"REM":[0.7405146096816397],"Wake":[0.4227862817283472],"macro":[0.5746927179720558]}}}},"train":{},"valid_pretraining":{}}