{"earlystopping":{"confusion_matrices":{"abs":["[[636, 52, 325, 147, 217], [159, 40, 312, 182, 182], [140, 58, 916, 1071, 272], [6, 10, 113, 1397, 17], [251, 142, 274, 187, 374]]"]},"markov_matrices":{"abs":{"actual":["[[1107, 224, 32, 1, 13], [103, 420, 304, 1, 47], [91, 183, 2069, 75, 39], [26, 6, 44, 1466, 0], [49, 42, 8, 0, 1129]]"],"predicted":["[[810, 35, 132, 75, 140], [45, 137, 58, 26, 36], [173, 53, 1375, 192, 147], [58, 38, 221, 2565, 101], [105, 39, 154, 126, 638]]"]}},"metrics":{"downstream":{"cohen_kappa":[0.2899389892555957],"f1_scores":{"N1":[0.06796941376380629],"N2":[0.41664771435069364],"N3":[0.6171857742434284],"REM":[0.3266375545851528],"Wake":[0.4951342934994161],"macro":[0.38471495008849943]},"loss":[2.5971697489420573],"precisions":{"N1":[0.13245033112582782],"N2":[0.47216494845360824],"N3":[0.46816353887399464],"REM":[0.352165725047081],"Wake":[0.5335570469798657],"macro":[0.39170031809607553]},"recalls":{"N1":[0.045714285714285714],"N2":[0.37281237281237284],"N3":[0.9053791315618924],"REM":[0.30456026058631924],"Wake":[0.46187363834422657],"macro":[0.41806793780381934]}}}},"test":{"confusion_matrices":{"abs":["[[2697, 150, 1077, 477, 760], [482, 108, 757, 578, 658], [243, 207, 1700, 2769, 587], [13, 17, 245, 3416, 32], [477, 181, 482, 417, 736]]"]},"markov_matrices":{"abs":{"actual":["[[4415, 676, 55, 1, 13], [385, 1308, 745, 5, 140], [218, 440, 4532, 223, 93], [51, 23, 150, 3494, 5], [91, 136, 24, 0, 2042]]"],"predicted":["[[2886, 90, 364, 213, 358], [112, 294, 109, 76, 72], [419, 123, 2972, 425, 322], [192, 75, 482, 6629, 279], [302, 81, 334, 314, 1742]]"]}},"metrics":{"downstream":{"cohen_kappa":[0.29749745960496854],"f1_scores":{"N1":[0.066543438077634],"N2":[0.34811098597317497],"N3":[0.6003514938488577],"REM":[0.2905645479668377],"Wake":[0.5945111870384657],"macro":[0.380016330580994]},"loss":[2.6706316094649467],"precisions":{"N1":[0.16289592760180996],"N2":[0.3989673785496362],"N3":[0.4461277262635497],"REM":[0.26541651640822217],"Wake":[0.6894171779141104],"macro":[0.39256494534746567]},"recalls":{"N1":[0.041811846689895474],"N2":[0.3087540864511442],"N3":[0.9175396185871609],"REM":[0.32097688617531617],"Wake":[0.5225731447393915],"macro":[0.4223311165285817]}}}},"train":{},"valid_pretraining":{}}