{"earlystopping":{"confusion_matrices":{"abs":["[[1385, 28, 48, 9, 90], [391, 19, 256, 30, 135], [275, 7, 1428, 493, 228], [16, 0, 43, 1353, 5], [62, 59, 166, 40, 868]]"]},"markov_matrices":{"abs":{"actual":["[[1273, 229, 40, 1, 17], [112, 387, 291, 0, 41], [103, 174, 2054, 62, 37], [22, 5, 35, 1354, 1], [49, 36, 11, 0, 1099]]"],"predicted":["[[1810, 26, 173, 36, 84], [21, 15, 23, 2, 52], [138, 13, 1476, 133, 181], [54, 5, 110, 1717, 38], [105, 54, 159, 37, 971]]"]}},"metrics":{"downstream":{"cohen_kappa":[0.5866175310317328],"f1_scores":{"N1":[0.04025423728813559],"N2":[0.6532479414455626],"N3":[0.8096947935368043],"REM":[0.6886156287187624],"Wake":[0.7508809975603145],"macro":[0.5885387197099159]},"loss":[2.0787427266438803],"precisions":{"N1":[0.168141592920354],"N2":[0.7357032457496137],"N3":[0.7028571428571428],"REM":[0.6546003016591252],"Wake":[0.6505401596993894],"macro":[0.582368488577125]},"recalls":{"N1":[0.02286401925391095],"N2":[0.5874125874125874],"N3":[0.954834156669019],"REM":[0.7263598326359832],"Wake":[0.8878205128205128],"macro":[0.6358582217584027]}}}},"test":{"confusion_matrices":{"abs":["[[4098, 148, 287, 105, 218], [1182, 36, 844, 180, 488], [469, 22, 4002, 1937, 673], [25, 3, 336, 3738, 28], [256, 107, 590, 232, 1790]]"]},"markov_matrices":{"abs":{"actual":["[[4051, 689, 82, 1, 32], [350, 1373, 861, 3, 143], [263, 497, 5960, 282, 101], [67, 39, 179, 3844, 1], [124, 132, 21, 0, 2698]]"],"predicted":["[[5101, 71, 488, 88, 281], [103, 44, 54, 22, 93], [437, 45, 4753, 359, 465], [111, 28, 333, 5588, 132], [278, 128, 430, 135, 2226]]"]}},"metrics":{"downstream":{"cohen_kappa":[0.5168285896759297],"f1_scores":{"N1":[0.023637557452396585],"N2":[0.6081142683482753],"N3":[0.7242782406510366],"REM":[0.5800388852883992],"Wake":[0.752893624839243],"macro":[0.5377925153158701]},"loss":[2.745414379031159],"precisions":{"N1":[0.11392405063291139],"N2":[0.660505033833966],"N3":[0.6036821705426356],"REM":[0.5598999061620269],"Wake":[0.6796019900497512],"macro":[0.5235226302442582]},"recalls":{"N1":[0.013186813186813187],"N2":[0.5634239053920879],"N3":[0.9050847457627119],"REM":[0.6016806722689075],"Wake":[0.8439044481054365],"macro":[0.5854561169431914]}}}},"train":{},"valid_pretraining":{}}