{"earlystopping":{},"train":{"metrics":{"freq":{"acc_freq":[0.01499,0.04614,0.04895,0.04973,0.05019,0.05818,0.07092,0.08105,0.09476,0.10485,0.12019,0.13468,0.14761,0.15747,0.16471,0.1699,0.17709,0.18213,0.18785,0.1891],"hamming_freq":[0.5144685,0.5254575,0.5270414999999999,0.596633,0.683524,0.7312315,0.763455,0.7914035,0.818094,0.8387215,0.8567755,0.8704419999999999,0.879169,0.8842825,0.8881060000000001,0.890734,0.8933365,0.895701,0.897397,0.899054],"loss":[0.895678203125,0.6940928125,0.692323046875,0.664859609375,0.6147194140625,0.5682872265625,0.51919375,0.452524375,0.3921869140625,0.3492697265625,0.31052998046875,0.278325078125,0.257876328125,0.2453078515625,0.2366998828125,0.229565859375,0.22384150390625,0.219009765625,0.214738203125,0.2109429296875]}}},"valid_pretraining":{"metrics":{"freq":{"acc_freq":[0.0,0.056,0.056,0.051,0.056,0.057,0.077,0.105,0.121,0.129,0.155,0.179,0.182,0.205,0.214,0.217,0.228,0.233,0.225,0.238,0.236],"hamming_freq":[0.5017499999999999,0.5205,0.5205,0.5903,0.6579999999999999,0.7254499999999999,0.7637,0.79965,0.82685,0.851,0.8738,0.88905,0.898,0.90535,0.9062,0.90815,0.9102,0.9119,0.9123,0.91335,0.9153],"loss":[1.542835693359375,0.692624267578125,0.692375244140625,0.6819395141601563,0.6336671752929688,0.576772705078125,0.5227269287109375,0.4678833618164063,0.3911669006347656,0.345819580078125,0.2978939208984375,0.2560094299316406,0.227636474609375,0.20589871215820313,0.198187255859375,0.19359410095214843,0.1888389892578125,0.186328125,0.18358984375,0.17992958068847656,0.17641395568847656]}}}}