{"earlystopping":{"confusion_matrices":{"abs":["[[1031, 424, 89, 17, 145], [235, 366, 204, 42, 63], [101, 352, 1365, 437, 100], [93, 18, 49, 1212, 10], [53, 142, 37, 20, 841]]"]},"markov_matrices":{"abs":{"actual":["[[1401, 259, 37, 0, 9], [125, 439, 301, 1, 44], [114, 165, 1969, 73, 33], [25, 5, 43, 1308, 1], [40, 42, 5, 0, 1006]]"],"predicted":["[[1206, 164, 79, 19, 45], [89, 804, 279, 12, 117], [98, 218, 1301, 74, 53], [50, 10, 40, 1613, 15], [70, 105, 45, 10, 929]]"]}},"metrics":{"downstream":{"cohen_kappa":[0.5539004003537296],"f1_scores":{"N1":[0.3309222423146474],"N2":[0.6660161014881678],"N3":[0.7794212218649518],"REM":[0.7468916518650088],"Wake":[0.6405716060888474],"macro":[0.6327645647243247]},"loss":[1.7982110341389974],"precisions":{"N1":[0.28110599078341014],"N2":[0.7826834862385321],"N3":[0.7013888888888888],"REM":[0.725625539257981],"Wake":[0.6814276272306675],"macro":[0.634446306479896]},"recalls":{"N1":[0.4021978021978022],"N2":[0.5796178343949044],"N3":[0.8769898697539797],"REM":[0.7694419030192132],"Wake":[0.604337631887456],"macro":[0.6465170082506713]}}}},"test":{"confusion_matrices":{"abs":["[[3514, 912, 188, 53, 373], [856, 1281, 787, 98, 385], [626, 1338, 3824, 777, 544], [242, 75, 209, 3116, 159], [260, 329, 70, 11, 1764]]"]},"markov_matrices":{"abs":{"actual":["[[4102, 786, 104, 4, 43], [364, 1729, 1099, 3, 212], [382, 681, 5745, 228, 73], [56, 29, 147, 3566, 3], [135, 182, 14, 0, 2103]]"],"predicted":["[[4459, 627, 196, 40, 176], [421, 2253, 891, 35, 335], [278, 703, 3710, 188, 199], [89, 29, 134, 3735, 68], [250, 323, 147, 57, 2447]]"]}},"metrics":{"downstream":{"cohen_kappa":[0.5173452725623451],"f1_scores":{"N1":[0.3489512394442931],"N2":[0.6275539509313203],"N3":[0.7932790224032586],"REM":[0.6234317017140838],"Wake":[0.6669197191117859],"macro":[0.6120271267209483]},"loss":[1.790494164755178],"precisions":{"N1":[0.3255400254129606],"N2":[0.753052382827885],"N3":[0.7684340320591861],"REM":[0.5469767441860465],"Wake":[0.6391415060021826],"macro":[0.6066289380976522]},"recalls":{"N1":[0.3759906075726446],"N2":[0.5379096919397947],"N3":[0.8197842672980794],"REM":[0.7247329498767461],"Wake":[0.6972222222222222],"macro":[0.6311279477818974]}}}},"train":{},"valid_pretraining":{}}