{"earlystopping":{"confusion_matrices":{"abs":["[[1030, 131, 16, 9, 65], [92, 445, 175, 3, 126], [48, 203, 2072, 179, 219], [2, 1, 222, 1280, 15], [31, 45, 17, 3, 975]]"]},"markov_matrices":{"abs":{"actual":["[[981, 212, 41, 1, 16], [91, 401, 312, 1, 36], [102, 188, 2320, 72, 38], [30, 5, 38, 1446, 1], [46, 35, 10, 0, 980]]"],"predicted":["[[931, 200, 39, 4, 29], [104, 418, 246, 2, 54], [78, 143, 2087, 97, 97], [23, 11, 65, 1366, 9], [66, 53, 65, 5, 1211]]"]}},"metrics":{"downstream":{"cohen_kappa":[0.7180777159185918],"f1_scores":{"N1":[0.5342136854741897],"N2":[0.7934137468887612],"N3":[0.8550434201736807],"REM":[0.7891541885876163],"Wake":[0.8394458027709861],"macro":[0.7622541687790468]},"loss":[1.3346452077229818],"precisions":{"N1":[0.5393939393939394],"N2":[0.8281374900079936],"N3":[0.8683853459972863],"REM":[0.6964285714285714],"Wake":[0.8561928512053201],"macro":[0.7577076396066221]},"recalls":{"N1":[0.5291319857312723],"N2":[0.7614847482543182],"N3":[0.8421052631578947],"REM":[0.9103641456582633],"Wake":[0.8233413269384492],"macro":[0.7732854939480396]}}}},"test":{"confusion_matrices":{"abs":["[[2586, 307, 75, 18, 225], [456, 1003, 648, 16, 476], [359, 816, 4586, 388, 773], [5, 24, 953, 3281, 33], [116, 120, 189, 1, 2385]]"]},"markov_matrices":{"abs":{"actual":["[[2639, 499, 37, 1, 34], [225, 1407, 847, 6, 114], [206, 561, 5876, 194, 85], [45, 19, 132, 4095, 5], [95, 113, 30, 0, 2573]]"],"predicted":["[[2859, 422, 129, 8, 103], [250, 1335, 515, 12, 158], [191, 338, 5323, 269, 330], [35, 28, 216, 3401, 24], [186, 147, 268, 14, 3277]]"]}},"metrics":{"downstream":{"cohen_kappa":[0.6096888714012412],"f1_scores":{"N1":[0.41199424933251183],"N2":[0.6858595677858371],"N3":[0.82025],"REM":[0.7116216619424138],"Wake":[0.7681568394474974],"macro":[0.679576463701652]},"loss":[2.2826197697566104],"precisions":{"N1":[0.4418502202643172],"N2":[0.7108975352658503],"N3":[0.8857991360691144],"REM":[0.6127954779033916],"Wake":[0.7342419080068143],"macro":[0.6771168555018976]},"recalls":{"N1":[0.3859176606387072],"N2":[0.6625252817104883],"N3":[0.763733705772812],"REM":[0.848452508004269],"Wake":[0.805356586733105],"macro":[0.6931971485718762]}}}},"train":{},"valid_pretraining":{}}