{
    "earlystopping": {
        "confusion_matrices": {
            "abs": [
                "[[963, 38, 77, 18, 12], [159, 122, 107, 1, 39], [294, 407, 2939, 198, 259], [37, 82, 72, 650, 67], [166, 61, 149, 6, 871]]"
            ]
        },
        "markov_matrices": {
            "abs": {
                "actual": [
                    "[[862, 210, 21, 0, 14], [64, 148, 206, 0, 10], [130, 65, 3781, 89, 32], [11, 1, 77, 819, 0], [40, 4, 12, 0, 1197]]"
                ],
                "predicted": [
                    "[[1339, 172, 72, 8, 27], [93, 493, 93, 0, 31], [118, 31, 3045, 69, 81], [14, 0, 65, 780, 14], [54, 14, 69, 16, 1095]]"
                ]
            }
        },
        "metrics": {
            "downstream": {
                "cohen_kappa": [
                    0.58844985296268
                ],
                "f1_scores": {
                    "N1": [
                        0.21441124780316345
                    ],
                    "N2": [
                        0.7899475876898266
                    ],
                    "N3": [
                        0.7299270072992701
                    ],
                    "REM": [
                        0.6965213914434226
                    ],
                    "Wake": [
                        0.7062706270627063
                    ],
                    "macro": [
                        0.6274155722596778
                    ]
                },
                "loss": [
                    2.131943464279175
                ],
                "precisions": {
                    "N1": [
                        0.17183098591549295
                    ],
                    "N2": [
                        0.8788875598086124
                    ],
                    "N3": [
                        0.7445589919816724
                    ],
                    "REM": [
                        0.6979166666666666
                    ],
                    "Wake": [
                        0.5948116121062385
                    ],
                    "macro": [
                        0.6176011632957366
                    ]
                },
                "recalls": {
                    "N1": [
                        0.2850467289719626
                    ],
                    "N2": [
                        0.7173541615816451
                    ],
                    "N3": [
                        0.7158590308370044
                    ],
                    "REM": [
                        0.6951316839584996
                    ],
                    "Wake": [
                        0.8691335740072202
                    ],
                    "macro": [
                        0.6565050358712664
                    ]
                }
            }
        }
    },
    "test": {
        "confusion_matrices": {
            "abs": [
                "[[1975, 70, 246, 27, 53], [345, 191, 147, 9, 62], [482, 155, 4966, 481, 400], [6, 4, 189, 1202, 40], [295, 214, 458, 20, 1137]]"
            ]
        },
        "markov_matrices": {
            "abs": {
                "actual": [
                    "[[1925, 362, 71, 0, 13], [125, 270, 344, 1, 14], [256, 108, 5893, 174, 52], [18, 2, 155, 1266, 0], [46, 12, 21, 0, 2045]]"
                ],
                "predicted": [
                    "[[2609, 237, 169, 36, 52], [80, 316, 196, 0, 42], [292, 57, 5410, 129, 117], [50, 1, 112, 1553, 23], [71, 23, 119, 21, 1458]]"
                ]
            }
        },
        "metrics": {
            "downstream": {
                "cohen_kappa": [
                    0.5957509875003248
                ],
                "f1_scores": {
                    "N1": [
                        0.27521613832853026
                    ],
                    "N2": [
                        0.7951961569255405
                    ],
                    "N3": [
                        0.7559748427672957
                    ],
                    "REM": [
                        0.5959119496855346
                    ],
                    "Wake": [
                        0.721592985020095
                    ],
                    "macro": [
                        0.6287784145453992
                    ]
                },
                "loss": [
                    1.6503910651573768
                ],
                "precisions": {
                    "N1": [
                        0.30126182965299686
                    ],
                    "N2": [
                        0.8268398268398268
                    ],
                    "N3": [
                        0.6912018401380103
                    ],
                    "REM": [
                        0.6719858156028369
                    ],
                    "Wake": [
                        0.6364808250080567
                    ],
                    "macro": [
                        0.6255540274483454
                    ]
                },
                "recalls": {
                    "N1": [
                        0.253315649867374
                    ],
                    "N2": [
                        0.7658852560148057
                    ],
                    "N3": [
                        0.8341429562803608
                    ],
                    "REM": [
                        0.5353107344632768
                    ],
                    "Wake": [
                        0.8329818641923239
                    ],
                    "macro": [
                        0.6443272921636283
                    ]
                }
            }
        }
    },
    "train": {},
    "valid_pretraining": {}
}
