{"earlystopping":{"confusion_matrices":{"abs":["[[729, 235, 283, 63, 250], [277, 156, 255, 52, 91], [594, 308, 1023, 330, 176], [21, 26, 372, 980, 18], [289, 125, 473, 100, 208]]"]},"markov_matrices":{"abs":{"actual":["[[1273, 229, 40, 1, 17], [112, 387, 291, 0, 41], [103, 174, 2054, 62, 37], [22, 5, 35, 1354, 1], [49, 36, 11, 0, 1099]]"],"predicted":["[[1375, 154, 233, 22, 126], [120, 489, 127, 62, 52], [250, 106, 1701, 232, 116], [39, 52, 234, 1176, 24], [125, 49, 111, 33, 425]]"]}},"metrics":{"downstream":{"cohen_kappa":[0.2444182030200599],"f1_scores":{"N1":[0.18560380725758477],"N2":[0.42298945627455037],"N3":[0.6662134602311353],"REM":[0.21465428276573786],"Wake":[0.4201729106628242],"macro":[0.3819267834383665]},"loss":[2.9176928202311196],"precisions":{"N1":[0.18352941176470589],"N2":[0.4251870324189526],"N3":[0.6426229508196721],"REM":[0.27994616419919244],"Wake":[0.38167539267015704],"macro":[0.38259219037453607]},"recalls":{"N1":[0.18772563176895307],"N2":[0.42081447963800905],"N3":[0.6916019760056458],"REM":[0.17405857740585773],"Wake":[0.4673076923076923],"macro":[0.38830167142523153]}}}},"test":{"confusion_matrices":{"abs":["[[2357, 914, 1057, 168, 360], [767, 591, 831, 256, 285], [1492, 1166, 2850, 1155, 440], [67, 150, 1110, 2750, 53], [759, 482, 1121, 173, 440]]"]},"markov_matrices":{"abs":{"actual":["[[4051, 689, 82, 1, 32], [350, 1373, 861, 3, 143], [263, 497, 5960, 282, 101], [67, 39, 179, 3844, 1], [124, 132, 21, 0, 2698]]"],"predicted":["[[4015, 514, 609, 68, 235], [405, 2158, 454, 177, 109], [698, 372, 4979, 603, 317], [87, 141, 620, 3585, 69], [237, 118, 306, 69, 848]]"]}},"metrics":{"downstream":{"cohen_kappa":[0.23899987129249034],"f1_scores":{"N1":[0.19592242665340626],"N2":[0.4050596930073906],"N3":[0.6371640407784986],"REM":[0.19327915660004394],"Wake":[0.45775878811419696],"macro":[0.3778368210307073]},"loss":[3.041075595589571],"precisions":{"N1":[0.17892824704813806],"N2":[0.4089539388721481],"N3":[0.6108396268325189],"REM":[0.2788339670468948],"Wake":[0.43311282616685043],"macro":[0.38213372119331]},"recalls":{"N1":[0.2164835164835165],"N2":[0.401238913135295],"N3":[0.6658595641646489],"REM":[0.14789915966386555],"Wake":[0.4853789126853377],"macro":[0.3833720132265327]}}}},"train":{},"valid_pretraining":{}}