{"earlystopping":{"confusion_matrices":{"abs":["[[1012, 0, 559, 133, 2], [284, 0, 471, 153, 2], [76, 0, 1617, 662, 0], [1, 0, 61, 1320, 0], [214, 0, 427, 416, 36]]"]},"markov_matrices":{"abs":{"actual":["[[1401, 259, 37, 0, 9], [125, 439, 301, 1, 44], [114, 165, 1969, 73, 33], [25, 5, 43, 1308, 1], [40, 42, 5, 0, 1006]]"],"predicted":["[[1323, 0, 189, 66, 9], [0, 0, 0, 0, 0], [188, 0, 2631, 299, 17], [63, 0, 305, 2305, 10], [13, 0, 9, 14, 4]]"]}},"metrics":{"downstream":{"cohen_kappa":[0.3805077414158289],"f1_scores":{"N1":[0.0],"N2":[0.5890710382513661],"N3":[0.6492867683226758],"REM":[0.06354810238305383],"Wake":[0.6146371090191315],"macro":[0.38330860359524543]},"loss":[1.2040660858154297],"precisions":{"N1":[0.0],"N2":[0.5157894736842106],"N3":[0.4918032786885246],"REM":[0.9],"Wake":[0.6376811594202898],"macro":[0.509054782358605]},"recalls":{"N1":[0.0],"N2":[0.686624203821656],"N3":[0.9551374819102749],"REM":[0.03293687099725526],"Wake":[0.593200468933177],"macro":[0.45357980513247254]}}}},"test":{"confusion_matrices":{"abs":["[[3870, 2, 1001, 153, 14], [1359, 0, 1611, 431, 6], [1007, 0, 4872, 1226, 4], [116, 0, 386, 3299, 0], [1060, 1, 673, 622, 78]]"]},"markov_matrices":{"abs":{"actual":["[[4102, 786, 104, 4, 43], [364, 1729, 1099, 3, 212], [382, 681, 5745, 228, 73], [56, 29, 147, 3566, 3], [135, 182, 14, 0, 2103]]"],"predicted":["[[6312, 0, 811, 254, 35], [0, 0, 2, 0, 1], [786, 2, 7071, 653, 30], [271, 1, 638, 4800, 21], [43, 0, 20, 24, 15]]"]}},"metrics":{"downstream":{"cohen_kappa":[0.4058289972991822],"f1_scores":{"N1":[0.0],"N2":[0.6225402504472272],"N3":[0.6921947125472094],"REM":[0.061514195583596214],"Wake":[0.6215868936716993],"macro":[0.3995672104499464]},"loss":[1.2084100412767986],"precisions":{"N1":[0.0],"N2":[0.5702914666978813],"N3":[0.575641249345664],"REM":[0.7647058823529411],"Wake":[0.5221262817053427],"macro":[0.48655297602036585]},"recalls":{"N1":[0.0],"N2":[0.6853284568856379],"N3":[0.8679294922388845],"REM":[0.03204601479046836],"Wake":[0.7678571428571429],"macro":[0.47063222135442667]}}}},"train":{},"valid_pretraining":{}}