{
    "earlystopping": {
        "confusion_matrices": {
            "abs": [
                "[[838, 140, 87, 14, 407], [35, 192, 117, 7, 110], [33, 100, 2926, 517, 252], [0, 0, 171, 855, 0], [55, 126, 84, 1, 941]]"
            ]
        },
        "markov_matrices": {
            "abs": {
                "actual": [
                    "[[1212, 234, 24, 0, 15], [70, 143, 236, 0, 12], [144, 80, 3479, 94, 31], [13, 1, 80, 932, 0], [46, 3, 9, 0, 1149]]"
                ],
                "predicted": [
                    "[[747, 163, 5, 6, 39], [69, 296, 136, 4, 53], [67, 48, 3131, 79, 60], [18, 3, 66, 1305, 2], [59, 48, 47, 0, 1556]]"
                ]
            }
        },
        "metrics": {
            "downstream": {
                "cohen_kappa": [
                    0.6071811427619436
                ],
                "f1_scores": {
                    "N1": [
                        0.37684003925417076
                    ],
                    "N2": [
                        0.8113129072507971
                    ],
                    "N3": [
                        0.706611570247934
                    ],
                    "REM": [
                        0.6451834076105588
                    ],
                    "Wake": [
                        0.6849203105843891
                    ],
                    "macro": [
                        0.6449736469895699
                    ]
                },
                "loss": [
                    1.731844425201416
                ],
                "precisions": {
                    "N1": [
                        0.34408602150537637
                    ],
                    "N2": [
                        0.8644017725258494
                    ],
                    "N3": [
                        0.6133428981348638
                    ],
                    "REM": [
                        0.5502923976608187
                    ],
                    "Wake": [
                        0.8720083246618107
                    ],
                    "macro": [
                        0.6488262828977438
                    ]
                },
                "recalls": {
                    "N1": [
                        0.4164859002169197
                    ],
                    "N2": [
                        0.764367816091954
                    ],
                    "N3": [
                        0.8333333333333334
                    ],
                    "REM": [
                        0.7796188898094449
                    ],
                    "Wake": [
                        0.5639300134589502
                    ],
                    "macro": [
                        0.6715471905821204
                    ]
                }
            }
        }
    },
    "test": {
        "confusion_matrices": {
            "abs": [
                "[[1047, 122, 120, 121, 803], [99, 252, 93, 22, 368], [128, 187, 3746, 974, 1563], [2, 0, 80, 1406, 27], [29, 57, 248, 25, 2290]]"
            ]
        },
        "markov_matrices": {
            "abs": {
                "actual": [
                    "[[1846, 336, 22, 0, 8], [106, 332, 383, 0, 13], [188, 148, 6049, 144, 69], [24, 1, 119, 1371, 0], [48, 17, 25, 0, 2559]]"
                ],
                "predicted": [
                    "[[943, 179, 37, 31, 115], [65, 298, 212, 3, 40], [125, 81, 3801, 136, 144], [48, 4, 113, 2322, 60], [124, 55, 124, 56, 4692]]"
                ]
            }
        },
        "metrics": {
            "downstream": {
                "cohen_kappa": [
                    0.5063175283087
                ],
                "f1_scores": {
                    "N1": [
                        0.34710743801652894
                    ],
                    "N2": [
                        0.6882866329811668
                    ],
                    "N3": [
                        0.6920994339158257
                    ],
                    "REM": [
                        0.5948051948051948
                    ],
                    "Wake": [
                        0.5952245594087551
                    ],
                    "macro": [
                        0.5835046518254943
                    ]
                },
                "loss": [
                    2.590180008499711
                ],
                "precisions": {
                    "N1": [
                        0.4077669902912621
                    ],
                    "N2": [
                        0.8738045253090739
                    ],
                    "N3": [
                        0.5518053375196232
                    ],
                    "REM": [
                        0.45337556919421895
                    ],
                    "Wake": [
                        0.8022988505747126
                    ],
                    "macro": [
                        0.6178102545777782
                    ]
                },
                "recalls": {
                    "N1": [
                        0.302158273381295
                    ],
                    "N2": [
                        0.5677478023643528
                    ],
                    "N3": [
                        0.928052805280528
                    ],
                    "REM": [
                        0.864477161192903
                    ],
                    "Wake": [
                        0.4731134206958879
                    ],
                    "macro": [
                        0.6271098925829934
                    ]
                }
            }
        }
    },
    "train": {},
    "valid_pretraining": {}
}
