{
    "earlystopping": {
        "confusion_matrices": {
            "abs": [
                "[[759, 338, 272, 0, 117], [46, 100, 231, 0, 84], [154, 396, 3007, 0, 271], [2, 51, 890, 0, 83], [23, 297, 358, 0, 529]]"
            ]
        },
        "markov_matrices": {
            "abs": {
                "actual": [
                    "[[1212, 234, 24, 0, 15], [70, 143, 236, 0, 12], [144, 80, 3479, 94, 31], [13, 1, 80, 932, 0], [46, 3, 9, 0, 1149]]"
                ],
                "predicted": [
                    "[[669, 186, 95, 0, 34], [102, 759, 214, 0, 107], [160, 142, 4298, 0, 157], [0, 0, 0, 0, 0], [52, 95, 151, 0, 786]]"
                ]
            }
        },
        "metrics": {
            "downstream": {
                "cohen_kappa": [
                    0.3208067264418826
                ],
                "f1_scores": {
                    "N1": [
                        0.12172854534388315
                    ],
                    "N2": [
                        0.7004425809457255
                    ],
                    "N3": [
                        0.0
                    ],
                    "REM": [
                        0.4618070711479703
                    ],
                    "Wake": [
                        0.6145748987854251
                    ],
                    "macro": [
                        0.3797106192446008
                    ]
                },
                "loss": [
                    3.5330746173858643
                ],
                "precisions": {
                    "N1": [
                        0.08460236886632826
                    ],
                    "N2": [
                        0.6319882303488861
                    ],
                    "N3": [
                        0.0
                    ],
                    "REM": [
                        0.48800738007380073
                    ],
                    "Wake": [
                        0.7713414634146342
                    ],
                    "macro": [
                        0.39518788854072984
                    ]
                },
                "recalls": {
                    "N1": [
                        0.21691973969631237
                    ],
                    "N2": [
                        0.7855276907001045
                    ],
                    "N3": [
                        0.0
                    ],
                    "REM": [
                        0.4382767191383596
                    ],
                    "Wake": [
                        0.5107671601615074
                    ],
                    "macro": [
                        0.3902982619392568
                    ]
                }
            }
        }
    },
    "test": {
        "confusion_matrices": {
            "abs": [
                "[[820, 271, 487, 8, 627], [111, 319, 284, 0, 120], [289, 678, 5039, 0, 592], [2, 45, 1281, 11, 176], [65, 285, 652, 0, 1647]]"
            ]
        },
        "markov_matrices": {
            "abs": {
                "actual": [
                    "[[1846, 336, 22, 0, 8], [106, 332, 383, 0, 13], [188, 148, 6049, 144, 69], [24, 1, 119, 1371, 0], [48, 17, 25, 0, 2559]]"
                ],
                "predicted": [
                    "[[772, 333, 95, 1, 86], [184, 989, 258, 1, 166], [202, 129, 7124, 11, 276], [1, 0, 12, 6, 0], [128, 146, 254, 0, 2634]]"
                ]
            }
        },
        "metrics": {
            "downstream": {
                "cohen_kappa": [
                    0.3506156047006992
                ],
                "f1_scores": {
                    "N1": [
                        0.2623355263157895
                    ],
                    "N2": [
                        0.7027403946726168
                    ],
                    "N3": [
                        0.014341590612777053
                    ],
                    "REM": [
                        0.5668559628291172
                    ],
                    "Wake": [
                        0.4685714285714285
                    ],
                    "macro": [
                        0.4029689806003459
                    ]
                },
                "loss": [
                    3.4055893509476274
                ],
                "precisions": {
                    "N1": [
                        0.19962453066332916
                    ],
                    "N2": [
                        0.6507813508975849
                    ],
                    "N3": [
                        0.5789473684210527
                    ],
                    "REM": [
                        0.5208728652751423
                    ],
                    "Wake": [
                        0.6371406371406372
                    ],
                    "macro": [
                        0.5174733504795493
                    ]
                },
                "recalls": {
                    "N1": [
                        0.3824940047961631
                    ],
                    "N2": [
                        0.7637162776598969
                    ],
                    "N3": [
                        0.007260726072607261
                    ],
                    "REM": [
                        0.6217440543601359
                    ],
                    "Wake": [
                        0.3705377315860822
                    ],
                    "macro": [
                        0.42915055889497705
                    ]
                }
            }
        }
    },
    "train": {},
    "valid_pretraining": {}
}
