{"earlystopping":{"confusion_matrices":{"abs":["[[1246, 105, 114, 2, 19], [82, 116, 247, 0, 16], [104, 115, 3372, 218, 19], [3, 1, 243, 764, 15], [47, 34, 507, 0, 619]]"]},"markov_matrices":{"abs":{"actual":["[[1212, 234, 24, 0, 15], [70, 143, 236, 0, 12], [144, 80, 3479, 94, 31], [13, 1, 80, 932, 0], [46, 3, 9, 0, 1149]]"],"predicted":["[[1191, 133, 122, 2, 33], [58, 159, 135, 4, 15], [169, 63, 4041, 104, 106], [11, 3, 95, 874, 1], [52, 13, 90, 0, 533]]"]}},"metrics":{"downstream":{"cohen_kappa":[0.6458067397287688],"f1_scores":{"N1":[0.27884615384615385],"N2":[0.8114546985922272],"N3":[0.7601990049751244],"REM":[0.6532981530343008],"Wake":[0.839622641509434],"macro":[0.668684130391448]},"loss":[1.6295127868652344],"precisions":{"N1":[0.31266846361185985],"N2":[0.7521748828909213],"N3":[0.7764227642276422],"REM":[0.8997093023255814],"Wake":[0.8407557354925776],"macro":[0.7163462297097165]},"recalls":{"N1":[0.25162689804772237],"N2":[0.8808777429467085],"N3":[0.7446393762183235],"REM":[0.5128417564208783],"Wake":[0.8384925975773889],"macro":[0.6456956742422043]}}}},"test":{"confusion_matrices":{"abs":["[[1634, 102, 347, 28, 102], [175, 239, 262, 15, 143], [217, 115, 5597, 428, 241], [5, 0, 225, 1279, 6], [116, 49, 1319, 2, 1163]]"]},"markov_matrices":{"abs":{"actual":["[[1846, 336, 22, 0, 8], [106, 332, 383, 0, 13], [188, 148, 6049, 144, 69], [24, 1, 119, 1371, 0], [48, 17, 25, 0, 2559]]"],"predicted":["[[1585, 236, 195, 22, 108], [87, 173, 215, 6, 24], [343, 73, 6969, 154, 211], [35, 4, 144, 1553, 16], [97, 19, 226, 17, 1296]]"]}},"metrics":{"downstream":{"cohen_kappa":[0.5774120275436934],"f1_scores":{"N1":[0.3569828230022405],"N2":[0.7801784220797324],"N3":[0.7829813284358741],"REM":[0.5404275092936802],"Wake":[0.7495412844036697],"macro":[0.6420222734430394]},"loss":[2.0702116224500866],"precisions":{"N1":[0.47326732673267324],"N2":[0.7221935483870968],"N3":[0.7300228310502284],"REM":[0.7027190332326284],"Wake":[0.7610619469026548],"macro":[0.6778529372610563]},"recalls":{"N1":[0.2865707434052758],"N2":[0.8482873598060018],"N3":[0.8442244224422443],"REM":[0.43903359758399396],"Wake":[0.7383642114776322],"macro":[0.6312960669430296]}}}},"train":{},"valid_pretraining":{}}