{"earlystopping":{"confusion_matrices":{"abs":["[[5702, 280, 61, 2, 41], [399, 552, 624, 26, 159], [232, 197, 5730, 75, 263], [8, 1, 1305, 235, 0], [248, 82, 564, 23, 1835]]"]},"markov_matrices":{"abs":{"actual":["[[5819, 253, 12, 0, 1], [157, 1185, 319, 2, 97], [66, 186, 5820, 317, 108], [7, 16, 296, 1230, 0], [36, 120, 50, 0, 2546]]"],"predicted":["[[6281, 188, 67, 7, 46], [110, 786, 174, 1, 40], [115, 60, 7798, 113, 198], [10, 4, 106, 238, 3], [72, 74, 139, 2, 2011]]"]}},"metrics":{"downstream":{"cohen_kappa":[0.6504771557188674],"f1_scores":{"N1":[0.38440111420612816],"N2":[0.7753196671402476],"N3":[0.24607329842931938],"REM":[0.7267326732673267],"Wake":[0.899723865877712],"macro":[0.6064501237841468]},"loss":[1.239464012352196],"precisions":{"N1":[0.49640287769784175],"N2":[0.6916948334138098],"N3":[0.6509695290858726],"REM":[0.79852045256745],"Wake":[0.8653816967673396],"macro":[0.7005938779064629]},"recalls":{"N1":[0.31363636363636366],"N2":[0.8819455133138372],"N3":[0.15171078114912848],"REM":[0.6667877906976745],"Wake":[0.9369043706868222],"macro":[0.5901969638967651]}}}},"test":{"confusion_matrices":{"abs":["[[9203, 263, 121, 2, 93], [820, 1062, 813, 4, 300], [322, 629, 11103, 26, 686], [9, 0, 2003, 157, 5], [674, 391, 625, 0, 2947]]"]},"markov_matrices":{"abs":{"actual":["[[9241, 410, 25, 0, 5], [217, 2136, 559, 2, 85], [152, 323, 11813, 339, 139], [16, 13, 311, 1833, 1], [55, 117, 58, 0, 4407]]"],"predicted":["[[10424, 368, 66, 4, 166], [192, 1701, 302, 0, 149], [166, 80, 14015, 80, 324], [3, 3, 77, 103, 3], [242, 193, 205, 2, 3389]]"]}},"metrics":{"downstream":{"cohen_kappa":[0.6513867431244558],"f1_scores":{"N1":[0.39745508982035926],"N2":[0.8095220735664029],"N3":[0.1328819297503174],"REM":[0.6799723119520074],"Wake":[0.8887493964268469],"macro":[0.5817161603031868]},"loss":[1.2305766344070435],"precisions":{"N1":[0.4528784648187633],"N2":[0.757108762359359],"N3":[0.8306878306878307],"REM":[0.7310840982386505],"Wake":[0.834512150888647],"macro":[0.7212542613986501]},"recalls":{"N1":[0.3541180393464488],"N2":[0.869732100892997],"N3":[0.07221711131554738],"REM":[0.635540219969808],"Wake":[0.9505267506713488],"macro":[0.57642684443923]}}}},"train":{},"valid_pretraining":{}}