{"earlystopping":{"confusion_matrices":{"abs":["[[975, 164, 325, 21, 1], [63, 84, 302, 12, 0], [468, 63, 2720, 577, 0], [69, 0, 147, 810, 0], [373, 101, 724, 9, 0]]"]},"markov_matrices":{"abs":{"actual":["[[1212, 234, 24, 0, 15], [70, 143, 236, 0, 12], [144, 80, 3479, 94, 31], [13, 1, 80, 932, 0], [46, 3, 9, 0, 1149]]"],"predicted":["[[1462, 248, 208, 30, 0], [117, 93, 198, 3, 1], [321, 71, 3717, 109, 0], [46, 0, 95, 1287, 0], [1, 0, 0, 0, 0]]"]}},"metrics":{"downstream":{"cohen_kappa":[0.3695684405031331],"f1_scores":{"N1":[0.19243986254295534],"N2":[0.6761123539647028],"N3":[0.659877800407332],"REM":[0.0],"Wake":[0.5678509027373326],"macro":[0.4192561839304645]},"loss":[4.0867767333984375],"precisions":{"N1":[0.20388349514563106],"N2":[0.6448553816974869],"N3":[0.5668299510146956],"REM":[0.0],"Wake":[0.5005133470225873],"macro":[0.3832164349760802]},"recalls":{"N1":[0.1822125813449024],"N2":[0.7105538140020898],"N3":[0.7894736842105263],"REM":[0.0],"Wake":[0.6561238223418573],"macro":[0.46767278037987514]}}}},"test":{"confusion_matrices":{"abs":["[[1370, 145, 629, 69, 0], [358, 141, 299, 36, 0], [1125, 100, 4490, 883, 0], [172, 0, 73, 1270, 0], [775, 153, 1643, 78, 0]]"]},"markov_matrices":{"abs":{"actual":["[[1846, 336, 22, 0, 8], [106, 332, 383, 0, 13], [188, 148, 6049, 144, 69], [24, 1, 119, 1371, 0], [48, 17, 25, 0, 2559]]"],"predicted":["[[3100, 323, 286, 91, 0], [106, 120, 303, 10, 0], [494, 93, 6320, 227, 0], [100, 3, 224, 2008, 0], [0, 0, 0, 0, 0]]"]}},"metrics":{"downstream":{"cohen_kappa":[0.31197242428411454],"f1_scores":{"N1":[0.20538965768390385],"N2":[0.6539469851441888],"N3":[0.6595689431316542],"REM":[0.0],"Wake":[0.4556793613836687],"macro":[0.3949169894686831]},"loss":[4.845888491030093],"precisions":{"N1":[0.26159554730983303],"N2":[0.6293804317353519],"N3":[0.5436643835616438],"REM":[0.0],"Wake":[0.3605263157894737],"macro":[0.35903333567926043]},"recalls":{"N1":[0.16906474820143885],"N2":[0.680509245225826],"N3":[0.8382838283828383],"REM":[0.0],"Wake":[0.6190691369182105],"macro":[0.4613853917456628]}}}},"train":{},"valid_pretraining":{}}