{
    "earlystopping": {
        "confusion_matrices": {
            "abs": [
                "[[1038, 198, 111, 12, 99], [30, 188, 163, 0, 27], [11, 75, 3109, 395, 112], [0, 0, 190, 860, 0], [9, 108, 234, 7, 707]]"
            ]
        },
        "markov_matrices": {
            "abs": {
                "actual": [
                    "[[1259, 184, 13, 0, 1], [48, 150, 197, 0, 13], [112, 70, 3412, 84, 24], [12, 1, 71, 966, 0], [26, 3, 9, 0, 1027]]"
                ],
                "predicted": [
                    "[[895, 160, 18, 3, 12], [69, 302, 165, 2, 31], [83, 64, 3486, 94, 80], [10, 7, 81, 1171, 5], [31, 36, 56, 4, 817]]"
                ]
            }
        },
        "metrics": {
            "downstream": {
                "cohen_kappa": [
                    0.664394908967082
                ],
                "f1_scores": {
                    "N1": [
                        0.38485158648925283
                    ],
                    "N2": [
                        0.8280729790917565
                    ],
                    "N3": [
                        0.7401032702237522
                    ],
                    "REM": [
                        0.7034825870646766
                    ],
                    "Wake": [
                        0.8153967007069913
                    ],
                    "macro": [
                        0.6943814247152859
                    ]
                },
                "loss": [
                    1.7298288345336914
                ],
                "precisions": {
                    "N1": [
                        0.3304042179261863
                    ],
                    "N2": [
                        0.8166535329655897
                    ],
                    "N3": [
                        0.6750392464678179
                    ],
                    "REM": [
                        0.7481481481481481
                    ],
                    "Wake": [
                        0.9540441176470589
                    ],
                    "macro": [
                        0.7048578526309602
                    ]
                },
                "recalls": {
                    "N1": [
                        0.46078431372549017
                    ],
                    "N2": [
                        0.8398163155051324
                    ],
                    "N3": [
                        0.819047619047619
                    ],
                    "REM": [
                        0.6638497652582159
                    ],
                    "Wake": [
                        0.7119341563786008
                    ],
                    "macro": [
                        0.6990864339830116
                    ]
                }
            }
        }
    },
    "test": {
        "confusion_matrices": {
            "abs": [
                "[[1164, 208, 164, 51, 422], [36, 254, 194, 7, 93], [46, 126, 5521, 473, 476], [0, 1, 195, 1664, 0], [27, 83, 550, 43, 1467]]"
            ]
        },
        "markov_matrices": {
            "abs": {
                "actual": [
                    "[[1680, 283, 29, 0, 17], [67, 196, 302, 0, 18], [192, 88, 6163, 147, 52], [23, 1, 123, 1713, 0], [46, 16, 25, 0, 2083]]"
                ],
                "predicted": [
                    "[[974, 219, 52, 4, 24], [94, 282, 224, 8, 64], [137, 96, 6020, 153, 217], [15, 6, 146, 2067, 4], [52, 69, 182, 6, 2149]]"
                ]
            }
        },
        "metrics": {
            "downstream": {
                "cohen_kappa": [
                    0.6453925884390905
                ],
                "f1_scores": {
                    "N1": [
                        0.4044585987261146
                    ],
                    "N2": [
                        0.8323533845921905
                    ],
                    "N3": [
                        0.8121034651049293
                    ],
                    "REM": [
                        0.6339671564390666
                    ],
                    "Wake": [
                        0.7093235831809872
                    ],
                    "macro": [
                        0.6784412376086577
                    ]
                },
                "loss": [
                    1.4867434868445764
                ],
                "precisions": {
                    "N1": [
                        0.37797619047619047
                    ],
                    "N2": [
                        0.8334842995169082
                    ],
                    "N3": [
                        0.743521000893655
                    ],
                    "REM": [
                        0.596826688364524
                    ],
                    "Wake": [
                        0.9143754909662215
                    ],
                    "macro": [
                        0.6932367340434997
                    ]
                },
                "recalls": {
                    "N1": [
                        0.4349315068493151
                    ],
                    "N2": [
                        0.831225534477567
                    ],
                    "N3": [
                        0.8946236559139785
                    ],
                    "REM": [
                        0.676036866359447
                    ],
                    "Wake": [
                        0.5793927327028372
                    ],
                    "macro": [
                        0.683242059260629
                    ]
                }
            }
        }
    },
    "train": {},
    "valid_pretraining": {}
}
