{"earlystopping":{"confusion_matrices":{"abs":["[[801, 63, 133, 2, 109], [54, 119, 160, 0, 95], [91, 40, 3528, 321, 117], [32, 0, 142, 733, 1], [23, 26, 119, 0, 1085]]"]},"markov_matrices":{"abs":{"actual":["[[862, 210, 21, 0, 14], [64, 148, 206, 0, 10], [130, 65, 3781, 89, 32], [11, 1, 77, 819, 0], [40, 4, 12, 0, 1197]]"],"predicted":["[[758, 110, 61, 9, 62], [41, 79, 116, 1, 11], [118, 51, 3738, 81, 94], [15, 1, 75, 965, 0], [68, 7, 92, 0, 1240]]"]}},"metrics":{"downstream":{"cohen_kappa":[0.7029035825527646],"f1_scores":{"N1":[0.3520710059171598],"N2":[0.862697151240983],"N3":[0.7464358452138493],"REM":[0.8157894736842105],"Wake":[0.759601706970128],"macro":[0.7073190366052662]},"loss":[1.0062744617462158],"precisions":{"N1":[0.4798387096774194],"N2":[0.8642822146006859],"N3":[0.6941287878787878],"REM":[0.7711442786069652],"Wake":[0.8001998001998002],"macro":[0.7219187581927318]},"recalls":{"N1":[0.2780373831775701],"N2":[0.8611178911398585],"N3":[0.8072687224669604],"REM":[0.8659217877094972],"Wake":[0.7229241877256317],"macro":[0.7070539944439036]}}}},"test":{"confusion_matrices":{"abs":["[[1814, 93, 182, 21, 261], [216, 211, 160, 5, 162], [227, 75, 4922, 227, 1033], [12, 4, 101, 1245, 79], [78, 103, 323, 0, 1620]]"]},"markov_matrices":{"abs":{"actual":["[[1925, 362, 71, 0, 13], [125, 270, 344, 1, 14], [256, 108, 5893, 174, 52], [18, 2, 155, 1266, 0], [46, 12, 21, 0, 2045]]"],"predicted":["[[1945, 163, 123, 8, 108], [64, 219, 169, 1, 33], [196, 82, 5075, 119, 215], [19, 1, 106, 1351, 21], [122, 21, 215, 19, 2778]]"]}},"metrics":{"downstream":{"cohen_kappa":[0.6366084269930494],"f1_scores":{"N1":[0.3403225806451613],"N2":[0.8087413736444298],"N3":[0.8472269479414767],"REM":[0.6137526046599735],"Wake":[0.7689699025010599],"macro":[0.6758026818784202]},"loss":[1.3767330463115985],"precisions":{"N1":[0.43415637860082307],"N2":[0.8653305203938115],"N3":[0.8311081441922563],"REM":[0.5134706814580031],"Wake":[0.7729015764806135],"macro":[0.6833934602251015]},"recalls":{"N1":[0.27984084880636606],"N2":[0.7590993214065391],"N3":[0.8639833448993754],"REM":[0.7627118644067796],"Wake":[0.7650780261493041],"macro":[0.6861426811336729]}}}},"train":{},"valid_pretraining":{}}