{"earlystopping":{"confusion_matrices":{"abs":["[[1167, 79, 151, 1, 88], [55, 133, 241, 1, 31], [151, 130, 3416, 116, 15], [5, 25, 371, 625, 0], [9, 102, 322, 0, 774]]"]},"markov_matrices":{"abs":{"actual":["[[1212, 234, 24, 0, 15], [70, 143, 236, 0, 12], [144, 80, 3479, 94, 31], [13, 1, 80, 932, 0], [46, 3, 9, 0, 1149]]"],"predicted":["[[1122, 107, 106, 13, 38], [46, 225, 163, 6, 29], [148, 89, 4091, 85, 88], [20, 11, 73, 639, 0], [50, 37, 68, 0, 753]]"]}},"metrics":{"downstream":{"cohen_kappa":[0.6455052117768789],"f1_scores":{"N1":[0.2860215053763441],"N2":[0.8202665386000721],"N3":[0.7066139061616733],"REM":[0.7319148936170212],"Wake":[0.8123912286808215],"macro":[0.6714416144871864]},"loss":[1.69073486328125],"precisions":{"N1":[0.2835820895522388],"N2":[0.7589424572317263],"N3":[0.8411843876177658],"REM":[0.8524229074889867],"Wake":[0.8413842826243692],"macro":[0.7155032249030173]},"recalls":{"N1":[0.2885032537960954],"N2":[0.8923719958202717],"N3":[0.6091617933723197],"REM":[0.6412593206296603],"Wake":[0.7853297442799462],"macro":[0.6433252215796588]}}}},"test":{"confusion_matrices":{"abs":["[[1601, 118, 356, 20, 118], [181, 324, 225, 8, 96], [290, 248, 5486, 329, 245], [6, 0, 642, 867, 0], [14, 76, 841, 0, 1718]]"]},"markov_matrices":{"abs":{"actual":["[[1846, 336, 22, 0, 8], [106, 332, 383, 0, 13], [188, 148, 6049, 144, 69], [24, 1, 119, 1371, 0], [48, 17, 25, 0, 2559]]"],"predicted":["[[1638, 203, 140, 32, 78], [64, 408, 244, 5, 45], [266, 86, 6847, 103, 248], [38, 8, 94, 1072, 12], [86, 60, 225, 12, 1794]]"]}},"metrics":{"downstream":{"cohen_kappa":[0.5885911141266291],"f1_scores":{"N1":[0.405],"N2":[0.7755159739892564],"N3":[0.6330777656078861],"REM":[0.7119767923746375],"Wake":[0.7437862950058072],"macro":[0.6538713653955174]},"loss":[2.1952507584183305],"precisions":{"N1":[0.42297650130548303],"N2":[0.7266225165562914],"N3":[0.7083333333333334],"REM":[0.7891593936610014],"Wake":[0.7652963671128107],"macro":[0.682477622393784]},"recalls":{"N1":[0.38848920863309355],"N2":[0.8314640800242498],"N3":[0.5722772277227722],"REM":[0.6485466213665534],"Wake":[0.7234523271577045],"macro":[0.6328458929808747]}}}},"train":{},"valid_pretraining":{}}