{"earlystopping":{"confusion_matrices":{"abs":["[[1061, 311, 177, 9, 148], [138, 291, 336, 8, 137], [71, 93, 1926, 110, 155], [2, 0, 314, 1054, 12], [20, 72, 68, 0, 933]]"]},"markov_matrices":{"abs":{"actual":["[[1401, 259, 37, 0, 9], [125, 439, 301, 1, 44], [114, 165, 1969, 73, 33], [25, 5, 43, 1308, 1], [40, 42, 5, 0, 1006]]"],"predicted":["[[997, 170, 95, 1, 29], [94, 437, 169, 3, 63], [142, 93, 2367, 103, 116], [13, 5, 85, 1072, 6], [45, 62, 105, 2, 1171]]"]}},"metrics":{"downstream":{"cohen_kappa":[0.6201357373345878],"f1_scores":{"N1":[0.3470483005366726],"N2":[0.7442040185471407],"N3":[0.8224736636753804],"REM":[0.7530266343825666],"Wake":[0.7078052034689793],"macro":[0.6749115641221479]},"loss":[2.355444590250651],"precisions":{"N1":[0.379400260756193],"N2":[0.6827366182204891],"N3":[0.8924640135478408],"REM":[0.6736462093862816],"Wake":[0.8212074303405573],"macro":[0.6898909064502723]},"recalls":{"N1":[0.31978021978021975],"N2":[0.8178343949044586],"N3":[0.7626628075253257],"REM":[0.8536139066788655],"Wake":[0.6219226260257913],"macro":[0.6751627909829322]}}}},"test":{"confusion_matrices":{"abs":["[[3192, 1091, 452, 14, 291], [298, 1248, 1358, 14, 489], [192, 348, 5921, 243, 405], [17, 10, 991, 2767, 16], [55, 303, 235, 8, 1833]]"]},"markov_matrices":{"abs":{"actual":["[[4102, 786, 104, 4, 43], [364, 1729, 1099, 3, 212], [382, 681, 5745, 228, 73], [56, 29, 147, 3566, 3], [135, 182, 14, 0, 2103]]"],"predicted":["[[3002, 473, 221, 6, 52], [259, 1943, 531, 11, 256], [366, 337, 7709, 246, 299], [40, 12, 209, 2775, 10], [86, 235, 287, 8, 2417]]"]}},"metrics":{"downstream":{"cohen_kappa":[0.5900705058481426],"f1_scores":{"N1":[0.38957390354299987],"N2":[0.7370845263288933],"N3":[0.8082371841682489],"REM":[0.6704462326261887],"Wake":[0.7259495110302479],"macro":[0.6662582715393157]},"loss":[2.5625842781954034],"precisions":{"N1":[0.416],"N2":[0.6610472256335826],"N3":[0.9084044648719632],"REM":[0.6041529334212261],"Wake":[0.850293020777837],"macro":[0.6879795289409218]},"recalls":{"N1":[0.36630466686234225],"N2":[0.8328878885919258],"N3":[0.7279663246514075],"REM":[0.7530813475760065],"Wake":[0.6333333333333333],"macro":[0.662714712203003]}}}},"train":{},"valid_pretraining":{}}