{"earlystopping":{"confusion_matrices":{"abs":["[[5617, 390, 43, 3, 33], [335, 633, 497, 36, 259], [437, 268, 4964, 598, 230], [34, 4, 393, 1112, 6], [128, 48, 314, 26, 2236]]"]},"markov_matrices":{"abs":{"actual":["[[5819, 253, 12, 0, 1], [157, 1185, 319, 2, 97], [66, 186, 5820, 317, 108], [7, 16, 296, 1230, 0], [36, 120, 50, 0, 2546]]"],"predicted":["[[6099, 262, 133, 7, 49], [184, 874, 250, 2, 33], [171, 152, 5535, 214, 139], [28, 3, 185, 1549, 10], [68, 52, 108, 3, 2533]]"]}},"metrics":{"downstream":{"cohen_kappa":[0.7011475523135451],"f1_scores":{"N1":[0.40799226554946827],"N2":[0.7812401636764243],"N3":[0.6690734055354994],"REM":[0.8107324147933285],"Wake":[0.8889768141172747],"macro":[0.711603012734399]},"loss":[1.2005946185137775],"precisions":{"N1":[0.47133283693224126],"N2":[0.7992271775881501],"N3":[0.6264788732394366],"REM":[0.808972503617945],"Wake":[0.8574263471225767],"macro":[0.7126875477000699]},"recalls":{"N1":[0.35965909090909093],"N2":[0.7640449438202247],"N3":[0.7178825048418335],"REM":[0.8125],"Wake":[0.9229378902398948],"macro":[0.7154048859622087]}}}},"test":{"confusion_matrices":{"abs":["[[8756, 738, 91, 0, 97], [503, 1371, 553, 14, 558], [204, 679, 10267, 556, 1060], [13, 6, 391, 1749, 15], [65, 160, 249, 0, 4163]]"]},"markov_matrices":{"abs":{"actual":["[[9241, 410, 25, 0, 5], [217, 2136, 559, 2, 85], [152, 323, 11813, 339, 139], [16, 13, 311, 1833, 1], [55, 117, 58, 0, 4407]]"],"predicted":["[[8863, 507, 105, 2, 63], [317, 2043, 441, 1, 152], [191, 243, 10455, 272, 390], [25, 5, 229, 2043, 17], [144, 156, 321, 1, 5271]]"]}},"metrics":{"downstream":{"cohen_kappa":[0.7472079852817559],"f1_scores":{"N1":[0.4606080967579372],"N2":[0.8444298227577415],"N3":[0.7785444024037391],"REM":[0.790693257359924],"Wake":[0.9109920407844769],"macro":[0.7570535240127637]},"loss":[0.932883620262146],"precisions":{"N1":[0.46411645226811105],"N2":[0.8888407930049347],"N3":[0.7542043984476067],"REM":[0.706431359239776],"Wake":[0.9177235090661356],"macro":[0.7462633024053128]},"recalls":{"N1":[0.45715238412804265],"N2":[0.8042456525144916],"N3":[0.8045078196872125],"REM":[0.897778736251887],"Wake":[0.9043586035942986],"macro":[0.7736086392351865]}}}},"train":{},"valid_pretraining":{}}