{"earlystopping":{"confusion_matrices":{"abs":["[[6447, 318, 110, 0, 241], [153, 478, 820, 0, 361], [104, 199, 5821, 0, 731], [0, 3, 1394, 0, 33], [42, 185, 695, 0, 1833]]"]},"markov_matrices":{"abs":{"actual":["[[6823, 271, 17, 0, 4], [151, 1184, 365, 3, 109], [78, 212, 6189, 261, 115], [11, 15, 238, 1166, 0], [52, 130, 46, 0, 2527]]"],"predicted":["[[6498, 120, 64, 0, 64], [106, 769, 215, 0, 93], [80, 174, 8196, 0, 389], [0, 0, 0, 0, 0], [62, 120, 364, 0, 2653]]"]}},"metrics":{"downstream":{"cohen_kappa":[0.6145329050397135],"f1_scores":{"N1":[0.3191986644407346],"N2":[0.741764893278114],"N3":[0.0],"REM":[0.6157205240174672],"Wake":[0.9301688068099841],"macro":[0.52137057770926]},"loss":[1.4686228434244792],"precisions":{"N1":[0.4040574809805579],"N2":[0.6584841628959276],"N3":[0.0],"REM":[0.572991559862457],"Wake":[0.9556774384820634],"macro":[0.5182421284442011]},"recalls":{"N1":[0.26379690949227375],"N2":[0.849161196207148],"N3":[0.0],"REM":[0.6653357531760435],"Wake":[0.9059865092748736],"macro":[0.5368560736300678]}}}},"test":{"confusion_matrices":{"abs":["[[12322, 1294, 438, 0, 1368], [473, 943, 1785, 0, 813], [322, 631, 9874, 0, 886], [5, 1, 2214, 0, 33], [99, 537, 764, 0, 2543]]"]},"markov_matrices":{"abs":{"actual":["[[14659, 720, 37, 1, 4], [431, 2829, 660, 3, 91], [229, 338, 10472, 535, 139], [24, 14, 498, 1714, 3], [78, 113, 46, 0, 3706]]"],"predicted":["[[12502, 395, 144, 0, 179], [356, 2373, 448, 0, 229], [172, 383, 13936, 0, 584], [0, 0, 0, 0, 0], [190, 255, 547, 0, 4651]]"]}},"metrics":{"downstream":{"cohen_kappa":[0.5547655360541415],"f1_scores":{"N1":[0.254177897574124],"N2":[0.7371957592952068],"N3":[0.0],"REM":[0.5305654078865012],"Wake":[0.8603847362357295],"macro":[0.4764647601983123]},"loss":[1.645861900016053],"precisions":{"N1":[0.2768643570170288],"N2":[0.6549917081260365],"N3":[0.0],"REM":[0.4506468190678717],"Wake":[0.9320021178428258],"macro":[0.4629010004107525]},"recalls":{"N1":[0.23492775286497258],"N2":[0.8429949628617776],"N3":[0.0],"REM":[0.6449404007101192],"Wake":[0.798988458046946],"macro":[0.504370314896763]}}}},"train":{},"valid_pretraining":{}}