{
    "earlystopping": {
        "confusion_matrices": {
            "abs": [
                "[[871, 10, 78, 5, 144], [167, 51, 94, 6, 110], [444, 88, 1464, 425, 1676], [65, 0, 3, 686, 154], [168, 38, 48, 0, 999]]"
            ]
        },
        "markov_matrices": {
            "abs": {
                "actual": [
                    "[[862, 210, 21, 0, 14], [64, 148, 206, 0, 10], [130, 65, 3781, 89, 32], [11, 1, 77, 819, 0], [40, 4, 12, 0, 1197]]"
                ],
                "predicted": [
                    "[[1393, 79, 97, 2, 144], [13, 71, 72, 1, 30], [117, 27, 1322, 17, 203], [6, 1, 17, 1017, 81], [185, 9, 179, 85, 2625]]"
                ]
            }
        },
        "metrics": {
            "downstream": {
                "cohen_kappa": [
                    0.3822577533543585
                ],
                "f1_scores": {
                    "N1": [
                        0.16585365853658535
                    ],
                    "N2": [
                        0.5062240663900415
                    ],
                    "N3": [
                        0.6758620689655173
                    ],
                    "REM": [
                        0.46079335793357934
                    ],
                    "Wake": [
                        0.6170740347148422
                    ],
                    "macro": [
                        0.4851614373081131
                    ]
                },
                "loss": [
                    4.963649749755859
                ],
                "precisions": {
                    "N1": [
                        0.2727272727272727
                    ],
                    "N2": [
                        0.8678126852400712
                    ],
                    "N3": [
                        0.6114081996434938
                    ],
                    "REM": [
                        0.3240350308141421
                    ],
                    "Wake": [
                        0.5078717201166181
                    ],
                    "macro": [
                        0.5167709817083196
                    ]
                },
                "recalls": {
                    "N1": [
                        0.1191588785046729
                    ],
                    "N2": [
                        0.3573346350988528
                    ],
                    "N3": [
                        0.7555066079295154
                    ],
                    "REM": [
                        0.7972865123703112
                    ],
                    "Wake": [
                        0.7861010830324909
                    ],
                    "macro": [
                        0.5630775433871686
                    ]
                }
            }
        }
    },
    "test": {
        "confusion_matrices": {
            "abs": [
                "[[1925, 23, 97, 22, 304], [431, 89, 65, 1, 168], [907, 168, 2216, 329, 2864], [4, 0, 7, 1041, 389], [174, 18, 140, 0, 1792]]"
            ]
        },
        "markov_matrices": {
            "abs": {
                "actual": [
                    "[[1925, 362, 71, 0, 13], [125, 270, 344, 1, 14], [256, 108, 5893, 174, 52], [18, 2, 155, 1266, 0], [46, 12, 21, 0, 2045]]"
                ],
                "predicted": [
                    "[[2947, 123, 135, 11, 225], [47, 118, 105, 2, 26], [155, 41, 2020, 45, 264], [23, 1, 38, 1238, 93], [268, 15, 227, 97, 4909]]"
                ]
            }
        },
        "metrics": {
            "downstream": {
                "cohen_kappa": [
                    0.4039812205288127
                ],
                "f1_scores": {
                    "N1": [
                        0.1692015209125475
                    ],
                    "N2": [
                        0.49195249195249197
                    ],
                    "N3": [
                        0.7346506704304869
                    ],
                    "REM": [
                        0.4690485538542076
                    ],
                    "Wake": [
                        0.662422573984859
                    ],
                    "macro": [
                        0.5054551622269187
                    ]
                },
                "loss": [
                    5.051565317007212
                ],
                "precisions": {
                    "N1": [
                        0.2986577181208054
                    ],
                    "N2": [
                        0.8776237623762376
                    ],
                    "N3": [
                        0.747307968413496
                    ],
                    "REM": [
                        0.3248142106217147
                    ],
                    "Wake": [
                        0.5594303981400756
                    ],
                    "macro": [
                        0.5615668115344657
                    ]
                },
                "recalls": {
                    "N1": [
                        0.11803713527851459
                    ],
                    "N2": [
                        0.3417643429981493
                    ],
                    "N3": [
                        0.7224149895905622
                    ],
                    "REM": [
                        0.8436911487758946
                    ],
                    "Wake": [
                        0.8118937157317587
                    ],
                    "macro": [
                        0.5675602664749758
                    ]
                }
            }
        }
    },
    "train": {},
    "valid_pretraining": {}
}
