{
    "earlystopping": {
        "confusion_matrices": {
            "abs": [
                "[[1011, 106, 115, 13, 241], [40, 164, 160, 11, 86], [46, 56, 3087, 438, 201], [0, 0, 222, 801, 3], [7, 25, 110, 0, 1065]]"
            ]
        },
        "markov_matrices": {
            "abs": {
                "actual": [
                    "[[1212, 234, 24, 0, 15], [70, 143, 236, 0, 12], [144, 80, 3479, 94, 31], [13, 1, 80, 932, 0], [46, 3, 9, 0, 1149]]"
                ],
                "predicted": [
                    "[[841, 188, 31, 13, 30], [68, 100, 136, 3, 44], [119, 32, 3341, 110, 92], [22, 4, 98, 1136, 3], [53, 27, 88, 1, 1427]]"
                ]
            }
        },
        "metrics": {
            "downstream": {
                "cohen_kappa": [
                    0.6651672590184251
                ],
                "f1_scores": {
                    "N1": [
                        0.4039408866995074
                    ],
                    "N2": [
                        0.8207923424621112
                    ],
                    "N3": [
                        0.6998689384010485
                    ],
                    "REM": [
                        0.7599001070281841
                    ],
                    "Wake": [
                        0.7806949806949807
                    ],
                    "macro": [
                        0.6930394510571664
                    ]
                },
                "loss": [
                    1.226943016052246
                ],
                "precisions": {
                    "N1": [
                        0.4672364672364672
                    ],
                    "N2": [
                        0.8356794802382241
                    ],
                    "N3": [
                        0.6342042755344418
                    ],
                    "REM": [
                        0.6672932330827067
                    ],
                    "Wake": [
                        0.9157608695652174
                    ],
                    "macro": [
                        0.7040348651314116
                    ]
                },
                "recalls": {
                    "N1": [
                        0.3557483731019523
                    ],
                    "N2": [
                        0.8064263322884012
                    ],
                    "N3": [
                        0.7807017543859649
                    ],
                    "REM": [
                        0.8823529411764706
                    ],
                    "Wake": [
                        0.680349932705249
                    ],
                    "macro": [
                        0.7011158667316076
                    ]
                }
            }
        }
    },
    "test": {
        "confusion_matrices": {
            "abs": [
                "[[1111, 71, 220, 25, 786], [122, 265, 170, 9, 268], [117, 102, 5478, 537, 364], [0, 0, 359, 1156, 0], [21, 23, 655, 15, 1935]]"
            ]
        },
        "markov_matrices": {
            "abs": {
                "actual": [
                    "[[1846, 336, 22, 0, 8], [106, 332, 383, 0, 13], [188, 148, 6049, 144, 69], [24, 1, 119, 1371, 0], [48, 17, 25, 0, 2559]]"
                ],
                "predicted": [
                    "[[962, 251, 77, 13, 68], [81, 127, 199, 2, 52], [208, 51, 6273, 190, 159], [33, 1, 172, 1526, 10], [87, 30, 161, 11, 3064]]"
                ]
            }
        },
        "metrics": {
            "downstream": {
                "cohen_kappa": [
                    0.5906288536081354
                ],
                "f1_scores": {
                    "N1": [
                        0.4092664092664093
                    ],
                    "N2": [
                        0.8127596439169139
                    ],
                    "N3": [
                        0.709855695425238
                    ],
                    "REM": [
                        0.6447850716427858
                    ],
                    "Wake": [
                        0.6199776785714286
                    ],
                    "macro": [
                        0.6393288997645551
                    ]
                },
                "loss": [
                    1.8594404149938513
                ],
                "precisions": {
                    "N1": [
                        0.5748373101952278
                    ],
                    "N2": [
                        0.7959895379250218
                    ],
                    "N3": [
                        0.6636050516647531
                    ],
                    "REM": [
                        0.5770951386817775
                    ],
                    "Wake": [
                        0.8103574033552152
                    ],
                    "macro": [
                        0.6843768883643991
                    ]
                },
                "recalls": {
                    "N1": [
                        0.31774580335731417
                    ],
                    "N2": [
                        0.8302515913913308
                    ],
                    "N3": [
                        0.763036303630363
                    ],
                    "REM": [
                        0.7304643261608154
                    ],
                    "Wake": [
                        0.5020334387708992
                    ],
                    "macro": [
                        0.6287062926621445
                    ]
                }
            }
        }
    },
    "train": {},
    "valid_pretraining": {}
}
