{"earlystopping":{"confusion_matrices":{"abs":["[[1019, 109, 279, 3, 48], [120, 66, 180, 5, 37], [349, 100, 2722, 318, 213], [22, 1, 263, 764, 0], [252, 42, 274, 7, 490]]"]},"markov_matrices":{"abs":{"actual":["[[1259, 184, 13, 0, 1], [48, 150, 197, 0, 13], [112, 70, 3412, 84, 24], [12, 1, 71, 966, 0], [26, 3, 9, 0, 1027]]"],"predicted":["[[1330, 144, 205, 12, 70], [75, 99, 127, 0, 17], [257, 58, 3183, 113, 107], [17, 1, 108, 971, 0], [82, 16, 95, 1, 594]]"]}},"metrics":{"downstream":{"cohen_kappa":[0.5035119347815333],"f1_scores":{"N1":[0.18181818181818182],"N2":[0.7336927223719676],"N3":[0.711690731252911],"REM":[0.528872099298435],"Wake":[0.632919254658385],"macro":[0.5577985978799761]},"loss":[1.1092671155929565],"precisions":{"N1":[0.20754716981132076],"N2":[0.7321140398063475],"N3":[0.6964448495897904],"REM":[0.6218274111675127],"Wake":[0.5783200908059024],"macro":[0.5672507122361747]},"recalls":{"N1":[0.16176470588235295],"N2":[0.7352782279848731],"N3":[0.7276190476190476],"REM":[0.460093896713615],"Wake":[0.6989026063100137],"macro":[0.5567316969019804]}}}},"test":{"confusion_matrices":{"abs":["[[1311, 117, 364, 15, 202], [207, 79, 224, 7, 67], [1065, 172, 4247, 468, 690], [24, 0, 288, 1546, 2], [579, 91, 664, 22, 814]]"]},"markov_matrices":{"abs":{"actual":["[[1680, 283, 29, 0, 17], [67, 196, 302, 0, 18], [192, 88, 6163, 147, 52], [23, 1, 123, 1713, 0], [46, 16, 25, 0, 2083]]"],"predicted":["[[2355, 202, 412, 19, 198], [110, 162, 158, 2, 27], [450, 63, 4879, 171, 223], [37, 0, 156, 1861, 4], [233, 32, 182, 5, 1323]]"]}},"metrics":{"downstream":{"cohen_kappa":[0.4326751314035001],"f1_scores":{"N1":[0.15148609779482264],"N2":[0.6834017217797088],"N3":[0.7891781521184278],"REM":[0.41267427122940425],"Wake":[0.5047160731472571],"macro":[0.508291263213924]},"loss":[1.5535906278170073],"precisions":{"N1":[0.1721132897603486],"N2":[0.7338862968723],"N3":[0.7512147716229349],"REM":[0.45859154929577467],"Wake":[0.4114877589453861],"macro":[0.505458733299349]},"recalls":{"N1":[0.13527397260273974],"N2":[0.6394158386028305],"N3":[0.8311827956989247],"REM":[0.37511520737327186],"Wake":[0.6525634644101543],"macro":[0.5267102557375842]}}}},"train":{},"valid_pretraining":{}}