{"earlystopping":{"confusion_matrices":{"abs":["[[515, 137, 242, 24, 454], [31, 39, 181, 2, 159], [180, 94, 1560, 151, 1960], [3, 3, 150, 183, 566], [176, 56, 184, 16, 877]]"]},"markov_matrices":{"abs":{"actual":["[[1122, 217, 18, 0, 15], [56, 131, 215, 0, 10], [138, 60, 3629, 84, 34], [13, 1, 70, 821, 0], [42, 3, 13, 0, 1250]]"],"predicted":["[[540, 121, 79, 10, 155], [65, 111, 85, 5, 63], [98, 45, 2041, 56, 76], [11, 2, 51, 276, 36], [191, 50, 61, 29, 3685]]"]}},"metrics":{"downstream":{"cohen_kappa":[0.19363156090017575],"f1_scores":{"N1":[0.10526315789473685],"N2":[0.49824337272436925],"N3":[0.2857142857142857],"REM":[0.3293896713615024],"Wake":[0.4523495827843654],"macro":[0.33419201409585186]},"loss":[5.905354022979736],"precisions":{"N1":[0.11854103343465046],"N2":[0.6732844195079845],"N3":[0.4867021276595745],"REM":[0.21837649402390438],"Wake":[0.569060773480663],"macro":[0.4131929696213554]},"recalls":{"N1":[0.09466019417475728],"N2":[0.39543726235741444],"N3":[0.2022099447513812],"REM":[0.6699770817417876],"Wake":[0.3753644314868805],"macro":[0.3475297829024442]}}}},"test":{"confusion_matrices":{"abs":["[[1259, 227, 351, 17, 902], [186, 122, 199, 13, 261], [475, 209, 3494, 287, 2640], [24, 3, 356, 407, 724], [293, 145, 778, 86, 916]]"]},"markov_matrices":{"abs":{"actual":["[[2267, 413, 59, 2, 15], [177, 247, 342, 0, 14], [239, 108, 6570, 128, 60], [22, 0, 108, 1384, 0], [50, 13, 26, 0, 2129]]"],"predicted":["[[1446, 265, 208, 28, 290], [120, 238, 216, 12, 120], [268, 108, 4492, 135, 174], [26, 12, 144, 598, 30], [377, 83, 118, 37, 4828]]"]}},"metrics":{"downstream":{"cohen_kappa":[0.21551030082670386],"f1_scores":{"N1":[0.16408876933423],"N2":[0.5689163885044369],"N3":[0.3502581755593804],"REM":[0.23913327241874427],"Wake":[0.5043060284398158],"macro":[0.36534052685132146]},"loss":[5.7388195169383085],"precisions":{"N1":[0.17280453257790368],"N2":[0.6747779065276168],"N3":[0.5024691358024691],"REM":[0.16828954620613631],"Wake":[0.562807331247206],"macro":[0.4162296904722663]},"recalls":{"N1":[0.15620998719590268],"N2":[0.49176636171710064],"N3":[0.26882430647291944],"REM":[0.41298467087466184],"Wake":[0.4568214804063861],"macro":[0.35732136133339415]}}}},"train":{},"valid_pretraining":{}}