{
    "earlystopping": {
        "confusion_matrices": {
            "abs": [
                "[[1318, 92, 42, 0, 6], [22, 252, 112, 0, 22], [21, 95, 3259, 286, 41], [0, 0, 133, 917, 0], [4, 22, 43, 0, 996]]"
            ]
        },
        "markov_matrices": {
            "abs": {
                "actual": [
                    "[[1259, 184, 13, 0, 1], [48, 150, 197, 0, 13], [112, 70, 3412, 84, 24], [12, 1, 71, 966, 0], [26, 3, 9, 0, 1027]]"
                ],
                "predicted": [
                    "[[1181, 169, 10, 0, 4], [58, 238, 154, 0, 11], [92, 44, 3369, 53, 31], [12, 1, 40, 1150, 0], [21, 9, 16, 0, 1019]]"
                ]
            }
        },
        "metrics": {
            "downstream": {
                "cohen_kappa": [
                    0.8243784527266402
                ],
                "f1_scores": {
                    "N1": [
                        0.5799769850402762
                    ],
                    "N2": [
                        0.893978878068852
                    ],
                    "N3": [
                        0.8140257434531736
                    ],
                    "REM": [
                        0.9352112676056338
                    ],
                    "Wake": [
                        0.9337584130357776
                    ],
                    "macro": [
                        0.8313902574407426
                    ]
                },
                "loss": [
                    0.3607565462589264
                ],
                "precisions": {
                    "N1": [
                        0.5466377440347071
                    ],
                    "N2": [
                        0.9080523822791864
                    ],
                    "N3": [
                        0.7622610141313383
                    ],
                    "REM": [
                        0.9352112676056338
                    ],
                    "Wake": [
                        0.9655677655677656
                    ],
                    "macro": [
                        0.8235460347237262
                    ]
                },
                "recalls": {
                    "N1": [
                        0.6176470588235294
                    ],
                    "N2": [
                        0.8803349540788763
                    ],
                    "N3": [
                        0.8733333333333333
                    ],
                    "REM": [
                        0.9352112676056338
                    ],
                    "Wake": [
                        0.9039780521262003
                    ],
                    "macro": [
                        0.8421009331935145
                    ]
                }
            }
        }
    },
    "test": {
        "confusion_matrices": {
            "abs": [
                "[[1747, 102, 116, 5, 39], [33, 353, 172, 1, 25], [42, 85, 5994, 443, 78], [0, 0, 117, 1743, 0], [10, 40, 234, 0, 1886]]"
            ]
        },
        "markov_matrices": {
            "abs": {
                "actual": [
                    "[[1680, 283, 29, 0, 17], [67, 196, 302, 0, 18], [192, 88, 6163, 147, 52], [23, 1, 123, 1713, 0], [46, 16, 25, 0, 2083]]"
                ],
                "predicted": [
                    "[[1547, 245, 33, 0, 7], [56, 245, 267, 1, 11], [178, 69, 6179, 124, 82], [14, 9, 101, 2067, 1], [36, 12, 53, 0, 1927]]"
                ]
            }
        },
        "metrics": {
            "downstream": {
                "cohen_kappa": [
                    0.8286978765547353
                ],
                "f1_scores": {
                    "N1": [
                        0.6065292096219931
                    ],
                    "N2": [
                        0.9030508474576271
                    ],
                    "N3": [
                        0.8603158933859822
                    ],
                    "REM": [
                        0.8985231062410671
                    ],
                    "Wake": [
                        0.9096589429835981
                    ],
                    "macro": [
                        0.8356155999380535
                    ]
                },
                "loss": [
                    0.33300198041475737
                ],
                "precisions": {
                    "N1": [
                        0.6086206896551725
                    ],
                    "N2": [
                        0.903663500678426
                    ],
                    "N3": [
                        0.7951642335766423
                    ],
                    "REM": [
                        0.9299802761341223
                    ],
                    "Wake": [
                        0.9536026200873362
                    ],
                    "macro": [
                        0.8382062640263399
                    ]
                },
                "recalls": {
                    "N1": [
                        0.6044520547945206
                    ],
                    "N2": [
                        0.9024390243902439
                    ],
                    "N3": [
                        0.9370967741935484
                    ],
                    "REM": [
                        0.8691244239631336
                    ],
                    "Wake": [
                        0.8695868591338974
                    ],
                    "macro": [
                        0.8365398272950687
                    ]
                }
            }
        }
    },
    "train": {},
    "valid_pretraining": {}
}
