{"earlystopping":{"confusion_matrices":{"abs":["[[7244, 251, 56, 32, 77], [386, 495, 698, 97, 251], [107, 143, 5538, 1042, 276], [4, 0, 163, 946, 15], [77, 51, 198, 256, 2259]]"]},"markov_matrices":{"abs":{"actual":["[[7290, 345, 19, 0, 5], [197, 1257, 361, 3, 109], [94, 200, 6433, 271, 108], [13, 13, 248, 854, 0], [65, 112, 45, 0, 2619]]"],"predicted":["[[7392, 252, 92, 28, 53], [144, 506, 194, 14, 82], [139, 69, 6019, 221, 205], [45, 24, 201, 2088, 15], [97, 89, 147, 22, 2523]]"]}},"metrics":{"downstream":{"cohen_kappa":[0.7187576825605637],"f1_scores":{"N1":[0.34530868503662365],"N2":[0.8050003633985028],"N3":[0.5404170237075121],"REM":[0.7899982514425599],"Wake":[0.9360382478356377],"macro":[0.6833525142841672]},"loss":[0.9911248742080316],"precisions":{"N1":[0.526595744680851],"N2":[0.8324064331880354],"N3":[0.39865149599662875],"REM":[0.784920083391244],"Wake":[0.9265796878997186],"macro":[0.6938306890312955]},"recalls":{"N1":[0.2568759730150493],"N2":[0.7793414016324233],"N3":[0.8386524822695035],"REM":[0.795142555438226],"Wake":[0.9456919060052219],"macro":[0.7231408636720847]}}}},"test":{"confusion_matrices":{"abs":["[[10031, 291, 130, 26, 303], [1845, 488, 858, 15, 499], [2677, 302, 7935, 1130, 876], [81, 2, 377, 1500, 76], [1029, 201, 589, 103, 2918]]"]},"markov_matrices":{"abs":{"actual":["[[10118, 616, 19, 0, 27], [361, 2625, 600, 0, 119], [180, 332, 11792, 467, 149], [22, 6, 436, 1569, 3], [99, 126, 73, 0, 4542]]"],"predicted":["[[14715, 371, 338, 61, 177], [276, 594, 224, 21, 169], [353, 105, 8812, 271, 348], [82, 29, 235, 2386, 42], [236, 185, 280, 35, 3936]]"]}},"metrics":{"downstream":{"cohen_kappa":[0.5374251079792729],"f1_scores":{"N1":[0.19563038685107237],"N2":[0.6957779823753781],"N3":[0.6237006237006237],"REM":[0.6135407905803196],"Wake":[0.7586598094085615],"macro":[0.5774619185831911]},"loss":[1.6994948885334071],"precisions":{"N1":[0.38006230529595014],"N2":[0.8024067145312974],"N3":[0.5407354001441961],"REM":[0.6245719178082192],"Wake":[0.6404264827938454],"macro":[0.5976405641147016]},"recalls":{"N1":[0.13171390013495277],"N2":[0.6141640866873065],"N3":[0.7367387033398821],"REM":[0.6028925619834711],"Wake":[0.9304331694647991],"macro":[0.6031884843220824]}}}},"train":{},"valid_pretraining":{}}