{"earlystopping":{"confusion_matrices":{"abs":["[[6646, 193, 103, 6, 168], [287, 566, 678, 17, 264], [191, 310, 5653, 449, 252], [5, 2, 510, 903, 10], [89, 175, 300, 0, 2191]]"]},"markov_matrices":{"abs":{"actual":["[[6823, 271, 17, 0, 4], [151, 1184, 365, 3, 109], [78, 212, 6189, 261, 115], [11, 15, 238, 1166, 0], [52, 130, 46, 0, 2527]]"],"predicted":["[[6937, 173, 43, 0, 64], [81, 854, 253, 0, 58], [108, 122, 6709, 152, 153], [6, 1, 143, 1223, 2], [85, 96, 96, 0, 2608]]"]}},"metrics":{"downstream":{"cohen_kappa":[0.7196361509127134],"f1_scores":{"N1":[0.3701765860039241],"N2":[0.8019008440314916],"N3":[0.6438502673796791],"REM":[0.7769503546099291],"Wake":[0.9273057067113157],"macro":[0.704036751747268]},"loss":[0.5365735078469301],"precisions":{"N1":[0.45425361155698235],"N2":[0.780369961347322],"N3":[0.6567272727272727],"REM":[0.7594454072790294],"Wake":[0.9207536713771127],"macro":[0.7143099848575438]},"recalls":{"N1":[0.31236203090507725],"N2":[0.824653537563822],"N3":[0.6314685314685314],"REM":[0.7952813067150635],"Wake":[0.9339516582349635],"macro":[0.6995434129774916]}}}},"test":{"confusion_matrices":{"abs":["[[13066, 1136, 629, 8, 583], [678, 1378, 1447, 11, 500], [289, 620, 9769, 479, 556], [6, 9, 1131, 1099, 8], [156, 155, 514, 0, 3118]]"]},"markov_matrices":{"abs":{"actual":["[[14659, 720, 37, 1, 4], [431, 2829, 660, 3, 91], [229, 338, 10472, 535, 139], [24, 14, 498, 1714, 3], [78, 113, 46, 0, 3706]]"],"predicted":["[[13468, 442, 116, 1, 167], [236, 2338, 552, 0, 172], [251, 302, 12469, 188, 280], [7, 0, 178, 1407, 5], [232, 216, 175, 1, 4141]]"]}},"metrics":{"downstream":{"cohen_kappa":[0.6610015086262682],"f1_scores":{"N1":[0.3769146608315099],"N2":[0.7752251716065548],"N3":[0.5709090909090909],"REM":[0.7161231051906293],"Wake":[0.8823310936286592],"macro":[0.6643006244332887]},"loss":[0.6283585012775578],"precisions":{"N1":[0.4178289872650091],"N2":[0.7241660489251297],"N3":[0.6881653099561679],"REM":[0.6543546694648479],"Wake":[0.920464952448045],"macro":[0.6809959936118399]},"recalls":{"N1":[0.34329845540607873],"N2":[0.8340305643302314],"N3":[0.48779405237461165],"REM":[0.7907684504184631],"Wake":[0.8472312281156789],"macro":[0.6606245501290127]}}}},"train":{},"valid_pretraining":{}}