{"earlystopping":{"confusion_matrices":{"abs":["[[6722, 216, 69, 22, 87], [229, 880, 531, 84, 88], [118, 318, 5669, 671, 79], [9, 7, 371, 1042, 1], [66, 139, 346, 133, 2071]]"]},"markov_matrices":{"abs":{"actual":["[[6823, 271, 17, 0, 4], [151, 1184, 365, 3, 109], [78, 212, 6189, 261, 115], [11, 15, 238, 1166, 0], [52, 130, 46, 0, 2527]]"],"predicted":["[[6699, 317, 74, 22, 31], [165, 905, 364, 12, 114], [161, 224, 6182, 308, 111], [42, 19, 279, 1605, 7], [76, 95, 87, 5, 2063]]"]}},"metrics":{"downstream":{"cohen_kappa":[0.7514826522347469],"f1_scores":{"N1":[0.5219454329774614],"N2":[0.8191604652843003],"N3":[0.6162034299231224],"REM":[0.815193859476481],"Wake":[0.9427769985974754],"macro":[0.743056037251768]},"loss":[0.8946643731532953],"precisions":{"N1":[0.5641025641025641],"N2":[0.8114801030632693],"N3":[0.5338114754098361],"REM":[0.8903697334479793],"Wake":[0.9409294512877939],"macro":[0.7481386654622886]},"recalls":{"N1":[0.4856512141280353],"N2":[0.8269876002917579],"N3":[0.7286713286713287],"REM":[0.7517241379310344],"Wake":[0.9446318156267566],"macro":[0.7475332193297826]}}}},"test":{"confusion_matrices":{"abs":["[[13305, 1234, 420, 246, 217], [548, 1737, 1345, 122, 262], [93, 608, 9741, 972, 299], [2, 5, 763, 1481, 2], [67, 311, 574, 82, 2909]]"]},"markov_matrices":{"abs":{"actual":["[[14659, 720, 37, 1, 4], [431, 2829, 660, 3, 91], [229, 338, 10472, 535, 139], [24, 14, 498, 1714, 3], [78, 113, 46, 0, 3706]]"],"predicted":["[[12999, 758, 137, 71, 49], [486, 2467, 726, 19, 197], [340, 458, 11275, 500, 270], [95, 16, 484, 2276, 32], [94, 196, 221, 37, 3141]]"]}},"metrics":{"downstream":{"cohen_kappa":[0.6921565602092933],"f1_scores":{"N1":[0.4392464281198634],"N2":[0.7933702557419775],"N3":[0.5744763382467029],"REM":[0.7623165618448637],"Wake":[0.9039643985460475],"macro":[0.694674796499891]},"loss":[1.0265139227044093],"precisions":{"N1":[0.4459563543003851],"N2":[0.7584676477458537],"N3":[0.5101619014812263],"REM":[0.7885605855245323],"Wake":[0.9493399928647878],"macro":[0.690497296383357]},"recalls":{"N1":[0.4327354260089686],"N2":[0.8316400580551524],"N3":[0.6573457612072792],"REM":[0.7377631245244738],"Wake":[0.8627285695759305],"macro":[0.704442587874361]}}}},"train":{},"valid_pretraining":{}}