{
    "earlystopping": {
        "confusion_matrices": {
            "abs": [
                "[[1366, 49, 55, 0, 16], [156, 157, 122, 0, 26], [372, 168, 3071, 141, 76], [112, 4, 186, 724, 0], [95, 55, 136, 0, 921]]"
            ]
        },
        "markov_matrices": {
            "abs": {
                "actual": [
                    "[[1212, 234, 24, 0, 15], [70, 143, 236, 0, 12], [144, 80, 3479, 94, 31], [13, 1, 80, 932, 0], [46, 3, 9, 0, 1149]]"
                ],
                "predicted": [
                    "[[1822, 207, 59, 0, 12], [89, 161, 151, 0, 32], [145, 42, 3266, 60, 57], [9, 1, 48, 805, 2], [35, 22, 46, 0, 936]]"
                ]
            }
        },
        "metrics": {
            "downstream": {
                "cohen_kappa": [
                    0.6851885210734978
                ],
                "f1_scores": {
                    "N1": [
                        0.3512304250559284
                    ],
                    "N2": [
                        0.8302243849689105
                    ],
                    "N3": [
                        0.7657324167107351
                    ],
                    "REM": [
                        0.8201246660730187
                    ],
                    "Wake": [
                        0.7616392528575411
                    ],
                    "macro": [
                        0.7057902291332268
                    ]
                },
                "loss": [
                    0.8686364889144897
                ],
                "precisions": {
                    "N1": [
                        0.3625866050808314
                    ],
                    "N2": [
                        0.8602240896358544
                    ],
                    "N3": [
                        0.8369942196531792
                    ],
                    "REM": [
                        0.8864292589027911
                    ],
                    "Wake": [
                        0.6501665873393622
                    ],
                    "macro": [
                        0.7192801521224037
                    ]
                },
                "recalls": {
                    "N1": [
                        0.3405639913232104
                    ],
                    "N2": [
                        0.8022466039707419
                    ],
                    "N3": [
                        0.7056530214424951
                    ],
                    "REM": [
                        0.7630488815244407
                    ],
                    "Wake": [
                        0.9192462987886945
                    ],
                    "macro": [
                        0.7061517594099165
                    ]
                }
            }
        }
    },
    "test": {
        "confusion_matrices": {
            "abs": [
                "[[1574, 125, 177, 2, 335], [185, 350, 140, 1, 158], [194, 252, 5290, 269, 593], [15, 0, 287, 1200, 13], [34, 53, 387, 0, 2175]]"
            ]
        },
        "markov_matrices": {
            "abs": {
                "actual": [
                    "[[1846, 336, 22, 0, 8], [106, 332, 383, 0, 13], [188, 148, 6049, 144, 69], [24, 1, 119, 1371, 0], [48, 17, 25, 0, 2559]]"
                ],
                "predicted": [
                    "[[1578, 319, 62, 3, 39], [128, 324, 266, 0, 62], [211, 79, 5684, 104, 203], [22, 1, 85, 1364, 0], [63, 56, 184, 1, 2970]]"
                ]
            }
        },
        "metrics": {
            "downstream": {
                "cohen_kappa": [
                    0.6663356185232808
                ],
                "f1_scores": {
                    "N1": [
                        0.43370508054522927
                    ],
                    "N2": [
                        0.8214923518906747
                    ],
                    "N3": [
                        0.8034817542684968
                    ],
                    "REM": [
                        0.7344251224041871
                    ],
                    "Wake": [
                        0.7468564650059312
                    ],
                    "macro": [
                        0.7079921548229038
                    ]
                },
                "loss": [
                    0.9115768715187356
                ],
                "precisions": {
                    "N1": [
                        0.44871794871794873
                    ],
                    "N2": [
                        0.8422225760229263
                    ],
                    "N3": [
                        0.8152173913043478
                    ],
                    "REM": [
                        0.6643249847281613
                    ],
                    "Wake": [
                        0.7862137862137862
                    ],
                    "macro": [
                        0.711339337397434
                    ]
                },
                "recalls": {
                    "N1": [
                        0.4196642685851319
                    ],
                    "N2": [
                        0.8017581085177327
                    ],
                    "N3": [
                        0.7920792079207921
                    ],
                    "REM": [
                        0.8210645526613817
                    ],
                    "Wake": [
                        0.7112516945323091
                    ],
                    "macro": [
                        0.7091635664434695
                    ]
                }
            }
        }
    },
    "train": {},
    "valid_pretraining": {}
}
