{
    "earlystopping": {
        "confusion_matrices": {
            "abs": [
                "[[957, 81, 194, 10, 130], [74, 87, 158, 6, 87], [152, 70, 2918, 271, 534], [3, 1, 112, 774, 15], [82, 41, 258, 0, 928]]"
            ]
        },
        "markov_matrices": {
            "abs": {
                "actual": [
                    "[[1122, 217, 18, 0, 15], [56, 131, 215, 0, 10], [138, 60, 3629, 84, 34], [13, 1, 70, 821, 0], [42, 3, 13, 0, 1250]]"
                ],
                "predicted": [
                    "[[1025, 104, 83, 1, 55], [38, 130, 87, 1, 24], [111, 27, 3236, 76, 189], [7, 0, 68, 973, 13], [86, 19, 166, 10, 1413]]"
                ]
            }
        },
        "metrics": {
            "downstream": {
                "cohen_kappa": [
                    0.5857524456882535
                ],
                "f1_scores": {
                    "N1": [
                        0.2514450867052023
                    ],
                    "N2": [
                        0.7694133157547791
                    ],
                    "N3": [
                        0.7873855544252288
                    ],
                    "REM": [
                        0.6180486180486181
                    ],
                    "Wake": [
                        0.725
                    ],
                    "macro": [
                        0.6302585149867657
                    ]
                },
                "loss": [
                    0.7447217106819153
                ],
                "precisions": {
                    "N1": [
                        0.3107142857142857
                    ],
                    "N2": [
                        0.8016483516483517
                    ],
                    "N3": [
                        0.7295004712535345
                    ],
                    "REM": [
                        0.5478158205430933
                    ],
                    "Wake": [
                        0.7547318611987381
                    ],
                    "macro": [
                        0.6288821580716006
                    ]
                },
                "recalls": {
                    "N1": [
                        0.2111650485436893
                    ],
                    "N2": [
                        0.7396704689480355
                    ],
                    "N3": [
                        0.8552486187845304
                    ],
                    "REM": [
                        0.7089381207028266
                    ],
                    "Wake": [
                        0.6975218658892128
                    ],
                    "macro": [
                        0.6425088245736589
                    ]
                }
            }
        }
    },
    "test": {
        "confusion_matrices": {
            "abs": [
                "[[1901, 131, 438, 27, 259], [200, 131, 278, 16, 156], [422, 136, 5036, 556, 955], [7, 0, 173, 1291, 43], [158, 74, 592, 0, 1394]]"
            ]
        },
        "markov_matrices": {
            "abs": {
                "actual": [
                    "[[2267, 413, 59, 2, 15], [177, 247, 342, 0, 14], [239, 108, 6570, 128, 60], [22, 0, 108, 1384, 0], [50, 13, 26, 0, 2129]]"
                ],
                "predicted": [
                    "[[2224, 181, 177, 5, 101], [69, 195, 153, 0, 55], [230, 44, 5777, 135, 331], [15, 1, 121, 1731, 22], [149, 51, 289, 19, 2298]]"
                ]
            }
        },
        "metrics": {
            "downstream": {
                "cohen_kappa": [
                    0.5369478825060114
                ],
                "f1_scores": {
                    "N1": [
                        0.20909816440542697
                    ],
                    "N2": [
                        0.7393921597415944
                    ],
                    "N3": [
                        0.7585193889541716
                    ],
                    "REM": [
                        0.5548258706467661
                    ],
                    "Wake": [
                        0.6983835415135929
                    ],
                    "macro": [
                        0.5920438250523103
                    ]
                },
                "loss": [
                    0.8679457039668642
                ],
                "precisions": {
                    "N1": [
                        0.2775423728813559
                    ],
                    "N2": [
                        0.7727481970231702
                    ],
                    "N3": [
                        0.683068783068783
                    ],
                    "REM": [
                        0.49661560384752407
                    ],
                    "Wake": [
                        0.7072172619047619
                    ],
                    "macro": [
                        0.5874384437451191
                    ]
                },
                "recalls": {
                    "N1": [
                        0.1677336747759283
                    ],
                    "N2": [
                        0.7087966220971147
                    ],
                    "N3": [
                        0.8527080581241744
                    ],
                    "REM": [
                        0.6284941388638413
                    ],
                    "Wake": [
                        0.6897677793904209
                    ],
                    "macro": [
                        0.6095000546502959
                    ]
                }
            }
        }
    },
    "train": {},
    "valid_pretraining": {}
}
