{"earlystopping":{"confusion_matrices":{"abs":["[[993, 65, 228, 173, 101], [461, 30, 215, 103, 22], [775, 111, 892, 512, 141], [53, 9, 337, 1002, 16], [446, 156, 355, 129, 109]]"]},"markov_matrices":{"abs":{"actual":["[[1273, 229, 40, 1, 17], [112, 387, 291, 0, 41], [103, 174, 2054, 62, 37], [22, 5, 35, 1354, 1], [49, 36, 11, 0, 1099]]"],"predicted":["[[2092, 66, 343, 146, 81], [69, 142, 94, 26, 40], [345, 104, 1247, 257, 73], [146, 26, 266, 1450, 31], [75, 33, 77, 40, 164]]"]}},"metrics":{"downstream":{"cohen_kappa":[0.23056813715200242],"f1_scores":{"N1":[0.04991680532445923],"N2":[0.40017945266935845],"N3":[0.6007194244604317],"REM":[0.13762626262626262],"Wake":[0.4631529850746269],"macro":[0.3303189860310277]},"loss":[3.0145337422688803],"precisions":{"N1":[0.08086253369272237],"N2":[0.44005920078934385],"N3":[0.522146951537259],"REM":[0.2802056555269923],"Wake":[0.36400293255131966],"macro":[0.33745545481952743]},"recalls":{"N1":[0.036101083032490974],"N2":[0.3669271904566022],"N3":[0.7071277346506705],"REM":[0.09121338912133892],"Wake":[0.6365384615384615],"macro":[0.3675815717599128]}}}},"test":{"confusion_matrices":{"abs":["[[3005, 306, 916, 326, 303], [1267, 166, 799, 374, 124], [2339, 324, 2403, 1791, 246], [278, 37, 823, 2957, 35], [1402, 318, 640, 387, 228]]"]},"markov_matrices":{"abs":{"actual":["[[4051, 689, 82, 1, 32], [350, 1373, 861, 3, 143], [263, 497, 5960, 282, 101], [67, 39, 179, 3844, 1], [124, 132, 21, 0, 2698]]"],"predicted":["[[6227, 249, 1111, 464, 239], [232, 472, 232, 108, 107], [1111, 255, 3338, 710, 167], [456, 81, 747, 4488, 63], [264, 94, 153, 65, 360]]"]}},"metrics":{"downstream":{"cohen_kappa":[0.22179236008846415],"f1_scores":{"N1":[0.08554496263849523],"N2":[0.37890255439924314],"N3":[0.5934771700953336],"REM":[0.11659422142674508],"Wake":[0.4571385106868487],"macro":[0.32633148384933314]},"loss":[3.0891091989916424],"precisions":{"N1":[0.14422241529105126],"N2":[0.43056799856656514],"N3":[0.5067694944301628],"REM":[0.24358974358974358],"Wake":[0.3624412013026173],"macro":[0.337518170636028]},"recalls":{"N1":[0.060805860805860805],"N2":[0.33830775728565393],"N3":[0.7159806295399516],"REM":[0.07663865546218487],"Wake":[0.6188220757825371],"macro":[0.36211099577523764]}}}},"train":{},"valid_pretraining":{}}