{"earlystopping":{"confusion_matrices":{"abs":["[[1084, 187, 186, 13, 90], [136, 223, 393, 23, 56], [88, 164, 1835, 295, 49], [4, 0, 182, 1231, 0], [125, 86, 187, 0, 797]]"]},"markov_matrices":{"abs":{"actual":["[[1273, 229, 40, 1, 17], [112, 387, 291, 0, 41], [103, 174, 2054, 62, 37], [22, 5, 35, 1354, 1], [49, 36, 11, 0, 1099]]"],"predicted":["[[1192, 152, 47, 0, 45], [75, 359, 187, 0, 39], [89, 112, 2437, 87, 58], [7, 0, 78, 1475, 2], [73, 37, 34, 0, 848]]"]}},"metrics":{"downstream":{"cohen_kappa":[0.6022072276260391],"f1_scores":{"N1":[0.29912810194500333],"N2":[0.7038741848868432],"N3":[0.8264518294729775],"REM":[0.7288523090992227],"Wake":[0.7233900567233901],"macro":[0.6563392964254874]},"loss":[0.7999757766723633],"precisions":{"N1":[0.3378787878787879],"N2":[0.6593604024434064],"N3":[0.7880921895006402],"REM":[0.8034274193548387],"Wake":[0.7543493389004872],"macro":[0.668621627615632]},"recalls":{"N1":[0.2683513838748496],"N2":[0.7548334018922255],"N3":[0.8687367678193366],"REM":[0.6669456066945607],"Wake":[0.6948717948717948],"macro":[0.6507477910305534]}}}},"test":{"confusion_matrices":{"abs":["[[3294, 658, 694, 31, 179], [441, 809, 1268, 49, 163], [249, 326, 5551, 885, 92], [14, 2, 699, 3411, 4], [450, 252, 561, 3, 1709]]"]},"markov_matrices":{"abs":{"actual":["[[4051, 689, 82, 1, 32], [350, 1373, 861, 3, 143], [263, 497, 5960, 282, 101], [67, 39, 179, 3844, 1], [124, 132, 21, 0, 2698]]"],"predicted":["[[3598, 579, 164, 6, 101], [301, 1089, 558, 0, 99], [358, 281, 7721, 281, 131], [34, 3, 242, 4091, 9], [156, 95, 88, 1, 1807]]"]}},"metrics":{"downstream":{"cohen_kappa":[0.5761982578868836],"f1_scores":{"N1":[0.3387063010257484],"N2":[0.699294532627866],"N3":[0.8017393348219533],"REM":[0.6673174541194846],"Wake":[0.7080825451418744],"macro":[0.6430280335473852]},"loss":[0.831789682077807],"precisions":{"N1":[0.39521250610649733],"N2":[0.6327368061096547],"N3":[0.7789449646037908],"REM":[0.7959944108057755],"Wake":[0.7405575539568345],"macro":[0.6686892483165106]},"recalls":{"N1":[0.29633699633699634],"N2":[0.7815007743207095],"N3":[0.82590799031477],"REM":[0.5744537815126051],"Wake":[0.67833607907743],"macro":[0.6313071243125022]}}}},"train":{},"valid_pretraining":{}}