{"earlystopping":{"confusion_matrices":{"abs":["[[785, 81, 155, 175, 364], [106, 46, 479, 76, 124], [112, 53, 2002, 140, 124], [12, 2, 240, 1155, 8], [29, 14, 255, 37, 860]]"]},"markov_matrices":{"abs":{"actual":["[[1273, 229, 40, 1, 17], [112, 387, 291, 0, 41], [103, 174, 2054, 62, 37], [22, 5, 35, 1354, 1], [49, 36, 11, 0, 1099]]"],"predicted":["[[880, 25, 83, 16, 40], [19, 57, 67, 23, 30], [72, 62, 2651, 156, 189], [23, 27, 149, 1346, 38], [50, 25, 181, 42, 1182]]"]}},"metrics":{"downstream":{"cohen_kappa":[0.54063377515922],"f1_scores":{"N1":[0.08958130477117819],"N2":[0.7198849334771665],"N3":[0.77],"REM":[0.6429906542056075],"Wake":[0.6029185867895546],"macro":[0.5650750958487014]},"loss":[0.9987577438354492],"precisions":{"N1":[0.23469387755102042],"N2":[0.6394123283296071],"N3":[0.7296272899557802],"REM":[0.581081081081081],"Wake":[0.7519157088122606],"macro":[0.5873460571459499]},"recalls":{"N1":[0.05535499398315283],"N2":[0.8235294117647058],"N3":[0.8151023288637967],"REM":[0.7196652719665272],"Wake":[0.5032051282051282],"macro":[0.5833714269566621]}}}},"test":{"confusion_matrices":{"abs":["[[2305, 137, 829, 348, 1237], [444, 107, 1512, 232, 435], [101, 172, 5691, 812, 327], [1, 26, 1379, 2712, 12], [78, 64, 848, 226, 1759]]"]},"markov_matrices":{"abs":{"actual":["[[4051, 689, 82, 1, 32], [350, 1373, 861, 3, 143], [263, 497, 5960, 282, 101], [67, 39, 179, 3844, 1], [124, 132, 21, 0, 2698]]"],"predicted":["[[2371, 45, 263, 34, 216], [55, 149, 184, 49, 68], [221, 175, 8851, 459, 553], [50, 69, 417, 3682, 112], [232, 68, 544, 106, 2820]]"]}},"metrics":{"downstream":{"cohen_kappa":[0.437779560782087],"f1_scores":{"N1":[0.06613102595797281],"N2":[0.6555696348346964],"N3":[0.6411347517730497],"REM":[0.5215715344699777],"Wake":[0.5921644187540142],"macro":[0.4953142731579422]},"loss":[1.2680318965468296],"precisions":{"N1":[0.21146245059288538],"N2":[0.5547324300614095],"N3":[0.6263279445727483],"REM":[0.46657824933687003],"Wake":[0.7869580061454421],"macro":[0.5292118161418711]},"recalls":{"N1":[0.039194139194139194],"N2":[0.8012107560185837],"N3":[0.6566585956416465],"REM":[0.5912605042016806],"Wake":[0.474670510708402],"macro":[0.5125989011528904]}}}},"train":{},"valid_pretraining":{}}