{"earlystopping":{},"train":{"metrics":{"freq":{"acc_freq":[0.01404,0.04713,0.04881,0.05025,0.05073,0.05792,0.06869,0.08067,0.09018,0.10269,0.12155,0.1368,0.14918,0.15738,0.16393,0.16916,0.17449,0.17839,0.18402,0.18727],"hamming_freq":[0.5147235,0.5247585,0.5403625000000001,0.6279870000000001,0.6675504999999999,0.722399,0.7620515,0.789025,0.8139345,0.8386965,0.859159,0.8732235,0.881263,0.8856335,0.8887425,0.8911830000000001,0.8935,0.895495,0.897615,0.8995975],"loss":[0.849387890625,0.69368625,0.68892984375,0.6473668359375,0.6171998828125,0.570545703125,0.5141276953125,0.448011796875,0.3965962890625,0.3463471875,0.3021421484375,0.2707264453125,0.25191359375,0.24141697265625,0.23384060546875,0.227991484375,0.22301947265625,0.2183951953125,0.21378841796875,0.21001765625]}}},"valid_pretraining":{"metrics":{"freq":{"acc_freq":[0.0,0.056,0.056,0.001,0.047,0.056,0.086,0.047,0.119,0.127,0.155,0.178,0.19,0.207,0.2,0.22,0.217,0.214,0.225,0.231,0.241],"hamming_freq":[0.512,0.5205,0.5205,0.47905,0.62445,0.6919500000000001,0.76555,0.7872,0.82025,0.8471,0.8735999999999999,0.891,0.90225,0.90605,0.9074,0.90785,0.9077500000000001,0.9097999999999999,0.9113,0.91235,0.9137500000000001],"loss":[1.193265380859375,0.6926025390625,0.6923548583984375,0.7723866577148437,0.6605504760742188,0.5840613403320313,0.5181907348632813,0.4588944396972656,0.4160759887695312,0.35792755126953124,0.28782962036132814,0.24363800048828124,0.21428903198242188,0.20310166931152343,0.19588812255859375,0.19536489868164061,0.19085398864746095,0.18550253295898436,0.18436508178710936,0.17939161682128907,0.17726425170898438]}}}}