{"earlystopping":{},"train":{"metrics":{"freq":{"acc_freq":[0.02084,0.04703,0.04914,0.04987,0.05271,0.05959,0.07174,0.07889,0.08266,0.09678,0.10737,0.11847,0.12969,0.14334,0.15586,0.16268,0.16929,0.17541,0.18069,0.1857],"hamming_freq":[0.5164525,0.525354,0.5257419999999999,0.5642525,0.654917,0.715524,0.7526745,0.7782395,0.7978609999999999,0.8167145,0.8335325,0.852366,0.867523,0.877092,0.882825,0.887126,0.890542,0.893492,0.8962595,0.897973],"loss":[0.89682359375,0.693900078125,0.69240859375,0.677866484375,0.626051640625,0.57749453125,0.5335677734375,0.4876121875,0.437336171875,0.3923462890625,0.3578228125,0.32043869140625,0.285860625,0.26248845703125,0.248266796875,0.23824775390625,0.23050974609375,0.22423984375,0.21836419921875,0.21425939453125]}}},"valid_pretraining":{"metrics":{"freq":{"acc_freq":[0.0,0.056,0.056,0.056,0.051,0.062,0.084,0.098,0.123,0.121,0.135,0.155,0.169,0.187,0.211,0.206,0.211,0.218,0.234,0.236,0.237],"hamming_freq":[0.48805,0.5205,0.5205,0.52345,0.621,0.7018,0.75275,0.78895,0.81505,0.83495,0.84645,0.8645,0.8815500000000001,0.89895,0.90335,0.90675,0.90865,0.90995,0.9139,0.9136,0.91585],"loss":[1.4281240234375,0.6925205078125,0.6923392944335938,0.69200537109375,0.6593758544921875,0.5847802124023438,0.5316807861328126,0.4820152587890625,0.4310673828125,0.3703205261230469,0.34538677978515625,0.3074703369140625,0.281051513671875,0.23017898559570313,0.21543869018554687,0.20138136291503905,0.1959381103515625,0.19179725646972656,0.1839800567626953,0.18223641967773438,0.17631976318359374]}}}}