{"earlystopping":{"confusion_matrices":{"abs":["[[644, 75, 466, 161, 72], [199, 46, 395, 131, 24], [371, 100, 1322, 794, 29], [9, 11, 160, 1131, 7], [250, 42, 535, 198, 216]]"]},"markov_matrices":{"abs":{"actual":["[[1126, 224, 50, 1, 17], [105, 349, 308, 1, 32], [110, 186, 2216, 66, 37], [28, 7, 32, 1250, 1], [48, 29, 10, 0, 1154]]"],"predicted":["[[1021, 43, 257, 105, 46], [47, 120, 82, 14, 11], [252, 79, 2281, 186, 80], [110, 21, 180, 2077, 27], [43, 11, 77, 33, 184]]"]}},"metrics":{"downstream":{"cohen_kappa":[0.2763292626814041],"f1_scores":{"N1":[0.08606173994387278],"N2":[0.48125227520931924],"N3":[0.6059469595499598],"REM":[0.2718691000629327],"Wake":[0.44552058111380144],"macro":[0.37813013117597716]},"loss":[2.8919631958007814],"precisions":{"N1":[0.1678832116788321],"N2":[0.4593467685892981],"N3":[0.4683229813664596],"REM":[0.6206896551724138],"Wake":[0.43720298710115413],"macro":[0.4306891207816316]},"recalls":{"N1":[0.05786163522012579],"N2":[0.5053516819571865],"N3":[0.8581183611532626],"REM":[0.17405318291700242],"Wake":[0.4541607898448519],"macro":[0.4099091302184858]}}}},"test":{"confusion_matrices":{"abs":["[[2468, 284, 999, 697, 236], [850, 137, 754, 468, 104], [892, 329, 2134, 2155, 102], [86, 33, 402, 3458, 13], [686, 106, 1039, 621, 487]]"]},"markov_matrices":{"abs":{"actual":["[[4011, 610, 44, 4, 15], [319, 1176, 689, 6, 122], [195, 395, 4680, 248, 94], [57, 20, 176, 3734, 5], [101, 112, 23, 0, 2703]]"],"predicted":["[[3781, 178, 607, 276, 140], [186, 438, 171, 71, 22], [599, 194, 3889, 468, 178], [271, 56, 480, 6506, 86], [144, 23, 181, 78, 516]]"]}},"metrics":{"downstream":{"cohen_kappa":[0.2790059349165377],"f1_scores":{"N1":[0.08557151780137415],"N2":[0.390127970749543],"N3":[0.60714599245018],"REM":[0.2509662458129348],"Wake":[0.510655907303952],"macro":[0.36889352682359683]},"loss":[2.788721916003105],"precisions":{"N1":[0.15410573678290213],"N2":[0.4005255255255255],"N3":[0.467360454115421],"REM":[0.5169851380042463],"Wake":[0.495383380168607],"macro":[0.4068720469193404]},"recalls":{"N1":[0.059230436662343275],"N2":[0.38025659301496795],"N3":[0.8662324649298597],"REM":[0.16570261993875468],"Wake":[0.5269000853970965],"macro":[0.3996644399886044]}}}},"train":{},"valid_pretraining":{}}