{"earlystopping":{"confusion_matrices":{"abs":["[[1151, 32, 45, 5, 253], [68, 132, 101, 4, 156], [169, 66, 2849, 389, 355], [72, 12, 181, 761, 0], [42, 38, 56, 0, 1071]]"]},"markov_matrices":{"abs":{"actual":["[[1212, 234, 24, 0, 15], [70, 143, 236, 0, 12], [144, 80, 3479, 94, 31], [13, 1, 80, 932, 0], [46, 3, 9, 0, 1149]]"],"predicted":["[[1235, 135, 45, 13, 73], [35, 97, 112, 1, 35], [106, 28, 2890, 117, 91], [30, 0, 97, 1027, 5], [95, 20, 88, 1, 1631]]"]}},"metrics":{"downstream":{"cohen_kappa":[0.644096140072119],"f1_scores":{"N1":[0.3562753036437247],"N2":[0.8070821529745041],"N3":[0.6965675057208238],"REM":[0.7041420118343195],"Wake":[0.7704149933065597],"macro":[0.6668963934959863]},"loss":[1.6037001609802246],"precisions":{"N1":[0.4714285714285714],"N2":[0.8814975247524752],"N3":[0.6566005176876618],"REM":[0.5836512261580381],"Wake":[0.7663115845539281],"macro":[0.6718978849161349]},"recalls":{"N1":[0.28633405639913234],"N2":[0.7442528735632183],"N3":[0.7417153996101364],"REM":[0.8873239436619719],"Wake":[0.7745625841184388],"macro":[0.6868377714705796]}}}},"test":{"confusion_matrices":{"abs":["[[1692, 36, 61, 58, 366], [201, 135, 64, 40, 394], [220, 64, 3794, 890, 1630], [9, 0, 123, 1358, 25], [85, 13, 113, 28, 2410]]"]},"markov_matrices":{"abs":{"actual":["[[1846, 336, 22, 0, 8], [106, 332, 383, 0, 13], [188, 148, 6049, 144, 69], [24, 1, 119, 1371, 0], [48, 17, 25, 0, 2559]]"],"predicted":["[[1774, 140, 47, 61, 184], [37, 59, 106, 8, 38], [136, 16, 3617, 183, 203], [83, 6, 162, 2091, 32], [177, 27, 222, 31, 4368]]"]}},"metrics":{"downstream":{"cohen_kappa":[0.569578986070242],"f1_scores":{"N1":[0.2495378927911275],"N2":[0.705663535757463],"N3":[0.6983800462843918],"REM":[0.644902328070645],"Wake":[0.7656108597285068],"macro":[0.6128189325264268]},"loss":[2.321987575954861],"precisions":{"N1":[0.5443548387096774],"N2":[0.9131167268351383],"N3":[0.5720303285593934],"REM":[0.49948186528497407],"Wake":[0.7666515632079747],"macro":[0.6591270645194316]},"recalls":{"N1":[0.1618705035971223],"N2":[0.5750227341618672],"N3":[0.8963696369636963],"REM":[0.9097772744431861],"Wake":[0.7645729778581112],"macro":[0.6615226254047967]}}}},"train":{},"valid_pretraining":{}}