{"earlystopping":{"confusion_matrices":{"abs":["[[6711, 215, 106, 10, 74], [313, 456, 734, 39, 270], [39, 329, 5525, 797, 165], [3, 34, 281, 1101, 11], [23, 432, 563, 18, 1719]]"]},"markov_matrices":{"abs":{"actual":["[[6823, 271, 17, 0, 4], [151, 1184, 365, 3, 109], [78, 212, 6189, 261, 115], [11, 15, 238, 1166, 0], [52, 130, 46, 0, 2527]]"],"predicted":["[[6847, 147, 66, 1, 27], [102, 762, 418, 40, 144], [96, 344, 6421, 130, 218], [13, 51, 96, 1791, 14], [30, 162, 208, 3, 1836]]"]}},"metrics":{"downstream":{"cohen_kappa":[0.6902151273856976],"f1_scores":{"N1":[0.2782184258694326],"N2":[0.7856939704209329],"N3":[0.6486008836524301],"REM":[0.6884261113336003],"Wake":[0.9448785638859557],"macro":[0.6691635910324703]},"loss":[1.3354624234713042],"precisions":{"N1":[0.31105047748976805],"N2":[0.7664031072270773],"N3":[0.5603053435114503],"REM":[0.7677534613666815],"Wake":[0.946677951756242],"macro":[0.6704380682702439]},"recalls":{"N1":[0.25165562913907286],"N2":[0.8059810357403355],"N3":[0.76993006993007],"REM":[0.623956442831216],"Wake":[0.9430860033726813],"macro":[0.6789218362026752]}}}},"test":{"confusion_matrices":{"abs":["[[12993, 1128, 845, 18, 438], [652, 1098, 1835, 24, 405], [127, 737, 9709, 916, 224], [0, 162, 711, 1377, 3], [156, 779, 745, 1, 2262]]"]},"markov_matrices":{"abs":{"actual":["[[14659, 720, 37, 1, 4], [431, 2829, 660, 3, 91], [229, 338, 10472, 535, 139], [24, 14, 498, 1714, 3], [78, 113, 46, 0, 3706]]"],"predicted":["[[13061, 465, 279, 3, 119], [350, 2135, 1019, 74, 326], [357, 850, 12127, 164, 347], [7, 87, 137, 2083, 22], [152, 367, 283, 12, 2518]]"]}},"metrics":{"downstream":{"cohen_kappa":[0.6238973043289342],"f1_scores":{"N1":[0.27734276332407176],"N2":[0.759762109711245],"N3":[0.6001307474395293],"REM":[0.6218556701030927],"Wake":[0.8853833049403748],"macro":[0.6288949191036627]},"loss":[1.500677657453981],"precisions":{"N1":[0.28125],"N2":[0.7012639942217407],"N3":[0.5894691780821918],"REM":[0.6788715486194478],"Wake":[0.9328690407811603],"macro":[0.6367447523409081]},"recalls":{"N1":[0.273542600896861],"N2":[0.8289080508836336],"N3":[0.611185086551265],"REM":[0.5736748668526502],"Wake":[0.8424977305148489],"macro":[0.6259616671398518]}}}},"train":{},"valid_pretraining":{}}