{
    "earlystopping": {
        "confusion_matrices": {
            "abs": [
                "[[1018, 115, 193, 3, 159], [123, 83, 186, 0, 79], [411, 83, 2887, 149, 310], [111, 1, 154, 638, 15], [254, 71, 280, 0, 561]]"
            ]
        },
        "markov_matrices": {
            "abs": {
                "actual": [
                    "[[1224, 231, 17, 0, 15], [74, 164, 222, 0, 11], [132, 73, 3531, 73, 31], [11, 0, 62, 846, 0], [46, 3, 8, 0, 1109]]"
                ],
                "predicted": [
                    "[[1628, 140, 64, 2, 82], [59, 135, 125, 0, 34], [124, 47, 3323, 70, 136], [6, 0, 67, 717, 0], [100, 31, 121, 1, 871]]"
                ]
            }
        },
        "metrics": {
            "downstream": {
                "cohen_kappa": [
                    0.5042873842122308
                ],
                "f1_scores": {
                    "N1": [
                        0.20145631067961162
                    ],
                    "N2": [
                        0.7657824933687003
                    ],
                    "N3": [
                        0.7466354593329433
                    ],
                    "REM": [
                        0.48995633187772925
                    ],
                    "Wake": [
                        0.5979441997063143
                    ],
                    "macro": [
                        0.5603549589930596
                    ]
                },
                "loss": [
                    1.9284789562225342
                ],
                "precisions": {
                    "N1": [
                        0.23512747875354106
                    ],
                    "N2": [
                        0.7802702702702703
                    ],
                    "N3": [
                        0.8075949367088607
                    ],
                    "REM": [
                        0.4991103202846975
                    ],
                    "Wake": [
                        0.531038080333855
                    ],
                    "macro": [
                        0.5706282172702448
                    ]
                },
                "recalls": {
                    "N1": [
                        0.1762208067940552
                    ],
                    "N2": [
                        0.7518229166666667
                    ],
                    "N3": [
                        0.6942328618063112
                    ],
                    "REM": [
                        0.4811320754716981
                    ],
                    "Wake": [
                        0.6841397849462365
                    ],
                    "macro": [
                        0.5575096891369935
                    ]
                }
            }
        }
    },
    "test": {
        "confusion_matrices": {
            "abs": [
                "[[1706, 156, 393, 7, 254], [171, 143, 260, 3, 129], [586, 259, 4334, 634, 718], [32, 2, 293, 1193, 7], [396, 117, 422, 0, 1236]]"
            ]
        },
        "markov_matrices": {
            "abs": {
                "actual": [
                    "[[2107, 335, 57, 1, 15], [101, 257, 328, 0, 20], [233, 100, 5972, 176, 50], [18, 3, 155, 1350, 1], [56, 11, 19, 0, 2085]]"
                ],
                "predicted": [
                    "[[2208, 285, 194, 19, 184], [109, 231, 247, 0, 90], [309, 102, 4946, 149, 196], [37, 3, 128, 1664, 5], [228, 55, 187, 5, 1869]]"
                ]
            }
        },
        "metrics": {
            "downstream": {
                "cohen_kappa": [
                    0.4916638810356422
                ],
                "f1_scores": {
                    "N1": [
                        0.20679681851048445
                    ],
                    "N2": [
                        0.7085751655358457
                    ],
                    "N3": [
                        0.7092746730083234
                    ],
                    "REM": [
                        0.5475083056478406
                    ],
                    "Wake": [
                        0.6310338450157204
                    ],
                    "macro": [
                        0.5606377615436429
                    ]
                },
                "loss": [
                    1.5543519479257089
                ],
                "precisions": {
                    "N1": [
                        0.21122599704579026
                    ],
                    "N2": [
                        0.7600841809891267
                    ],
                    "N3": [
                        0.6494284158954817
                    ],
                    "REM": [
                        0.5273037542662116
                    ],
                    "Wake": [
                        0.5901072293324109
                    ],
                    "macro": [
                        0.5476299155058043
                    ]
                },
                "recalls": {
                    "N1": [
                        0.20254957507082152
                    ],
                    "N2": [
                        0.6636043484918083
                    ],
                    "N3": [
                        0.7812704649639817
                    ],
                    "REM": [
                        0.5693228926761861
                    ],
                    "Wake": [
                        0.678060413354531
                    ],
                    "macro": [
                        0.5789615389114656
                    ]
                }
            }
        }
    },
    "train": {},
    "valid_pretraining": {}
}
