{"earlystopping":{"confusion_matrices":{"abs":["[[961, 110, 21, 24, 135], [111, 468, 80, 36, 146], [37, 488, 1250, 605, 341], [2, 7, 40, 1458, 13], [22, 39, 3, 12, 995]]"]},"markov_matrices":{"abs":{"actual":["[[981, 212, 41, 1, 16], [91, 401, 312, 1, 36], [102, 188, 2320, 72, 38], [30, 5, 38, 1446, 1], [46, 35, 10, 0, 980]]"],"predicted":["[[861, 190, 27, 7, 48], [87, 683, 187, 28, 126], [57, 142, 1055, 93, 47], [27, 23, 76, 1971, 38], [100, 74, 49, 36, 1371]]"]}},"metrics":{"downstream":{"cohen_kappa":[0.614906764900663],"f1_scores":{"N1":[0.4792626728110599],"N2":[0.6075334143377886],"N3":[0.79781121751026],"REM":[0.7367641614216957],"Wake":[0.8062080536912751],"macro":[0.6855159039544159]},"loss":[1.8667498270670573],"precisions":{"N1":[0.420863309352518],"N2":[0.896700143472023],"N3":[0.682903981264637],"REM":[0.6104294478527608],"Wake":[0.8481906443071492],"macro":[0.6918175052498177]},"recalls":{"N1":[0.5564803804994055],"N2":[0.4593899301727306],"N3":[0.9592105263157895],"REM":[0.9290382819794585],"Wake":[0.768185451638689],"macro":[0.7344609141212146]}}}},"test":{"confusion_matrices":{"abs":["[[1773, 820, 254, 55, 309], [192, 1216, 527, 83, 581], [122, 1389, 3335, 1091, 985], [2, 29, 336, 3898, 31], [34, 529, 133, 13, 2102]]"]},"markov_matrices":{"abs":{"actual":["[[2639, 499, 37, 1, 34], [225, 1407, 847, 6, 114], [206, 561, 5876, 194, 85], [45, 19, 132, 4095, 5], [95, 113, 30, 0, 2573]]"],"predicted":["[[1682, 338, 23, 4, 76], [209, 2741, 625, 23, 385], [76, 531, 3577, 320, 81], [22, 37, 282, 4742, 57], [133, 336, 78, 51, 3409]]"]}},"metrics":{"downstream":{"cohen_kappa":[0.5211216470034629],"f1_scores":{"N1":[0.36949255545426923],"N2":[0.5796471712870427],"N3":[0.8261975413310725],"REM":[0.6165126851444493],"Wake":[0.6647919010123734],"macro":[0.6113283708458415]},"loss":[2.5273891351161857],"precisions":{"N1":[0.3052975144363545],"N2":[0.7273718647764449],"N3":[0.7583657587548638],"REM":[0.5244510978043913],"Wake":[0.8351389543099388],"macro":[0.6301250380163987]},"recalls":{"N1":[0.467872258560985],"N2":[0.4817971684484253],"N3":[0.9073556797020484],"REM":[0.7477765919601566],"Wake":[0.5521644347555279],"macro":[0.6313932266854285]}}}},"train":{},"valid_pretraining":{}}