{"earlystopping":{"confusion_matrices":{"abs":["[[4913, 288, 99, 4, 88], [237, 582, 626, 25, 257], [68, 326, 5668, 447, 333], [8, 6, 494, 1007, 43], [36, 113, 206, 3, 2324]]"]},"markov_matrices":{"abs":{"actual":["[[5051, 318, 17, 0, 5], [183, 1134, 318, 2, 90], [88, 164, 6222, 274, 94], [12, 10, 254, 1282, 0], [57, 101, 31, 0, 2493]]"],"predicted":["[[4877, 261, 86, 4, 33], [136, 743, 310, 4, 122], [145, 187, 6343, 201, 217], [16, 7, 185, 1263, 15], [87, 117, 169, 14, 2658]]"]}},"metrics":{"downstream":{"cohen_kappa":[0.7207558764010213],"f1_scores":{"N1":[0.3826429980276134],"N2":[0.8134912091855041],"N3":[0.6616294349540078],"REM":[0.8115942028985508],"Wake":[0.9222827107189788],"macro":[0.7183281111569311]},"loss":[0.8902485105726454],"precisions":{"N1":[0.44258555133079847],"N2":[0.7990977019596786],"N3":[0.6776581426648721],"REM":[0.7632183908045977],"Wake":[0.9336754085898897],"macro":[0.7232470390699672]},"recalls":{"N1":[0.3370005790387956],"N2":[0.8284127448114587],"N3":[0.6463414634146342],"REM":[0.866517524235645],"Wake":[0.9111646884272997],"macro":[0.7178873999855666]}}}},"test":{"confusion_matrices":{"abs":["[[7916, 525, 252, 49, 223], [704, 1034, 1573, 97, 611], [35, 321, 8124, 1063, 1543], [0, 2, 508, 1629, 37], [91, 139, 411, 24, 3725]]"]},"markov_matrices":{"abs":{"actual":["[[8369, 557, 27, 1, 10], [330, 3076, 529, 0, 84], [166, 277, 10122, 394, 127], [26, 9, 359, 1780, 2], [73, 100, 49, 1, 4167]]"],"predicted":["[[8131, 436, 98, 23, 57], [255, 1146, 362, 8, 250], [193, 210, 9573, 406, 486], [26, 17, 378, 2370, 71], [140, 212, 457, 55, 5275]]"]}},"metrics":{"downstream":{"cohen_kappa":[0.6399344495874777],"f1_scores":{"N1":[0.3423841059602649],"N2":[0.7400929215632687],"N3":[0.646685192536721],"REM":[0.7075695697597113],"Wake":[0.8939077409519508],"macro":[0.6661279061543833]},"loss":[1.3174901326497397],"precisions":{"N1":[0.5116279069767442],"N2":[0.7475156422524843],"N3":[0.5691823899371069],"REM":[0.6067763479394038],"Wake":[0.9050994740452778],"macro":[0.6680403522302034]},"recalls":{"N1":[0.25727792983329184],"N2":[0.732816164531842],"N3":[0.7486213235294118],"REM":[0.8485193621867881],"Wake":[0.882989403234802],"macro":[0.6940448366632271]}}}},"train":{},"valid_pretraining":{}}