{"earlystopping":{"confusion_matrices":{"abs":["[[6917, 586, 14, 8, 135], [357, 857, 420, 99, 194], [212, 669, 5014, 831, 380], [15, 7, 267, 829, 10], [240, 105, 97, 59, 2340]]"]},"markov_matrices":{"abs":{"actual":["[[7290, 345, 19, 0, 5], [197, 1257, 361, 3, 109], [94, 200, 6433, 271, 108], [13, 13, 248, 854, 0], [65, 112, 45, 0, 2619]]"],"predicted":["[[7100, 409, 73, 21, 137], [294, 1548, 307, 2, 73], [116, 170, 5185, 226, 115], [45, 7, 191, 1562, 21], [185, 90, 56, 15, 2713]]"]}},"metrics":{"downstream":{"cohen_kappa":[0.687699821190548],"f1_scores":{"N1":[0.4129125511924837],"N2":[0.7762811580740052],"N3":[0.5612728503723764],"REM":[0.7932203389830509],"Wake":[0.8982533601714174],"macro":[0.6883880517586667]},"loss":[1.6156076570836508],"precisions":{"N1":[0.385341726618705],"N2":[0.8626978664831383],"N3":[0.4539978094194962],"REM":[0.7649558679306963],"Wake":[0.8935538044180339],"macro":[0.6721094149740139]},"recalls":{"N1":[0.44473274519979245],"N2":[0.7056009006473403],"N3":[0.7349290780141844],"REM":[0.8236536430834214],"Wake":[0.9030026109660575],"macro":[0.7223837955821593]}}}},"test":{"confusion_matrices":{"abs":["[[9315, 829, 57, 36, 544], [1643, 1304, 297, 4, 457], [1444, 1511, 7461, 763, 1741], [45, 19, 597, 1339, 36], [578, 595, 282, 3, 3382]]"]},"markov_matrices":{"abs":{"actual":["[[10118, 616, 19, 0, 27], [361, 2625, 600, 0, 119], [180, 332, 11792, 467, 149], [22, 6, 436, 1569, 3], [99, 126, 73, 0, 4542]]"],"predicted":["[[11571, 729, 242, 40, 442], [582, 3070, 411, 3, 192], [284, 253, 7621, 269, 267], [58, 15, 234, 1793, 45], [529, 191, 186, 40, 5214]]"]}},"metrics":{"downstream":{"cohen_kappa":[0.5489174385160525],"f1_scores":{"N1":[0.32751475574532213],"N2":[0.6903858610160082],"N3":[0.6405166228175078],"REM":[0.614909090909091],"Wake":[0.7825758212215408],"macro":[0.611180430341894]},"loss":[2.5442149603544775],"precisions":{"N1":[0.30624706434945986],"N2":[0.8581780538302277],"N3":[0.6242424242424243],"REM":[0.549025974025974],"Wake":[0.7151631477927063],"macro":[0.6105713328481585]},"recalls":{"N1":[0.35195681511470983],"N2":[0.5774767801857585],"N3":[0.6576620825147348],"REM":[0.6987603305785124],"Wake":[0.8640200352471942],"macro":[0.6299752087281819]}}}},"train":{},"valid_pretraining":{}}