{"earlystopping":{"confusion_matrices":{"abs":["[[1231, 104, 35, 10, 38], [209, 296, 222, 41, 27], [156, 235, 1719, 472, 34], [26, 3, 80, 1205, 4], [76, 110, 111, 14, 930]]"]},"markov_matrices":{"abs":{"actual":["[[1126, 224, 50, 1, 17], [105, 349, 308, 1, 32], [110, 186, 2216, 66, 37], [28, 7, 32, 1250, 1], [48, 29, 10, 0, 1154]]"],"predicted":["[[1381, 194, 69, 26, 28], [106, 361, 195, 27, 59], [94, 117, 1744, 131, 80], [60, 22, 98, 1552, 10], [56, 54, 61, 6, 856]]"]}},"metrics":{"downstream":{"cohen_kappa":[0.6497390390113098],"f1_scores":{"N1":[0.3836681788723266],"N2":[0.7187957348944177],"N3":[0.7875816993464052],"REM":[0.8179419525065963],"Wake":[0.7901155327342747],"macro":[0.6996206196708041]},"loss":[1.2819526672363282],"precisions":{"N1":[0.39572192513368987],"N2":[0.7932625749884633],"N3":[0.6917336394948336],"REM":[0.9002904162633107],"Wake":[0.7249705535924618],"macro":[0.701195821894552]},"recalls":{"N1":[0.3723270440251572],"N2":[0.6571100917431193],"N3":[0.9142640364188164],"REM":[0.7493956486704271],"Wake":[0.8681241184767278],"macro":[0.7122441878668495]}}}},"test":{"confusion_matrices":{"abs":["[[4231, 232, 88, 36, 97], [604, 892, 491, 94, 232], [190, 509, 3564, 1162, 187], [13, 3, 409, 3560, 7], [250, 142, 300, 72, 2175]]"]},"markov_matrices":{"abs":{"actual":["[[4011, 610, 44, 4, 15], [319, 1176, 689, 6, 122], [195, 395, 4680, 248, 94], [57, 20, 176, 3734, 5], [101, 112, 23, 0, 2703]]"],"predicted":["[[4612, 441, 109, 36, 90], [231, 853, 506, 46, 142], [213, 290, 3873, 288, 187], [78, 53, 234, 4530, 29], [153, 141, 130, 24, 2250]]"]}},"metrics":{"downstream":{"cohen_kappa":[0.6645393865930234],"f1_scores":{"N1":[0.4360791982400391],"N2":[0.6811926605504587],"N3":[0.7985643786451323],"REM":[0.7716870675891432],"Wake":[0.8485760128359406],"macro":[0.7072198635721427]},"loss":[1.2673282134227264],"precisions":{"N1":[0.5016872890888638],"N2":[0.7345424567188789],"N3":[0.7229894394800975],"REM":[0.8061527057079318],"Wake":[0.8001134644478064],"macro":[0.7130970710887157]},"recalls":{"N1":[0.3856463467358409],"N2":[0.6350677120456165],"N3":[0.8917835671342685],"REM":[0.7400476352500851],"Wake":[0.9032877882152007],"macro":[0.7111666098762024]}}}},"train":{},"valid_pretraining":{}}