{
    "earlystopping": {
        "confusion_matrices": {
            "abs": [
                "[[1301, 78, 67, 5, 35], [127, 153, 159, 2, 20], [329, 115, 3045, 283, 56], [64, 9, 150, 803, 0], [141, 41, 98, 1, 926]]"
            ]
        },
        "markov_matrices": {
            "abs": {
                "actual": [
                    "[[1212, 234, 24, 0, 15], [70, 143, 236, 0, 12], [144, 80, 3479, 94, 31], [13, 1, 80, 932, 0], [46, 3, 9, 0, 1149]]"
                ],
                "predicted": [
                    "[[1683, 158, 104, 9, 7], [57, 146, 154, 3, 36], [154, 67, 3132, 104, 62], [20, 6, 87, 977, 4], [47, 19, 42, 1, 928]]"
                ]
            }
        },
        "metrics": {
            "downstream": {
                "cohen_kappa": [
                    0.684537002993971
                ],
                "f1_scores": {
                    "N1": [
                        0.3570595099183197
                    ],
                    "N2": [
                        0.8289097590853409
                    ],
                    "N3": [
                        0.7575471698113208
                    ],
                    "REM": [
                        0.8253119429590018
                    ],
                    "Wake": [
                        0.7546403712296983
                    ],
                    "macro": [
                        0.7046937506007362
                    ]
                },
                "loss": [
                    1.2434134483337402
                ],
                "precisions": {
                    "N1": [
                        0.38636363636363635
                    ],
                    "N2": [
                        0.8653026427962489
                    ],
                    "N3": [
                        0.7340036563071298
                    ],
                    "REM": [
                        0.892960462873674
                    ],
                    "Wake": [
                        0.663098878695209
                    ],
                    "macro": [
                        0.7083458554071796
                    ]
                },
                "recalls": {
                    "N1": [
                        0.3318872017353579
                    ],
                    "N2": [
                        0.7954545454545454
                    ],
                    "N3": [
                        0.7826510721247564
                    ],
                    "REM": [
                        0.7671913835956918
                    ],
                    "Wake": [
                        0.8755047106325706
                    ],
                    "macro": [
                        0.7105377827085844
                    ]
                }
            }
        }
    },
    "test": {
        "confusion_matrices": {
            "abs": [
                "[[1551, 110, 192, 14, 346], [211, 317, 162, 0, 144], [489, 242, 5235, 267, 365], [11, 2, 564, 934, 4], [151, 49, 177, 5, 2267]]"
            ]
        },
        "markov_matrices": {
            "abs": {
                "actual": [
                    "[[1846, 336, 22, 0, 8], [106, 332, 383, 0, 13], [188, 148, 6049, 144, 69], [24, 1, 119, 1371, 0], [48, 17, 25, 0, 2559]]"
                ],
                "predicted": [
                    "[[1955, 290, 118, 8, 42], [128, 241, 293, 5, 52], [228, 131, 5694, 122, 155], [25, 5, 101, 1079, 10], [77, 53, 123, 6, 2867]]"
                ]
            }
        },
        "metrics": {
            "downstream": {
                "cohen_kappa": [
                    0.635685156876947
                ],
                "f1_scores": {
                    "N1": [
                        0.40797940797940796
                    ],
                    "N2": [
                        0.8098700495049505
                    ],
                    "N3": [
                        0.6829981718464351
                    ],
                    "REM": [
                        0.7851082251082251
                    ],
                    "Wake": [
                        0.6705577172503242
                    ],
                    "macro": [
                        0.6713027143378686
                    ]
                },
                "loss": [
                    1.6703253851996527
                ],
                "precisions": {
                    "N1": [
                        0.44027777777777777
                    ],
                    "N2": [
                        0.8270142180094787
                    ],
                    "N3": [
                        0.7655737704918033
                    ],
                    "REM": [
                        0.7252079334612924
                    ],
                    "Wake": [
                        0.6427683381682553
                    ],
                    "macro": [
                        0.6801684075817216
                    ]
                },
                "recalls": {
                    "N1": [
                        0.3800959232613909
                    ],
                    "N2": [
                        0.793422249166414
                    ],
                    "N3": [
                        0.6165016501650165
                    ],
                    "REM": [
                        0.8557946394865987
                    ],
                    "Wake": [
                        0.7008585630366019
                    ],
                    "macro": [
                        0.6693346050232043
                    ]
                }
            }
        }
    },
    "train": {},
    "valid_pretraining": {}
}
