{"earlystopping":{},"train":{"metrics":{"freq":{"acc_freq":[0.00011,4e-05,2e-05,2e-05,0.00037,0.00162,0.01662,0.04884,0.07772,0.08934,0.09775,0.10655,0.11679,0.12723,0.1342,0.13944,0.14322,0.1474,0.15358,0.16032],"hamming_freq":[0.4829365,0.47506649999999995,0.47479899999999997,0.47463900000000003,0.47273699999999996,0.47576949999999996,0.526138,0.7187535,0.780469,0.8057345,0.8238295,0.838682,0.8537705,0.8641845,0.8703380000000001,0.8743555000000001,0.8779095,0.881441,0.8845425,0.8872599999999999],"loss":[0.904618828125,0.69405609375,0.69248546875,0.692097109375,0.67585140625,0.621275078125,0.563501953125,0.4942723828125,0.4338366796875,0.3923793359375,0.359457265625,0.33156984375,0.303282890625,0.2811565625,0.26696978515625,0.25715984375,0.24872373046875,0.24078224609375,0.23230234375,0.2258657421875]}}},"valid_pretraining":{"metrics":{"freq":{"acc_freq":[0.0,0.0,0.0,0.0,0.0,0.0,0.009,0.041,0.107,0.114,0.132,0.148,0.159,0.17,0.176,0.179,0.189,0.19,0.203,0.199,0.215],"hamming_freq":[0.4879,0.47950000000000004,0.47950000000000004,0.47950000000000004,0.47950000000000004,0.4797,0.48040000000000005,0.6682,0.81075,0.83505,0.8538,0.86665,0.8795,0.88935,0.89625,0.8976999999999999,0.9015,0.9046,0.90575,0.9077999999999999,0.9087],"loss":[1.1755527257919312,0.6926068067550659,0.6923664212226868,0.6923360824584961,0.6923516988754272,0.6551680564880371,0.5779979228973389,0.509422779083252,0.4238448739051819,0.3578706383705139,0.3240138292312622,0.28246715664863586,0.2609092593193054,0.2323419749736786,0.21840053796768188,0.20727308094501495,0.20250988006591797,0.19607464969158173,0.19040103256702423,0.186560720205307,0.18087324500083923]}}}}