{
    "earlystopping": {
        "confusion_matrices": {
            "abs": [
                "[[212, 9, 324, 20, 893], [18, 13, 138, 2, 237], [146, 43, 1471, 220, 1822], [9, 4, 30, 552, 455], [64, 21, 141, 29, 810]]"
            ]
        },
        "markov_matrices": {
            "abs": {
                "actual": [
                    "[[1259, 184, 13, 0, 1], [48, 150, 197, 0, 13], [112, 70, 3412, 84, 24], [12, 1, 71, 966, 0], [26, 3, 9, 0, 1027]]"
                ],
                "predicted": [
                    "[[235, 19, 51, 7, 137], [6, 32, 19, 1, 32], [60, 9, 1822, 40, 173], [8, 0, 41, 728, 45], [140, 30, 170, 47, 3830]]"
                ]
            }
        },
        "metrics": {
            "downstream": {
                "cohen_kappa": [
                    0.21372818947699357
                ],
                "f1_scores": {
                    "N1": [
                        0.05220883534136546
                    ],
                    "N2": [
                        0.506717189114709
                    ],
                    "N3": [
                        0.589428723972237
                    ],
                    "REM": [
                        0.30670200681560017
                    ],
                    "Wake": [
                        0.22233875196643943
                    ],
                    "macro": [
                        0.33547910144207016
                    ]
                },
                "loss": [
                    4.43007230758667
                ],
                "precisions": {
                    "N1": [
                        0.14444444444444443
                    ],
                    "N2": [
                        0.6991444866920152
                    ],
                    "N3": [
                        0.6707168894289186
                    ],
                    "REM": [
                        0.19207967749585014
                    ],
                    "Wake": [
                        0.47216035634743875
                    ],
                    "macro": [
                        0.43570917088173344
                    ]
                },
                "recalls": {
                    "N1": [
                        0.031862745098039214
                    ],
                    "N2": [
                        0.3973527822798487
                    ],
                    "N3": [
                        0.5257142857142857
                    ],
                    "REM": [
                        0.7605633802816901
                    ],
                    "Wake": [
                        0.14540466392318244
                    ],
                    "macro": [
                        0.3721795714594093
                    ]
                }
            }
        }
    },
    "test": {
        "confusion_matrices": {
            "abs": [
                "[[278, 48, 494, 62, 1127], [54, 16, 252, 20, 242], [312, 75, 3246, 1026, 1983], [19, 5, 73, 1033, 730], [106, 35, 340, 58, 1631]]"
            ]
        },
        "markov_matrices": {
            "abs": {
                "actual": [
                    "[[1680, 283, 29, 0, 17], [67, 196, 302, 0, 18], [192, 88, 6163, 147, 52], [23, 1, 123, 1713, 0], [46, 16, 25, 0, 2083]]"
                ],
                "predicted": [
                    "[[401, 33, 104, 17, 214], [8, 65, 41, 10, 55], [125, 16, 3786, 159, 318], [25, 7, 156, 1938, 73], [210, 58, 318, 75, 5052]]"
                ]
            }
        },
        "metrics": {
            "downstream": {
                "cohen_kappa": [
                    0.27146682410870593
                ],
                "f1_scores": {
                    "N1": [
                        0.04193971166448231
                    ],
                    "N2": [
                        0.5876708608672038
                    ],
                    "N3": [
                        0.5089923626508992
                    ],
                    "REM": [
                        0.413801852086769
                    ],
                    "Wake": [
                        0.20014398848092152
                    ],
                    "macro": [
                        0.35050975515005517
                    ]
                },
                "loss": [
                    3.845521780160757
                ],
                "precisions": {
                    "N1": [
                        0.0893854748603352
                    ],
                    "N2": [
                        0.7368898978433598
                    ],
                    "N3": [
                        0.4697589813551614
                    ],
                    "REM": [
                        0.28548923507789253
                    ],
                    "Wake": [
                        0.36150845253576075
                    ],
                    "macro": [
                        0.38860640833450194
                    ]
                },
                "recalls": {
                    "N1": [
                        0.0273972602739726
                    ],
                    "N2": [
                        0.48870822041553746
                    ],
                    "N3": [
                        0.5553763440860215
                    ],
                    "REM": [
                        0.7516129032258064
                    ],
                    "Wake": [
                        0.13837730214036834
                    ],
                    "macro": [
                        0.3922944060283412
                    ]
                }
            }
        }
    },
    "train": {},
    "valid_pretraining": {}
}
