{"earlystopping":{"confusion_matrices":{"abs":["[[790, 126, 72, 1, 119], [34, 134, 134, 0, 126], [105, 75, 3055, 358, 504], [19, 10, 118, 761, 0], [15, 46, 98, 0, 1094]]"]},"markov_matrices":{"abs":{"actual":["[[862, 210, 21, 0, 14], [64, 148, 206, 0, 10], [130, 65, 3781, 89, 32], [11, 1, 77, 819, 0], [40, 4, 12, 0, 1197]]"],"predicted":["[[719, 137, 49, 6, 52], [59, 174, 131, 6, 21], [103, 66, 3111, 78, 119], [19, 1, 68, 1029, 3], [62, 13, 118, 1, 1648]]"]}},"metrics":{"downstream":{"cohen_kappa":[0.6357646590261421],"f1_scores":{"N1":[0.32722832722832723],"N2":[0.806707156060206],"N3":[0.7504930966469429],"REM":[0.7067183462532299],"Wake":[0.7629164654756156],"macro":[0.6708126783328644]},"loss":[1.75212562084198],"precisions":{"N1":[0.34271099744245526],"N2":[0.8786310037388554],"N3":[0.6794642857142857],"REM":[0.5935973955507325],"Wake":[0.8203530633437176],"macro":[0.6629513491580094]},"recalls":{"N1":[0.3130841121495327],"N2":[0.7456675616304613],"N3":[0.8381057268722467],"REM":[0.8731045490822027],"Wake":[0.7129963898916968],"macro":[0.696591667925228]}}}},"test":{"confusion_matrices":{"abs":["[[1760, 164, 75, 24, 348], [201, 246, 91, 6, 210], [258, 179, 3828, 373, 1846], [32, 4, 50, 1210, 145], [67, 58, 59, 0, 1940]]"]},"markov_matrices":{"abs":{"actual":["[[1925, 362, 71, 0, 13], [125, 270, 344, 1, 14], [256, 108, 5893, 174, 52], [18, 2, 155, 1266, 0], [46, 12, 21, 0, 2045]]"],"predicted":["[[1842, 238, 56, 18, 164], [102, 272, 229, 5, 43], [139, 94, 3612, 110, 147], [33, 13, 89, 1466, 12], [202, 34, 116, 14, 4123]]"]}},"metrics":{"downstream":{"cohen_kappa":[0.5724470687622085],"f1_scores":{"N1":[0.3501779359430605],"N2":[0.7231510342873336],"N3":[0.7924034053700065],"REM":[0.5867231211250566],"Wake":[0.7506931115376413],"macro":[0.6406297216526198]},"loss":[3.1039229172926683],"precisions":{"N1":[0.3778801843317972],"N2":[0.9329758713136729],"N3":[0.750154990700558],"REM":[0.4321675206059256],"Wake":[0.7592752372735116],"macro":[0.650490760845093]},"recalls":{"N1":[0.32625994694960214],"N2":[0.5903763109191857],"N3":[0.8396946564885496],"REM":[0.9133709981167608],"Wake":[0.7423028258118937],"macro":[0.6824009476571984]}}}},"train":{},"valid_pretraining":{}}