{"earlystopping":{"confusion_matrices":{"abs":["[[820, 131, 104, 60, 136], [151, 274, 337, 53, 26], [28, 170, 1941, 570, 12], [1, 2, 54, 1462, 1], [28, 154, 128, 127, 634]]"]},"markov_matrices":{"abs":{"actual":["[[981, 212, 41, 1, 16], [91, 401, 312, 1, 36], [102, 188, 2320, 72, 38], [30, 5, 38, 1446, 1], [46, 35, 10, 0, 980]]"],"predicted":["[[823, 127, 47, 6, 25], [61, 379, 176, 35, 80], [74, 112, 2159, 168, 50], [23, 25, 140, 2037, 47], [47, 88, 42, 25, 607]]"]}},"metrics":{"downstream":{"cohen_kappa":[0.5956625135799922],"f1_scores":{"N1":[0.3486005089058524],"N2":[0.7345316934720908],"N3":[0.7710970464135021],"REM":[0.674468085106383],"Wake":[0.7196138657305836],"macro":[0.6496622399256824]},"loss":[1.454003397623698],"precisions":{"N1":[0.3748290013679891],"N2":[0.7570202808112324],"N3":[0.6434859154929577],"REM":[0.7836835599505563],"Wake":[0.7976653696498055],"macro":[0.6713368254545081]},"recalls":{"N1":[0.3258026159334126],"N2":[0.7133406835722161],"N3":[0.9618421052631579],"REM":[0.5919701213818861],"Wake":[0.6554756195043965],"macro":[0.6496862291310139]}}}},"test":{"confusion_matrices":{"abs":["[[2043, 675, 191, 82, 220], [412, 1012, 910, 165, 100], [228, 1025, 4144, 1385, 140], [0, 35, 310, 3948, 3], [102, 626, 613, 240, 1230]]"]},"markov_matrices":{"abs":{"actual":["[[2639, 499, 37, 1, 34], [225, 1407, 847, 6, 114], [206, 561, 5876, 194, 85], [45, 19, 132, 4095, 5], [95, 113, 30, 0, 2573]]"],"predicted":["[[2267, 356, 97, 8, 57], [232, 2203, 646, 122, 170], [158, 495, 4884, 493, 137], [35, 136, 436, 5132, 81], [92, 183, 105, 65, 1248]]"]}},"metrics":{"downstream":{"cohen_kappa":[0.5121003537602076],"f1_scores":{"N1":[0.33891493636972536],"N2":[0.6331550802139038],"N3":[0.7805456702253856],"REM":[0.5461811722912966],"Wake":[0.681454302868579],"macro":[0.5960502323937781]},"loss":[1.8773684379382012],"precisions":{"N1":[0.30002964719833974],"N2":[0.6718547341115434],"N3":[0.6783505154639176],"REM":[0.7265209686946249],"Wake":[0.733572710951526],"macro":[0.6220657152839904]},"recalls":{"N1":[0.3893805309734513],"N2":[0.5986709043629009],"N3":[0.9189944134078212],"REM":[0.4375667022411953],"Wake":[0.6362503892868265],"macro":[0.5961725880544391]}}}},"train":{},"valid_pretraining":{}}