{"earlystopping":{"confusion_matrices":{"abs":["[[820, 143, 130, 99, 59], [82, 296, 245, 164, 54], [14, 157, 1307, 1177, 66], [1, 1, 23, 1494, 1], [73, 90, 54, 202, 652]]"]},"markov_matrices":{"abs":{"actual":["[[981, 212, 41, 1, 16], [91, 401, 312, 1, 36], [102, 188, 2320, 72, 38], [30, 5, 38, 1446, 1], [46, 35, 10, 0, 980]]"],"predicted":["[[821, 89, 16, 12, 52], [45, 388, 159, 36, 58], [33, 119, 1392, 160, 55], [25, 39, 136, 2876, 60], [65, 52, 56, 52, 607]]"]}},"metrics":{"downstream":{"cohen_kappa":[0.5067934981820971],"f1_scores":{"N1":[0.387434554973822],"N2":[0.5834821428571428],"N3":[0.6417525773195877],"REM":[0.6852338413032054],"Wake":[0.7318161535029005],"macro":[0.6059438539913317]},"loss":[1.961035664876302],"precisions":{"N1":[0.43085880640465796],"N2":[0.7430358158044343],"N3":[0.4764030612244898],"REM":[0.7836538461538461],"Wake":[0.8282828282828283],"macro":[0.6524468715740513]},"recalls":{"N1":[0.351961950059453],"N2":[0.4803381109886071],"N3":[0.9828947368421053],"REM":[0.6087768440709617],"Wake":[0.6554756195043965],"macro":[0.6158894522931047]}}}},"test":{"confusion_matrices":{"abs":["[[1316, 248, 1314, 114, 219], [111, 465, 1455, 351, 217], [98, 388, 3666, 2518, 252], [0, 3, 104, 4186, 3], [40, 146, 951, 404, 1270]]"]},"markov_matrices":{"abs":{"actual":["[[2639, 499, 37, 1, 34], [225, 1407, 847, 6, 114], [206, 561, 5876, 194, 85], [45, 19, 132, 4095, 5], [95, 113, 30, 0, 2573]]"],"predicted":["[[1321, 141, 65, 6, 31], [75, 689, 305, 58, 123], [93, 247, 6488, 486, 176], [20, 70, 451, 6938, 94], [55, 103, 181, 85, 1537]]"]}},"metrics":{"downstream":{"cohen_kappa":[0.3999012058068595],"f1_scores":{"N1":[0.24162120031176929],"N2":[0.5087427144046628],"N3":[0.7053669222343921],"REM":[0.5322715842414082],"Wake":[0.5510887772194305],"macro":[0.5078182396823326]},"loss":[2.871831258138021],"precisions":{"N1":[0.372],"N2":[0.48945260347129504],"N3":[0.5527532021655883],"REM":[0.647628760836308],"Wake":[0.8408945686900958],"macro":[0.5805458270326576]},"recalls":{"N1":[0.1789149672951135],"N2":[0.5296157180005778],"N3":[0.9743947858472998],"REM":[0.4517965136961935],"Wake":[0.40984117097477424],"macro":[0.5089126311627917]}}}},"train":{},"valid_pretraining":{}}