{
    "earlystopping": {
        "confusion_matrices": {
            "abs": [
                "[[1208, 93, 56, 1, 14], [44, 245, 103, 0, 20], [41, 87, 3465, 256, 96], [0, 0, 47, 858, 0], [13, 27, 17, 0, 1252]]"
            ]
        },
        "markov_matrices": {
            "abs": {
                "actual": [
                    "[[1122, 217, 18, 0, 15], [56, 131, 215, 0, 10], [138, 60, 3629, 84, 34], [13, 1, 70, 821, 0], [42, 3, 13, 0, 1250]]"
                ],
                "predicted": [
                    "[[1082, 179, 27, 0, 18], [53, 219, 167, 0, 12], [113, 45, 3430, 67, 33], [17, 3, 47, 1048, 0], [40, 6, 17, 0, 1319]]"
                ]
            }
        },
        "metrics": {
            "downstream": {
                "cohen_kappa": [
                    0.8338623350474741
                ],
                "f1_scores": {
                    "N1": [
                        0.5671296296296297
                    ],
                    "N2": [
                        0.9078999082929384
                    ],
                    "N3": [
                        0.8495049504950496
                    ],
                    "REM": [
                        0.930509104422148
                    ],
                    "Wake": [
                        0.9021657953696789
                    ],
                    "macro": [
                        0.8314418776418888
                    ]
                },
                "loss": [
                    0.35431623458862305
                ],
                "precisions": {
                    "N1": [
                        0.5420353982300885
                    ],
                    "N2": [
                        0.9395336225596529
                    ],
                    "N3": [
                        0.7695067264573991
                    ],
                    "REM": [
                        0.9059334298118669
                    ],
                    "Wake": [
                        0.9249617151607963
                    ],
                    "macro": [
                        0.8163941784439608
                    ]
                },
                "recalls": {
                    "N1": [
                        0.5946601941747572
                    ],
                    "N2": [
                        0.8783269961977186
                    ],
                    "N3": [
                        0.9480662983425414
                    ],
                    "REM": [
                        0.9564553093964858
                    ],
                    "Wake": [
                        0.880466472303207
                    ],
                    "macro": [
                        0.8515950540829419
                    ]
                }
            }
        }
    },
    "test": {
        "confusion_matrices": {
            "abs": [
                "[[2399, 142, 114, 12, 89], [114, 405, 171, 5, 86], [167, 228, 5948, 495, 267], [1, 0, 118, 1395, 0], [64, 46, 60, 0, 2048]]"
            ]
        },
        "markov_matrices": {
            "abs": {
                "actual": [
                    "[[2267, 413, 59, 2, 15], [177, 247, 342, 0, 14], [239, 108, 6570, 128, 60], [22, 0, 108, 1384, 0], [50, 13, 26, 0, 2129]]"
                ],
                "predicted": [
                    "[[2250, 343, 97, 4, 51], [137, 352, 285, 0, 46], [243, 95, 5896, 103, 74], [22, 0, 83, 1791, 11], [92, 31, 50, 9, 2308]]"
                ]
            }
        },
        "metrics": {
            "downstream": {
                "cohen_kappa": [
                    0.7831639388540222
                ],
                "f1_scores": {
                    "N1": [
                        0.5056179775280899
                    ],
                    "N2": [
                        0.8801420538620893
                    ],
                    "N3": [
                        0.8155510084770534
                    ],
                    "REM": [
                        0.8700084961767205
                    ],
                    "Wake": [
                        0.8722050536266134
                    ],
                    "macro": [
                        0.7887049179341133
                    ]
                },
                "loss": [
                    0.4964159603776603
                ],
                "precisions": {
                    "N1": [
                        0.4933008526187576
                    ],
                    "N2": [
                        0.9277803774762128
                    ],
                    "N3": [
                        0.7315154693235448
                    ],
                    "REM": [
                        0.8224899598393575
                    ],
                    "Wake": [
                        0.8739526411657559
                    ],
                    "macro": [
                        0.7698078600847257
                    ]
                },
                "recalls": {
                    "N1": [
                        0.5185659411011524
                    ],
                    "N2": [
                        0.8371569317382125
                    ],
                    "N3": [
                        0.9214002642007926
                    ],
                    "REM": [
                        0.9233543733092876
                    ],
                    "Wake": [
                        0.8704644412191582
                    ],
                    "macro": [
                        0.8141883903137206
                    ]
                }
            }
        }
    },
    "train": {},
    "valid_pretraining": {}
}
