{
    "earlystopping": {
        "confusion_matrices": {
            "abs": [
                "[[1262, 79, 85, 1, 59], [55, 155, 193, 0, 58], [96, 47, 3375, 142, 168], [115, 0, 119, 791, 1], [18, 50, 83, 0, 1056]]"
            ]
        },
        "markov_matrices": {
            "abs": {
                "actual": [
                    "[[1212, 234, 24, 0, 15], [70, 143, 236, 0, 12], [144, 80, 3479, 94, 31], [13, 1, 80, 932, 0], [46, 3, 9, 0, 1149]]"
                ],
                "predicted": [
                    "[[1290, 149, 68, 1, 37], [43, 136, 117, 0, 35], [127, 31, 3544, 64, 89], [10, 0, 55, 869, 0], [75, 15, 71, 0, 1181]]"
                ]
            }
        },
        "metrics": {
            "downstream": {
                "cohen_kappa": [
                    0.752769827837247
                ],
                "f1_scores": {
                    "N1": [
                        0.39141414141414144
                    ],
                    "N2": [
                        0.878563061304178
                    ],
                    "N3": [
                        0.8071428571428572
                    ],
                    "REM": [
                        0.8285602196939976
                    ],
                    "Wake": [
                        0.8324538258575199
                    ],
                    "macro": [
                        0.7476268210825389
                    ]
                },
                "loss": [
                    0.5324868559837341
                ],
                "precisions": {
                    "N1": [
                        0.46827794561933533
                    ],
                    "N2": [
                        0.8754863813229572
                    ],
                    "N3": [
                        0.8468950749464668
                    ],
                    "REM": [
                        0.7868852459016393
                    ],
                    "Wake": [
                        0.8163001293661061
                    ],
                    "macro": [
                        0.7587689554313009
                    ]
                },
                "recalls": {
                    "N1": [
                        0.3362255965292842
                    ],
                    "N2": [
                        0.8816614420062696
                    ],
                    "N3": [
                        0.7709551656920078
                    ],
                    "REM": [
                        0.8748964374482188
                    ],
                    "Wake": [
                        0.8492597577388964
                    ],
                    "macro": [
                        0.7425996798829353
                    ]
                }
            }
        }
    },
    "test": {
        "confusion_matrices": {
            "abs": [
                "[[1624, 75, 230, 9, 275], [126, 284, 230, 5, 189], [79, 55, 5580, 309, 575], [3, 0, 297, 1215, 0], [20, 12, 170, 0, 2447]]"
            ]
        },
        "markov_matrices": {
            "abs": {
                "actual": [
                    "[[1846, 336, 22, 0, 8], [106, 332, 383, 0, 13], [188, 148, 6049, 144, 69], [24, 1, 119, 1371, 0], [48, 17, 25, 0, 2559]]"
                ],
                "predicted": [
                    "[[1424, 207, 117, 8, 95], [67, 161, 165, 0, 33], [214, 32, 5973, 118, 170], [24, 0, 102, 1407, 5], [122, 26, 150, 5, 3183]]"
                ]
            }
        },
        "metrics": {
            "downstream": {
                "cohen_kappa": [
                    0.7212771143632174
                ],
                "f1_scores": {
                    "N1": [
                        0.4507936507936508
                    ],
                    "N2": [
                        0.8515833651278137
                    ],
                    "N3": [
                        0.7959384212250246
                    ],
                    "REM": [
                        0.797718011409943
                    ],
                    "Wake": [
                        0.7990159901599015
                    ],
                    "macro": [
                        0.7390098877432668
                    ]
                },
                "loss": [
                    0.5551738385800962
                ],
                "precisions": {
                    "N1": [
                        0.6666666666666666
                    ],
                    "N2": [
                        0.8575380359612724
                    ],
                    "N3": [
                        0.7899869960988296
                    ],
                    "REM": [
                        0.7019506597819851
                    ],
                    "Wake": [
                        0.8768898488120951
                    ],
                    "macro": [
                        0.7786064414641698
                    ]
                },
                "recalls": {
                    "N1": [
                        0.3405275779376499
                    ],
                    "N2": [
                        0.8457108214610488
                    ],
                    "N3": [
                        0.801980198019802
                    ],
                    "REM": [
                        0.9237448093620234
                    ],
                    "Wake": [
                        0.7338454586534117
                    ],
                    "macro": [
                        0.7291617730867871
                    ]
                }
            }
        }
    },
    "train": {},
    "valid_ssl": {}
}
