{"earlystopping":{"confusion_matrices":{"abs":["[[1111, 25, 322, 0, 0], [140, 27, 241, 0, 0], [513, 62, 3127, 0, 0], [198, 0, 852, 0, 0], [384, 83, 598, 0, 0]]"]},"markov_matrices":{"abs":{"actual":["[[1259, 184, 13, 0, 1], [48, 150, 197, 0, 13], [112, 70, 3412, 84, 24], [12, 1, 71, 966, 0], [26, 3, 9, 0, 1027]]"],"predicted":["[[1770, 59, 516, 0, 0], [52, 52, 93, 0, 0], [524, 86, 4530, 0, 0], [0, 0, 0, 0, 0], [0, 0, 0, 0, 0]]"]}},"metrics":{"downstream":{"cohen_kappa":[0.2805218940110328],"f1_scores":{"N1":[0.08925619834710743],"N2":[0.7073060393576114],"N3":[0.0],"REM":[0.0],"Wake":[0.5841219768664564],"macro":[0.276136842914235]},"loss":[1.9775495529174805],"precisions":{"N1":[0.13705583756345177],"N2":[0.6083657587548638],"N3":[0.0],"REM":[0.0],"Wake":[0.47357203751065646],"macro":[0.2437987267657944]},"recalls":{"N1":[0.0661764705882353],"N2":[0.8446785521339817],"N3":[0.0],"REM":[0.0],"Wake":[0.7620027434842249],"macro":[0.3345715532412884]}}}},"test":{"confusion_matrices":{"abs":["[[1502, 17, 490, 0, 0], [186, 21, 377, 0, 0], [1025, 76, 5541, 0, 0], [334, 1, 1525, 0, 0], [591, 154, 1425, 0, 0]]"]},"markov_matrices":{"abs":{"actual":["[[1680, 283, 29, 0, 17], [67, 196, 302, 0, 18], [192, 88, 6163, 147, 52], [23, 1, 123, 1713, 0], [46, 16, 25, 0, 2083]]"],"predicted":["[[2690, 65, 883, 0, 0], [71, 72, 126, 0, 0], [876, 132, 8349, 0, 0], [0, 0, 0, 0, 0], [0, 0, 0, 0, 0]]"]}},"metrics":{"downstream":{"cohen_kappa":[0.22646806612965786],"f1_scores":{"N1":[0.0492379835873388],"N2":[0.6926249999999999],"N3":[0.0],"REM":[0.0],"Wake":[0.531963874623694],"macro":[0.25476537164220653]},"loss":[2.364095541147085],"precisions":{"N1":[0.07806691449814127],"N2":[0.592113699508442],"N3":[0.0],"REM":[0.0],"Wake":[0.41286421110500277],"macro":[0.21660896502231716]},"recalls":{"N1":[0.03595890410958904],"N2":[0.8342366757000903],"N3":[0.0],"REM":[0.0],"Wake":[0.7476356396217023],"macro":[0.32356624388627636]}}}},"train":{},"valid_pretraining":{}}