{"earlystopping":{"confusion_matrices":{"abs":["[[705, 129, 166, 6, 102], [97, 96, 167, 3, 65], [217, 56, 3344, 272, 208], [19, 0, 195, 694, 0], [184, 68, 154, 0, 847]]"]},"markov_matrices":{"abs":{"actual":["[[862, 210, 21, 0, 14], [64, 148, 206, 0, 10], [130, 65, 3781, 89, 32], [11, 1, 77, 819, 0], [40, 4, 12, 0, 1197]]"],"predicted":["[[963, 132, 75, 0, 51], [38, 157, 123, 0, 31], [144, 26, 3675, 63, 118], [6, 2, 55, 911, 1], [70, 32, 98, 1, 1021]]"]}},"metrics":{"downstream":{"cohen_kappa":[0.5926383203453329],"f1_scores":{"N1":[0.24710424710424708],"N2":[0.8233411301243383],"N3":[0.7371216144450345],"REM":[0.6844444444444445],"Wake":[0.6051502145922748],"macro":[0.6194323301420679]},"loss":[0.9389476180076599],"precisions":{"N1":[0.27507163323782235],"N2":[0.8306010928961749],"N3":[0.7117948717948718],"REM":[0.693126022913257],"Wake":[0.5769230769230769],"macro":[0.6175033395530406]},"recalls":{"N1":[0.22429906542056074],"N2":[0.8162069807175982],"N3":[0.76431718061674],"REM":[0.6759776536312849],"Wake":[0.6362815884476535],"macro":[0.6234164937667674]}}}},"test":{"confusion_matrices":{"abs":["[[1778, 119, 205, 17, 252], [268, 149, 192, 5, 140], [414, 122, 5156, 244, 548], [3, 0, 336, 1089, 13], [296, 77, 364, 0, 1387]]"]},"markov_matrices":{"abs":{"actual":["[[1925, 362, 71, 0, 13], [125, 270, 344, 1, 14], [256, 108, 5893, 174, 52], [18, 2, 155, 1266, 0], [46, 12, 21, 0, 2045]]"],"predicted":["[[2313, 201, 100, 2, 143], [74, 184, 159, 0, 50], [174, 48, 5740, 94, 197], [10, 1, 83, 1259, 2], [187, 33, 171, 0, 1948]]"]}},"metrics":{"downstream":{"cohen_kappa":[0.6004475986011373],"f1_scores":{"N1":[0.24406224406224405],"N2":[0.8096097982256419],"N3":[0.778969957081545],"REM":[0.6214157706093191],"Wake":[0.69317738791423],"macro":[0.6294470315785959]},"loss":[0.9235433431772085],"precisions":{"N1":[0.31905781584582443],"N2":[0.8245642091795938],"N3":[0.803690036900369],"REM":[0.5927350427350427],"Wake":[0.6444363899963755],"macro":[0.6368966989314411]},"recalls":{"N1":[0.1976127320954907],"N2":[0.7951881554595929],"N3":[0.7557251908396947],"REM":[0.6530131826741996],"Wake":[0.7498945592576972],"macro":[0.630286764065335]}}}},"train":{},"valid_pretraining":{}}