{
    "earlystopping": {
        "confusion_matrices": {
            "abs": [
                "[[765, 182, 166, 37, 336], [75, 126, 222, 15, 23], [106, 70, 3149, 476, 27], [0, 1, 207, 818, 0], [119, 72, 277, 19, 720]]"
            ]
        },
        "markov_matrices": {
            "abs": {
                "actual": [
                    "[[1212, 234, 24, 0, 15], [70, 143, 236, 0, 12], [144, 80, 3479, 94, 31], [13, 1, 80, 932, 0], [46, 3, 9, 0, 1149]]"
                ],
                "predicted": [
                    "[[829, 81, 94, 4, 57], [35, 243, 148, 1, 24], [121, 86, 3656, 100, 58], [10, 5, 86, 1251, 13], [69, 36, 37, 9, 954]]"
                ]
            }
        },
        "metrics": {
            "downstream": {
                "cohen_kappa": [
                    0.5598382012761305
                ],
                "f1_scores": {
                    "N1": [
                        0.2763157894736842
                    ],
                    "N2": [
                        0.8023952095808384
                    ],
                    "N3": [
                        0.6842325386867418
                    ],
                    "REM": [
                        0.622568093385214
                    ],
                    "Wake": [
                        0.599764798118385
                    ],
                    "macro": [
                        0.5970552858489727
                    ]
                },
                "loss": [
                    2.1674768924713135
                ],
                "precisions": {
                    "N1": [
                        0.2793791574279379
                    ],
                    "N2": [
                        0.7831385227555334
                    ],
                    "N3": [
                        0.5992673992673992
                    ],
                    "REM": [
                        0.650994575045208
                    ],
                    "Wake": [
                        0.7183098591549296
                    ],
                    "macro": [
                        0.6062179027302017
                    ]
                },
                "recalls": {
                    "N1": [
                        0.27331887201735355
                    ],
                    "N2": [
                        0.8226227795193313
                    ],
                    "N3": [
                        0.797270955165692
                    ],
                    "REM": [
                        0.5965202982601492
                    ],
                    "Wake": [
                        0.5148048452220727
                    ],
                    "macro": [
                        0.6009075500369198
                    ]
                }
            }
        }
    },
    "test": {
        "confusion_matrices": {
            "abs": [
                "[[728, 292, 376, 150, 667], [66, 288, 197, 67, 216], [89, 209, 5106, 850, 344], [3, 6, 178, 1322, 6], [14, 236, 1174, 26, 1199]]"
            ]
        },
        "markov_matrices": {
            "abs": {
                "actual": [
                    "[[1846, 336, 22, 0, 8], [106, 332, 383, 0, 13], [188, 148, 6049, 144, 69], [24, 1, 119, 1371, 0], [48, 17, 25, 0, 2559]]"
                ],
                "predicted": [
                    "[[538, 164, 80, 30, 88], [54, 570, 310, 29, 68], [163, 178, 6297, 141, 251], [51, 18, 140, 2167, 39], [94, 100, 204, 48, 1986]]"
                ]
            }
        },
        "metrics": {
            "downstream": {
                "cohen_kappa": [
                    0.4568721060250227
                ],
                "f1_scores": {
                    "N1": [
                        0.3088471849865952
                    ],
                    "N2": [
                        0.7492846136913933
                    ],
                    "N3": [
                        0.6727735368956743
                    ],
                    "REM": [
                        0.4719543396969101
                    ],
                    "Wake": [
                        0.46771602955348535
                    ],
                    "macro": [
                        0.5341151409648116
                    ]
                },
                "loss": [
                    2.907136705186632
                ],
                "precisions": {
                    "N1": [
                        0.2793404461687682
                    ],
                    "N2": [
                        0.726212487555113
                    ],
                    "N3": [
                        0.5474120082815735
                    ],
                    "REM": [
                        0.49300986842105265
                    ],
                    "Wake": [
                        0.8088888888888889
                    ],
                    "macro": [
                        0.5709727398630793
                    ]
                },
                "recalls": {
                    "N1": [
                        0.34532374100719426
                    ],
                    "N2": [
                        0.7738708699605941
                    ],
                    "N3": [
                        0.8726072607260726
                    ],
                    "REM": [
                        0.4526236315590789
                    ],
                    "Wake": [
                        0.3289652056032535
                    ],
                    "macro": [
                        0.5546781417712386
                    ]
                }
            }
        }
    },
    "train": {},
    "valid_pretraining": {}
}
