{
    "earlystopping": {
        "confusion_matrices": {
            "abs": [
                "[[807, 82, 316, 2, 279], [60, 37, 211, 1, 152], [150, 65, 2084, 16, 1513], [2, 1, 502, 14, 507], [199, 32, 278, 0, 698]]"
            ]
        },
        "markov_matrices": {
            "abs": {
                "actual": [
                    "[[1212, 234, 24, 0, 15], [70, 143, 236, 0, 12], [144, 80, 3479, 94, 31], [13, 1, 80, 932, 0], [46, 3, 9, 0, 1149]]"
                ],
                "predicted": [
                    "[[851, 90, 92, 0, 185], [25, 41, 119, 1, 31], [155, 52, 2930, 26, 227], [0, 0, 26, 4, 3], [187, 34, 223, 2, 2703]]"
                ]
            }
        },
        "metrics": {
            "downstream": {
                "cohen_kappa": [
                    0.22958330827971862
                ],
                "f1_scores": {
                    "N1": [
                        0.10914454277286136
                    ],
                    "N2": [
                        0.5773652860506996
                    ],
                    "N3": [
                        0.02644003777148253
                    ],
                    "REM": [
                        0.3204775022956841
                    ],
                    "Wake": [
                        0.5968934911242604
                    ],
                    "macro": [
                        0.32606417200299764
                    ]
                },
                "loss": [
                    4.372326374053955
                ],
                "precisions": {
                    "N1": [
                        0.17050691244239632
                    ],
                    "N2": [
                        0.6145679740489531
                    ],
                    "N3": [
                        0.42424242424242425
                    ],
                    "REM": [
                        0.221657669101302
                    ],
                    "Wake": [
                        0.6625615763546798
                    ],
                    "macro": [
                        0.4187073112379511
                    ]
                },
                "recalls": {
                    "N1": [
                        0.08026030368763558
                    ],
                    "N2": [
                        0.5444096133751306
                    ],
                    "N3": [
                        0.01364522417153996
                    ],
                    "REM": [
                        0.5782932891466446
                    ],
                    "Wake": [
                        0.5430686406460296
                    ],
                    "macro": [
                        0.35193541420539604
                    ]
                }
            }
        }
    },
    "test": {
        "confusion_matrices": {
            "abs": [
                "[[596, 119, 490, 5, 1003], [131, 51, 282, 1, 369], [256, 101, 4238, 24, 1979], [22, 1, 1064, 15, 413], [288, 82, 1001, 4, 1274]]"
            ]
        },
        "markov_matrices": {
            "abs": {
                "actual": [
                    "[[1846, 336, 22, 0, 8], [106, 332, 383, 0, 13], [188, 148, 6049, 144, 69], [24, 1, 119, 1371, 0], [48, 17, 25, 0, 2559]]"
                ],
                "predicted": [
                    "[[795, 104, 101, 0, 293], [25, 78, 185, 1, 65], [150, 97, 6444, 34, 349], [0, 5, 32, 10, 2], [323, 70, 313, 4, 4328]]"
                ]
            }
        },
        "metrics": {
            "downstream": {
                "cohen_kappa": [
                    0.17263741660404386
                ],
                "f1_scores": {
                    "N1": [
                        0.08585858585858586
                    ],
                    "N2": [
                        0.6199078475828275
                    ],
                    "N3": [
                        0.01918158567774936
                    ],
                    "REM": [
                        0.3314687134122545
                    ],
                    "Wake": [
                        0.3399885909868796
                    ],
                    "macro": [
                        0.2792810647036593
                    ]
                },
                "loss": [
                    4.676879600242332
                ],
                "precisions": {
                    "N1": [
                        0.1440677966101695
                    ],
                    "N2": [
                        0.5990106007067137
                    ],
                    "N3": [
                        0.30612244897959184
                    ],
                    "REM": [
                        0.25287812624057165
                    ],
                    "Wake": [
                        0.4609435421500387
                    ],
                    "macro": [
                        0.35260450293741713
                    ]
                },
                "recalls": {
                    "N1": [
                        0.06115107913669065
                    ],
                    "N2": [
                        0.6423158532888754
                    ],
                    "N3": [
                        0.009900990099009901
                    ],
                    "REM": [
                        0.4809362023405058
                    ],
                    "Wake": [
                        0.2693176683235427
                    ],
                    "macro": [
                        0.2927243586377249
                    ]
                }
            }
        }
    },
    "train": {},
    "valid_pretraining": {}
}
