{
    "earlystopping": {
        "confusion_matrices": {
            "abs": [
                "[[641, 68, 240, 0, 423], [41, 32, 165, 0, 174], [301, 76, 1466, 78, 2024], [21, 6, 169, 103, 606], [179, 47, 171, 7, 905]]"
            ]
        },
        "markov_matrices": {
            "abs": {
                "actual": [
                    "[[1122, 217, 18, 0, 15], [56, 131, 215, 0, 10], [138, 60, 3629, 84, 34], [13, 1, 70, 821, 0], [42, 3, 13, 0, 1250]]"
                ],
                "predicted": [
                    "[[792, 83, 110, 8, 190], [33, 72, 80, 4, 40], [134, 48, 1935, 29, 64], [6, 2, 36, 139, 5], [217, 24, 50, 8, 3833]]"
                ]
            }
        },
        "metrics": {
            "downstream": {
                "cohen_kappa": [
                    0.1907243851197883
                ],
                "f1_scores": {
                    "N1": [
                        0.0998439937597504
                    ],
                    "N2": [
                        0.4762833008447043
                    ],
                    "N3": [
                        0.18847209515096067
                    ],
                    "REM": [
                        0.33265943760338174
                    ],
                    "Wake": [
                        0.501761252446184
                    ],
                    "macro": [
                        0.3198040159609962
                    ]
                },
                "loss": [
                    7.414038181304932
                ],
                "precisions": {
                    "N1": [
                        0.13973799126637554
                    ],
                    "N2": [
                        0.663048394391678
                    ],
                    "N3": [
                        0.5478723404255319
                    ],
                    "REM": [
                        0.21902226524685384
                    ],
                    "Wake": [
                        0.5418427726120034
                    ],
                    "macro": [
                        0.42230475278848856
                    ]
                },
                "recalls": {
                    "N1": [
                        0.07766990291262135
                    ],
                    "N2": [
                        0.3716096324461344
                    ],
                    "N3": [
                        0.1138121546961326
                    ],
                    "REM": [
                        0.6913674560733384
                    ],
                    "Wake": [
                        0.467201166180758
                    ],
                    "macro": [
                        0.344332062461797
                    ]
                }
            }
        }
    },
    "test": {
        "confusion_matrices": {
            "abs": [
                "[[1319, 140, 354, 7, 936], [208, 80, 202, 1, 290], [817, 243, 3227, 105, 2713], [69, 16, 414, 251, 764], [293, 180, 698, 22, 1025]]"
            ]
        },
        "markov_matrices": {
            "abs": {
                "actual": [
                    "[[2267, 413, 59, 2, 15], [177, 247, 342, 0, 14], [239, 108, 6570, 128, 60], [22, 0, 108, 1384, 0], [50, 13, 26, 0, 2129]]"
                ],
                "predicted": [
                    "[[1777, 187, 295, 33, 414], [76, 257, 216, 12, 98], [348, 131, 4166, 68, 181], [23, 10, 75, 254, 24], [482, 74, 143, 19, 5010]]"
                ]
            }
        },
        "metrics": {
            "downstream": {
                "cohen_kappa": [
                    0.19123720844209835
                ],
                "f1_scores": {
                    "N1": [
                        0.1111111111111111
                    ],
                    "N2": [
                        0.5378333333333334
                    ],
                    "N3": [
                        0.26421052631578945
                    ],
                    "REM": [
                        0.25799144223508685
                    ],
                    "Wake": [
                        0.4829732698645185
                    ],
                    "macro": [
                        0.33082393657196785
                    ]
                },
                "loss": [
                    6.451256587587554
                ],
                "precisions": {
                    "N1": [
                        0.12139605462822459
                    ],
                    "N2": [
                        0.659244126659857
                    ],
                    "N3": [
                        0.6502590673575129
                    ],
                    "REM": [
                        0.178945530726257
                    ],
                    "Wake": [
                        0.4874353288987435
                    ],
                    "macro": [
                        0.41945602165411894
                    ]
                },
                "recalls": {
                    "N1": [
                        0.10243277848911651
                    ],
                    "N2": [
                        0.4541871921182266
                    ],
                    "N3": [
                        0.16578599735799207
                    ],
                    "REM": [
                        0.4621280432822362
                    ],
                    "Wake": [
                        0.4785921625544267
                    ],
                    "macro": [
                        0.3326252347603996
                    ]
                }
            }
        }
    },
    "train": {},
    "valid_pretraining": {}
}
