{
    "earlystopping": {
        "confusion_matrices": {
            "abs": [
                "[[1300, 101, 53, 4, 30], [120, 198, 125, 1, 27], [153, 119, 2746, 42, 780], [3, 0, 244, 320, 352], [83, 167, 569, 6, 341]]"
            ]
        },
        "markov_matrices": {
            "abs": {
                "actual": [
                    "[[1224, 231, 17, 0, 15], [74, 164, 222, 0, 11], [132, 73, 3531, 73, 31], [11, 0, 62, 846, 0], [46, 3, 8, 0, 1109]]"
                ],
                "predicted": [
                    "[[1287, 255, 78, 1, 38], [107, 249, 183, 0, 46], [177, 60, 3273, 46, 181], [7, 0, 38, 324, 4], [80, 21, 165, 2, 1261]]"
                ]
            }
        },
        "metrics": {
            "downstream": {
                "cohen_kappa": [
                    0.4529957997024534
                ],
                "f1_scores": {
                    "N1": [
                        0.375
                    ],
                    "N2": [
                        0.7248251286788966
                    ],
                    "N3": [
                        0.4953560371517028
                    ],
                    "REM": [
                        0.2529673590504451
                    ],
                    "Wake": [
                        0.8261836669844297
                    ],
                    "macro": [
                        0.5348664383730949
                    ]
                },
                "loss": [
                    2.121016025543213
                ],
                "precisions": {
                    "N1": [
                        0.3384615384615385
                    ],
                    "N2": [
                        0.7348140219427348
                    ],
                    "N3": [
                        0.8579088471849866
                    ],
                    "REM": [
                        0.22287581699346407
                    ],
                    "Wake": [
                        0.7836045810729355
                    ],
                    "macro": [
                        0.587532961131132
                    ]
                },
                "recalls": {
                    "N1": [
                        0.42038216560509556
                    ],
                    "N2": [
                        0.7151041666666667
                    ],
                    "N3": [
                        0.3482045701849837
                    ],
                    "REM": [
                        0.29245283018867924
                    ],
                    "Wake": [
                        0.8736559139784946
                    ],
                    "macro": [
                        0.5299599293247839
                    ]
                }
            }
        }
    },
    "test": {
        "confusion_matrices": {
            "abs": [
                "[[1932, 148, 203, 3, 230], [196, 239, 184, 1, 86], [728, 286, 3693, 37, 1787], [3, 0, 125, 335, 1064], [233, 318, 752, 5, 863]]"
            ]
        },
        "markov_matrices": {
            "abs": {
                "actual": [
                    "[[2107, 335, 57, 1, 15], [101, 257, 328, 0, 20], [233, 100, 5972, 176, 50], [18, 3, 155, 1350, 1], [56, 11, 19, 0, 2085]]"
                ],
                "predicted": [
                    "[[2369, 403, 192, 0, 127], [215, 422, 299, 0, 55], [334, 132, 4146, 35, 310], [3, 0, 30, 340, 8], [170, 34, 290, 6, 3530]]"
                ]
            }
        },
        "metrics": {
            "downstream": {
                "cohen_kappa": [
                    0.342702908731662
                ],
                "f1_scores": {
                    "N1": [
                        0.28167354154390095
                    ],
                    "N2": [
                        0.6429317548746518
                    ],
                    "N3": [
                        0.35115303983228513
                    ],
                    "REM": [
                        0.27834220287050476
                    ],
                    "Wake": [
                        0.6890156918687588
                    ],
                    "macro": [
                        0.4486232461980203
                    ]
                },
                "loss": [
                    2.9343510380497686
                ],
                "precisions": {
                    "N1": [
                        0.24117053481331988
                    ],
                    "N2": [
                        0.745007060722211
                    ],
                    "N3": [
                        0.8792650918635171
                    ],
                    "REM": [
                        0.2141439205955335
                    ],
                    "Wake": [
                        0.6248382923673997
                    ],
                    "macro": [
                        0.5408849800723963
                    ]
                },
                "recalls": {
                    "N1": [
                        0.3385269121813031
                    ],
                    "N2": [
                        0.5654570509875976
                    ],
                    "N3": [
                        0.21938441388343158
                    ],
                    "REM": [
                        0.3975126669737448
                    ],
                    "Wake": [
                        0.7678855325914149
                    ],
                    "macro": [
                        0.4577533153234984
                    ]
                }
            }
        }
    },
    "train": {},
    "valid_pretraining": {}
}
