{"earlystopping":{"confusion_matrices":{"abs":["[[5787, 108, 108, 10, 73], [416, 383, 610, 99, 252], [45, 181, 5196, 886, 189], [3, 1, 338, 1206, 1], [16, 15, 280, 53, 2388]]"]},"markov_matrices":{"abs":{"actual":["[[5819, 253, 12, 0, 1], [157, 1185, 319, 2, 97], [66, 186, 5820, 317, 108], [7, 16, 296, 1230, 0], [36, 120, 50, 0, 2546]]"],"predicted":["[[6037, 154, 34, 15, 26], [62, 317, 260, 5, 44], [95, 153, 5765, 353, 166], [23, 8, 342, 1872, 9], [49, 56, 131, 9, 2658]]"]}},"metrics":{"downstream":{"cohen_kappa":[0.7299373280144064],"f1_scores":{"N1":[0.31290849673202614],"N2":[0.7976053419295418],"N3":[0.6342361293715488],"REM":[0.8445623342175066],"Wake":[0.9369383955314499],"macro":[0.7052501395564146]},"loss":[1.1154043867781356],"precisions":{"N1":[0.5566860465116279],"N2":[0.7954684629516228],"N3":[0.5350488021295474],"REM":[0.8225973131243541],"Wake":[0.9234083293441838],"macro":[0.7266417908122672]},"recalls":{"N1":[0.21761363636363637],"N2":[0.7997537324919194],"N3":[0.7785668173014848],"REM":[0.8677325581395349],"Wake":[0.9508708511337496],"macro":[0.722907519086065]}}}},"test":{"confusion_matrices":{"abs":["[[9194, 155, 250, 10, 73], [811, 694, 849, 45, 600], [127, 462, 10400, 1135, 642], [1, 2, 457, 1714, 0], [224, 62, 385, 13, 3953]]"]},"markov_matrices":{"abs":{"actual":["[[9241, 410, 25, 0, 5], [217, 2136, 559, 2, 85], [152, 323, 11813, 339, 139], [16, 13, 311, 1833, 1], [55, 117, 58, 0, 4407]]"],"predicted":["[[9811, 329, 91, 17, 108], [125, 663, 456, 12, 119], [227, 271, 10944, 520, 379], [27, 9, 514, 2357, 10], [167, 103, 335, 11, 4652]]"]}},"metrics":{"downstream":{"cohen_kappa":[0.7281294753082674],"f1_scores":{"N1":[0.31732967535436674],"N2":[0.8284542159557096],"N3":[0.6733451188371636],"REM":[0.7981827359919232],"Wake":[0.9176106592145317],"macro":[0.7069844810707389]},"loss":[0.997750461101532],"precisions":{"N1":[0.5047272727272727],"N2":[0.842719390649056],"N3":[0.5875899897154611],"REM":[0.7503796507213364],"Wake":[0.8877087959833929],"macro":[0.7146250199593038]},"recalls":{"N1":[0.2314104701567189],"N2":[0.814663951120163],"N3":[0.7884084636614536],"REM":[0.8524908345913306],"Wake":[0.9495971906630861],"macro":[0.7273141820385505]}}}},"train":{},"valid_pretraining":{}}