{
    "earlystopping": {
        "confusion_matrices": {
            "abs": [
                "[[1152, 30, 46, 27, 231], [247, 94, 71, 12, 37], [885, 112, 2098, 562, 171], [74, 6, 56, 860, 30], [223, 49, 201, 64, 670]]"
            ]
        },
        "markov_matrices": {
            "abs": {
                "actual": [
                    "[[1212, 234, 24, 0, 15], [70, 143, 236, 0, 12], [144, 80, 3479, 94, 31], [13, 1, 80, 932, 0], [46, 3, 9, 0, 1149]]"
                ],
                "predicted": [
                    "[[2172, 168, 166, 25, 49], [96, 65, 110, 0, 20], [217, 45, 2039, 83, 88], [38, 0, 73, 1382, 32], [57, 13, 84, 35, 950]]"
                ]
            }
        },
        "metrics": {
            "downstream": {
                "cohen_kappa": [
                    0.47447629326789664
                ],
                "f1_scores": {
                    "N1": [
                        0.25
                    ],
                    "N2": [
                        0.6660317460317461
                    ],
                    "N3": [
                        0.6742453939631518
                    ],
                    "REM": [
                        0.5711849957374253
                    ],
                    "Wake": [
                        0.5665109417260881
                    ],
                    "macro": [
                        0.5455946154916823
                    ]
                },
                "loss": [
                    2.71183180809021
                ],
                "precisions": {
                    "N1": [
                        0.3230240549828179
                    ],
                    "N2": [
                        0.848705501618123
                    ],
                    "N3": [
                        0.5639344262295082
                    ],
                    "REM": [
                        0.5882352941176471
                    ],
                    "Wake": [
                        0.4463386284385897
                    ],
                    "macro": [
                        0.5540475810773372
                    ]
                },
                "recalls": {
                    "N1": [
                        0.2039045553145336
                    ],
                    "N2": [
                        0.5480668756530825
                    ],
                    "N3": [
                        0.8382066276803118
                    ],
                    "REM": [
                        0.5550952775476388
                    ],
                    "Wake": [
                        0.775235531628533
                    ],
                    "macro": [
                        0.58410177356482
                    ]
                }
            }
        }
    },
    "test": {
        "confusion_matrices": {
            "abs": [
                "[[1577, 49, 136, 185, 266], [318, 135, 62, 117, 202], [2278, 165, 2609, 1013, 533], [188, 0, 79, 1104, 144], [757, 88, 731, 124, 949]]"
            ]
        },
        "markov_matrices": {
            "abs": {
                "actual": [
                    "[[1846, 336, 22, 0, 8], [106, 332, 383, 0, 13], [188, 148, 6049, 144, 69], [24, 1, 119, 1371, 0], [48, 17, 25, 0, 2559]]"
                ],
                "predicted": [
                    "[[4358, 222, 316, 94, 127], [106, 114, 168, 11, 38], [401, 74, 2882, 124, 136], [117, 8, 108, 2204, 106], [136, 19, 143, 109, 1687]]"
                ]
            }
        },
        "metrics": {
            "downstream": {
                "cohen_kappa": [
                    0.29549433982378437
                ],
                "f1_scores": {
                    "N1": [
                        0.21243115656963021
                    ],
                    "N2": [
                        0.5108174253548704
                    ],
                    "N3": [
                        0.5441103992114342
                    ],
                    "REM": [
                        0.400168669618385
                    ],
                    "Wake": [
                        0.43022779975446734
                    ],
                    "macro": [
                        0.4195510901017574
                    ]
                },
                "loss": [
                    4.176786917227286
                ],
                "precisions": {
                    "N1": [
                        0.30892448512585813
                    ],
                    "N2": [
                        0.721316007741222
                    ],
                    "N3": [
                        0.43413291388124264
                    ],
                    "REM": [
                        0.45319961795606495
                    ],
                    "Wake": [
                        0.3081281750683861
                    ],
                    "macro": [
                        0.44514023995455476
                    ]
                },
                "recalls": {
                    "N1": [
                        0.1618705035971223
                    ],
                    "N2": [
                        0.3954228554107305
                    ],
                    "N3": [
                        0.7287128712871287
                    ],
                    "REM": [
                        0.35824839562098904
                    ],
                    "Wake": [
                        0.7126073203795752
                    ],
                    "macro": [
                        0.4713723892591092
                    ]
                }
            }
        }
    },
    "train": {},
    "valid_ssl": {}
}
