{"earlystopping":{"confusion_matrices":{"abs":["[[5587, 297, 68, 6, 128], [382, 634, 532, 15, 197], [232, 455, 5357, 297, 156], [7, 4, 654, 884, 0], [130, 218, 294, 8, 2102]]"]},"markov_matrices":{"abs":{"actual":["[[5819, 253, 12, 0, 1], [157, 1185, 319, 2, 97], [66, 186, 5820, 317, 108], [7, 16, 296, 1230, 0], [36, 120, 50, 0, 2546]]"],"predicted":["[[5987, 236, 48, 1, 65], [149, 1091, 307, 0, 61], [117, 178, 6352, 150, 108], [6, 4, 142, 1058, 0], [78, 99, 56, 1, 2349]]"]}},"metrics":{"downstream":{"cohen_kappa":[0.6985647341964992],"f1_scores":{"N1":[0.37648456057007124],"N2":[0.7994329204596329],"N3":[0.6408118883653497],"REM":[0.7880037488284911],"Wake":[0.8993882807469414],"macro":[0.7008242797940972]},"loss":[0.5979388984473976],"precisions":{"N1":[0.39427860696517414],"N2":[0.7758146270818248],"N3":[0.7305785123966942],"REM":[0.8137824235385211],"Wake":[0.8815083622593878],"macro":[0.7191925064483204]},"recalls":{"N1":[0.36022727272727273],"N2":[0.824534400492535],"N3":[0.5706907682375726],"REM":[0.7638081395348837],"Wake":[0.9180085441998028],"macro":[0.6874538250384135]}}}},"test":{"confusion_matrices":{"abs":["[[8912, 434, 137, 4, 195], [533, 1209, 751, 5, 501], [189, 923, 10735, 300, 619], [9, 7, 870, 1284, 4], [294, 247, 319, 0, 3777]]"]},"markov_matrices":{"abs":{"actual":["[[9241, 410, 25, 0, 5], [217, 2136, 559, 2, 85], [152, 323, 11813, 339, 139], [16, 13, 311, 1833, 1], [55, 117, 58, 0, 4407]]"],"predicted":["[[9442, 308, 47, 0, 139], [145, 2021, 483, 0, 171], [148, 279, 11980, 170, 235], [5, 1, 164, 1423, 0], [196, 211, 138, 0, 4551]]"]}},"metrics":{"downstream":{"cohen_kappa":[0.7255347510763572],"f1_scores":{"N1":[0.4155353153462794],"N2":[0.8393932285557901],"N3":[0.6817095832227237],"REM":[0.7761224699476009],"Wake":[0.9085070594831541],"macro":[0.7242535313111096]},"loss":[0.5375930666923523],"precisions":{"N1":[0.42872340425531913],"N2":[0.8378863565407431],"N3":[0.8060263653483992],"REM":[0.7411695447409733],"Wake":[0.8968501559826909],"macro":[0.7421311653736251]},"recalls":{"N1":[0.403134378126042],"N2":[0.8409055303148989],"N3":[0.5906163753449862],"REM":[0.8145352598662928],"Wake":[0.9204709770708531],"macro":[0.7139325041446146]}}}},"train":{},"valid_pretraining":{}}