{"earlystopping":{"confusion_matrices":{"abs":["[[1015, 179, 4, 10, 169], [152, 473, 114, 41, 95], [100, 386, 1154, 639, 178], [6, 9, 19, 1489, 20], [20, 98, 32, 5, 1073]]"]},"markov_matrices":{"abs":{"actual":["[[1107, 224, 32, 1, 13], [103, 420, 304, 1, 47], [91, 183, 2069, 75, 39], [26, 6, 44, 1466, 0], [49, 42, 8, 0, 1129]]"],"predicted":["[[947, 286, 19, 14, 27], [138, 650, 163, 71, 123], [75, 64, 1062, 68, 54], [62, 42, 45, 2010, 24], [70, 103, 34, 21, 1307]]"]}},"metrics":{"downstream":{"cohen_kappa":[0.6188198880937437],"f1_scores":{"N1":[0.46831683168316834],"N2":[0.6105820105820106],"N3":[0.799034075664073],"REM":[0.7766920014477018],"Wake":[0.7602996254681648],"macro":[0.6829849089690236]},"loss":[1.6298227945963542],"precisions":{"N1":[0.4131004366812227],"N2":[0.872260015117158],"N3":[0.6817765567765568],"REM":[0.6990228013029316],"Wake":[0.7849961330239753],"macro":[0.6902311885803689]},"recalls":{"N1":[0.5405714285714286],"N2":[0.46967846967846966],"N3":[0.9650032404407],"REM":[0.8737785016286646],"Wake":[0.7371096586782862],"macro":[0.7172282597995098]}}}},"test":{"confusion_matrices":{"abs":["[[3555, 410, 24, 119, 1053], [363, 1431, 212, 164, 413], [166, 906, 2299, 1599, 536], [18, 20, 148, 3505, 32], [53, 195, 61, 53, 1931]]"]},"markov_matrices":{"abs":{"actual":["[[4415, 676, 55, 1, 13], [385, 1308, 745, 5, 140], [218, 440, 4532, 223, 93], [51, 23, 150, 3494, 5], [91, 136, 24, 0, 2042]]"],"predicted":["[[3257, 729, 38, 46, 85], [455, 1629, 406, 118, 354], [136, 222, 2121, 178, 87], [120, 84, 118, 5023, 94], [186, 298, 61, 75, 3345]]"]}},"metrics":{"downstream":{"cohen_kappa":[0.5763340228300295],"f1_scores":{"N1":[0.5161406672678088],"N2":[0.5573333333333333],"N3":[0.7650332860416894],"REM":[0.6171300735059124],"Wake":[0.7632030914555603],"macro":[0.6437680903208609]},"loss":[2.084659375642475],"precisions":{"N1":[0.48311951384199864],"N2":[0.8378279883381924],"N3":[0.6443014705882353],"REM":[0.48701134930643125],"Wake":[0.855595667870036],"macro":[0.6615711979889787]},"recalls":{"N1":[0.554006968641115],"N2":[0.41754449691245915],"N3":[0.9414450711791565],"REM":[0.8421282163105103],"Wake":[0.6888199961247821],"macro":[0.6887889498336046]}}}},"train":{},"valid_pretraining":{}}