{"earlystopping":{"confusion_matrices":{"abs":["[[129, 91, 656, 94, 518], [25, 35, 246, 48, 117], [84, 212, 2140, 505, 899], [7, 22, 315, 417, 158], [63, 53, 634, 79, 337]]"]},"markov_matrices":{"abs":{"actual":["[[1224, 231, 17, 0, 15], [74, 164, 222, 0, 11], [132, 73, 3531, 73, 31], [11, 0, 62, 846, 0], [46, 3, 8, 0, 1109]]"],"predicted":["[[82, 5, 101, 22, 98], [8, 118, 177, 24, 86], [103, 155, 2921, 344, 468], [17, 40, 307, 597, 182], [98, 95, 484, 156, 1195]]"]}},"metrics":{"downstream":{"cohen_kappa":[0.11025369199202728],"f1_scores":{"N1":[0.07918552036199095],"N2":[0.5465457795939216],"N3":[0.40446168768186225],"REM":[0.2109546165884194],"Wake":[0.14365256124721604],"macro":[0.2769600330946821]},"loss":[3.0804309844970703],"precisions":{"N1":[0.0847457627118644],"N2":[0.5362064645452268],"N3":[0.3648293963254593],"REM":[0.16609167077378018],"Wake":[0.41883116883116883],"macro":[0.3141408926374999]},"recalls":{"N1":[0.07430997876857749],"N2":[0.5572916666666666],"N3":[0.45375408052230687],"REM":[0.2890222984562607],"Wake":[0.08669354838709678],"macro":[0.2922143145601817]}}}},"test":{"confusion_matrices":{"abs":["[[187, 196, 1128, 207, 798], [35, 49, 347, 59, 216], [133, 278, 2849, 1027, 2244], [6, 24, 396, 730, 371], [132, 128, 998, 146, 767]]"]},"markov_matrices":{"abs":{"actual":["[[2107, 335, 57, 1, 15], [101, 257, 328, 0, 20], [233, 100, 5972, 176, 50], [18, 3, 155, 1350, 1], [56, 11, 19, 0, 2085]]"],"predicted":["[[112, 13, 159, 28, 181], [12, 197, 284, 38, 144], [161, 252, 3936, 531, 838], [36, 43, 501, 1188, 401], [172, 170, 837, 384, 2832]]"]}},"metrics":{"downstream":{"cohen_kappa":[0.07530675378509666],"f1_scores":{"N1":[0.07096307023895727],"N2":[0.4651808310882521],"N3":[0.395021645021645],"REM":[0.23359220344144968],"Wake":[0.12429378531073447],"macro":[0.2578103070202077]},"loss":[3.5294839364510997],"precisions":{"N1":[0.0725925925925926],"N2":[0.4982511367611053],"N3":[0.3365606270170586],"REM":[0.17447679708826205],"Wake":[0.3793103448275862],"macro":[0.29223829965732095]},"recalls":{"N1":[0.06940509915014165],"N2":[0.4362272240085745],"N3":[0.47806155861165683],"REM":[0.3532934131736527],"Wake":[0.07432432432432433],"macro":[0.28226232385367]}}}},"train":{},"valid_pretraining":{}}