{"earlystopping":{"confusion_matrices":{"abs":["[[824, 2, 285, 26, 351], [50, 1, 227, 2, 191], [111, 0, 2284, 194, 1251], [0, 0, 147, 672, 100], [9, 0, 225, 5, 927]]"]},"markov_matrices":{"abs":{"actual":["[[1224, 231, 17, 0, 15], [74, 164, 222, 0, 11], [132, 73, 3531, 73, 31], [11, 0, 62, 846, 0], [46, 3, 8, 0, 1109]]"],"predicted":["[[852, 0, 105, 2, 35], [0, 0, 1, 2, 0], [90, 2, 2863, 58, 155], [4, 1, 51, 812, 31], [48, 0, 147, 25, 2599]]"]}},"metrics":{"downstream":{"cohen_kappa":[0.4360142845720091],"f1_scores":{"N1":[0.004219409282700422],"N2":[0.6518264840182648],"N3":[0.7392739273927393],"REM":[0.46512794781736083],"Wake":[0.6639806607574537],"macro":[0.5048856858537039]},"loss":[2.751920461654663],"precisions":{"N1":[0.3333333333333333],"N2":[0.7209595959595959],"N3":[0.7474972191323693],"REM":[0.32872340425531915],"Wake":[0.8289738430583501],"macro":[0.5918974791477936]},"recalls":{"N1":[0.0021231422505307855],"N2":[0.5947916666666667],"N3":[0.7312295973884657],"REM":[0.7950257289879932],"Wake":[0.553763440860215],"macro":[0.5353867152307743]}}}},"test":{"confusion_matrices":{"abs":["[[1419, 5, 442, 149, 501], [112, 0, 181, 24, 389], [272, 1, 3145, 1222, 1891], [1, 0, 146, 1261, 119], [72, 1, 142, 60, 1896]]"]},"markov_matrices":{"abs":{"actual":["[[2107, 335, 57, 1, 15], [101, 257, 328, 0, 20], [233, 100, 5972, 176, 50], [18, 3, 155, 1350, 1], [56, 11, 19, 0, 2085]]"],"predicted":["[[1533, 1, 213, 13, 116], [4, 0, 2, 0, 1], [184, 4, 3327, 184, 356], [21, 1, 158, 2433, 103], [134, 1, 356, 86, 4219]]"]}},"metrics":{"downstream":{"cohen_kappa":[0.42973561983259567],"f1_scores":{"N1":[0.0],"N2":[0.5941248701237367],"N3":[0.5943907612538298],"REM":[0.5442801779819147],"Wake":[0.6461748633879782],"macro":[0.4757941345494919]},"loss":[2.8245617901837385],"precisions":{"N1":[0.0],"N2":[0.7753944773175543],"N3":[0.4642857142857143],"REM":[0.39532944120100083],"Wake":[0.7563965884861408],"macro":[0.47828124425808205]},"recalls":{"N1":[0.0],"N2":[0.48154953299647835],"N3":[0.8258022265880812],"REM":[0.8733302625518194],"Wake":[0.5639904610492846],"macro":[0.5489344966371328]}}}},"train":{},"valid_pretraining":{}}