{
    "earlystopping": {
        "confusion_matrices": {
            "abs": [
                "[[914, 36, 82, 1, 75], [127, 86, 150, 0, 65], [182, 27, 3257, 260, 371], [0, 0, 51, 700, 157], [130, 20, 93, 0, 1010]]"
            ]
        },
        "markov_matrices": {
            "abs": {
                "actual": [
                    "[[862, 210, 21, 0, 14], [64, 148, 206, 0, 10], [130, 65, 3781, 89, 32], [11, 1, 77, 819, 0], [40, 4, 12, 0, 1197]]"
                ],
                "predicted": [
                    "[[1138, 92, 76, 1, 45], [30, 61, 64, 0, 14], [108, 10, 3344, 66, 105], [10, 1, 54, 887, 9], [66, 5, 95, 7, 1505]]"
                ]
            }
        },
        "metrics": {
            "downstream": {
                "cohen_kappa": [
                    0.6553435679048643
                ],
                "f1_scores": {
                    "N1": [
                        0.288107202680067
                    ],
                    "N2": [
                        0.8426908150064683
                    ],
                    "N3": [
                        0.7490636704119851
                    ],
                    "REM": [
                        0.6891845786421017
                    ],
                    "Wake": [
                        0.7427874847622917
                    ],
                    "macro": [
                        0.6623667503005828
                    ]
                },
                "loss": [
                    0.8037375211715698
                ],
                "precisions": {
                    "N1": [
                        0.5088757396449705
                    ],
                    "N2": [
                        0.896504266446463
                    ],
                    "N3": [
                        0.72840790842872
                    ],
                    "REM": [
                        0.601907032181168
                    ],
                    "Wake": [
                        0.6755358462675536
                    ],
                    "macro": [
                        0.682246158593775
                    ]
                },
                "recalls": {
                    "N1": [
                        0.20093457943925233
                    ],
                    "N2": [
                        0.794971930680986
                    ],
                    "N3": [
                        0.7709251101321586
                    ],
                    "REM": [
                        0.8060654429369514
                    ],
                    "Wake": [
                        0.8249097472924187
                    ],
                    "macro": [
                        0.6795613620963534
                    ]
                }
            }
        }
    },
    "test": {
        "confusion_matrices": {
            "abs": [
                "[[2023, 43, 198, 7, 100], [298, 141, 192, 5, 118], [326, 55, 5335, 259, 509], [17, 0, 180, 1189, 55], [111, 87, 239, 0, 1687]]"
            ]
        },
        "markov_matrices": {
            "abs": {
                "actual": [
                    "[[1925, 362, 71, 0, 13], [125, 270, 344, 1, 14], [256, 108, 5893, 174, 52], [18, 2, 155, 1266, 0], [46, 12, 21, 0, 2045]]"
                ],
                "predicted": [
                    "[[2355, 150, 203, 6, 61], [62, 125, 111, 0, 28], [251, 30, 5568, 122, 172], [32, 0, 99, 1318, 11], [74, 21, 163, 14, 2197]]"
                ]
            }
        },
        "metrics": {
            "downstream": {
                "cohen_kappa": [
                    0.6915423444915139
                ],
                "f1_scores": {
                    "N1": [
                        0.2611111111111111
                    ],
                    "N2": [
                        0.8449477351916377
                    ],
                    "N3": [
                        0.8197173388486728
                    ],
                    "REM": [
                        0.7345961245373395
                    ],
                    "Wake": [
                        0.7862417411581811
                    ],
                    "macro": [
                        0.6893228101693885
                    ]
                },
                "loss": [
                    0.7224735846886268
                ],
                "precisions": {
                    "N1": [
                        0.4325153374233129
                    ],
                    "N2": [
                        0.8683268229166666
                    ],
                    "N3": [
                        0.8143835616438356
                    ],
                    "REM": [
                        0.6832725799918996
                    ],
                    "Wake": [
                        0.729009009009009
                    ],
                    "macro": [
                        0.7055014621969448
                    ]
                },
                "recalls": {
                    "N1": [
                        0.1870026525198939
                    ],
                    "N2": [
                        0.8227945712523134
                    ],
                    "N3": [
                        0.8251214434420542
                    ],
                    "REM": [
                        0.794256120527307
                    ],
                    "Wake": [
                        0.8532264867144664
                    ],
                    "macro": [
                        0.696480254891207
                    ]
                }
            }
        }
    },
    "train": {},
    "valid_pretraining": {}
}
