{"earlystopping":{"confusion_matrices":{"abs":["[[5510, 335, 183, 54, 4], [511, 256, 804, 183, 6], [245, 31, 5426, 779, 16], [6, 0, 792, 751, 0], [1259, 331, 916, 233, 13]]"]},"markov_matrices":{"abs":{"actual":["[[5819, 253, 12, 0, 1], [157, 1185, 319, 2, 97], [66, 186, 5820, 317, 108], [7, 16, 296, 1230, 0], [36, 120, 50, 0, 2546]]"],"predicted":["[[6875, 328, 197, 127, 4], [221, 483, 219, 22, 8], [327, 121, 7142, 511, 20], [95, 15, 548, 1337, 4], [12, 6, 15, 3, 3]]"]}},"metrics":{"downstream":{"cohen_kappa":[0.48922289858494983],"f1_scores":{"N1":[0.1887209730925175],"N2":[0.7423724175673827],"N3":[0.42321780783319246],"REM":[0.009315657470440702],"Wake":[0.809282514503929],"macro":[0.43458187409349247]},"loss":[2.771717793232686],"precisions":{"N1":[0.26862539349422876],"N2":[0.668144317202315],"N3":[0.3755],"REM":[0.3333333333333333],"Wake":[0.7316425441508432],"macro":[0.47544911763614406]},"recalls":{"N1":[0.14545454545454545],"N2":[0.8351546867785131],"N3":[0.48482892188508714],"REM":[0.004723837209302325],"Wake":[0.9053565560302334],"macro":[0.4751037094715362]}}}},"test":{"confusion_matrices":{"abs":["[[8856, 467, 235, 120, 4], [1242, 393, 1198, 158, 8], [468, 113, 11434, 713, 38], [11, 0, 1196, 967, 0], [2636, 638, 1279, 64, 20]]"]},"markov_matrices":{"abs":{"actual":["[[9241, 410, 25, 0, 5], [217, 2136, 559, 2, 85], [152, 323, 11813, 339, 139], [16, 13, 311, 1833, 1], [55, 117, 58, 0, 4407]]"],"predicted":["[[12161, 536, 350, 148, 17], [368, 844, 357, 31, 11], [571, 205, 13890, 645, 31], [84, 20, 719, 1197, 2], [29, 6, 26, 0, 9]]"]}},"metrics":{"downstream":{"cohen_kappa":[0.5170713088871852],"f1_scores":{"N1":[0.17049891540130152],"N2":[0.813576206062331],"N3":[0.4609151572926597],"REM":[0.008497981729339282],"Wake":[0.7736186940379995],"macro":[0.44542139090472627]},"loss":[2.6873867511749268],"precisions":{"N1":[0.24394785847299813],"N2":[0.7452744101160214],"N3":[0.4782393669634026],"REM":[0.2857142857142857],"Wake":[0.6702489971997275],"macro":[0.48468498369328705]},"recalls":{"N1":[0.1310436812270757],"N2":[0.8956603477988406],"N3":[0.4448022079116835],"REM":[0.004313133491481561],"Wake":[0.9146870481305516],"macro":[0.4781012837119266]}}}},"train":{},"valid_pretraining":{}}