{
    "earlystopping": {
        "confusion_matrices": {
            "abs": [
                "[[1266, 122, 82, 2, 14], [11, 268, 158, 1, 23], [17, 79, 3391, 280, 61], [1, 0, 142, 881, 2], [9, 54, 57, 0, 1087]]"
            ]
        },
        "markov_matrices": {
            "abs": {
                "actual": [
                    "[[1212, 234, 24, 0, 15], [70, 143, 236, 0, 12], [144, 80, 3479, 94, 31], [13, 1, 80, 932, 0], [46, 3, 9, 0, 1149]]"
                ],
                "predicted": [
                    "[[1090, 196, 11, 0, 6], [69, 263, 171, 0, 20], [104, 43, 3582, 58, 43], [13, 2, 43, 1106, 0], [27, 19, 23, 0, 1118]]"
                ]
            }
        },
        "metrics": {
            "downstream": {
                "cohen_kappa": [
                    0.8000734600592498
                ],
                "f1_scores": {
                    "N1": [
                        0.5447154471544715
                    ],
                    "N2": [
                        0.8856098197962915
                    ],
                    "N3": [
                        0.8045662100456621
                    ],
                    "REM": [
                        0.9081035923141186
                    ],
                    "Wake": [
                        0.9075268817204301
                    ],
                    "macro": [
                        0.8101043902061947
                    ]
                },
                "loss": [
                    0.45503249764442444
                ],
                "precisions": {
                    "N1": [
                        0.5124282982791587
                    ],
                    "N2": [
                        0.885378590078329
                    ],
                    "N3": [
                        0.756872852233677
                    ],
                    "REM": [
                        0.9157540016849199
                    ],
                    "Wake": [
                        0.9708588957055214
                    ],
                    "macro": [
                        0.8082585275963211
                    ]
                },
                "recalls": {
                    "N1": [
                        0.5813449023861171
                    ],
                    "N2": [
                        0.885841170323929
                    ],
                    "N3": [
                        0.8586744639376218
                    ],
                    "REM": [
                        0.9005799502899752
                    ],
                    "Wake": [
                        0.8519515477792732
                    ],
                    "macro": [
                        0.8156784069433833
                    ]
                }
            }
        }
    },
    "test": {
        "confusion_matrices": {
            "abs": [
                "[[1681, 160, 106, 10, 256], [66, 518, 201, 2, 47], [31, 196, 5845, 373, 153], [1, 0, 273, 1241, 0], [2, 41, 105, 0, 2501]]"
            ]
        },
        "markov_matrices": {
            "abs": {
                "actual": [
                    "[[1846, 336, 22, 0, 8], [106, 332, 383, 0, 13], [188, 148, 6049, 144, 69], [24, 1, 119, 1371, 0], [48, 17, 25, 0, 2559]]"
                ],
                "predicted": [
                    "[[1416, 304, 35, 1, 24], [91, 491, 311, 0, 22], [189, 88, 6065, 103, 85], [25, 3, 75, 1521, 2], [59, 29, 44, 1, 2824]]"
                ]
            }
        },
        "metrics": {
            "downstream": {
                "cohen_kappa": [
                    0.789328353641948
                ],
                "f1_scores": {
                    "N1": [
                        0.592338479130932
                    ],
                    "N2": [
                        0.8904631322364412
                    ],
                    "N3": [
                        0.7901942056669851
                    ],
                    "REM": [
                        0.8922582946842669
                    ],
                    "Wake": [
                        0.8417626439659489
                    ],
                    "macro": [
                        0.801403351136915
                    ]
                },
                "loss": [
                    0.4347439518681279
                ],
                "precisions": {
                    "N1": [
                        0.566120218579235
                    ],
                    "N2": [
                        0.8950995405819295
                    ],
                    "N3": [
                        0.7632226322263223
                    ],
                    "REM": [
                        0.8457896516739939
                    ],
                    "Wake": [
                        0.9438517686692869
                    ],
                    "macro": [
                        0.8028167623461535
                    ]
                },
                "recalls": {
                    "N1": [
                        0.6211031175059952
                    ],
                    "N2": [
                        0.8858745074264929
                    ],
                    "N3": [
                        0.8191419141914191
                    ],
                    "REM": [
                        0.9441298603246508
                    ],
                    "Wake": [
                        0.7596023497514686
                    ],
                    "macro": [
                        0.8059703498400055
                    ]
                }
            }
        }
    },
    "train": {},
    "valid_pretraining": {}
}
