{"earlystopping":{"confusion_matrices":{"abs":["[[4190, 740, 256, 7, 199], [115, 566, 740, 16, 290], [18, 141, 6123, 353, 207], [2, 0, 855, 699, 2], [22, 75, 368, 0, 2217]]"]},"markov_matrices":{"abs":{"actual":["[[5051, 318, 17, 0, 5], [183, 1134, 318, 2, 90], [88, 164, 6222, 274, 94], [12, 10, 254, 1282, 0], [57, 101, 31, 0, 2493]]"],"predicted":["[[4042, 218, 53, 3, 30], [135, 1092, 167, 0, 128], [87, 109, 7831, 93, 222], [10, 0, 85, 979, 1], [72, 103, 206, 0, 2534]]"]}},"metrics":{"downstream":{"cohen_kappa":[0.6639557790216419],"f1_scores":{"N1":[0.3484148968913512],"N2":[0.8065068493150684],"N3":[0.530953285225978],"REM":[0.7922101125603002],"Wake":[0.8604579525618646],"macro":[0.6677086193109125]},"loss":[1.4203515582614474],"precisions":{"N1":[0.3718791064388962],"N2":[0.7339966434907697],"N3":[0.6502325581395348],"REM":[0.760548885077187],"Wake":[0.9638831377961813],"macro":[0.6961080661885137]},"recalls":{"N1":[0.3277359583092067],"N2":[0.8949137679041216],"N3":[0.4486521181001284],"REM":[0.8266219239373602],"Wake":[0.7770771513353115],"macro":[0.6550001839172257]}}}},"test":{"confusion_matrices":{"abs":["[[7652, 656, 446, 43, 168], [617, 1084, 1878, 66, 374], [40, 313, 9527, 457, 749], [0, 0, 817, 1353, 6], [81, 146, 601, 0, 3562]]"]},"markov_matrices":{"abs":{"actual":["[[8369, 557, 27, 1, 10], [330, 3076, 529, 0, 84], [166, 277, 10122, 394, 127], [26, 9, 359, 1780, 2], [73, 100, 49, 1, 4167]]"],"predicted":["[[7894, 372, 67, 15, 41], [212, 1565, 289, 0, 133], [156, 166, 12399, 144, 404], [18, 1, 138, 1760, 2], [109, 95, 376, 0, 4279]]"]}},"metrics":{"downstream":{"cohen_kappa":[0.6649330943358718],"f1_scores":{"N1":[0.3486651656481184],"N2":[0.7823444877848491],"N3":[0.6608058608058608],"REM":[0.770245431938588],"Wake":[0.8818208009219245],"macro":[0.6887763494198682]},"loss":[1.509310531616211],"precisions":{"N1":[0.4929513415188722],"N2":[0.7179892983646092],"N3":[0.7050547159979156],"REM":[0.7330726486931467],"Wake":[0.9120381406436233],"macro":[0.7122212290436335]},"recalls":{"N1":[0.26971883553122666],"N2":[0.8593721811293523],"N3":[0.6217830882352942],"REM":[0.8113895216400911],"Wake":[0.8535415504740658],"macro":[0.6831610354020061]}}}},"train":{},"valid_pretraining":{}}