{"earlystopping":{"confusion_matrices":{"abs":["[[5188, 16, 45, 6, 137], [587, 21, 617, 15, 487], [214, 25, 5239, 301, 1063], [12, 0, 595, 829, 122], [441, 10, 649, 5, 1577]]"]},"markov_matrices":{"abs":{"actual":["[[5051, 318, 17, 0, 5], [183, 1134, 318, 2, 90], [88, 164, 6222, 274, 94], [12, 10, 254, 1282, 0], [57, 101, 31, 0, 2493]]"],"predicted":["[[5855, 35, 247, 6, 298], [19, 7, 22, 0, 24], [287, 15, 5800, 254, 789], [23, 1, 239, 864, 29], [257, 14, 837, 32, 2246]]"]}},"metrics":{"downstream":{"cohen_kappa":[0.5887538400164061],"f1_scores":{"N1":[0.023346303501945526],"N2":[0.7491241867448345],"N3":[0.6109064112011791],"REM":[0.51977587343441],"Wake":[0.8767956734831841],"macro":[0.5559896896731107]},"loss":[1.3487251069810655],"precisions":{"N1":[0.2916666666666667],"N2":[0.7332400279916025],"N3":[0.717128027681661],"REM":[0.4657412876550502],"Wake":[0.8053399565352375],"macro":[0.6026231933060435]},"recalls":{"N1":[0.012159814707585408],"N2":[0.7657117801812335],"N3":[0.5320924261874198],"REM":[0.5879940343027591],"Wake":[0.962166172106825],"macro":[0.5720248454971646]}}}},"test":{"confusion_matrices":{"abs":["[[7844, 529, 267, 72, 253], [1339, 167, 1754, 85, 674], [218, 79, 8982, 794, 1013], [9, 0, 802, 1309, 56], [750, 36, 1316, 18, 2270]]"]},"markov_matrices":{"abs":{"actual":["[[8369, 557, 27, 1, 10], [330, 3076, 529, 0, 84], [166, 277, 10122, 394, 127], [26, 9, 359, 1780, 2], [73, 100, 49, 1, 4167]]"],"predicted":["[[9137, 186, 423, 28, 385], [142, 499, 130, 2, 38], [482, 85, 10931, 579, 1044], [45, 1, 555, 1630, 47], [353, 40, 1082, 39, 2752]]"]}},"metrics":{"downstream":{"cohen_kappa":[0.5432804246767766],"f1_scores":{"N1":[0.06915113871635611],"N2":[0.7420993927376379],"N3":[0.5877862595419847],"REM":[0.5244916820702403],"Wake":[0.8202875816993465],"macro":[0.5487632109531131]},"loss":[1.6427787780761718],"precisions":{"N1":[0.2059186189889026],"N2":[0.6845514823565277],"N3":[0.5746268656716418],"REM":[0.5321143928738865],"Wake":[0.7720472440944882],"macro":[0.5538517207970894]},"recalls":{"N1":[0.04155262503110226],"N2":[0.810211077034097],"N3":[0.6015625],"REM":[0.5170842824601367],"Wake":[0.8749581706636921],"macro":[0.5690737310378056]}}}},"train":{},"valid_pretraining":{}}