{"earlystopping":{"confusion_matrices":{"abs":["[[733, 382, 159, 51, 52], [173, 366, 199, 96, 41], [251, 412, 1132, 590, 72], [2, 7, 74, 1458, 2], [364, 333, 255, 79, 197]]"]},"markov_matrices":{"abs":{"actual":["[[1107, 224, 32, 1, 13], [103, 420, 304, 1, 47], [91, 183, 2069, 75, 39], [26, 6, 44, 1466, 0], [49, 42, 8, 0, 1129]]"],"predicted":["[[1053, 179, 130, 58, 103], [115, 1165, 178, 22, 20], [149, 113, 1460, 63, 34], [86, 11, 40, 2114, 22], [119, 32, 11, 17, 185]]"]}},"metrics":{"downstream":{"cohen_kappa":[0.39062199936566766],"f1_scores":{"N1":[0.3082105263157895],"N2":[0.529466791393826],"N3":[0.7639507466596803],"REM":[0.24748743718592964],"Wake":[0.5055172413793103],"macro":[0.47092654858690713]},"loss":[3.0955907185872396],"precisions":{"N1":[0.244],"N2":[0.6223199560197911],"N3":[0.6411609498680739],"REM":[0.5412087912087912],"Wake":[0.4812869336835194],"macro":[0.5059953261560352]},"recalls":{"N1":[0.41828571428571426],"N2":[0.4607244607244607],"N3":[0.9449125081011017],"REM":[0.16042345276872963],"Wake":[0.5323166303558461],"macro":[0.5033325532471705]}}}},"test":{"confusion_matrices":{"abs":["[[2305, 1038, 933, 676, 209], [312, 958, 810, 296, 207], [428, 699, 2565, 1629, 185], [30, 15, 244, 3426, 8], [664, 698, 379, 186, 366]]"]},"markov_matrices":{"abs":{"actual":["[[4415, 676, 55, 1, 13], [385, 1308, 745, 5, 140], [218, 440, 4532, 223, 93], [51, 23, 150, 3494, 5], [91, 136, 24, 0, 2042]]"],"predicted":["[[2457, 485, 349, 173, 275], [370, 2505, 399, 55, 79], [375, 276, 4061, 178, 41], [232, 35, 110, 5754, 81], [305, 106, 12, 53, 499]]"]}},"metrics":{"downstream":{"cohen_kappa":[0.3604127926461227],"f1_scores":{"N1":[0.3198130529127024],"N2":[0.4915205518827249],"N3":[0.6896135265700483],"REM":[0.22399020807833536],"Wake":[0.5179775280898876],"macro":[0.4485829735067398]},"loss":[3.0412621749074837],"precisions":{"N1":[0.2811032863849765],"N2":[0.5201784627864531],"N3":[0.5514244326412361],"REM":[0.37538461538461537],"Wake":[0.6164749933137202],"macro":[0.46891315810220024]},"recalls":{"N1":[0.3708865660085172],"N2":[0.46585543043952055],"N3":[0.9202256244963739],"REM":[0.15961622328826863],"Wake":[0.44661887231156755],"macro":[0.4726405433088495]}}}},"train":{},"valid_pretraining":{}}