{"earlystopping":{"confusion_matrices":{"abs":["[[5388, 523, 139, 1, 35], [239, 418, 781, 7, 315], [100, 42, 5948, 49, 358], [9, 0, 1305, 207, 28], [177, 7, 831, 14, 1723]]"]},"markov_matrices":{"abs":{"actual":["[[5819, 253, 12, 0, 1], [157, 1185, 319, 2, 97], [66, 186, 5820, 317, 108], [7, 16, 296, 1230, 0], [36, 120, 50, 0, 2546]]"],"predicted":["[[5543, 204, 95, 3, 67], [159, 717, 78, 1, 35], [138, 46, 8404, 104, 312], [6, 0, 100, 168, 4], [66, 23, 327, 2, 2041]]"]}},"metrics":{"downstream":{"cohen_kappa":[0.6212757968693021],"f1_scores":{"N1":[0.304],"N2":[0.7674343590736081],"N3":[0.22660098522167488],"REM":[0.6612934177701018],"Wake":[0.8980748395699641],"macro":[0.5714807203270698]},"loss":[1.960810274691195],"precisions":{"N1":[0.4222222222222222],"N2":[0.6605952909817858],"N3":[0.7446043165467626],"REM":[0.7006913379422529],"Wake":[0.9112125824454591],"macro":[0.6878651500276965]},"recalls":{"N1":[0.2375],"N2":[0.9154994612898261],"N3":[0.13363460296965785],"REM":[0.6260901162790697],"Wake":[0.8853105488005258],"macro":[0.5596069458678159]}}}},"test":{"confusion_matrices":{"abs":["[[8259, 921, 355, 1, 146], [376, 835, 1190, 1, 597], [87, 162, 11865, 29, 623], [0, 1, 2060, 98, 15], [59, 111, 1186, 0, 3281]]"]},"markov_matrices":{"abs":{"actual":["[[9241, 410, 25, 0, 5], [217, 2136, 559, 2, 85], [152, 323, 11813, 339, 139], [16, 13, 311, 1833, 1], [55, 117, 58, 0, 4407]]"],"predicted":["[[8104, 414, 169, 1, 92], [304, 1447, 162, 0, 117], [243, 63, 15718, 65, 567], [4, 0, 60, 62, 3], [125, 106, 547, 1, 3883]]"]}},"metrics":{"downstream":{"cohen_kappa":[0.6426527852834906],"f1_scores":{"N1":[0.33207397096838337],"N2":[0.8065393243151383],"N3":[0.0851063829787234],"REM":[0.7056672760511883],"Wake":[0.8946541732112875],"macro":[0.5648082255049441]},"loss":[1.75026535987854],"precisions":{"N1":[0.41133004926108374],"N2":[0.7123559077809798],"N3":[0.7596899224806202],"REM":[0.7037752037752038],"Wake":[0.9405534677143833],"macro":[0.7055409102024541]},"recalls":{"N1":[0.2784261420473491],"N2":[0.9294219019269936],"N3":[0.045078196872125116],"REM":[0.7075695492775501],"Wake":[0.853026234249122],"macro":[0.5627044048746279]}}}},"train":{},"valid_pretraining":{}}