{"earlystopping":{"confusion_matrices":{"abs":["[[5583, 144, 504, 0, 885], [592, 91, 639, 2, 488], [1115, 207, 4230, 15, 1288], [53, 8, 1260, 21, 88], [1205, 74, 490, 0, 986]]"]},"markov_matrices":{"abs":{"actual":["[[6823, 271, 17, 0, 4], [151, 1184, 365, 3, 109], [78, 212, 6189, 261, 115], [11, 15, 238, 1166, 0], [52, 130, 46, 0, 2527]]"],"predicted":["[[7036, 103, 613, 1, 795], [102, 231, 127, 0, 64], [614, 115, 5703, 21, 670], [2, 2, 20, 12, 2], [793, 73, 660, 4, 2204]]"]}},"metrics":{"downstream":{"cohen_kappa":[0.3489247411662457],"f1_scores":{"N1":[0.0779109589041096],"N2":[0.6052368006867935],"N3":[0.02861035422343324],"REM":[0.3038520801232666],"Wake":[0.7128447395301328],"macro":[0.34569098669354714]},"loss":[2.0604776235727162],"precisions":{"N1":[0.1736641221374046],"N2":[0.5938509055173382],"N3":[0.5526315789473685],"REM":[0.2639892904953146],"Wake":[0.6531352363125877],"macro":[0.4474542266820027]},"recalls":{"N1":[0.05022075055187638],"N2":[0.6170678336980306],"N3":[0.014685314685314685],"REM":[0.35789473684210527],"Wake":[0.7845699831365935],"macro":[0.3648877237827841]}}}},"test":{"confusion_matrices":{"abs":["[[10993, 528, 1754, 1, 2146], [1310, 262, 1476, 12, 954], [1707, 551, 7318, 32, 2105], [133, 36, 1836, 38, 210], [1517, 175, 854, 0, 1397]]"]},"markov_matrices":{"abs":{"actual":["[[14659, 720, 37, 1, 4], [431, 2829, 660, 3, 91], [229, 338, 10472, 535, 139], [24, 14, 498, 1714, 3], [78, 113, 46, 0, 3706]]"],"predicted":["[[12741, 260, 1232, 13, 1414], [208, 766, 396, 4, 178], [1239, 324, 10384, 34, 1256], [11, 5, 34, 21, 12], [1460, 197, 1192, 11, 3952]]"]}},"metrics":{"downstream":{"cohen_kappa":[0.3289331254360819],"f1_scores":{"N1":[0.09414301113905857],"N2":[0.5865897158430524],"N3":[0.032534246575342464],"REM":[0.2597861459786146],"Wake":[0.7073547390772794],"macro":[0.33608157172266945]},"loss":[2.0651596278360445],"precisions":{"N1":[0.16881443298969073],"N2":[0.5528025381477565],"N3":[0.4578313253012048],"REM":[0.205079271873165],"Wake":[0.7019795657726692],"macro":[0.4173014268168972]},"recalls":{"N1":[0.06527154957648232],"N2":[0.6247758900367113],"N3":[0.016866400355082113],"REM":[0.3542987572914025],"Wake":[0.712812864738685],"macro":[0.3548050923996726]}}}},"train":{},"valid_pretraining":{}}