{"earlystopping":{"confusion_matrices":{"abs":["[[5069, 26, 801, 26, 164], [513, 5, 1105, 24, 113], [160, 0, 5761, 537, 39], [4, 0, 631, 906, 8], [149, 1, 1406, 61, 1135]]"]},"markov_matrices":{"abs":{"actual":["[[5819, 253, 12, 0, 1], [157, 1185, 319, 2, 97], [66, 186, 5820, 317, 108], [7, 16, 296, 1230, 0], [36, 120, 50, 0, 2546]]"],"predicted":["[[5204, 21, 544, 20, 105], [16, 4, 6, 1, 5], [520, 3, 8550, 283, 348], [33, 0, 257, 1239, 25], [122, 4, 346, 11, 976]]"]}},"metrics":{"downstream":{"cohen_kappa":[0.5559857154514749],"f1_scores":{"N1":[0.005580357142857143],"N2":[0.7111906672427628],"N3":[0.5839510151466323],"REM":[0.5390643552600333],"Wake":[0.8461731074200818],"macro":[0.5371919004424734]},"loss":[1.1880160151301205],"precisions":{"N1":[0.15625],"N2":[0.5936727122835944],"N3":[0.583011583011583],"REM":[0.7779300891021247],"Wake":[0.8598812553011026],"macro":[0.594149127939681]},"recalls":{"N1":[0.002840909090909091],"N2":[0.8867169462828998],"N3":[0.5848934796642995],"REM":[0.41242732558139533],"Wake":[0.8328951692408807],"macro":[0.5439547659720769]}}}},"test":{"confusion_matrices":{"abs":["[[6693, 88, 2593, 48, 260], [1179, 49, 1531, 38, 202], [765, 5, 11248, 640, 108], [11, 0, 1013, 1142, 8], [733, 14, 1749, 18, 2123]]"]},"markov_matrices":{"abs":{"actual":["[[9241, 410, 25, 0, 5], [217, 2136, 559, 2, 85], [152, 323, 11813, 339, 139], [16, 13, 311, 1833, 1], [55, 117, 58, 0, 4407]]"],"predicted":["[[7569, 68, 1389, 43, 311], [60, 51, 26, 4, 15], [1359, 14, 15775, 438, 548], [54, 6, 411, 1385, 30], [339, 17, 532, 16, 1797]]"]}},"metrics":{"downstream":{"cohen_kappa":[0.4937895712963639],"f1_scores":{"N1":[0.031061806656101427],"N2":[0.7280258899676375],"N3":[0.5625615763546798],"REM":[0.5786317797765058],"Wake":[0.7021979751350784],"macro":[0.5204958055780006]},"loss":[1.1816145181655884],"precisions":{"N1":[0.3141025641025641],"N2":[0.6202713135546487],"N3":[0.6055143160127253],"REM":[0.7860051832654572],"Wake":[0.7134633834346018],"macro":[0.6078713520739994]},"recalls":{"N1":[0.01633877959319773],"N2":[0.8810903963653455],"N3":[0.5252989880404784],"REM":[0.4578391201207677],"Wake":[0.6912827928114026],"macro":[0.5143700153862384]}}}},"train":{},"valid_pretraining":{}}