{"earlystopping":{"confusion_matrices":{"abs":["[[1160, 95, 75, 26, 132], [94, 212, 84, 2, 79], [130, 230, 2474, 182, 824], [1, 3, 187, 718, 10], [196, 173, 46, 9, 742]]"]},"markov_matrices":{"abs":{"actual":["[[1224, 231, 17, 0, 15], [74, 164, 222, 0, 11], [132, 73, 3531, 73, 31], [11, 0, 62, 846, 0], [46, 3, 8, 0, 1109]]"],"predicted":["[[1289, 223, 27, 3, 39], [107, 336, 181, 6, 83], [104, 96, 2465, 58, 143], [17, 9, 45, 851, 14], [63, 49, 148, 19, 1508]]"]}},"metrics":{"downstream":{"cohen_kappa":[0.55348343062621],"f1_scores":{"N1":[0.3581081081081081],"N2":[0.7378467044437818],"N3":[0.7737068965517241],"REM":[0.502539790044023],"Wake":[0.7559465623981755],"macro":[0.6256296123091626]},"loss":[1.8625171184539795],"precisions":{"N1":[0.2973352033660589],"N2":[0.8632240055826936],"N3":[0.7662753468516542],"REM":[0.4152210408505876],"Wake":[0.7337128399746996],"macro":[0.6151536873251388]},"recalls":{"N1":[0.45010615711252655],"N2":[0.6442708333333333],"N3":[0.7812840043525572],"REM":[0.6363636363636364],"Wake":[0.7795698924731183],"macro":[0.6583189047270344]}}}},"test":{"confusion_matrices":{"abs":["[[1717, 140, 203, 121, 335], [128, 317, 125, 5, 131], [211, 652, 3416, 949, 1303], [1, 6, 250, 1225, 45], [236, 150, 119, 46, 1620]]"]},"markov_matrices":{"abs":{"actual":["[[2107, 335, 57, 1, 15], [101, 257, 328, 0, 20], [233, 100, 5972, 176, 50], [18, 3, 155, 1350, 1], [56, 11, 19, 0, 2085]]"],"predicted":["[[1823, 349, 30, 22, 68], [187, 651, 302, 19, 106], [126, 184, 3502, 120, 181], [44, 18, 105, 2137, 42], [112, 63, 174, 48, 3037]]"]}},"metrics":{"downstream":{"cohen_kappa":[0.4914233710297854],"f1_scores":{"N1":[0.32166412988330795],"N2":[0.6418639609169485],"N3":[0.6325845597727859],"REM":[0.5780553077609277],"Wake":[0.7140777708463297],"macro":[0.57764914583606]},"loss":[2.41893881338614],"precisions":{"N1":[0.25059288537549407],"N2":[0.8305373206904936],"N3":[0.5221653878942881],"REM":[0.47175305765870706],"Wake":[0.7488006977758395],"macro":[0.5647698698789645]},"recalls":{"N1":[0.4490084985835694],"N2":[0.5230439442658092],"N3":[0.802226588081205],"REM":[0.7461999078765545],"Wake":[0.6824324324324325],"macro":[0.6405822742479141]}}}},"train":{},"valid_pretraining":{}}