{"earlystopping":{"confusion_matrices":{"abs":["[[267, 275, 262, 54, 250], [12, 95, 137, 16, 168], [5, 634, 2467, 381, 610], [0, 196, 167, 508, 37], [1, 97, 75, 1, 1079]]"]},"markov_matrices":{"abs":{"actual":["[[862, 210, 21, 0, 14], [64, 148, 206, 0, 10], [130, 65, 3781, 89, 32], [11, 1, 77, 819, 0], [40, 4, 12, 0, 1197]]"],"predicted":["[[215, 20, 9, 2, 39], [15, 798, 257, 84, 143], [16, 325, 2527, 38, 202], [4, 72, 51, 825, 8], [35, 82, 264, 10, 1752]]"]}},"metrics":{"downstream":{"cohen_kappa":[0.39592141621301336],"f1_scores":{"N1":[0.11014492753623188],"N2":[0.6848022206800832],"N3":[0.5438972162740899],"REM":[0.6352664115395936],"Wake":[0.38334529791816224],"macro":[0.4714912147896322]},"loss":[2.414259910583496],"precisions":{"N1":[0.07324595219737856],"N2":[0.7937580437580437],"N3":[0.5291666666666667],"REM":[0.5032649253731343],"Wake":[0.9368421052631579],"macro":[0.5672555386516762]},"recalls":{"N1":[0.2219626168224299],"N2":[0.6021479131071515],"N3":[0.5594713656387665],"REM":[0.8611332801276935],"Wake":[0.24097472924187727],"macro":[0.4971379809875838]}}}},"test":{"confusion_matrices":{"abs":["[[851, 436, 209, 63, 812], [118, 236, 93, 9, 298], [155, 1077, 3039, 337, 1876], [0, 201, 70, 1067, 103], [43, 234, 144, 0, 1703]]"]},"markov_matrices":{"abs":{"actual":["[[1925, 362, 71, 0, 13], [125, 270, 344, 1, 14], [256, 108, 5893, 174, 52], [18, 2, 155, 1266, 0], [46, 12, 21, 0, 2045]]"],"predicted":["[[962, 65, 25, 7, 108], [57, 1347, 358, 127, 295], [27, 427, 2817, 96, 188], [6, 120, 106, 1209, 34], [115, 225, 249, 36, 4167]]"]}},"metrics":{"downstream":{"cohen_kappa":[0.3817956308188255],"f1_scores":{"N1":[0.16065350578624915],"N2":[0.6054387887239766],"N3":[0.7315735344532054],"REM":[0.4924812030075189],"Wake":[0.4810627473148671],"macro":[0.49424195585716346]},"loss":[3.115239070012019],"precisions":{"N1":[0.10805860805860806],"N2":[0.8548523206751055],"N3":[0.7228997289972899],"REM":[0.3553839732888147],"Wake":[0.7292202227934875],"macro":[0.5540829707626611]},"recalls":{"N1":[0.3129973474801061],"N2":[0.4686921653300432],"N3":[0.7404580152671756],"REM":[0.801789077212806],"Wake":[0.35892028679881904],"macro":[0.53657137841779]}}}},"train":{},"valid_pretraining":{}}