{"earlystopping":{"confusion_matrices":{"abs":["[[591, 186, 419, 85, 96], [79, 237, 432, 101, 26], [18, 98, 1806, 504, 31], [0, 1, 199, 1341, 2], [52, 152, 243, 58, 723]]"]},"markov_matrices":{"abs":{"actual":["[[1107, 224, 32, 1, 13], [103, 420, 304, 1, 47], [91, 183, 2069, 75, 39], [26, 6, 44, 1466, 0], [49, 42, 8, 0, 1129]]"],"predicted":["[[490, 103, 97, 14, 36], [78, 380, 148, 21, 47], [110, 117, 2507, 256, 109], [19, 24, 239, 1767, 39], [42, 50, 108, 31, 647]]"]}},"metrics":{"downstream":{"cohen_kappa":[0.5095130061540687],"f1_scores":{"N1":[0.30600387346675273],"N2":[0.6501079913606912],"N3":[0.7384361233480177],"REM":[0.6866096866096866],"Wake":[0.5583372697213037],"macro":[0.5878989889012904]},"loss":[1.0912676493326823],"precisions":{"N1":[0.3516320474777448],"N2":[0.5827686350435625],"N3":[0.6419339396840593],"REM":[0.8234624145785877],"Wake":[0.7986486486486486],"macro":[0.6396891370865205]},"recalls":{"N1":[0.27085714285714285],"N2":[0.7350427350427351],"N3":[0.8690861957226182],"REM":[0.5887622149837134],"Wake":[0.42919389978213507],"macro":[0.5785884376776689]}}}},"test":{"confusion_matrices":{"abs":["[[2250, 939, 627, 205, 1140], [172, 679, 1144, 328, 260], [46, 276, 3652, 1376, 156], [3, 4, 605, 3109, 2], [74, 305, 478, 139, 1297]]"]},"markov_matrices":{"abs":{"actual":["[[4415, 676, 55, 1, 13], [385, 1308, 745, 5, 140], [218, 440, 4532, 223, 93], [51, 23, 150, 3494, 5], [91, 136, 24, 0, 2042]]"],"predicted":["[[1817, 325, 220, 30, 153], [264, 1328, 435, 58, 118], [246, 343, 5072, 564, 281], [40, 63, 533, 4426, 94], [177, 144, 246, 79, 2209]]"]}},"metrics":{"downstream":{"cohen_kappa":[0.4514748529500773],"f1_scores":{"N1":[0.28374425407438364],"N2":[0.608058608058608],"N3":[0.7002252252252252],"REM":[0.5038850038850039],"Wake":[0.5839605502206073],"macro":[0.5359747282927656]},"loss":[1.1726961637798108],"precisions":{"N1":[0.3082160689968225],"N2":[0.5613280049185367],"N3":[0.6028698855923987],"REM":[0.4542907180385289],"Wake":[0.8840864440078585],"macro":[0.5621582243108291]},"recalls":{"N1":[0.26287262872628725],"N2":[0.6632764257173992],"N3":[0.8350792371743218],"REM":[0.5656345399040559],"Wake":[0.4359620228637861],"macro":[0.55256497087717]}}}},"train":{},"valid_pretraining":{}}