{"earlystopping":{"confusion_matrices":{"abs":["[[1148, 68, 74, 5, 191], [53, 167, 127, 8, 106], [114, 73, 2971, 449, 221], [3, 10, 171, 842, 0], [35, 38, 103, 1, 1030]]"]},"markov_matrices":{"abs":{"actual":["[[1212, 234, 24, 0, 15], [70, 143, 236, 0, 12], [144, 80, 3479, 94, 31], [13, 1, 80, 932, 0], [46, 3, 9, 0, 1149]]"],"predicted":["[[1139, 134, 20, 27, 32], [37, 114, 146, 1, 58], [81, 52, 3142, 76, 95], [36, 4, 63, 1200, 2], [59, 52, 75, 1, 1361]]"]}},"metrics":{"downstream":{"cohen_kappa":[0.6747912225855068],"f1_scores":{"N1":[0.408812729498164],"N2":[0.8168820456420125],"N3":[0.7224367224367225],"REM":[0.7477313974591652],"Wake":[0.8087354702359987],"macro":[0.7009196730544125]},"loss":[1.3623589277267456],"precisions":{"N1":[0.4691011235955056],"N2":[0.8621590249564712],"N3":[0.6452107279693486],"REM":[0.665374677002584],"Wake":[0.8484848484848485],"macro":[0.6980660804017517]},"recalls":{"N1":[0.36225596529284165],"N2":[0.7761233019853709],"N3":[0.8206627680311891],"REM":[0.8533554266777134],"Wake":[0.7725437415881561],"macro":[0.7169882407150542]}}}},"test":{"confusion_matrices":{"abs":["[[1111, 115, 155, 76, 756], [107, 260, 161, 13, 293], [102, 91, 4299, 676, 1430], [1, 0, 72, 1378, 64], [24, 30, 347, 0, 2248]]"]},"markov_matrices":{"abs":{"actual":["[[1846, 336, 22, 0, 8], [106, 332, 383, 0, 13], [188, 148, 6049, 144, 69], [24, 1, 119, 1371, 0], [48, 17, 25, 0, 2559]]"],"predicted":["[[1002, 193, 54, 10, 86], [59, 170, 199, 2, 66], [153, 70, 4473, 121, 217], [28, 4, 102, 1977, 31], [103, 59, 205, 33, 4391]]"]}},"metrics":{"downstream":{"cohen_kappa":[0.5488829296217894],"f1_scores":{"N1":[0.39097744360902253],"N2":[0.7391678129298487],"N3":[0.753417167851285],"REM":[0.6043010752688172],"Wake":[0.6245081506464306],"macro":[0.6224743300610808]},"loss":[1.9993577180085358],"precisions":{"N1":[0.5241935483870968],"N2":[0.8539928486293206],"N3":[0.6430237984134392],"REM":[0.46921310791066584],"Wake":[0.8260223048327138],"macro":[0.6632891216346473]},"recalls":{"N1":[0.3117505995203837],"N2":[0.6515610791148833],"N3":[0.9095709570957096],"REM":[0.8486221215553039],"Wake":[0.5020334387708992],"macro":[0.6447076392114359]}}}},"train":{},"valid_pretraining":{}}