{"earlystopping":{"confusion_matrices":{"abs":["[[5841, 186, 11, 0, 48], [573, 656, 289, 6, 236], [412, 441, 4775, 432, 437], [14, 6, 671, 846, 12], [314, 84, 253, 38, 2063]]"]},"markov_matrices":{"abs":{"actual":["[[5819, 253, 12, 0, 1], [157, 1185, 319, 2, 97], [66, 186, 5820, 317, 108], [7, 16, 296, 1230, 0], [36, 120, 50, 0, 2546]]"],"predicted":["[[6637, 336, 83, 3, 94], [213, 753, 321, 3, 83], [151, 201, 5213, 255, 179], [17, 12, 222, 1060, 11], [135, 71, 160, 1, 2429]]"]}},"metrics":{"downstream":{"cohen_kappa":[0.6710166006867353],"f1_scores":{"N1":[0.4187679540376636],"N2":[0.7642445582586428],"N3":[0.5893416927899686],"REM":[0.743691420331651],"Wake":[0.8823262839879155],"macro":[0.6796743818811682]},"loss":[1.3500968314505912],"precisions":{"N1":[0.47778587035688275],"N2":[0.7959659943323887],"N3":[0.6399394856278366],"REM":[0.7378397711015737],"Wake":[0.8164663125524182],"macro":[0.6935994867942201]},"recalls":{"N1":[0.37272727272727274],"N2":[0.7349545944281977],"N3":[0.5461588121368625],"REM":[0.7496366279069767],"Wake":[0.9597436740059152],"macro":[0.672644196241045]}}}},"test":{"confusion_matrices":{"abs":["[[9114, 503, 25, 2, 38], [796, 1414, 471, 1, 317], [624, 1117, 9464, 291, 1270], [4, 8, 801, 1353, 8], [596, 300, 190, 0, 3551]]"]},"markov_matrices":{"abs":{"actual":["[[9241, 410, 25, 0, 5], [217, 2136, 559, 2, 85], [152, 323, 11813, 339, 139], [16, 13, 311, 1833, 1], [55, 117, 58, 0, 4407]]"],"predicted":["[[10115, 707, 148, 0, 163], [506, 2015, 520, 1, 300], [260, 347, 9644, 312, 388], [10, 5, 291, 1334, 7], [242, 268, 348, 0, 4326]]"]}},"metrics":{"downstream":{"cohen_kappa":[0.6855929044019919],"f1_scores":{"N1":[0.44598643747043054],"N2":[0.7980773284985454],"N3":[0.7081915728866789],"REM":[0.723144282659607],"Wake":[0.8756725595695619],"macro":[0.7102144362169647]},"loss":[1.2148606777191162],"precisions":{"N1":[0.42309994015559543],"N2":[0.8642133138526162],"N3":[0.8214936247723132],"REM":[0.6849922839506173],"Wake":[0.818573738099515],"macro":[0.7224745801661314]},"recalls":{"N1":[0.47149049683227745],"N2":[0.7413441955193483],"N3":[0.6223551057957681],"REM":[0.7657968514125513],"Wake":[0.9413344350340839],"macro":[0.7084642169188058]}}}},"train":{},"valid_pretraining":{}}