{"earlystopping":{"confusion_matrices":{"abs":["[[6398, 391, 69, 6, 252], [233, 383, 670, 7, 519], [158, 178, 5989, 31, 499], [9, 2, 1171, 248, 0], [110, 35, 288, 16, 2306]]"]},"markov_matrices":{"abs":{"actual":["[[6823, 271, 17, 0, 4], [151, 1184, 365, 3, 109], [78, 212, 6189, 261, 115], [11, 15, 238, 1166, 0], [52, 130, 46, 0, 2527]]"],"predicted":["[[6510, 141, 117, 2, 137], [86, 655, 126, 0, 122], [164, 91, 7607, 84, 241], [4, 0, 82, 222, 0], [143, 102, 255, 0, 3076]]"]}},"metrics":{"downstream":{"cohen_kappa":[0.6704142687573592],"f1_scores":{"N1":[0.27347375937165297],"N2":[0.7963036830208748],"N3":[0.285385500575374],"REM":[0.7284789132838414],"Wake":[0.912435824301198],"macro":[0.5992155361105882]},"loss":[2.544591854780148],"precisions":{"N1":[0.3872598584428716],"N2":[0.7315255893489678],"N3":[0.8051948051948052],"REM":[0.6448545861297539],"Wake":[0.9261725535610886],"macro":[0.6990014785354974]},"recalls":{"N1":[0.21136865342163355],"N2":[0.8736688548504741],"N3":[0.17342657342657342],"REM":[0.8370235934664246],"Wake":[0.8991006183249016],"macro":[0.5989176586980015]}}}},"test":{"confusion_matrices":{"abs":["[[11242, 1724, 736, 2, 1718], [426, 768, 1483, 3, 1334], [159, 762, 9523, 65, 1204], [6, 10, 1979, 257, 1], [110, 96, 577, 0, 3160]]"]},"markov_matrices":{"abs":{"actual":["[[14659, 720, 37, 1, 4], [431, 2829, 660, 3, 91], [229, 338, 10472, 535, 139], [24, 14, 498, 1714, 3], [78, 113, 46, 0, 3706]]"],"predicted":["[[10952, 353, 189, 3, 445], [246, 2470, 305, 0, 339], [298, 249, 13176, 95, 480], [6, 0, 93, 228, 0], [440, 288, 535, 1, 6153]]"]}},"metrics":{"downstream":{"cohen_kappa":[0.5368876365470246],"f1_scores":{"N1":[0.2082994304312449],"N2":[0.732228672484718],"N3":[0.1992248062015504],"REM":[0.5563380281690141],"Wake":[0.8216334734149461],"macro":[0.5035448821402947]},"loss":[3.5595728207940924],"precisions":{"N1":[0.22857142857142856],"N2":[0.666037208001119],"N3":[0.7859327217125383],"REM":[0.4260482674935958],"Wake":[0.9413045298501214],"macro":[0.6095788311257606]},"recalls":{"N1":[0.19133034379671152],"N2":[0.8130282591991804],"N3":[0.11407012871726586],"REM":[0.8014202383971595],"Wake":[0.7289586305278174],"macro":[0.5297615201276269]}}}},"train":{},"valid_pretraining":{}}