{
    "earlystopping": {
        "confusion_matrices": {
            "abs": [
                "[[1175, 26, 140, 0, 145], [88, 75, 189, 0, 109], [164, 29, 3269, 212, 154], [47, 0, 215, 761, 3], [71, 5, 71, 0, 1060]]"
            ]
        },
        "markov_matrices": {
            "abs": {
                "actual": [
                    "[[1212, 234, 24, 0, 15], [70, 143, 236, 0, 12], [144, 80, 3479, 94, 31], [13, 1, 80, 932, 0], [46, 3, 9, 0, 1149]]"
                ],
                "predicted": [
                    "[[1345, 70, 76, 2, 52], [18, 44, 62, 0, 11], [113, 15, 3629, 69, 58], [9, 0, 63, 899, 2], [59, 6, 54, 3, 1348]]"
                ]
            }
        },
        "metrics": {
            "downstream": {
                "cohen_kappa": [
                    0.6973060227321243
                ],
                "f1_scores": {
                    "N1": [
                        0.2516778523489933
                    ],
                    "N2": [
                        0.8477697095435685
                    ],
                    "N3": [
                        0.7613806903451725
                    ],
                    "REM": [
                        0.7916355489171023
                    ],
                    "Wake": [
                        0.7753216760145167
                    ],
                    "macro": [
                        0.6855570954338707
                    ]
                },
                "loss": [
                    1.555476427078247
                ],
                "precisions": {
                    "N1": [
                        0.5555555555555556
                    ],
                    "N2": [
                        0.8416580844490217
                    ],
                    "N3": [
                        0.7821171634121274
                    ],
                    "REM": [
                        0.7205982324949014
                    ],
                    "Wake": [
                        0.7605177993527508
                    ],
                    "macro": [
                        0.7320893670528713
                    ]
                },
                "recalls": {
                    "N1": [
                        0.16268980477223427
                    ],
                    "N2": [
                        0.8539707419017764
                    ],
                    "N3": [
                        0.7417153996101364
                    ],
                    "REM": [
                        0.8782104391052196
                    ],
                    "Wake": [
                        0.7907133243606999
                    ],
                    "macro": [
                        0.6854599419500133
                    ]
                }
            }
        }
    },
    "test": {
        "confusion_matrices": {
            "abs": [
                "[[1131, 30, 261, 11, 780], [136, 83, 332, 1, 282], [141, 22, 5636, 323, 476], [1, 0, 413, 1101, 0], [4, 3, 270, 0, 2372]]"
            ]
        },
        "markov_matrices": {
            "abs": {
                "actual": [
                    "[[1846, 336, 22, 0, 8], [106, 332, 383, 0, 13], [188, 148, 6049, 144, 69], [24, 1, 119, 1371, 0], [48, 17, 25, 0, 2559]]"
                ],
                "predicted": [
                    "[[1080, 69, 143, 1, 120], [17, 42, 64, 2, 13], [167, 18, 6407, 124, 196], [18, 0, 103, 1307, 8], [131, 9, 194, 2, 3573]]"
                ]
            }
        },
        "metrics": {
            "downstream": {
                "cohen_kappa": [
                    0.6277244562154178
                ],
                "f1_scores": {
                    "N1": [
                        0.17078189300411523
                    ],
                    "N2": [
                        0.8343449296817173
                    ],
                    "N3": [
                        0.7461877329718739
                    ],
                    "REM": [
                        0.723280987955481
                    ],
                    "Wake": [
                        0.6238279095421954
                    ],
                    "macro": [
                        0.6196846906310765
                    ]
                },
                "loss": [
                    2.0893014978479454
                ],
                "precisions": {
                    "N1": [
                        0.6014492753623188
                    ],
                    "N2": [
                        0.8153935185185185
                    ],
                    "N3": [
                        0.7667130919220055
                    ],
                    "REM": [
                        0.6066496163682864
                    ],
                    "Wake": [
                        0.8004246284501062
                    ],
                    "macro": [
                        0.7181260261242471
                    ]
                },
                "recalls": {
                    "N1": [
                        0.09952038369304557
                    ],
                    "N2": [
                        0.8541982418914823
                    ],
                    "N3": [
                        0.7267326732673267
                    ],
                    "REM": [
                        0.8954322385805965
                    ],
                    "Wake": [
                        0.5110709444193403
                    ],
                    "macro": [
                        0.6173908963703584
                    ]
                }
            }
        }
    },
    "train": {},
    "valid_pretraining": {}
}
