{
    "earlystopping": {
        "confusion_matrices": {
            "abs": [
                "[[876, 50, 75, 3, 104], [103, 82, 120, 0, 123], [60, 18, 2611, 103, 1305], [0, 0, 142, 381, 385], [80, 69, 252, 2, 850]]"
            ]
        },
        "markov_matrices": {
            "abs": {
                "actual": [
                    "[[862, 210, 21, 0, 14], [64, 148, 206, 0, 10], [130, 65, 3781, 89, 32], [11, 1, 77, 819, 0], [40, 4, 12, 0, 1197]]"
                ],
                "predicted": [
                    "[[881, 84, 93, 0, 60], [35, 104, 60, 0, 20], [129, 10, 2873, 35, 153], [8, 1, 28, 451, 1], [65, 20, 146, 3, 2533]]"
                ]
            }
        },
        "metrics": {
            "downstream": {
                "cohen_kappa": [
                    0.44952886540235804
                ],
                "f1_scores": {
                    "N1": [
                        0.2534775888717156
                    ],
                    "N2": [
                        0.7156365629710839
                    ],
                    "N3": [
                        0.5454545454545454
                    ],
                    "REM": [
                        0.4228855721393035
                    ],
                    "Wake": [
                        0.7867085765603952
                    ],
                    "macro": [
                        0.5448325691994087
                    ]
                },
                "loss": [
                    3.0999648571014404
                ],
                "precisions": {
                    "N1": [
                        0.3744292237442922
                    ],
                    "N2": [
                        0.8159375
                    ],
                    "N3": [
                        0.7791411042944786
                    ],
                    "REM": [
                        0.30719190458980844
                    ],
                    "Wake": [
                        0.7828418230563002
                    ],
                    "macro": [
                        0.6119083111369759
                    ]
                },
                "recalls": {
                    "N1": [
                        0.19158878504672897
                    ],
                    "N2": [
                        0.6372955821332682
                    ],
                    "N3": [
                        0.4196035242290749
                    ],
                    "REM": [
                        0.6783719074221868
                    ],
                    "Wake": [
                        0.7906137184115524
                    ],
                    "macro": [
                        0.5434947034485622
                    ]
                }
            }
        }
    },
    "test": {
        "confusion_matrices": {
            "abs": [
                "[[1974, 41, 215, 16, 125], [338, 141, 178, 2, 95], [468, 35, 3422, 80, 2479], [1, 0, 21, 551, 868], [152, 52, 504, 25, 1391]]"
            ]
        },
        "markov_matrices": {
            "abs": {
                "actual": [
                    "[[1925, 362, 71, 0, 13], [125, 270, 344, 1, 14], [256, 108, 5893, 174, 52], [18, 2, 155, 1266, 0], [46, 12, 21, 0, 2045]]"
                ],
                "predicted": [
                    "[[2527, 118, 173, 2, 113], [40, 119, 89, 0, 21], [223, 18, 3719, 48, 331], [9, 0, 45, 619, 1], [133, 14, 314, 5, 4492]]"
                ]
            }
        },
        "metrics": {
            "downstream": {
                "cohen_kappa": [
                    0.40810149390806527
                ],
                "f1_scores": {
                    "N1": [
                        0.27565982404692085
                    ],
                    "N2": [
                        0.6322985957132299
                    ],
                    "N3": [
                        0.5210401891252955
                    ],
                    "REM": [
                        0.39282688506071733
                    ],
                    "Wake": [
                        0.744343891402715
                    ],
                    "macro": [
                        0.5132338770697757
                    ]
                },
                "loss": [
                    3.5653146597055287
                ],
                "precisions": {
                    "N1": [
                        0.5241635687732342
                    ],
                    "N2": [
                        0.7884792626728111
                    ],
                    "N3": [
                        0.8175074183976261
                    ],
                    "REM": [
                        0.28055667607906415
                    ],
                    "Wake": [
                        0.6730310262529833
                    ],
                    "macro": [
                        0.6167475904351437
                    ]
                },
                "recalls": {
                    "N1": [
                        0.1870026525198939
                    ],
                    "N2": [
                        0.527760641579272
                    ],
                    "N3": [
                        0.3823733518390007
                    ],
                    "REM": [
                        0.6548964218455744
                    ],
                    "Wake": [
                        0.8325601012231126
                    ],
                    "macro": [
                        0.5169186338013707
                    ]
                }
            }
        }
    },
    "train": {},
    "valid_ssl": {}
}
