{"earlystopping":{"confusion_matrices":{"abs":["[[4193, 477, 67, 4, 651], [134, 235, 692, 13, 653], [59, 28, 5819, 345, 591], [114, 1, 487, 764, 192], [17, 7, 193, 0, 2465]]"]},"markov_matrices":{"abs":{"actual":["[[5051, 318, 17, 0, 5], [183, 1134, 318, 2, 90], [88, 164, 6222, 274, 94], [12, 10, 254, 1282, 0], [57, 101, 31, 0, 2493]]"],"predicted":["[[4155, 159, 54, 28, 120], [90, 408, 88, 0, 162], [80, 50, 6468, 167, 493], [48, 0, 151, 879, 48], [143, 131, 497, 52, 3729]]"]}},"metrics":{"downstream":{"cohen_kappa":[0.644639416177387],"f1_scores":{"N1":[0.1898989898989899],"N2":[0.8253900709219858],"N3":[0.5692995529061102],"REM":[0.6815040088471108],"Wake":[0.8463013422141488],"macro":[0.6224787929576692]},"loss":[1.3056373596191406],"precisions":{"N1":[0.3141711229946524],"N2":[0.8017360154312483],"N3":[0.6785079928952042],"REM":[0.5415202108963093],"Wake":[0.9282709763117113],"macro":[0.6528412637058251]},"recalls":{"N1":[0.1360741169658367],"N2":[0.8504823151125402],"N3":[0.49037227214377405],"REM":[0.919090231170768],"Wake":[0.7776335311572701],"macro":[0.6347304933100378]}}}},"test":{"confusion_matrices":{"abs":["[[6308, 868, 133, 18, 1638], [520, 449, 1383, 50, 1617], [195, 93, 8354, 647, 1797], [55, 4, 652, 1325, 140], [66, 29, 339, 0, 3956]]"]},"markov_matrices":{"abs":{"actual":["[[8369, 557, 27, 1, 10], [330, 3076, 529, 0, 84], [166, 277, 10122, 394, 127], [26, 9, 359, 1780, 2], [73, 100, 49, 1, 4167]]"],"predicted":["[[6486, 314, 89, 47, 207], [202, 815, 145, 1, 280], [140, 81, 9512, 324, 804], [70, 3, 287, 1628, 52], [245, 230, 828, 40, 7805]]"]}},"metrics":{"downstream":{"cohen_kappa":[0.5540310432323929],"f1_scores":{"N1":[0.16440864152325155],"N2":[0.7612885588007473],"N3":[0.6285578747628083],"REM":[0.5844290146254986],"Wake":[0.7831646905456577],"macro":[0.5843697560515927]},"loss":[1.8700246175130208],"precisions":{"N1":[0.31115731115731116],"N2":[0.7691741091980481],"N3":[0.6495098039215687],"REM":[0.43244425010931353],"Wake":[0.8829787234042553],"macro":[0.6090528395580993]},"recalls":{"N1":[0.1117193331674546],"N2":[0.753563052498647],"N3":[0.6089154411764706],"REM":[0.9011389521640091],"Wake":[0.7036252091466816],"macro":[0.6157923976306525]}}}},"train":{},"valid_pretraining":{}}