{
    "earlystopping": {
        "confusion_matrices": {
            "abs": [
                "[[1271, 75, 86, 10, 44], [90, 186, 154, 0, 31], [151, 149, 3297, 171, 60], [3, 73, 183, 767, 0], [31, 35, 79, 0, 1062]]"
            ]
        },
        "markov_matrices": {
            "abs": {
                "actual": [
                    "[[1212, 234, 24, 0, 15], [70, 143, 236, 0, 12], [144, 80, 3479, 94, 31], [13, 1, 80, 932, 0], [46, 3, 9, 0, 1149]]"
                ],
                "predicted": [
                    "[[1291, 200, 27, 5, 22], [77, 249, 164, 0, 28], [114, 57, 3495, 79, 54], [9, 0, 73, 864, 2], [54, 12, 40, 0, 1091]]"
                ]
            }
        },
        "metrics": {
            "downstream": {
                "cohen_kappa": [
                    0.7443219493783271
                ],
                "f1_scores": {
                    "N1": [
                        0.3799795709908069
                    ],
                    "N2": [
                        0.8645601153795726
                    ],
                    "N3": [
                        0.7771023302938197
                    ],
                    "REM": [
                        0.8835274542429284
                    ],
                    "Wake": [
                        0.8383905013192612
                    ],
                    "macro": [
                        0.7487119944452778
                    ]
                },
                "loss": [
                    0.6541240215301514
                ],
                "precisions": {
                    "N1": [
                        0.3590733590733591
                    ],
                    "N2": [
                        0.8678599631481969
                    ],
                    "N3": [
                        0.8090717299578059
                    ],
                    "REM": [
                        0.8872180451127819
                    ],
                    "Wake": [
                        0.8221216041397154
                    ],
                    "macro": [
                        0.7490689402863717
                    ]
                },
                "recalls": {
                    "N1": [
                        0.403470715835141
                    ],
                    "N2": [
                        0.8612852664576802
                    ],
                    "N3": [
                        0.7475633528265108
                    ],
                    "REM": [
                        0.87986743993372
                    ],
                    "Wake": [
                        0.8553162853297442
                    ],
                    "macro": [
                        0.7495006120765593
                    ]
                }
            }
        }
    },
    "test": {
        "confusion_matrices": {
            "abs": [
                "[[1396, 78, 180, 29, 530], [157, 294, 166, 13, 204], [113, 158, 5552, 306, 469], [10, 2, 363, 1140, 0], [19, 20, 443, 6, 2161]]"
            ]
        },
        "markov_matrices": {
            "abs": {
                "actual": [
                    "[[1846, 336, 22, 0, 8], [106, 332, 383, 0, 13], [188, 148, 6049, 144, 69], [24, 1, 119, 1371, 0], [48, 17, 25, 0, 2559]]"
                ],
                "predicted": [
                    "[[1288, 251, 76, 16, 63], [73, 220, 219, 0, 40], [215, 60, 6151, 139, 139], [34, 1, 120, 1333, 6], [85, 19, 138, 6, 3116]]"
                ]
            }
        },
        "metrics": {
            "downstream": {
                "cohen_kappa": [
                    0.6559061059542178
                ],
                "f1_scores": {
                    "N1": [
                        0.42424242424242425
                    ],
                    "N2": [
                        0.8347616899714329
                    ],
                    "N3": [
                        0.7577268195413759
                    ],
                    "REM": [
                        0.7187759853650424
                    ],
                    "Wake": [
                        0.714431934493347
                    ],
                    "macro": [
                        0.6899877707227244
                    ]
                },
                "loss": [
                    1.2399566085250289
                ],
                "precisions": {
                    "N1": [
                        0.532608695652174
                    ],
                    "N2": [
                        0.8281622911694511
                    ],
                    "N3": [
                        0.7630522088353414
                    ],
                    "REM": [
                        0.6423900118906064
                    ],
                    "Wake": [
                        0.8235988200589971
                    ],
                    "macro": [
                        0.7179624055213141
                    ]
                },
                "recalls": {
                    "N1": [
                        0.35251798561151076
                    ],
                    "N2": [
                        0.8414671112458321
                    ],
                    "N3": [
                        0.7524752475247525
                    ],
                    "REM": [
                        0.8157795394488486
                    ],
                    "Wake": [
                        0.630817894261184
                    ],
                    "macro": [
                        0.6786115556184256
                    ]
                }
            }
        }
    },
    "train": {},
    "valid_pretraining": {}
}
