{"earlystopping":{"confusion_matrices":{"abs":["[[5086, 177, 239, 41, 1573], [85, 173, 643, 47, 864], [3, 106, 5467, 372, 907], [0, 0, 876, 489, 65], [11, 30, 583, 66, 2065]]"]},"markov_matrices":{"abs":{"actual":["[[6823, 271, 17, 0, 4], [151, 1184, 365, 3, 109], [78, 212, 6189, 261, 115], [11, 15, 238, 1166, 0], [52, 130, 46, 0, 2527]]"],"predicted":["[[4644, 106, 51, 5, 379], [62, 248, 109, 0, 67], [94, 29, 6516, 521, 647], [5, 2, 521, 473, 14], [380, 100, 611, 16, 4367]]"]}},"metrics":{"downstream":{"cohen_kappa":[0.5409020355795499],"f1_scores":{"N1":[0.15056570931244562],"N2":[0.7456864216054013],"N3":[0.4],"REM":[0.5018835824523028],"Wake":[0.8269246402731485],"macro":[0.5250120707286596]},"loss":[2.194904229579828],"precisions":{"N1":[0.3559670781893004],"N2":[0.7001793032786885],"N3":[0.48177339901477834],"REM":[0.3772378516624041],"Wake":[0.9809064609450338],"macro":[0.5792128186180411]},"recalls":{"N1":[0.09547461368653422],"N2":[0.7975200583515683],"N3":[0.34195804195804197],"REM":[0.7495462794918331],"Wake":[0.7147273749297358],"macro":[0.5398452736835427]}}}},"test":{"confusion_matrices":{"abs":["[[7372, 451, 1551, 112, 5936], [163, 323, 1438, 51, 2039], [9, 288, 8804, 541, 2071], [0, 0, 1529, 675, 49], [12, 22, 595, 43, 3271]]"]},"markov_matrices":{"abs":{"actual":["[[14659, 720, 37, 1, 4], [431, 2829, 660, 3, 91], [229, 338, 10472, 535, 139], [24, 14, 498, 1714, 3], [78, 113, 46, 0, 3706]]"],"predicted":["[[6483, 147, 131, 8, 787], [118, 615, 208, 1, 142], [196, 102, 11589, 692, 1338], [12, 0, 688, 679, 43], [746, 220, 1301, 42, 11056]]"]}},"metrics":{"downstream":{"cohen_kappa":[0.4016889503741625],"f1_scores":{"N1":[0.12671635935661044],"N2":[0.6870074131876707],"N3":[0.3673469387755102],"REM":[0.37795366572303424],"Wake":[0.6416572373574724],"macro":[0.4401363228800596]},"loss":[3.3277117585482663],"precisions":{"N1":[0.29797047970479706],"N2":[0.6326076022131206],"N3":[0.47468354430379744],"REM":[0.24472542271434986],"Wake":[0.9756484912652197],"macro":[0.525127108040257]},"recalls":{"N1":[0.08046836073741903],"N2":[0.7516434730641168],"N3":[0.2996005326231691],"REM":[0.8295713923408572],"Wake":[0.47801841525094024],"macro":[0.48786043480330044]}}}},"train":{},"valid_pretraining":{}}