{"earlystopping":{"confusion_matrices":{"abs":["[[1093, 206, 62, 8, 89], [28, 116, 101, 1, 162], [20, 87, 2962, 88, 545], [2, 0, 474, 504, 70], [67, 189, 55, 14, 740]]"]},"markov_matrices":{"abs":{"actual":["[[1259, 184, 13, 0, 1], [48, 150, 197, 0, 13], [112, 70, 3412, 84, 24], [12, 1, 71, 966, 0], [26, 3, 9, 0, 1027]]"],"predicted":["[[989, 116, 29, 5, 70], [75, 303, 82, 3, 135], [74, 63, 3286, 65, 166], [7, 8, 60, 539, 1], [64, 108, 197, 3, 1234]]"]}},"metrics":{"downstream":{"cohen_kappa":[0.5764151157361035],"f1_scores":{"N1":[0.23061630218687873],"N2":[0.8053289831430125],"N3":[0.6054054054054054],"REM":[0.554099588169225],"Wake":[0.8193403298350825],"macro":[0.6029581217479208]},"loss":[1.481735348701477],"precisions":{"N1":[0.1939799331103679],"N2":[0.8106185002736727],"N3":[0.8195121951219512],"REM":[0.46077210460772106],"Wake":[0.903305785123967],"macro":[0.6376377036475359]},"recalls":{"N1":[0.28431372549019607],"N2":[0.8001080497028633],"N3":[0.48],"REM":[0.6948356807511737],"Wake":[0.7496570644718793],"macro":[0.6017829040832225]}}}},"test":{"confusion_matrices":{"abs":["[[1369, 137, 113, 47, 343], [88, 164, 149, 1, 182], [185, 246, 5363, 167, 681], [1, 2, 755, 1102, 0], [182, 178, 310, 19, 1481]]"]},"markov_matrices":{"abs":{"actual":["[[1680, 283, 29, 0, 17], [67, 196, 302, 0, 18], [192, 88, 6163, 147, 52], [23, 1, 123, 1713, 0], [46, 16, 25, 0, 2083]]"],"predicted":["[[1370, 165, 104, 5, 181], [98, 266, 176, 5, 182], [185, 140, 6019, 125, 220], [11, 12, 110, 1192, 11], [160, 144, 281, 9, 2093]]"]}},"metrics":{"downstream":{"cohen_kappa":[0.5783921963692928],"f1_scores":{"N1":[0.25019069412662087],"N2":[0.8045304530453046],"N3":[0.6896120150187736],"REM":[0.6098414659254684],"Wake":[0.7141366718831507],"macro":[0.6136622599998636]},"loss":[1.6106370779184194],"precisions":{"N1":[0.22558459422283356],"N2":[0.8016442451420029],"N3":[0.8248502994011976],"REM":[0.5511723111276516],"Wake":[0.7501369863013698],"macro":[0.6306776872390112]},"recalls":{"N1":[0.2808219178082192],"N2":[0.8074375188196327],"N3":[0.5924731182795699],"REM":[0.6824884792626729],"Wake":[0.6814335490293678],"macro":[0.6089309166398925]}}}},"train":{},"valid_pretraining":{}}