{"earlystopping":{"confusion_matrices":{"abs":["[[1219, 63, 72, 4, 100], [125, 64, 165, 2, 52], [66, 22, 3202, 267, 145], [0, 0, 274, 775, 1], [122, 12, 119, 3, 809]]"]},"markov_matrices":{"abs":{"actual":["[[1259, 184, 13, 0, 1], [48, 150, 197, 0, 13], [112, 70, 3412, 84, 24], [12, 1, 71, 966, 0], [26, 3, 9, 0, 1027]]"],"predicted":["[[1320, 61, 120, 2, 29], [25, 57, 65, 0, 14], [147, 30, 3438, 129, 88], [8, 0, 123, 915, 4], [32, 13, 85, 5, 972]]"]}},"metrics":{"downstream":{"cohen_kappa":[0.6919974021236059],"f1_scores":{"N1":[0.22495606326889278],"N2":[0.8500132731616671],"N3":[0.737743931461209],"REM":[0.7449355432780846],"Wake":[0.8153846153846154],"macro":[0.6746066853108938]},"loss":[1.8238072395324707],"precisions":{"N1":[0.39751552795031053],"N2":[0.8355949895615866],"N3":[0.7373929590865842],"REM":[0.7308039747064138],"Wake":[0.7956919060052219],"macro":[0.6993998714620233]},"recalls":{"N1":[0.1568627450980392],"N2":[0.8649378714208535],"N3":[0.7380952380952381],"REM":[0.7596244131455399],"Wake":[0.836076817558299],"macro":[0.671119417063594]}}}},"test":{"confusion_matrices":{"abs":["[[1348, 64, 189, 56, 352], [94, 115, 218, 11, 146], [93, 105, 5355, 462, 627], [1, 0, 177, 1678, 4], [82, 21, 450, 16, 1601]]"]},"markov_matrices":{"abs":{"actual":["[[1680, 283, 29, 0, 17], [67, 196, 302, 0, 18], [192, 88, 6163, 147, 52], [23, 1, 123, 1713, 0], [46, 16, 25, 0, 2083]]"],"predicted":["[[1270, 98, 161, 7, 82], [34, 94, 151, 5, 21], [211, 83, 5633, 189, 272], [17, 5, 177, 2019, 5], [85, 25, 267, 3, 2350]]"]}},"metrics":{"downstream":{"cohen_kappa":[0.6499117250795954],"f1_scores":{"N1":[0.2587176602924635],"N2":[0.8218862711994475],"N3":[0.8219446485427382],"REM":[0.6534693877551021],"Wake":[0.7433140336366143],"macro":[0.6598664002852731]},"loss":[1.8917454939622145],"precisions":{"N1":[0.3770491803278688],"N2":[0.8381593363593677],"N3":[0.7548358074673864],"REM":[0.5864468864468865],"Wake":[0.8331273176761433],"macro":[0.6779237056555305]},"recalls":{"N1":[0.1969178082191781],"N2":[0.8062330623306233],"N3":[0.9021505376344086],"REM":[0.7377880184331798],"Wake":[0.670980587356894],"macro":[0.6628140027948568]}}}},"train":{},"valid_pretraining":{}}