{
    "earlystopping": {
        "confusion_matrices": {
            "abs": [
                "[[999, 8, 47, 1, 317], [100, 37, 99, 1, 175], [243, 54, 1281, 357, 2010], [4, 0, 4, 844, 53], [72, 16, 90, 0, 1131]]"
            ]
        },
        "markov_matrices": {
            "abs": {
                "actual": [
                    "[[1122, 217, 18, 0, 15], [56, 131, 215, 0, 10], [138, 60, 3629, 84, 34], [13, 1, 70, 821, 0], [42, 3, 13, 0, 1250]]"
                ],
                "predicted": [
                    "[[1040, 50, 54, 10, 264], [17, 25, 67, 0, 5], [64, 39, 1345, 14, 59], [33, 0, 9, 1112, 49], [263, 1, 46, 67, 3309]]"
                ]
            }
        },
        "metrics": {
            "downstream": {
                "cohen_kappa": [
                    0.4103835979172151
                ],
                "f1_scores": {
                    "N1": [
                        0.14041745730550284
                    ],
                    "N2": [
                        0.4687156970362239
                    ],
                    "N3": [
                        0.8007590132827325
                    ],
                    "REM": [
                        0.45285285285285287
                    ],
                    "Wake": [
                        0.7161290322580646
                    ],
                    "macro": [
                        0.5157748105470753
                    ]
                },
                "loss": [
                    6.7064313888549805
                ],
                "precisions": {
                    "N1": [
                        0.3217391304347826
                    ],
                    "N2": [
                        0.8422090729783037
                    ],
                    "N3": [
                        0.7015793848711555
                    ],
                    "REM": [
                        0.30683667932718395
                    ],
                    "Wake": [
                        0.7045133991537377
                    ],
                    "macro": [
                        0.5753755333530327
                    ]
                },
                "recalls": {
                    "N1": [
                        0.08980582524271845
                    ],
                    "N2": [
                        0.3247148288973384
                    ],
                    "N3": [
                        0.932596685082873
                    ],
                    "REM": [
                        0.8640183346065698
                    ],
                    "Wake": [
                        0.728134110787172
                    ],
                    "macro": [
                        0.5878539569233343
                    ]
                }
            }
        }
    },
    "test": {
        "confusion_matrices": {
            "abs": [
                "[[2265, 14, 15, 9, 453], [272, 52, 49, 13, 395], [653, 152, 2368, 779, 3153], [4, 0, 20, 1406, 84], [156, 30, 402, 7, 1623]]"
            ]
        },
        "markov_matrices": {
            "abs": {
                "actual": [
                    "[[2267, 413, 59, 2, 15], [177, 247, 342, 0, 14], [239, 108, 6570, 128, 60], [22, 0, 108, 1384, 0], [50, 13, 26, 0, 2129]]"
                ],
                "predicted": [
                    "[[2676, 101, 93, 27, 453], [49, 73, 93, 1, 32], [114, 63, 2433, 32, 212], [61, 0, 24, 2046, 83], [449, 11, 211, 108, 4928]]"
                ]
            }
        },
        "metrics": {
            "downstream": {
                "cohen_kappa": [
                    0.4050126101041758
                ],
                "f1_scores": {
                    "N1": [
                        0.1010689990281827
                    ],
                    "N2": [
                        0.47554975399136457
                    ],
                    "N3": [
                        0.7542918454935623
                    ],
                    "REM": [
                        0.4095382286146858
                    ],
                    "Wake": [
                        0.7418932197838192
                    ],
                    "macro": [
                        0.49646840938232284
                    ]
                },
                "loss": [
                    6.287073595770474
                ],
                "precisions": {
                    "N1": [
                        0.20967741935483872
                    ],
                    "N2": [
                        0.8297126839523475
                    ],
                    "N3": [
                        0.6350496838301717
                    ],
                    "REM": [
                        0.2843377715487036
                    ],
                    "Wake": [
                        0.6761194029850747
                    ],
                    "macro": [
                        0.5269793923342272
                    ]
                },
                "recalls": {
                    "N1": [
                        0.06658130601792574
                    ],
                    "N2": [
                        0.33328641801548203
                    ],
                    "N3": [
                        0.9286657859973579
                    ],
                    "REM": [
                        0.7317403065825068
                    ],
                    "Wake": [
                        0.8218432510885341
                    ],
                    "macro": [
                        0.5764234135403613
                    ]
                }
            }
        }
    },
    "train": {},
    "valid_pretraining": {}
}
