{"earlystopping":{"confusion_matrices":{"abs":["[[870, 175, 446, 48, 21], [129, 126, 395, 105, 76], [58, 47, 1649, 625, 52], [1, 0, 82, 1332, 2], [119, 15, 195, 146, 720]]"]},"markov_matrices":{"abs":{"actual":["[[1273, 229, 40, 1, 17], [112, 387, 291, 0, 41], [103, 174, 2054, 62, 37], [22, 5, 35, 1354, 1], [49, 36, 11, 0, 1099]]"],"predicted":["[[982, 87, 56, 11, 41], [68, 186, 83, 9, 17], [63, 60, 2428, 124, 91], [23, 9, 113, 2071, 40], [40, 21, 87, 41, 682]]"]}},"metrics":{"downstream":{"cohen_kappa":[0.5174170906600712],"f1_scores":{"N1":[0.21105527638190955],"N2":[0.6344747979992305],"N3":[0.7252926762864144],"REM":[0.6969990319457889],"Wake":[0.6357325538911217],"macro":[0.580710867300893]},"loss":[1.2945510864257812],"precisions":{"N1":[0.34710743801652894],"N2":[0.5959522949042284],"N3":[0.5904255319148937],"REM":[0.8266360505166476],"Wake":[0.7391673746813934],"macro":[0.6198577380067384]},"recalls":{"N1":[0.15162454873646208],"N2":[0.6783216783216783],"N3":[0.940014114326041],"REM":[0.602510460251046],"Wake":[0.5576923076923077],"macro":[0.586032621865507]}}}},"test":{"confusion_matrices":{"abs":["[[2636, 358, 1576, 156, 130], [288, 365, 1485, 282, 310], [200, 102, 4602, 1988, 211], [3, 0, 442, 3680, 5], [440, 73, 825, 387, 1250]]"]},"markov_matrices":{"abs":{"actual":["[[4051, 689, 82, 1, 32], [350, 1373, 861, 3, 143], [263, 497, 5960, 282, 101], [67, 39, 179, 3844, 1], [124, 132, 21, 0, 2698]]"],"predicted":["[[2972, 215, 254, 40, 86], [150, 389, 245, 25, 89], [261, 198, 7903, 313, 254], [70, 29, 299, 5974, 121], [113, 67, 229, 141, 1356]]"]}},"metrics":{"downstream":{"cohen_kappa":[0.438240364699519],"f1_scores":{"N1":[0.201212789415656],"N2":[0.5740659888978981],"N3":[0.692836298597383],"REM":[0.5121901249743905],"Wake":[0.6259052594087617],"macro":[0.5212420922588178]},"loss":[1.560560714366824],"precisions":{"N1":[0.4064587973273942],"N2":[0.5153415453527436],"N3":[0.5667642076081935],"REM":[0.6558237145855194],"Wake":[0.7389963554807962],"macro":[0.5766769240709293]},"recalls":{"N1":[0.1336996336996337],"N2":[0.6478952555258342],"N3":[0.8910411622276029],"REM":[0.42016806722689076],"Wake":[0.542833607907743],"macro":[0.5271275453175408]}}}},"train":{},"valid_pretraining":{}}