{"earlystopping":{"confusion_matrices":{"abs":["[[1008, 161, 43, 12, 27], [344, 157, 126, 3, 211], [453, 89, 1685, 149, 345], [25, 3, 212, 1278, 2], [261, 260, 245, 0, 305]]"]},"markov_matrices":{"abs":{"actual":["[[981, 212, 41, 1, 16], [91, 401, 312, 1, 36], [102, 188, 2320, 72, 38], [30, 5, 38, 1446, 1], [46, 35, 10, 0, 980]]"],"predicted":["[[1750, 131, 124, 11, 74], [120, 350, 106, 3, 91], [130, 103, 1871, 90, 117], [25, 9, 70, 1338, 0], [65, 77, 140, 0, 608]]"]}},"metrics":{"downstream":{"cohen_kappa":[0.4788194010402722],"f1_scores":{"N1":[0.20780939774983453],"N2":[0.6697138314785374],"N3":[0.862930452397029],"REM":[0.31106578276389596],"Wake":[0.6032315978456014],"macro":[0.5309502124469797]},"loss":[2.4127166748046873],"precisions":{"N1":[0.23432835820895523],"N2":[0.7291215923842492],"N3":[0.8862690707350902],"REM":[0.34269662921348315],"Wake":[0.48206599713055953],"macro":[0.5348963295344674]},"recalls":{"N1":[0.18668252080856124],"N2":[0.6192576258728408],"N3":[0.8407894736842105],"REM":[0.28478057889822594],"Wake":[0.8057553956834532],"macro":[0.5474531189894584]}}}},"test":{"confusion_matrices":{"abs":["[[2558, 195, 222, 13, 223], [754, 295, 924, 4, 622], [706, 425, 4836, 234, 721], [80, 12, 1092, 3108, 4], [575, 258, 1201, 5, 772]]"]},"markov_matrices":{"abs":{"actual":["[[2639, 499, 37, 1, 34], [225, 1407, 847, 6, 114], [206, 561, 5876, 194, 85], [45, 19, 132, 4095, 5], [95, 113, 30, 0, 2573]]"],"predicted":["[[3960, 221, 243, 13, 235], [199, 691, 174, 0, 121], [299, 153, 7192, 284, 347], [28, 5, 263, 3067, 1], [186, 115, 403, 0, 1638]]"]}},"metrics":{"downstream":{"cohen_kappa":[0.44792728047924746],"f1_scores":{"N1":[0.1559196617336152],"N2":[0.6364414029084687],"N3":[0.8114882506527415],"REM":[0.29963128274791384],"Wake":[0.6489091831557585],"macro":[0.5104779562396995]},"loss":[2.8203054574819713],"precisions":{"N1":[0.2489451476793249],"N2":[0.5844108761329305],"N3":[0.9239001189060642],"REM":[0.3296327924850555],"Wake":[0.5473999572009416],"macro":[0.5268577784808633]},"recalls":{"N1":[0.11350519430550211],"N2":[0.6986420109794858],"N3":[0.723463687150838],"REM":[0.2746353610814657],"Wake":[0.7966365618187481],"macro":[0.5213765630672079]}}}},"train":{},"valid_pretraining":{}}