{"earlystopping":{"confusion_matrices":{"abs":["[[1120, 54, 25, 12, 40], [185, 357, 264, 11, 24], [87, 156, 2156, 295, 27], [2, 1, 157, 1360, 0], [57, 101, 98, 15, 800]]"]},"markov_matrices":{"abs":{"actual":["[[981, 212, 41, 1, 16], [91, 401, 312, 1, 36], [102, 188, 2320, 72, 38], [30, 5, 38, 1446, 1], [46, 35, 10, 0, 980]]"],"predicted":["[[1150, 188, 79, 9, 25], [81, 303, 221, 7, 57], [133, 112, 2260, 130, 64], [31, 8, 105, 1544, 5], [55, 58, 35, 3, 740]]"]}},"metrics":{"downstream":{"cohen_kappa":[0.7130457971954478],"f1_scores":{"N1":[0.4728476821192053],"N2":[0.7954251983028962],"N3":[0.8465608465608465],"REM":[0.8154943934760448],"Wake":[0.8290155440414507],"macro":[0.7518687329000887]},"loss":[0.9714074452718099],"precisions":{"N1":[0.5336322869955157],"N2":[0.7985185185185185],"N3":[0.8033077377436503],"REM":[0.8978675645342312],"Wake":[0.771881461061337],"macro":[0.7610415137706505]},"recalls":{"N1":[0.4244946492271106],"N2":[0.7923557515619257],"N3":[0.8947368421052632],"REM":[0.7469654528478058],"Wake":[0.8952837729816147],"macro":[0.750767293744744]}}}},"test":{"confusion_matrices":{"abs":["[[2499, 432, 125, 31, 124], [456, 1106, 885, 42, 110], [267, 916, 4854, 707, 178], [7, 17, 640, 3632, 0], [212, 504, 596, 15, 1484]]"]},"markov_matrices":{"abs":{"actual":["[[2639, 499, 37, 1, 34], [225, 1407, 847, 6, 114], [206, 561, 5876, 194, 85], [45, 19, 132, 4095, 5], [95, 113, 30, 0, 2573]]"],"predicted":["[[2768, 516, 91, 14, 51], [295, 1723, 805, 26, 126], [229, 562, 5873, 303, 133], [49, 41, 248, 4078, 11], [99, 133, 83, 6, 1575]]"]}},"metrics":{"downstream":{"cohen_kappa":[0.5875634735807185],"f1_scores":{"N1":[0.39684248295658414],"N2":[0.6923406076166024],"N3":[0.832741029462341],"REM":[0.6305502443169747],"Wake":[0.7513529765484065],"macro":[0.6607654681801817]},"loss":[1.7417091956505408],"precisions":{"N1":[0.37176470588235294],"N2":[0.6836619718309859],"N3":[0.8204201490851593],"REM":[0.7827004219409283],"Wake":[0.7262423714036618],"macro":[0.6769579240286177]},"recalls":{"N1":[0.42554828780300114],"N2":[0.7012424154868535],"N3":[0.845437616387337],"REM":[0.527926004980434],"Wake":[0.7782622236063531],"macro":[0.6556833096527959]}}}},"train":{},"valid_pretraining":{}}