{"earlystopping":{"confusion_matrices":{"abs":["[[1042, 81, 83, 3, 163], [44, 138, 100, 1, 129], [247, 48, 2266, 251, 1133], [8, 0, 76, 784, 37], [8, 24, 37, 0, 1240]]"]},"markov_matrices":{"abs":{"actual":["[[1122, 217, 18, 0, 15], [56, 131, 215, 0, 10], [138, 60, 3629, 84, 34], [13, 1, 70, 821, 0], [42, 3, 13, 0, 1250]]"],"predicted":["[[1127, 118, 30, 8, 66], [41, 116, 98, 0, 36], [87, 25, 2222, 72, 156], [21, 2, 72, 921, 23], [72, 30, 140, 38, 2421]]"]}},"metrics":{"downstream":{"cohen_kappa":[0.5778978939976782],"f1_scores":{"N1":[0.39260312944523473],"N2":[0.6964807130782233],"N3":[0.8065843621399177],"REM":[0.618299675891299],"Wake":[0.7658948915839765],"macro":[0.6559725544277303]},"loss":[1.7998842000961304],"precisions":{"N1":[0.4742268041237113],"N2":[0.8844652615144418],"N3":[0.7545717035611165],"REM":[0.45891931902294597],"Wake":[0.7724240177909563],"macro":[0.6689214212026344]},"recalls":{"N1":[0.33495145631067963],"N2":[0.5743979721166033],"N3":[0.8662983425414365],"REM":[0.9472880061115355],"Wake":[0.7594752186588921],"macro":[0.6964821991478294]}}}},"test":{"confusion_matrices":{"abs":["[[1914, 163, 211, 11, 457], [72, 216, 212, 6, 275], [157, 110, 4266, 455, 2117], [112, 0, 143, 1194, 65], [83, 4, 90, 1, 2040]]"]},"markov_matrices":{"abs":{"actual":["[[2267, 413, 59, 2, 15], [177, 247, 342, 0, 14], [239, 108, 6570, 128, 60], [22, 0, 108, 1384, 0], [50, 13, 26, 0, 2129]]"],"predicted":["[[1909, 196, 76, 17, 140], [90, 176, 159, 0, 68], [149, 78, 4355, 119, 221], [28, 3, 109, 1468, 59], [161, 40, 223, 63, 4466]]"]}},"metrics":{"downstream":{"cohen_kappa":[0.5493063928093656],"f1_scores":{"N1":[0.3390894819466248],"N2":[0.7094038413569469],"N3":[0.7507073247406475],"REM":[0.5688789737869492],"Wake":[0.751472320376914],"macro":[0.6239103884416164]},"loss":[2.0849843518487337],"precisions":{"N1":[0.4381338742393509],"N2":[0.8667208451848842],"N3":[0.7162567486502699],"REM":[0.4117884537747275],"Wake":[0.8186484174508126],"macro":[0.650309667860009]},"recalls":{"N1":[0.2765685019206146],"N2":[0.6004222378606615],"N3":[0.7886393659180978],"REM":[0.9197475202885482],"Wake":[0.6944847605224964],"macro":[0.6559724773020837]}}}},"train":{},"valid_pretraining":{}}