{"earlystopping":{"confusion_matrices":{"abs":["[[778, 232, 194, 33, 181], [104, 235, 341, 11, 104], [57, 236, 1924, 223, 176], [0, 4, 137, 1139, 38], [19, 125, 107, 44, 946]]"]},"markov_matrices":{"abs":{"actual":["[[1126, 224, 50, 1, 17], [105, 349, 308, 1, 32], [110, 186, 2216, 66, 37], [28, 7, 32, 1250, 1], [48, 29, 10, 0, 1154]]"],"predicted":["[[747, 97, 71, 5, 38], [49, 489, 187, 9, 98], [88, 136, 2240, 112, 127], [16, 5, 107, 1288, 34], [57, 105, 98, 36, 1148]]"]}},"metrics":{"downstream":{"cohen_kappa":[0.581690566171748],"f1_scores":{"N1":[0.28887523048555624],"N2":[0.7234442564391803],"N3":[0.8229768786127167],"REM":[0.7043931496649293],"Wake":[0.6548821548821548],"macro":[0.6389143340169074]},"loss":[1.6109013875325522],"precisions":{"N1":[0.2824519230769231],"N2":[0.7118017018128006],"N3":[0.7855172413793103],"REM":[0.6546712802768166],"Wake":[0.8121085594989561],"macro":[0.6493101412089614]},"recalls":{"N1":[0.29559748427672955],"N2":[0.735474006116208],"N3":[0.8641881638846738],"REM":[0.7622884770346495],"Wake":[0.5486600846262342],"macro":[0.6412416431876989]}}}},"test":{"confusion_matrices":{"abs":["[[2757, 850, 465, 178, 434], [251, 743, 721, 52, 546], [81, 727, 3974, 408, 422], [8, 44, 993, 2933, 14], [62, 404, 350, 60, 2063]]"]},"markov_matrices":{"abs":{"actual":["[[4011, 610, 44, 4, 15], [319, 1176, 689, 6, 122], [195, 395, 4680, 248, 94], [57, 20, 176, 3734, 5], [101, 112, 23, 0, 2703]]"],"predicted":["[[2550, 278, 133, 54, 144], [188, 1765, 522, 41, 252], [142, 427, 5305, 288, 340], [74, 43, 271, 3214, 29], [204, 255, 272, 34, 2714]]"]}},"metrics":{"downstream":{"cohen_kappa":[0.5385812520636626],"f1_scores":{"N1":[0.29246211375713443],"N2":[0.6560462236896409],"N3":[0.7695133149678605],"REM":[0.6428794016827672],"Wake":[0.7030473033278082],"macro":[0.6127896714850423]},"loss":[1.8086964533879206],"precisions":{"N1":[0.2684248554913295],"N2":[0.6111025680455174],"N3":[0.8077664555218947],"REM":[0.5929864903707962],"Wake":[0.8727445394112061],"macro":[0.6306049817681488]},"recalls":{"N1":[0.32122784262862086],"N2":[0.7081254454739844],"N3":[0.7347194388777555],"REM":[0.7019394351820347],"Wake":[0.588599487617421],"macro":[0.6109223299559633]}}}},"train":{},"valid_pretraining":{}}