{
    "earlystopping": {
        "confusion_matrices": {
            "abs": [
                "[[1111, 49, 207, 4, 117], [89, 86, 191, 1, 104], [87, 82, 3193, 131, 347], [3, 1, 277, 635, 3], [134, 48, 252, 2, 730]]"
            ]
        },
        "markov_matrices": {
            "abs": {
                "actual": [
                    "[[1224, 231, 17, 0, 15], [74, 164, 222, 0, 11], [132, 73, 3531, 73, 31], [11, 0, 62, 846, 0], [46, 3, 8, 0, 1109]]"
                ],
                "predicted": [
                    "[[1171, 110, 80, 0, 63], [41, 101, 108, 1, 15], [132, 43, 3727, 72, 145], [9, 1, 63, 699, 1], [70, 11, 142, 1, 1077]]"
                ]
            }
        },
        "metrics": {
            "downstream": {
                "cohen_kappa": [
                    0.5990685799068222
                ],
                "f1_scores": {
                    "N1": [
                        0.23337856173677068
                    ],
                    "N2": [
                        0.8022613065326634
                    ],
                    "N3": [
                        0.7505910165484634
                    ],
                    "REM": [
                        0.5918119173084718
                    ],
                    "Wake": [
                        0.7630494505494505
                    ],
                    "macro": [
                        0.628218450535164
                    ]
                },
                "loss": [
                    0.9894163608551025
                ],
                "precisions": {
                    "N1": [
                        0.3233082706766917
                    ],
                    "N2": [
                        0.775
                    ],
                    "N3": [
                        0.8214747736093143
                    ],
                    "REM": [
                        0.5611068408916219
                    ],
                    "Wake": [
                        0.7801966292134831
                    ],
                    "macro": [
                        0.6522173028782221
                    ]
                },
                "recalls": {
                    "N1": [
                        0.18259023354564755
                    ],
                    "N2": [
                        0.8315104166666667
                    ],
                    "N3": [
                        0.690968443960827
                    ],
                    "REM": [
                        0.6260720411663808
                    ],
                    "Wake": [
                        0.7466397849462365
                    ],
                    "macro": [
                        0.6155561840571517
                    ]
                }
            }
        }
    },
    "test": {
        "confusion_matrices": {
            "abs": [
                "[[1841, 66, 365, 43, 201], [237, 76, 203, 3, 187], [583, 151, 4262, 899, 636], [8, 2, 320, 1191, 6], [389, 56, 415, 38, 1273]]"
            ]
        },
        "markov_matrices": {
            "abs": {
                "actual": [
                    "[[2107, 335, 57, 1, 15], [101, 257, 328, 0, 20], [233, 100, 5972, 176, 50], [18, 3, 155, 1350, 1], [56, 11, 19, 0, 2085]]"
                ],
                "predicted": [
                    "[[2502, 169, 185, 19, 182], [52, 96, 172, 1, 30], [295, 52, 4828, 166, 224], [29, 4, 153, 1975, 13], [179, 30, 227, 13, 1854]]"
                ]
            }
        },
        "metrics": {
            "downstream": {
                "cohen_kappa": [
                    0.4960191318883006
                ],
                "f1_scores": {
                    "N1": [
                        0.14380321665089876
                    ],
                    "N2": [
                        0.7046957671957672
                    ],
                    "N3": [
                        0.6436098351796812
                    ],
                    "REM": [
                        0.5690657130084935
                    ],
                    "Wake": [
                        0.6605669178327951
                    ],
                    "macro": [
                        0.544348289973527
                    ]
                },
                "loss": [
                    1.4326454445167824
                ],
                "precisions": {
                    "N1": [
                        0.21652421652421652
                    ],
                    "N2": [
                        0.7658580413297394
                    ],
                    "N3": [
                        0.547838086476541
                    ],
                    "REM": [
                        0.5527572731220147
                    ],
                    "Wake": [
                        0.6020274689339438
                    ],
                    "macro": [
                        0.5370010172772911
                    ]
                },
                "recalls": {
                    "N1": [
                        0.10764872521246459
                    ],
                    "N2": [
                        0.6525800030623182
                    ],
                    "N3": [
                        0.7799607072691552
                    ],
                    "REM": [
                        0.586365730078305
                    ],
                    "Wake": [
                        0.7317170111287759
                    ],
                    "macro": [
                        0.5716544353502038
                    ]
                }
            }
        }
    },
    "train": {},
    "valid_pretraining": {}
}
