{
    "earlystopping": {
        "confusion_matrices": {
            "abs": [
                "[[632, 106, 197, 8, 165], [47, 78, 207, 4, 92], [72, 53, 3244, 275, 453], [1, 0, 201, 700, 6], [59, 58, 199, 0, 937]]"
            ]
        },
        "markov_matrices": {
            "abs": {
                "actual": [
                    "[[862, 210, 21, 0, 14], [64, 148, 206, 0, 10], [130, 65, 3781, 89, 32], [11, 1, 77, 819, 0], [40, 4, 12, 0, 1197]]"
                ],
                "predicted": [
                    "[[611, 94, 52, 3, 50], [30, 151, 82, 0, 32], [90, 19, 3705, 62, 172], [7, 0, 55, 918, 7], [72, 31, 154, 4, 1392]]"
                ]
            }
        },
        "metrics": {
            "downstream": {
                "cohen_kappa": [
                    0.5725570281173586
                ],
                "f1_scores": {
                    "N1": [
                        0.2157676348547718
                    ],
                    "N2": [
                        0.7965623081645181
                    ],
                    "N3": [
                        0.7387862796833773
                    ],
                    "REM": [
                        0.6448726772195458
                    ],
                    "Wake": [
                        0.658676393955185
                    ],
                    "macro": [
                        0.6109330587754795
                    ]
                },
                "loss": [
                    0.8491754531860352
                ],
                "precisions": {
                    "N1": [
                        0.26440677966101694
                    ],
                    "N2": [
                        0.8013833992094862
                    ],
                    "N3": [
                        0.7092198581560284
                    ],
                    "REM": [
                        0.5668481548699335
                    ],
                    "Wake": [
                        0.7792848335388409
                    ],
                    "macro": [
                        0.6242286050870612
                    ]
                },
                "recalls": {
                    "N1": [
                        0.1822429906542056
                    ],
                    "N2": [
                        0.7917988772272394
                    ],
                    "N3": [
                        0.7709251101321586
                    ],
                    "REM": [
                        0.74780526735834
                    ],
                    "Wake": [
                        0.5703971119133574
                    ],
                    "macro": [
                        0.6126338714570602
                    ]
                }
            }
        }
    },
    "test": {
        "confusion_matrices": {
            "abs": [
                "[[1721, 109, 225, 17, 299], [255, 114, 180, 7, 198], [446, 138, 4799, 262, 839], [11, 0, 289, 1122, 19], [259, 55, 343, 5, 1462]]"
            ]
        },
        "markov_matrices": {
            "abs": {
                "actual": [
                    "[[1925, 362, 71, 0, 13], [125, 270, 344, 1, 14], [256, 108, 5893, 174, 52], [18, 2, 155, 1266, 0], [46, 12, 21, 0, 2045]]"
                ],
                "predicted": [
                    "[[2251, 181, 115, 4, 141], [69, 153, 145, 0, 49], [183, 44, 5268, 96, 245], [12, 4, 85, 1309, 3], [176, 34, 223, 4, 2379]]"
                ]
            }
        },
        "metrics": {
            "downstream": {
                "cohen_kappa": [
                    0.5692786353208112
                ],
                "f1_scores": {
                    "N1": [
                        0.19487179487179487
                    ],
                    "N2": [
                        0.7790584415584415
                    ],
                    "N3": [
                        0.7862648913805186
                    ],
                    "REM": [
                        0.5917830398704715
                    ],
                    "Wake": [
                        0.6798340904602015
                    ],
                    "macro": [
                        0.6063624516282855
                    ]
                },
                "loss": [
                    0.9334801893967849
                ],
                "precisions": {
                    "N1": [
                        0.27403846153846156
                    ],
                    "N2": [
                        0.8223098012337218
                    ],
                    "N3": [
                        0.7940552016985138
                    ],
                    "REM": [
                        0.518991835285765
                    ],
                    "Wake": [
                        0.6393016344725111
                    ],
                    "macro": [
                        0.6097393868457945
                    ]
                },
                "recalls": {
                    "N1": [
                        0.15119363395225463
                    ],
                    "N2": [
                        0.7401295496607033
                    ],
                    "N3": [
                        0.7786259541984732
                    ],
                    "REM": [
                        0.6883239171374764
                    ],
                    "Wake": [
                        0.7258540700126529
                    ],
                    "macro": [
                        0.6168254249923122
                    ]
                }
            }
        }
    },
    "train": {},
    "valid_pretraining": {}
}
