{"earlystopping":{"confusion_matrices":{"abs":["[[6413, 532, 16, 2, 153], [162, 716, 623, 50, 261], [131, 130, 5478, 863, 253], [15, 3, 273, 1133, 6], [95, 135, 306, 76, 2143]]"]},"markov_matrices":{"abs":{"actual":["[[6823, 271, 17, 0, 4], [151, 1184, 365, 3, 109], [78, 212, 6189, 261, 115], [11, 15, 238, 1166, 0], [52, 130, 46, 0, 2527]]"],"predicted":["[[6381, 313, 60, 19, 42], [195, 948, 245, 3, 125], [124, 123, 6153, 166, 130], [47, 11, 123, 1934, 9], [68, 121, 115, 2, 2510]]"]}},"metrics":{"downstream":{"cohen_kappa":[0.7194761957717285],"f1_scores":{"N1":[0.43028846153846156],"N2":[0.8085012176223157],"N3":[0.6375914462577378],"REM":[0.7693412313767726],"Wake":[0.9206144128624749],"macro":[0.7132673539315526]},"loss":[0.8866698436247997],"precisions":{"N1":[0.47229551451187335],"N2":[0.818100358422939],"N3":[0.533427495291902],"REM":[0.7610085227272727],"Wake":[0.9408744131455399],"macro":[0.7051412608199052]},"recalls":{"N1":[0.39514348785871967],"N2":[0.799124726477024],"N3":[0.7923076923076923],"REM":[0.7778584392014519],"Wake":[0.9012085441259134],"macro":[0.7331285779941602]}}}},"test":{"confusion_matrices":{"abs":["[[11149, 2123, 625, 41, 1484], [336, 1085, 1426, 39, 1128], [82, 295, 8752, 1439, 1145], [3, 1, 645, 1586, 18], [67, 94, 448, 4, 3330]]"]},"markov_matrices":{"abs":{"actual":["[[14659, 720, 37, 1, 4], [431, 2829, 660, 3, 91], [229, 338, 10472, 535, 139], [24, 14, 498, 1714, 3], [78, 113, 46, 0, 3706]]"],"predicted":["[[10681, 602, 117, 19, 217], [412, 2389, 445, 5, 347], [241, 245, 10738, 257, 415], [46, 10, 203, 2810, 40], [256, 352, 393, 18, 6086]]"]}},"metrics":{"downstream":{"cohen_kappa":[0.5836459987404765],"f1_scores":{"N1":[0.28507619548081975],"N2":[0.7414121733237324],"N3":[0.5915703095859753],"REM":[0.6028240405503259],"Wake":[0.8240511474925164],"macro":[0.6089867732866739]},"loss":[1.3775664029056078],"precisions":{"N1":[0.301556420233463],"N2":[0.7357094821788837],"N3":[0.5101318752010293],"REM":[0.4686840253342716],"Wake":[0.9580647933316147],"macro":[0.5948293192558525]},"recalls":{"N1":[0.27030393622321874],"N2":[0.7472039614103987],"N3":[0.7039502885042166],"REM":[0.8445346183109308],"Wake":[0.7229282842692257],"macro":[0.6577842177435981]}}}},"train":{},"valid_pretraining":{}}