{"earlystopping":{"confusion_matrices":{"abs":["[[3916, 1126, 223, 0, 127], [103, 547, 980, 0, 97], [44, 131, 6576, 0, 91], [3, 1, 1552, 0, 2], [473, 463, 1350, 0, 396]]"]},"markov_matrices":{"abs":{"actual":["[[5051, 318, 17, 0, 5], [183, 1134, 318, 2, 90], [88, 164, 6222, 274, 94], [12, 10, 254, 1282, 0], [57, 101, 31, 0, 2493]]"],"predicted":["[[3951, 265, 224, 0, 98], [231, 1583, 349, 0, 105], [200, 264, 9940, 0, 277], [0, 0, 0, 0, 0], [157, 155, 168, 0, 233]]"]}},"metrics":{"downstream":{"cohen_kappa":[0.4596251885238255],"f1_scores":{"N1":[0.27384230287859823],"N2":[0.7505564115733607],"N3":[0.0],"REM":[0.23328424153166422],"Wake":[0.7886416272278723],"macro":[0.4092649166422991]},"loss":[2.9402171240912542],"precisions":{"N1":[0.24118165784832452],"N2":[0.6156726898230502],"N3":[0.0],"REM":[0.5553997194950911],"Wake":[0.8627450980392157],"macro":[0.45499983304113634]},"recalls":{"N1":[0.3167342211928199],"N2":[0.9611224788073662],"N3":[0.0],"REM":[0.1476510067114094],"Wake":[0.7262611275964391],"macro":[0.430353766861607]}}}},"test":{"confusion_matrices":{"abs":["[[5684, 2381, 714, 0, 186], [253, 1241, 2380, 0, 145], [34, 216, 10723, 0, 113], [0, 2, 2172, 0, 2], [758, 677, 2448, 0, 507]]"]},"markov_matrices":{"abs":{"actual":["[[8369, 557, 27, 1, 10], [330, 3076, 529, 0, 84], [166, 277, 10122, 394, 127], [26, 9, 359, 1780, 2], [73, 100, 49, 1, 4167]]"],"predicted":["[[5793, 499, 310, 0, 126], [444, 3334, 586, 0, 153], [304, 464, 17300, 0, 369], [0, 0, 0, 0, 0], [188, 219, 241, 0, 305]]"]}},"metrics":{"downstream":{"cohen_kappa":[0.4131041112842081],"f1_scores":{"N1":[0.2907685098406748],"N2":[0.726416692070589],"N3":[0.0],"REM":[0.1897810218978102],"Wake":[0.7243532560214094],"macro":[0.38626389596609667]},"loss":[3.362376912434896],"precisions":{"N1":[0.2747398715961922],"N2":[0.5816022129413679],"N3":[0.0],"REM":[0.5320041972717734],"Wake":[0.844702035963739],"macro":[0.4466096635546145]},"recalls":{"N1":[0.308783279422742],"N2":[0.9672559985567383],"N3":[0.0],"REM":[0.11548974943052392],"Wake":[0.634021193530396],"macro":[0.40511004418808005]}}}},"train":{},"valid_pretraining":{}}