{"earlystopping":{"confusion_matrices":{"abs":["[[6784, 190, 62, 27, 53], [428, 255, 897, 45, 187], [93, 163, 6368, 196, 35], [8, 3, 860, 559, 0], [323, 67, 1435, 73, 857]]"]},"markov_matrices":{"abs":{"actual":["[[6823, 271, 17, 0, 4], [151, 1184, 365, 3, 109], [78, 212, 6189, 261, 115], [11, 15, 238, 1166, 0], [52, 130, 46, 0, 2527]]"],"predicted":["[[7105, 154, 257, 14, 106], [95, 281, 273, 2, 26], [326, 190, 8568, 282, 256], [20, 4, 272, 599, 5], [89, 49, 252, 3, 739]]"]}},"metrics":{"downstream":{"cohen_kappa":[0.6233906343321474],"f1_scores":{"N1":[0.20481927710843373],"N2":[0.7729562420343509],"N3":[0.4798283261802575],"REM":[0.440957036274762],"Wake":[0.9197396963123644],"macro":[0.5636601155820337]},"loss":[2.3138282971504407],"precisions":{"N1":[0.37610619469026546],"N2":[0.6618166701309499],"N3":[0.6211111111111111],"REM":[0.7570671378091873],"Wake":[0.8884232582503929],"macro":[0.6609048743983813]},"recalls":{"N1":[0.14072847682119205],"N2":[0.9289569657184537],"N3":[0.39090909090909093],"REM":[0.31107078039927405],"Wake":[0.9533445756042721],"macro":[0.5450019778904566]}}}},"test":{"confusion_matrices":{"abs":["[[12822, 1213, 820, 51, 516], [667, 743, 2049, 29, 526], [85, 544, 10474, 250, 360], [1, 2, 1602, 646, 2], [410, 144, 1613, 9, 1767]]"]},"markov_matrices":{"abs":{"actual":["[[14659, 720, 37, 1, 4], [431, 2829, 660, 3, 91], [229, 338, 10472, 535, 139], [24, 14, 498, 1714, 3], [78, 113, 46, 0, 3706]]"],"predicted":["[[12913, 350, 429, 9, 283], [256, 1698, 586, 4, 102], [572, 429, 14706, 324, 527], [18, 5, 312, 632, 18], [225, 164, 525, 16, 2241]]"]}},"metrics":{"downstream":{"cohen_kappa":[0.5761118643889525],"f1_scores":{"N1":[0.22312312312312313],"N2":[0.7409713133599802],"N3":[0.3990117356392835],"REM":[0.4967669384312623],"Wake":[0.8720372700377461],"macro":[0.5463820761182792]},"loss":[2.552447175326413],"precisions":{"N1":[0.2808012093726379],"N2":[0.6325643193622418],"N3":[0.6558375634517767],"REM":[0.5572374645222328],"Wake":[0.9168394708616374],"macro":[0.6086560055141054]},"recalls":{"N1":[0.18510214250124565],"N2":[0.8942200973277555],"N3":[0.2867288060363959],"REM":[0.4481359371037281],"Wake":[0.8314096744909869],"macro":[0.5291193314920224]}}}},"train":{},"valid_pretraining":{}}