{
    "earlystopping": {
        "confusion_matrices": {
            "abs": [
                "[[926, 74, 241, 9, 122], [57, 64, 243, 0, 48], [71, 19, 3375, 313, 167], [4, 0, 105, 796, 0], [132, 25, 316, 0, 836]]"
            ]
        },
        "markov_matrices": {
            "abs": {
                "actual": [
                    "[[1122, 217, 18, 0, 15], [56, 131, 215, 0, 10], [138, 60, 3629, 84, 34], [13, 1, 70, 821, 0], [42, 3, 13, 0, 1250]]"
                ],
                "predicted": [
                    "[[963, 90, 73, 1, 63], [29, 63, 77, 0, 13], [123, 13, 3955, 74, 114], [8, 0, 68, 1041, 1], [66, 16, 107, 2, 982]]"
                ]
            }
        },
        "metrics": {
            "downstream": {
                "cohen_kappa": [
                    0.6315509502848249
                ],
                "f1_scores": {
                    "N1": [
                        0.21548821548821548
                    ],
                    "N2": [
                        0.8206686930091185
                    ],
                    "N3": [
                        0.786950074147306
                    ],
                    "REM": [
                        0.6736502820306205
                    ],
                    "Wake": [
                        0.7228727556596409
                    ],
                    "macro": [
                        0.6439260040669803
                    ]
                },
                "loss": [
                    0.646152913570404
                ],
                "precisions": {
                    "N1": [
                        0.3516483516483517
                    ],
                    "N2": [
                        0.7885514018691588
                    ],
                    "N3": [
                        0.7119856887298748
                    ],
                    "REM": [
                        0.7127024722932651
                    ],
                    "Wake": [
                        0.7781512605042017
                    ],
                    "macro": [
                        0.6686078350089704
                    ]
                },
                "recalls": {
                    "N1": [
                        0.1553398058252427
                    ],
                    "N2": [
                        0.8555133079847909
                    ],
                    "N3": [
                        0.8795580110497238
                    ],
                    "REM": [
                        0.6386554621848739
                    ],
                    "Wake": [
                        0.6749271137026239
                    ],
                    "macro": [
                        0.640798740149451
                    ]
                }
            }
        }
    },
    "test": {
        "confusion_matrices": {
            "abs": [
                "[[2017, 81, 386, 15, 257], [260, 111, 272, 2, 136], [403, 77, 5567, 605, 453], [8, 0, 133, 1373, 0], [276, 45, 533, 0, 1364]]"
            ]
        },
        "markov_matrices": {
            "abs": {
                "actual": [
                    "[[2267, 413, 59, 2, 15], [177, 247, 342, 0, 14], [239, 108, 6570, 128, 60], [22, 0, 108, 1384, 0], [50, 13, 26, 0, 2129]]"
                ],
                "predicted": [
                    "[[2422, 183, 225, 1, 133], [66, 91, 135, 0, 22], [285, 18, 6239, 126, 222], [14, 0, 109, 1868, 4], [176, 22, 183, 0, 1829]]"
                ]
            }
        },
        "metrics": {
            "downstream": {
                "cohen_kappa": [
                    0.5990356953591645
                ],
                "f1_scores": {
                    "N1": [
                        0.20273972602739726
                    ],
                    "N2": [
                        0.7955130037153473
                    ],
                    "N3": [
                        0.7825591336563124
                    ],
                    "REM": [
                        0.6160794941282746
                    ],
                    "Wake": [
                        0.7052447552447553
                    ],
                    "macro": [
                        0.6204272225544173
                    ]
                },
                "loss": [
                    0.7338727096031452
                ],
                "precisions": {
                    "N1": [
                        0.3535031847133758
                    ],
                    "N2": [
                        0.8078653315919315
                    ],
                    "N3": [
                        0.6882205513784461
                    ],
                    "REM": [
                        0.6171945701357466
                    ],
                    "Wake": [
                        0.6804993252361673
                    ],
                    "macro": [
                        0.6294565926111335
                    ]
                },
                "recalls": {
                    "N1": [
                        0.14212548015364918
                    ],
                    "N2": [
                        0.7835327234342012
                    ],
                    "N3": [
                        0.9068692206076618
                    ],
                    "REM": [
                        0.6149684400360685
                    ],
                    "Wake": [
                        0.7318577648766328
                    ],
                    "macro": [
                        0.6358707258216427
                    ]
                }
            }
        }
    },
    "train": {},
    "valid_pretraining": {}
}
