{"earlystopping":{},"train":{"metrics":{"freq":{"acc_freq":[0.00014,0.0004,0.00036,1e-05,7e-05,0.0014,0.03721,0.05885,0.06299,0.06917,0.07279,0.08072,0.09536,0.10728,0.11788,0.12689,0.13517,0.14213,0.14742,0.15368],"hamming_freq":[0.48233250000000005,0.47487199999999996,0.474614,0.4747935,0.476641,0.5257499999999999,0.7189865,0.7503759999999999,0.7681945,0.784582,0.799308,0.815393,0.836176,0.8496025,0.858148,0.8686655,0.8744935,0.879424,0.883958,0.8869155],"loss":[0.934940859375,0.6917159375,0.656062421875,0.6230859765625,0.6021746875,0.57108125,0.5153402734375,0.477571953125,0.4514187890625,0.4213803515625,0.39105078125,0.3607448046875,0.32614126953125,0.299429140625,0.28189986328125,0.26038841796875,0.2479915625,0.23848529296875,0.2296735546875,0.22377208984375]}}},"valid_pretraining":{"metrics":{"freq":{"acc_freq":[0.0,0.0,0.002,0.0,0.0,0.0,0.003,0.068,0.074,0.08,0.091,0.099,0.115,0.14,0.154,0.159,0.17,0.175,0.182,0.185,0.19],"hamming_freq":[0.49860000000000004,0.47950000000000004,0.4831,0.47950000000000004,0.47950000000000004,0.49915,0.6991,0.74805,0.78465,0.7991,0.8175,0.8342,0.8541,0.8724000000000001,0.8787,0.8874,0.8938,0.8938,0.89945,0.90165,0.9036],"loss":[1.6364538669586182,0.6926795244216919,0.9176905155181885,0.7480995655059814,0.6217297315597534,0.5825545191764832,0.5153995752334595,0.48100557923316956,0.4476231336593628,0.4199303388595581,0.38521409034729004,0.3452308773994446,0.30840232968330383,0.2651546597480774,0.2483450174331665,0.22966715693473816,0.2132786363363266,0.20645591616630554,0.19902867078781128,0.1926795244216919,0.18929007649421692]}}}}