{"earlystopping":{"confusion_matrices":{"abs":["[[1231, 153, 17, 5, 12], [95, 526, 146, 6, 22], [24, 262, 2006, 288, 36], [1, 2, 112, 1203, 0], [4, 92, 22, 0, 1123]]"]},"markov_matrices":{"abs":{"actual":["[[1126, 224, 50, 1, 17], [105, 349, 308, 1, 32], [110, 186, 2216, 66, 37], [28, 7, 32, 1250, 1], [48, 29, 10, 0, 1154]]"],"predicted":["[[1103, 238, 8, 1, 5], [98, 596, 282, 0, 58], [85, 156, 1961, 72, 29], [25, 4, 43, 1429, 1], [43, 41, 9, 0, 1100]]"]}},"metrics":{"downstream":{"cohen_kappa":[0.7734070443050653],"f1_scores":{"N1":[0.5748633879781421],"N2":[0.8156129294572068],"N3":[0.8531914893617021],"REM":[0.9227608874281019],"Wake":[0.8878470970068518],"macro":[0.810855158246401]},"loss":[0.41885128021240237],"precisions":{"N1":[0.5082125603864734],"N2":[0.8710377768128528],"N3":[0.8009320905459387],"REM":[0.9413243922883487],"Wake":[0.9084870848708487],"macro":[0.8059987809808925]},"recalls":{"N1":[0.6616352201257861],"N2":[0.7668195718654435],"N3":[0.9127465857359636],"REM":[0.9049153908138597],"Wake":[0.8681241184767278],"macro":[0.8228481774035561]}}}},"test":{"confusion_matrices":{"abs":["[[4177, 391, 54, 18, 44], [288, 1477, 385, 16, 147], [25, 498, 4183, 800, 106], [4, 1, 366, 3621, 0], [51, 142, 97, 0, 2649]]"]},"markov_matrices":{"abs":{"actual":["[[4011, 610, 44, 4, 15], [319, 1176, 689, 6, 122], [195, 395, 4680, 248, 94], [57, 20, 176, 3734, 5], [101, 112, 23, 0, 2703]]"],"predicted":["[[3987, 525, 11, 2, 20], [258, 1517, 612, 1, 121], [141, 342, 4321, 194, 86], [58, 23, 116, 4258, 0], [100, 102, 25, 0, 2719]]"]}},"metrics":{"downstream":{"cohen_kappa":[0.7762031818600924],"f1_scores":{"N1":[0.6126088759850684],"N2":[0.7820884360100963],"N3":[0.8573458032437552],"REM":[0.9002548853016142],"Wake":[0.9051901614476108],"macro":[0.811497632397629]},"loss":[0.45028212131598055],"precisions":{"N1":[0.5886807493025109],"N2":[0.8226155358898721],"N3":[0.8127946127946128],"REM":[0.8991853360488798],"Wake":[0.919031903190319],"macro":[0.8084616274452389]},"recalls":{"N1":[0.638564634673584],"N2":[0.7453670705630792],"N3":[0.9070641282565131],"REM":[0.9013269819666553],"Wake":[0.8917591801878736],"macro":[0.816816399129541]}}}},"train":{},"valid_pretraining":{}}