{"earlystopping":{"confusion_matrices":{"abs":["[[889, 330, 61, 11, 86], [150, 196, 282, 47, 200], [58, 102, 1852, 245, 200], [25, 4, 167, 1304, 43], [97, 45, 141, 1, 944]]"]},"markov_matrices":{"abs":{"actual":["[[1107, 224, 32, 1, 13], [103, 420, 304, 1, 47], [91, 183, 2069, 75, 39], [26, 6, 44, 1466, 0], [49, 42, 8, 0, 1129]]"],"predicted":["[[902, 162, 61, 28, 66], [78, 402, 111, 15, 71], [67, 47, 2171, 91, 127], [55, 18, 61, 1456, 17], [116, 48, 99, 18, 1192]]"]}},"metrics":{"downstream":{"cohen_kappa":[0.6029889543620464],"f1_scores":{"N1":[0.25257731958762886],"N2":[0.7467741935483871],"N3":[0.8276737543636941],"REM":[0.6990003702332469],"Wake":[0.6848998459167951],"macro":[0.6421850967299505]},"loss":[2.0567420959472655],"precisions":{"N1":[0.2895125553914328],"N2":[0.7399121054734319],"N3":[0.8109452736318408],"REM":[0.6408689748811949],"Wake":[0.7292863002461034],"macro":[0.6421050419248008]},"recalls":{"N1":[0.224],"N2":[0.7537647537647537],"N3":[0.8451069345430978],"REM":[0.7687296416938111],"Wake":[0.6456063907044299],"macro":[0.6474415441412185]}}}},"test":{"confusion_matrices":{"abs":["[[3500, 1046, 192, 74, 349], [419, 617, 698, 82, 767], [136, 195, 3714, 636, 825], [26, 9, 757, 2849, 82], [211, 87, 144, 42, 1809]]"]},"markov_matrices":{"abs":{"actual":["[[4415, 676, 55, 1, 13], [385, 1308, 745, 5, 140], [218, 440, 4532, 223, 93], [51, 23, 150, 3494, 5], [91, 136, 24, 0, 2042]]"],"predicted":["[[3356, 486, 105, 52, 292], [269, 1234, 253, 24, 174], [149, 100, 4690, 261, 305], [110, 26, 198, 3292, 57], [407, 108, 259, 54, 3004]]"]}},"metrics":{"downstream":{"cohen_kappa":[0.5515848708887998],"f1_scores":{"N1":[0.27198589376239807],"N2":[0.6745981291435836],"N3":[0.7693761814744802],"REM":[0.5906938775510204],"Wake":[0.7405056595789696],"macro":[0.6094319483020904]},"loss":[2.4764827929045024],"precisions":{"N1":[0.3157625383828045],"N2":[0.6746594005449591],"N3":[0.7735541677979908],"REM":[0.47207724425887265],"Wake":[0.8154706430568499],"macro":[0.6103047988082955]},"recalls":{"N1":[0.23886953155245838],"N2":[0.6745368688703233],"N3":[0.7652430835347838],"REM":[0.788922808547754],"Wake":[0.6781631466770006],"macro":[0.629147087836464]}}}},"train":{},"valid_pretraining":{}}