{"earlystopping":{"confusion_matrices":{"abs":["[[1366, 84, 53, 10, 193], [201, 274, 291, 15, 129], [80, 91, 1905, 154, 125], [4, 1, 228, 1139, 10], [9, 11, 40, 0, 1033]]"]},"markov_matrices":{"abs":{"actual":["[[1401, 259, 37, 0, 9], [125, 439, 301, 1, 44], [114, 165, 1969, 73, 33], [25, 5, 43, 1308, 1], [40, 42, 5, 0, 1006]]"],"predicted":["[[1379, 136, 97, 10, 38], [58, 196, 163, 6, 37], [138, 85, 2124, 91, 79], [20, 10, 73, 1210, 5], [64, 34, 60, 1, 1331]]"]}},"metrics":{"downstream":{"cohen_kappa":[0.6992998880152492],"f1_scores":{"N1":[0.399708242159008],"N2":[0.7820197044334976],"N3":[0.8437037037037037],"REM":[0.799845141308556],"Wake":[0.8116458704693998],"macro":[0.727384532414833]},"loss":[1.3174676259358724],"precisions":{"N1":[0.5943600867678959],"N2":[0.7568533969010727],"N3":[0.8641881638846738],"REM":[0.6932885906040268],"Wake":[0.8228915662650602],"macro":[0.7463163608845458]},"recalls":{"N1":[0.3010989010989011],"N2":[0.8089171974522293],"N3":[0.8241678726483358],"REM":[0.9451052150045746],"Wake":[0.8007033997655334],"macro":[0.7359985171939148]}}}},"test":{"confusion_matrices":{"abs":["[[4161, 298, 196, 35, 350], [632, 807, 1254, 43, 671], [545, 195, 5706, 400, 263], [60, 8, 736, 2995, 2], [112, 69, 115, 0, 2138]]"]},"markov_matrices":{"abs":{"actual":["[[4102, 786, 104, 4, 43], [364, 1729, 1099, 3, 212], [382, 681, 5745, 228, 73], [56, 29, 147, 3566, 3], [135, 182, 14, 0, 2103]]"],"predicted":["[[4703, 319, 306, 31, 151], [150, 652, 391, 6, 178], [397, 218, 6948, 250, 194], [71, 13, 194, 3178, 16], [188, 175, 168, 8, 2885]]"]}},"metrics":{"downstream":{"cohen_kappa":[0.6416958364895105],"f1_scores":{"N1":[0.33737458193979936],"N2":[0.7549616300608627],"N3":[0.8234808908441023],"REM":[0.7299419597132127],"Wake":[0.7888151658767772],"macro":[0.6869148456869507]},"loss":[1.8266090570494187],"precisions":{"N1":[0.5860566448801743],"N2":[0.7126264518546273],"N3":[0.862366829830118],"REM":[0.6244158878504673],"Wake":[0.7551724137931034],"macro":[0.7081276456416981]},"recalls":{"N1":[0.23686527737012034],"N2":[0.8026445350963567],"N3":[0.7879505393317549],"REM":[0.8783894823336073],"Wake":[0.825595238095238],"macro":[0.7062890144454154]}}}},"train":{},"valid_pretraining":{}}