{"earlystopping":{},"train":{"metrics":{"freq":{"acc_freq":[0.01499,0.04616,0.0489,0.04995,0.05019,0.0577,0.07224,0.0816,0.09411,0.1064,0.11911,0.13224,0.14644,0.15732,0.16476,0.17137,0.17659,0.18097,0.18711,0.19028],"hamming_freq":[0.5144685,0.5254365,0.528708,0.6023775,0.6708225,0.7252655,0.7621344999999999,0.7912345000000001,0.8188435000000001,0.8409155,0.8568595,0.869703,0.878395,0.884076,0.8877355,0.8904635,0.8929644999999999,0.895248,0.897118,0.8992285],"loss":[0.895678203125,0.69409140625,0.692050390625,0.6615025,0.6199388671875,0.571811640625,0.5213930078125,0.4704330859375,0.3994391796875,0.3475774609375,0.3106748828125,0.2806748046875,0.25937970703125,0.24561884765625,0.23696626953125,0.23003923828125,0.22405955078125,0.21951486328125,0.21509427734375,0.21109806640625]}}},"valid_pretraining":{"metrics":{"freq":{"acc_freq":[0.0,0.056,0.056,0.042,0.056,0.056,0.085,0.099,0.106,0.133,0.157,0.171,0.188,0.191,0.213,0.224,0.22,0.223,0.226,0.232,0.244],"hamming_freq":[0.5017499999999999,0.5205,0.5205,0.57575,0.6473,0.7165,0.75635,0.79495,0.8279,0.8513999999999999,0.87325,0.88735,0.89865,0.90285,0.90635,0.90855,0.90945,0.91105,0.91255,0.9128000000000001,0.91545],"loss":[1.542835693359375,0.692624267578125,0.692375244140625,0.687080078125,0.6378623046875,0.5829124755859375,0.5294241333007812,0.4695303955078125,0.3934351806640625,0.35528375244140625,0.302739013671875,0.26353399658203125,0.229448974609375,0.2123824462890625,0.19958599853515624,0.19444754028320313,0.19029225158691407,0.1862231903076172,0.18282449340820311,0.17831634521484374,0.17623040771484375]}}}}