{"earlystopping":{"confusion_matrices":{"abs":["[[5498, 529, 36, 2, 21], [198, 848, 440, 48, 226], [49, 404, 5059, 689, 296], [4, 10, 364, 1171, 0], [31, 269, 109, 76, 2267]]"]},"markov_matrices":{"abs":{"actual":["[[5819, 253, 12, 0, 1], [157, 1185, 319, 2, 97], [66, 186, 5820, 317, 108], [7, 16, 296, 1230, 0], [36, 120, 50, 0, 2546]]"],"predicted":["[[5418, 323, 24, 4, 10], [220, 1466, 268, 32, 74], [87, 145, 5414, 242, 120], [16, 44, 215, 1707, 4], [38, 82, 87, 1, 2602]]"]}},"metrics":{"downstream":{"cohen_kappa":[0.7263366677473533],"f1_scores":{"N1":[0.44397905759162304],"N2":[0.8091163534586165],"N3":[0.6625176803394626],"REM":[0.8151743976986695],"Wake":[0.9266812742288892],"macro":[0.7314937526634522]},"loss":[1.098739108523807],"precisions":{"N1":[0.4116504854368932],"N2":[0.8420439414114514],"N3":[0.5896273917421954],"REM":[0.8067615658362989],"Wake":[0.9512110726643599],"macro":[0.7202588914182397]},"recalls":{"N1":[0.4818181818181818],"N2":[0.7786670771125135],"N3":[0.7559715945771466],"REM":[0.8237645348837209],"Wake":[0.9033848176141965],"macro":[0.7487212412011518]}}}},"test":{"confusion_matrices":{"abs":["[[8862, 611, 130, 12, 67], [388, 1610, 609, 29, 363], [83, 1052, 9715, 956, 960], [0, 6, 667, 1498, 3], [64, 305, 202, 14, 4052]]"]},"markov_matrices":{"abs":{"actual":["[[9241, 410, 25, 0, 5], [217, 2136, 559, 2, 85], [152, 323, 11813, 339, 139], [16, 13, 311, 1833, 1], [55, 117, 58, 0, 4407]]"],"predicted":["[[8845, 475, 34, 9, 33], [272, 2591, 496, 18, 207], [157, 252, 10307, 344, 263], [21, 45, 302, 2123, 18], [101, 221, 184, 15, 4924]]"]}},"metrics":{"downstream":{"cohen_kappa":[0.7245213003324684],"f1_scores":{"N1":[0.48913869056661097],"N2":[0.806592220515588],"N3":[0.6397608370702541],"REM":[0.8038087681015671],"Wake":[0.928979506263431],"macro":[0.7336560045034902]},"loss":[1.057678461074829],"precisions":{"N1":[0.44921875],"N2":[0.8579881656804734],"N3":[0.5970506177760064],"REM":[0.7441689623507806],"Wake":[0.943066936256252],"macro":[0.7182986864127026]},"recalls":{"N1":[0.5368456152050683],"N2":[0.7610057966473445],"N3":[0.6890524379024839],"REM":[0.8738408453741643],"Wake":[0.9153067548027267],"macro":[0.7552102899863575]}}}},"train":{},"valid_pretraining":{}}