{
    "earlystopping": {
        "confusion_matrices": {
            "abs": [
                "[[370, 105, 316, 21, 296], [51, 36, 198, 7, 136], [177, 57, 3215, 244, 404], [8, 2, 274, 610, 14], [182, 65, 429, 19, 558]]"
            ]
        },
        "markov_matrices": {
            "abs": {
                "actual": [
                    "[[862, 210, 21, 0, 14], [64, 148, 206, 0, 10], [130, 65, 3781, 89, 32], [11, 1, 77, 819, 0], [40, 4, 12, 0, 1197]]"
                ],
                "predicted": [
                    "[[483, 92, 132, 16, 64], [23, 98, 99, 2, 43], [177, 41, 3890, 114, 210], [20, 0, 113, 751, 17], [84, 34, 198, 18, 1074]]"
                ]
            }
        },
        "metrics": {
            "downstream": {
                "cohen_kappa": [
                    0.3997651338775854
                ],
                "f1_scores": {
                    "N1": [
                        0.1038961038961039
                    ],
                    "N2": [
                        0.7538984640637824
                    ],
                    "N3": [
                        0.6744057490326147
                    ],
                    "REM": [
                        0.41939120631341603
                    ],
                    "Wake": [
                        0.39029535864978904
                    ],
                    "macro": [
                        0.4683773763911413
                    ]
                },
                "loss": [
                    1.8767882585525513
                ],
                "precisions": {
                    "N1": [
                        0.13584905660377358
                    ],
                    "N2": [
                        0.7254061371841155
                    ],
                    "N3": [
                        0.6770255271920089
                    ],
                    "REM": [
                        0.3963068181818182
                    ],
                    "Wake": [
                        0.46954314720812185
                    ],
                    "macro": [
                        0.4808261372739676
                    ]
                },
                "recalls": {
                    "N1": [
                        0.08411214953271028
                    ],
                    "N2": [
                        0.7847205272150354
                    ],
                    "N3": [
                        0.6718061674008811
                    ],
                    "REM": [
                        0.44533120510774143
                    ],
                    "Wake": [
                        0.33393501805054154
                    ],
                    "macro": [
                        0.46398101346138193
                    ]
                }
            }
        }
    },
    "test": {
        "confusion_matrices": {
            "abs": [
                "[[867, 108, 438, 57, 901], [163, 73, 224, 19, 275], [537, 102, 4815, 255, 775], [44, 2, 478, 874, 43], [358, 63, 630, 83, 990]]"
            ]
        },
        "markov_matrices": {
            "abs": {
                "actual": [
                    "[[1925, 362, 71, 0, 13], [125, 270, 344, 1, 14], [256, 108, 5893, 174, 52], [18, 2, 155, 1266, 0], [46, 12, 21, 0, 2045]]"
                ],
                "predicted": [
                    "[[1256, 162, 300, 37, 214], [43, 98, 152, 2, 53], [371, 42, 5677, 165, 329], [50, 5, 154, 1066, 13], [248, 41, 302, 18, 2375]]"
                ]
            }
        },
        "metrics": {
            "downstream": {
                "cohen_kappa": [
                    0.3784066130885274
                ],
                "f1_scores": {
                    "N1": [
                        0.132486388384755
                    ],
                    "N2": [
                        0.7368582140944219
                    ],
                    "N3": [
                        0.6405276658116527
                    ],
                    "REM": [
                        0.3876272513703994
                    ],
                    "Wake": [
                        0.39953917050691246
                    ],
                    "macro": [
                        0.4594077380336283
                    ]
                },
                "loss": [
                    2.2017813462477465
                ],
                "precisions": {
                    "N1": [
                        0.20977011494252873
                    ],
                    "N2": [
                        0.7312072892938497
                    ],
                    "N3": [
                        0.6785714285714286
                    ],
                    "REM": [
                        0.33176943699731903
                    ],
                    "Wake": [
                        0.44032503809040124
                    ],
                    "macro": [
                        0.4783286615791055
                    ]
                },
                "recalls": {
                    "N1": [
                        0.09681697612732096
                    ],
                    "N2": [
                        0.7425971622455274
                    ],
                    "N3": [
                        0.6065232477446217
                    ],
                    "REM": [
                        0.4661016949152542
                    ],
                    "Wake": [
                        0.3656684943061999
                    ],
                    "macro": [
                        0.4555415150677849
                    ]
                }
            }
        }
    },
    "train": {},
    "valid_pretraining": {}
}
