{"earlystopping":{"confusion_matrices":{"abs":["[[888, 14, 429, 0, 127], [55, 14, 265, 0, 74], [22, 6, 3554, 0, 120], [0, 0, 1044, 0, 6], [27, 31, 370, 0, 637]]"]},"markov_matrices":{"abs":{"actual":["[[1259, 184, 13, 0, 1], [48, 150, 197, 0, 13], [112, 70, 3412, 84, 24], [12, 1, 71, 966, 0], [26, 3, 9, 0, 1027]]"],"predicted":["[[843, 7, 79, 0, 63], [4, 17, 23, 0, 21], [90, 19, 5366, 0, 186], [0, 0, 0, 0, 0], [54, 22, 194, 0, 694]]"]}},"metrics":{"downstream":{"cohen_kappa":[0.44054119729087593],"f1_scores":{"N1":[0.059196617336152224],"N2":[0.7590773173857327],"N3":[0.0],"REM":[0.6278955150320354],"Wake":[0.7248979591836734],"macro":[0.4342134817875188]},"loss":[1.6068854331970215],"precisions":{"N1":[0.2153846153846154],"N2":[0.6276933945602261],"N3":[0.0],"REM":[0.6607883817427386],"Wake":[0.8951612903225806],"macro":[0.4798055364020321]},"recalls":{"N1":[0.03431372549019608],"N2":[0.9600216099405726],"N3":[0.0],"REM":[0.5981220657276995],"Wake":[0.6090534979423868],"macro":[0.440302179820171]}}}},"test":{"confusion_matrices":{"abs":["[[1130, 34, 563, 0, 282], [62, 56, 366, 0, 100], [86, 185, 6184, 0, 187], [0, 0, 1835, 0, 25], [119, 165, 859, 0, 1027]]"]},"markov_matrices":{"abs":{"actual":["[[1680, 283, 29, 0, 17], [67, 196, 302, 0, 18], [192, 88, 6163, 147, 52], [23, 1, 123, 1713, 0], [46, 16, 25, 0, 2083]]"],"predicted":["[[1099, 36, 173, 0, 89], [27, 209, 134, 0, 70], [174, 110, 9213, 0, 309], [0, 0, 0, 0, 0], [96, 85, 287, 0, 1153]]"]}},"metrics":{"downstream":{"cohen_kappa":[0.3805316271439687],"f1_scores":{"N1":[0.10937499999999999],"N2":[0.7518998115386953],"N3":[0.0],"REM":[0.5418095489316803],"Wake":[0.6635349383440987],"macro":[0.4133238597628949]},"loss":[1.6799715482271635],"precisions":{"N1":[0.12727272727272726],"N2":[0.6305700010196799],"N3":[0.0],"REM":[0.6335595311536089],"Wake":[0.8088761632068718],"macro":[0.44005568453057753]},"recalls":{"N1":[0.0958904109589041],"N2":[0.9310448660042155],"N3":[0.0],"REM":[0.4732718894009217],"Wake":[0.5624688899950224],"macro":[0.41253521127181275]}}}},"train":{},"valid_pretraining":{}}