{"earlystopping":{"confusion_matrices":{"abs":["[[1281, 166, 58, 4, 51], [126, 421, 226, 2, 56], [100, 192, 1888, 161, 90], [2, 0, 126, 1283, 6], [32, 74, 72, 0, 1017]]"]},"markov_matrices":{"abs":{"actual":["[[1273, 229, 40, 1, 17], [112, 387, 291, 0, 41], [103, 174, 2054, 62, 37], [22, 5, 35, 1354, 1], [49, 36, 11, 0, 1099]]"],"predicted":["[[1245, 206, 69, 3, 18], [86, 445, 250, 0, 71], [127, 150, 1971, 68, 54], [21, 1, 48, 1379, 1], [61, 51, 32, 0, 1076]]"]}},"metrics":{"downstream":{"cohen_kappa":[0.7323051211924902],"f1_scores":{"N1":[0.5],"N2":[0.7865028119141846],"N3":[0.8950122078828043],"REM":[0.8422360248447205],"Wake":[0.8261851015801355],"macro":[0.769987229244369]},"loss":[0.5373454411824544],"precisions":{"N1":[0.4935521688159437],"N2":[0.7966244725738396],"N3":[0.8848275862068965],"REM":[0.8336065573770491],"Wake":[0.8312783906554185],"macro":[0.7679778351258295]},"recalls":{"N1":[0.50661853188929],"N2":[0.7766351295763061],"N3":[0.9054340155257586],"REM":[0.8510460251046025],"Wake":[0.8211538461538461],"macro":[0.7721775096499607]}}}},"test":{"confusion_matrices":{"abs":["[[4361, 339, 127, 10, 19], [445, 1388, 721, 21, 155], [182, 483, 5901, 420, 117], [14, 2, 854, 3260, 0], [232, 328, 516, 1, 1898]]"]},"markov_matrices":{"abs":{"actual":["[[4051, 689, 82, 1, 32], [350, 1373, 861, 3, 143], [263, 497, 5960, 282, 101], [67, 39, 179, 3844, 1], [124, 132, 21, 0, 2698]]"],"predicted":["[[4439, 657, 93, 7, 37], [315, 1332, 740, 1, 152], [284, 431, 7062, 215, 127], [57, 10, 155, 3489, 1], [138, 110, 69, 0, 1872]]"]}},"metrics":{"downstream":{"cohen_kappa":[0.700743200847421],"f1_scores":{"N1":[0.5267552182163188],"N2":[0.7753251872290107],"N3":[0.8314205559806171],"REM":[0.7350890782339272],"Wake":[0.864420218037661],"macro":[0.7466020515395069]},"loss":[0.6073898936426917],"precisions":{"N1":[0.5464566929133858],"N2":[0.7268136470008622],"N3":[0.8782327586206896],"REM":[0.8670625856555505],"Wake":[0.8332059610240734],"macro":[0.7703543290429122]},"recalls":{"N1":[0.5084249084249084],"N2":[0.8307757285653949],"N3":[0.7893462469733656],"REM":[0.6379831932773109],"Wake":[0.8980642504118617],"macro":[0.7329188655305682]}}}},"train":{},"valid_pretraining":{}}