{"earlystopping":{"confusion_matrices":{"abs":["[[1036, 495, 94, 6, 75], [185, 371, 270, 3, 81], [120, 291, 1720, 114, 110], [8, 15, 297, 1052, 10], [48, 187, 103, 0, 755]]"]},"markov_matrices":{"abs":{"actual":["[[1401, 259, 37, 0, 9], [125, 439, 301, 1, 44], [114, 165, 1969, 73, 33], [25, 5, 43, 1308, 1], [40, 42, 5, 0, 1006]]"],"predicted":["[[1066, 214, 86, 1, 30], [146, 834, 279, 4, 95], [136, 184, 1951, 113, 100], [19, 8, 94, 1050, 4], [29, 119, 74, 7, 802]]"]}},"metrics":{"downstream":{"cohen_kappa":[0.567253185970207],"f1_scores":{"N1":[0.3270163067430586],"N2":[0.7108906798925397],"N3":[0.8228392647633946],"REM":[0.7109227871939736],"Wake":[0.6677408959071865],"macro":[0.6478819869000307]},"loss":[2.666436513264974],"precisions":{"N1":[0.2729948491537896],"N2":[0.6924315619967794],"N3":[0.8953191489361703],"REM":[0.7322987390882638],"Wake":[0.7415891195418755],"macro":[0.6669266837433756]},"recalls":{"N1":[0.4076923076923077],"N2":[0.7303609341825902],"N3":[0.7612156295224313],"REM":[0.6907593778591034],"Wake":[0.6072684642438453],"macro":[0.6394593427000556]}}}},"test":{"confusion_matrices":{"abs":["[[2973, 1541, 405, 7, 114], [280, 1631, 1202, 8, 286], [138, 792, 5617, 151, 411], [13, 22, 1106, 2581, 79], [105, 760, 237, 11, 1321]]"]},"markov_matrices":{"abs":{"actual":["[[4102, 786, 104, 4, 43], [364, 1729, 1099, 3, 212], [382, 681, 5745, 228, 73], [56, 29, 147, 3566, 3], [135, 182, 14, 0, 2103]]"],"predicted":["[[2807, 498, 143, 5, 56], [302, 3351, 800, 26, 267], [295, 537, 7269, 245, 221], [37, 17, 214, 2454, 35], [67, 343, 141, 28, 1632]]"]}},"metrics":{"downstream":{"cohen_kappa":[0.5412360141047257],"f1_scores":{"N1":[0.40009812339016315],"N2":[0.7166368971676448],"N3":[0.7870102149717945],"REM":[0.568783638320775],"Wake":[0.6955199438530822],"macro":[0.633609763540692]},"loss":[3.0661042679187864],"precisions":{"N1":[0.34365781710914456],"N2":[0.6556554219680168],"N3":[0.9358230601885424],"REM":[0.5974672094075079],"Wake":[0.8472499287546309],"macro":[0.6759706874855685]},"recalls":{"N1":[0.47872028177282067],"N2":[0.7901251934167957],"N3":[0.6790318337279663],"REM":[0.5427280197206245],"Wake":[0.5898809523809524],"macro":[0.6160972562038319]}}}},"train":{},"valid_pretraining":{}}