{"earlystopping":{},"train":{"metrics":{"freq":{"acc_freq":[0.01155,0.04634,0.04924,0.04968,0.04967,0.05213,0.05237,0.05864,0.07402,0.08088,0.09444,0.11018,0.13283,0.14745,0.15644,0.1647,0.169,0.17405,0.1773,0.18088],"hamming_freq":[0.5117125,0.524316,0.5252414999999999,0.5262435,0.6249439999999999,0.706619,0.7395195,0.760873,0.785087,0.8059545,0.8268530000000001,0.8469685,0.869227,0.881464,0.8867885,0.890151,0.892197,0.8938635,0.895149,0.896166],"loss":[0.897021171875,0.6942375,0.692493359375,0.6920403125,0.6508075390625,0.5940205859375,0.5545075390625,0.490573046875,0.4434859375,0.4038422265625,0.362310546875,0.32488984375,0.28109708984375,0.252892734375,0.23964419921875,0.231702890625,0.2261884375,0.22188474609375,0.2183941796875,0.21572115234375]}}},"valid_pretraining":{"metrics":{"freq":{"acc_freq":[0.0,0.056,0.056,0.056,0.056,0.057,0.063,0.02,0.11,0.115,0.128,0.138,0.164,0.196,0.2,0.204,0.21,0.213,0.215,0.211,0.23],"hamming_freq":[0.5135000000000001,0.5205,0.5205,0.5205,0.5680000000000001,0.6887,0.7397,0.75125,0.78905,0.81,0.83415,0.8543499999999999,0.87935,0.9004,0.9043,0.9066,0.9077500000000001,0.90805,0.90915,0.90935,0.9109],"loss":[1.3372430419921875,0.6926412353515625,0.6923599853515625,0.6923145751953125,0.6848605346679687,0.60874755859375,0.5551753540039063,0.5050931701660156,0.470556884765625,0.42110601806640624,0.3640973205566406,0.30790350341796874,0.26732080078125,0.22480813598632812,0.20531198120117186,0.19918942260742187,0.19301654052734374,0.19047235107421875,0.1876902618408203,0.18717744445800782,0.18414820861816406]}}}}