{
    "earlystopping": {
        "confusion_matrices": {
            "abs": [
                "[[1259, 127, 61, 2, 9], [56, 191, 138, 0, 23], [53, 87, 3392, 97, 73], [49, 0, 245, 756, 0], [8, 18, 93, 0, 946]]"
            ]
        },
        "markov_matrices": {
            "abs": {
                "actual": [
                    "[[1259, 184, 13, 0, 1], [48, 150, 197, 0, 13], [112, 70, 3412, 84, 24], [12, 1, 71, 966, 0], [26, 3, 9, 0, 1027]]"
                ],
                "predicted": [
                    "[[1200, 173, 44, 2, 5], [64, 216, 129, 0, 14], [133, 19, 3665, 59, 53], [8, 1, 51, 794, 1], [19, 14, 40, 0, 978]]"
                ]
            }
        },
        "metrics": {
            "downstream": {
                "cohen_kappa": [
                    0.7824017794694413
                ],
                "f1_scores": {
                    "N1": [
                        0.45968712394705175
                    ],
                    "N2": [
                        0.8890053728213865
                    ],
                    "N3": [
                        0.7937007874015748
                    ],
                    "REM": [
                        0.8941398865784499
                    ],
                    "Wake": [
                        0.8733957682969129
                    ],
                    "macro": [
                        0.7819857878090752
                    ]
                },
                "loss": [
                    0.46566319465637207
                ],
                "precisions": {
                    "N1": [
                        0.4515366430260047
                    ],
                    "N2": [
                        0.8633240010180707
                    ],
                    "N3": [
                        0.8842105263157894
                    ],
                    "REM": [
                        0.9000951474785919
                    ],
                    "Wake": [
                        0.8835087719298246
                    ],
                    "macro": [
                        0.7965350179536563
                    ]
                },
                "recalls": {
                    "N1": [
                        0.4681372549019608
                    ],
                    "N2": [
                        0.9162614802809292
                    ],
                    "N3": [
                        0.72
                    ],
                    "REM": [
                        0.888262910798122
                    ],
                    "Wake": [
                        0.8635116598079561
                    ],
                    "macro": [
                        0.7712346611577936
                    ]
                }
            }
        }
    },
    "test": {
        "confusion_matrices": {
            "abs": [
                "[[1403, 128, 416, 0, 62], [59, 254, 215, 2, 54], [65, 165, 5944, 157, 311], [5, 0, 397, 1458, 0], [34, 90, 494, 0, 1552]]"
            ]
        },
        "markov_matrices": {
            "abs": {
                "actual": [
                    "[[1680, 283, 29, 0, 17], [67, 196, 302, 0, 18], [192, 88, 6163, 147, 52], [23, 1, 123, 1713, 0], [46, 16, 25, 0, 2083]]"
                ],
                "predicted": [
                    "[[1248, 228, 78, 4, 8], [59, 328, 216, 0, 34], [210, 59, 6984, 85, 127], [15, 0, 72, 1528, 2], [33, 22, 116, 0, 1808]]"
                ]
            }
        },
        "metrics": {
            "downstream": {
                "cohen_kappa": [
                    0.6953263912671698
                ],
                "f1_scores": {
                    "N1": [
                        0.41605241605241605
                    ],
                    "N2": [
                        0.84264247235611
                    ],
                    "N3": [
                        0.8386540120793787
                    ],
                    "REM": [
                        0.7481320800192818
                    ],
                    "Wake": [
                        0.784895104895105
                    ],
                    "macro": [
                        0.7260752170804583
                    ]
                },
                "loss": [
                    0.6108051813565768
                ],
                "precisions": {
                    "N1": [
                        0.3987441130298273
                    ],
                    "N2": [
                        0.7961425127243504
                    ],
                    "N3": [
                        0.9016697588126159
                    ],
                    "REM": [
                        0.7842344618494189
                    ],
                    "Wake": [
                        0.8959131545338442
                    ],
                    "macro": [
                        0.7553408001900114
                    ]
                },
                "recalls": {
                    "N1": [
                        0.4349315068493151
                    ],
                    "N2": [
                        0.8949111713339356
                    ],
                    "N3": [
                        0.7838709677419354
                    ],
                    "REM": [
                        0.7152073732718894
                    ],
                    "Wake": [
                        0.6983573917371827
                    ],
                    "macro": [
                        0.7054556821868516
                    ]
                }
            }
        }
    },
    "train": {},
    "valid_pretraining": {}
}
