{"earlystopping":{"confusion_matrices":{"abs":["[[796, 43, 113, 12, 144], [61, 35, 171, 11, 150], [138, 8, 3090, 289, 572], [6, 0, 84, 702, 116], [38, 14, 293, 2, 906]]"]},"markov_matrices":{"abs":{"actual":["[[862, 210, 21, 0, 14], [64, 148, 206, 0, 10], [130, 65, 3781, 89, 32], [11, 1, 77, 819, 0], [40, 4, 12, 0, 1197]]"],"predicted":["[[836, 35, 84, 21, 63], [12, 43, 30, 1, 14], [80, 13, 3431, 70, 157], [25, 1, 66, 921, 3], [85, 8, 140, 3, 1651]]"]}},"metrics":{"downstream":{"cohen_kappa":[0.5683381306196134],"f1_scores":{"N1":[0.13257575757575757],"N2":[0.7874617737003059],"N3":[0.7297297297297297],"REM":[0.5768863419293219],"Wake":[0.7414997671169073],"macro":[0.5936306740104045]},"loss":[1.6638058423995972],"precisions":{"N1":[0.35],"N2":[0.8237803252466009],"N3":[0.6909448818897638],"REM":[0.4798728813559322],"Wake":[0.766121270452358],"macro":[0.6221438717889309]},"recalls":{"N1":[0.08177570093457943],"N2":[0.7542103978520869],"N3":[0.7731277533039648],"REM":[0.7230646448523543],"Wake":[0.7184115523465704],"macro":[0.6101180098579112]}}}},"test":{"confusion_matrices":{"abs":["[[1697, 94, 58, 37, 485], [339, 34, 119, 21, 241], [502, 28, 4169, 313, 1472], [31, 1, 197, 1119, 93], [349, 14, 413, 7, 1341]]"]},"markov_matrices":{"abs":{"actual":["[[1925, 362, 71, 0, 13], [125, 270, 344, 1, 14], [256, 108, 5893, 174, 52], [18, 2, 155, 1266, 0], [46, 12, 21, 0, 2045]]"],"predicted":["[[2381, 63, 171, 48, 255], [34, 68, 19, 3, 47], [188, 7, 4292, 107, 361], [44, 1, 107, 1297, 48], [270, 32, 367, 42, 2921]]"]}},"metrics":{"downstream":{"cohen_kappa":[0.49060744045918203],"f1_scores":{"N1":[0.07351351351351351],"N2":[0.7288461538461538],"N3":[0.7617426820966644],"REM":[0.465948575399583],"Wake":[0.6417092077897523],"macro":[0.5343520265291335]},"loss":[1.6536241678091197],"precisions":{"N1":[0.19883040935672514],"N2":[0.8412025827280064],"N3":[0.7474949899799599],"REM":[0.36921806167400884],"Wake":[0.5815627141877998],"macro":[0.5476617515853001]},"recalls":{"N1":[0.04509283819628647],"N2":[0.6429673041332511],"N3":[0.7765440666204025],"REM":[0.6313559322033898],"Wake":[0.7157317587515816],"macro":[0.5623383799809822]}}}},"train":{},"valid_pretraining":{}}