{"earlystopping":{"confusion_matrices":{"abs":["[[7254, 521, 81, 30, 72], [564, 469, 546, 213, 154], [236, 102, 4872, 1261, 157], [3, 0, 184, 1343, 1], [438, 141, 329, 215, 1659]]"]},"markov_matrices":{"abs":{"actual":["[[7584, 353, 15, 0, 5], [200, 1236, 385, 2, 123], [98, 210, 5964, 245, 111], [13, 14, 220, 1284, 0], [62, 133, 44, 0, 2543]]"],"predicted":["[[8076, 200, 128, 37, 53], [123, 899, 137, 21, 53], [174, 53, 5309, 328, 148], [42, 17, 324, 2650, 29], [79, 64, 114, 26, 1760]]"]}},"metrics":{"downstream":{"cohen_kappa":[0.6519337079682251],"f1_scores":{"N1":[0.295061340044039],"N2":[0.7708860759493671],"N3":[0.5848029610276507],"REM":[0.6876683937823834],"Wake":[0.8817844769950769],"macro":[0.6440406495597034]},"loss":[1.31575133160847],"precisions":{"N1":[0.38037307380373075],"N2":[0.810379241516966],"N3":[0.43860222077073807],"REM":[0.8120411160058737],"Wake":[0.8539140670982931],"macro":[0.6590619438391203]},"recalls":{"N1":[0.24100719424460432],"N2":[0.7350633675316838],"N3":[0.8772044415414761],"REM":[0.596333572969087],"Wake":[0.9115355616989194],"macro":[0.6722288275971542]}}}},"test":{"confusion_matrices":{"abs":["[[11028, 306, 476, 115, 623], [1882, 580, 1505, 398, 127], [1016, 175, 7932, 2676, 366], [30, 1, 250, 2299, 21], [1157, 239, 816, 167, 2193]]"]},"markov_matrices":{"abs":{"actual":["[[11874, 617, 28, 3, 25], [348, 3420, 622, 0, 102], [199, 328, 10935, 568, 135], [29, 16, 522, 2030, 4], [97, 111, 58, 0, 4306]]"],"predicted":["[[14253, 346, 295, 77, 141], [225, 786, 211, 32, 47], [332, 69, 9633, 705, 240], [107, 34, 658, 4805, 51], [195, 66, 182, 36, 2851]]"]}},"metrics":{"downstream":{"cohen_kappa":[0.534290462939885],"f1_scores":{"N1":[0.20024167098221993],"N2":[0.685447632215693],"N3":[0.5569282945736435],"REM":[0.5550493545937737],"Wake":[0.79736813564224],"macro":[0.5590070176015141]},"loss":[1.951648924085829],"precisions":{"N1":[0.4458109146810146],"N2":[0.7224701703251662],"N3":[0.40654288240495134],"REM":[0.6585585585585586],"Wake":[0.7297029047839608],"macro":[0.5926170861507304]},"recalls":{"N1":[0.12911843276936777],"N2":[0.6520345252774352],"N3":[0.8838908112264514],"REM":[0.47965879265091865],"Wake":[0.8788651577940708],"macro":[0.6047135439436488]}}}},"train":{},"valid_pretraining":{}}