{"earlystopping":{"confusion_matrices":{"abs":["[[5641, 253, 127, 8, 57], [575, 243, 636, 135, 171], [834, 950, 3171, 1300, 242], [19, 288, 142, 1096, 4], [873, 290, 638, 163, 788]]"]},"markov_matrices":{"abs":{"actual":["[[5819, 253, 12, 0, 1], [157, 1185, 319, 2, 97], [66, 186, 5820, 317, 108], [7, 16, 296, 1230, 0], [36, 120, 50, 0, 2546]]"],"predicted":["[[7273, 236, 147, 77, 208], [192, 1382, 217, 125, 108], [147, 272, 4121, 77, 97], [110, 63, 86, 2411, 32], [220, 71, 143, 11, 817]]"]}},"metrics":{"downstream":{"cohen_kappa":[0.4419464751333214],"f1_scores":{"N1":[0.1284355179704017],"N2":[0.5656944072785657],"N3":[0.5156433780286991],"REM":[0.3926258096661684],"Wake":[0.8042486455660108],"macro":[0.4813295517019691]},"loss":[2.2850438710805534],"precisions":{"N1":[0.12005928853754941],"N2":[0.6726771319473908],"N3":[0.40562546262028126],"REM":[0.624405705229794],"Wake":[0.7102744900528835],"macro":[0.5066084156775797]},"recalls":{"N1":[0.1380681818181818],"N2":[0.4880714175773434],"N3":[0.7075532601678503],"REM":[0.2863372093023256],"Wake":[0.9268813670719684],"macro":[0.509382287187534]}}}},"test":{"confusion_matrices":{"abs":["[[8481, 688, 297, 56, 160], [1205, 481, 898, 42, 373], [1344, 1653, 7669, 1211, 889], [28, 90, 161, 1884, 11], [2133, 375, 755, 22, 1352]]"]},"markov_matrices":{"abs":{"actual":["[[9241, 410, 25, 0, 5], [217, 2136, 559, 2, 85], [152, 323, 11813, 339, 139], [16, 13, 311, 1833, 1], [55, 117, 58, 0, 4407]]"],"predicted":["[[11942, 458, 301, 55, 434], [336, 2209, 368, 99, 275], [317, 432, 8675, 118, 238], [85, 46, 112, 2929, 43], [510, 142, 324, 14, 1795]]"]}},"metrics":{"downstream":{"cohen_kappa":[0.4728538961471176],"f1_scores":{"N1":[0.15303849825007954],"N2":[0.6802980573050652],"N3":[0.6992020783076638],"REM":[0.36432228509835624],"Wake":[0.7415730337078652],"macro":[0.527686790533806]},"loss":[2.0532517433166504],"precisions":{"N1":[0.14633404320048676],"N2":[0.7841513292433537],"N3":[0.5860031104199067],"REM":[0.4854578096947935],"Wake":[0.6429383670684558],"macro":[0.5289769319253994]},"recalls":{"N1":[0.16038679559853283],"N2":[0.6007363308788971],"N3":[0.8666053357865685],"REM":[0.29156782402415354],"Wake":[0.8759553811196034],"macro":[0.5590503334815511]}}}},"train":{},"valid_pretraining":{}}