{"earlystopping":{"confusion_matrices":{"abs":["[[1129, 36, 89, 9, 109], [70, 64, 164, 12, 102], [142, 22, 3144, 235, 402], [1, 0, 294, 604, 6], [74, 11, 68, 4, 1152]]"]},"markov_matrices":{"abs":{"actual":["[[1122, 217, 18, 0, 15], [56, 131, 215, 0, 10], [138, 60, 3629, 84, 34], [13, 1, 70, 821, 0], [42, 3, 13, 0, 1250]]"],"predicted":["[[1139, 74, 81, 13, 109], [23, 39, 63, 0, 8], [132, 12, 3299, 155, 161], [21, 0, 145, 690, 8], [101, 8, 171, 6, 1484]]"]}},"metrics":{"downstream":{"cohen_kappa":[0.6595669470921645],"f1_scores":{"N1":[0.23486238532110093],"N2":[0.8161993769470405],"N3":[0.6828716789146411],"REM":[0.748051948051948],"Wake":[0.8098995695839312],"macro":[0.6583769917637323]},"loss":[1.9451632499694824],"precisions":{"N1":[0.48120300751879697],"N2":[0.8363926576217079],"N3":[0.6990740740740741],"REM":[0.6504799548277809],"Wake":[0.797316384180791],"macro":[0.6928932156446301]},"recalls":{"N1":[0.1553398058252427],"N2":[0.7969581749049429],"N3":[0.6674033149171271],"REM":[0.880061115355233],"Wake":[0.8228862973760933],"macro":[0.6645297416757278]}}}},"test":{"confusion_matrices":{"abs":["[[2245, 38, 142, 30, 301], [209, 112, 177, 32, 251], [369, 104, 5289, 617, 726], [1, 0, 394, 1117, 2], [136, 12, 346, 13, 1711]]"]},"markov_matrices":{"abs":{"actual":["[[2267, 413, 59, 2, 15], [177, 247, 342, 0, 14], [239, 108, 6570, 128, 60], [22, 0, 108, 1384, 0], [50, 13, 26, 0, 2129]]"],"predicted":["[[2443, 119, 132, 41, 225], [45, 97, 104, 0, 20], [196, 34, 5612, 183, 323], [40, 1, 179, 1542, 47], [236, 15, 321, 42, 2376]]"]}},"metrics":{"downstream":{"cohen_kappa":[0.6100839998529328],"f1_scores":{"N1":[0.2139446036294174],"N2":[0.7862930201442058],"N3":[0.6722840806500151],"REM":[0.6569399116913035],"Wake":[0.7855143456962912],"macro":[0.6229951923622465]},"loss":[2.7478966548525054],"precisions":{"N1":[0.42105263157894735],"N2":[0.8331758034026465],"N3":[0.6174682144831398],"REM":[0.5720494817786693],"Wake":[0.7584459459459459],"macro":[0.6404384154378697]},"recalls":{"N1":[0.14340588988476313],"N2":[0.7444053483462351],"N3":[0.73778071334214],"REM":[0.7714156898106402],"Wake":[0.8145863570391872],"macro":[0.6423187996845932]}}}},"train":{},"valid_pretraining":{}}