{"earlystopping":{"confusion_matrices":{"abs":["[[6156, 1277, 87, 3, 137], [182, 853, 716, 9, 167], [118, 443, 6180, 242, 123], [26, 7, 593, 500, 2], [183, 99, 329, 57, 2173]]"]},"markov_matrices":{"abs":{"actual":["[[7290, 345, 19, 0, 5], [197, 1257, 361, 3, 109], [94, 200, 6433, 271, 108], [13, 13, 248, 854, 0], [65, 112, 45, 0, 2619]]"],"predicted":["[[6109, 403, 83, 11, 58], [276, 1965, 374, 7, 57], [151, 223, 7304, 110, 117], [30, 12, 84, 682, 3], [98, 76, 60, 1, 2367]]"]}},"metrics":{"downstream":{"cohen_kappa":[0.6761250488130517],"f1_scores":{"N1":[0.37038645245332175],"N2":[0.8233961761374992],"N3":[0.5157297576070139],"REM":[0.7984567334190704],"Wake":[0.8594764397905759],"macro":[0.6734891118814963]},"loss":[1.2264861130132907],"precisions":{"N1":[0.3184023889511012],"N2":[0.7817836812144212],"N3":[0.6165228113440198],"REM":[0.8351268255188317],"Wake":[0.9236309077269317],"macro":[0.6950933229510612]},"recalls":{"N1":[0.442656979761287],"N2":[0.8696875879538418],"N3":[0.4432624113475177],"REM":[0.7648715241112285],"Wake":[0.8036553524804178],"macro":[0.6648267711308585]}}}},"test":{"confusion_matrices":{"abs":["[[8104, 1771, 273, 5, 628], [465, 1993, 927, 1, 319], [343, 1105, 10871, 197, 404], [55, 32, 1177, 763, 9], [306, 708, 681, 5, 3140]]"]},"markov_matrices":{"abs":{"actual":["[[10118, 616, 19, 0, 27], [361, 2625, 600, 0, 119], [180, 332, 11792, 467, 149], [22, 6, 436, 1569, 3], [99, 126, 73, 0, 4542]]"],"predicted":["[[8115, 761, 238, 18, 140], [563, 4153, 689, 7, 197], [380, 454, 12756, 141, 198], [28, 18, 117, 805, 3], [186, 223, 129, 0, 3962]]"]}},"metrics":{"downstream":{"cohen_kappa":[0.6207867857340197],"f1_scores":{"N1":[0.42795791281941165],"N2":[0.809788074043726],"N3":[0.5074825407382774],"REM":[0.6723768736616702],"Wake":[0.8082178119078488],"macro":[0.6451646426341868]},"loss":[1.3356888045125932],"precisions":{"N1":[0.3553218042431806],"N2":[0.7804580371885993],"N3":[0.7857878475798146],"REM":[0.6977777777777778],"Wake":[0.8739350803407743],"macro":[0.6986561094260292]},"recalls":{"N1":[0.5379217273954116],"N2":[0.8414086687306501],"N3":[0.37475442043222],"REM":[0.6487603305785123],"Wake":[0.7516927928763566],"macro":[0.63090758800263]}}}},"train":{},"valid_pretraining":{}}