{
    "earlystopping": {
        "confusion_matrices": {
            "abs": [
                "[[843, 86, 377, 5, 147], [106, 42, 246, 1, 13], [252, 67, 3119, 187, 77], [18, 0, 350, 681, 1], [207, 64, 566, 5, 223]]"
            ]
        },
        "markov_matrices": {
            "abs": {
                "actual": [
                    "[[1259, 184, 13, 0, 1], [48, 150, 197, 0, 13], [112, 70, 3412, 84, 24], [12, 1, 71, 966, 0], [26, 3, 9, 0, 1027]]"
                ],
                "predicted": [
                    "[[1066, 117, 196, 9, 38], [48, 79, 112, 2, 18], [259, 46, 4184, 83, 85], [6, 4, 85, 779, 5], [47, 13, 81, 6, 314]]"
                ]
            }
        },
        "metrics": {
            "downstream": {
                "cohen_kappa": [
                    0.4416699021559751
                ],
                "f1_scores": {
                    "N1": [
                        0.1259370314842579
                    ],
                    "N2": [
                        0.7461722488038277
                    ],
                    "N3": [
                        0.7060653188180404
                    ],
                    "REM": [
                        0.29226736566186107
                    ],
                    "Wake": [
                        0.5846047156726769
                    ],
                    "macro": [
                        0.49100933608813274
                    ]
                },
                "loss": [
                    2.607008457183838
                ],
                "precisions": {
                    "N1": [
                        0.16216216216216217
                    ],
                    "N2": [
                        0.6696006869901245
                    ],
                    "N3": [
                        0.7747440273037542
                    ],
                    "REM": [
                        0.4837310195227766
                    ],
                    "Wake": [
                        0.591164095371669
                    ],
                    "macro": [
                        0.5362803982700973
                    ]
                },
                "recalls": {
                    "N1": [
                        0.10294117647058823
                    ],
                    "N2": [
                        0.8425175580767152
                    ],
                    "N3": [
                        0.6485714285714286
                    ],
                    "REM": [
                        0.20938967136150236
                    ],
                    "Wake": [
                        0.5781893004115226
                    ],
                    "macro": [
                        0.4763218269783514
                    ]
                }
            }
        }
    },
    "test": {
        "confusion_matrices": {
            "abs": [
                "[[992, 138, 640, 12, 227], [105, 58, 373, 2, 46], [416, 153, 5402, 273, 398], [10, 4, 668, 1169, 9], [262, 108, 1487, 11, 302]]"
            ]
        },
        "markov_matrices": {
            "abs": {
                "actual": [
                    "[[1680, 283, 29, 0, 17], [67, 196, 302, 0, 18], [192, 88, 6163, 147, 52], [23, 1, 123, 1713, 0], [46, 16, 25, 0, 2083]]"
                ],
                "predicted": [
                    "[[1213, 200, 309, 6, 56], [81, 146, 206, 2, 26], [407, 90, 7700, 171, 202], [8, 3, 167, 1278, 11], [76, 22, 187, 10, 687]]"
                ]
            }
        },
        "metrics": {
            "downstream": {
                "cohen_kappa": [
                    0.3576919594853808
                ],
                "f1_scores": {
                    "N1": [
                        0.11100478468899523
                    ],
                    "N2": [
                        0.7102287667630819
                    ],
                    "N3": [
                        0.7027351968740608
                    ],
                    "REM": [
                        0.19162436548223352
                    ],
                    "Wake": [
                        0.5229309435951502
                    ],
                    "macro": [
                        0.4477048114807043
                    ]
                },
                "loss": [
                    2.7251360966609073
                ],
                "precisions": {
                    "N1": [
                        0.12581344902386118
                    ],
                    "N2": [
                        0.6303383897316219
                    ],
                    "N3": [
                        0.7968643490115883
                    ],
                    "REM": [
                        0.3075356415478615
                    ],
                    "Wake": [
                        0.5557422969187675
                    ],
                    "macro": [
                        0.48325882524674013
                    ]
                },
                "recalls": {
                    "N1": [
                        0.09931506849315068
                    ],
                    "N2": [
                        0.8133092442035531
                    ],
                    "N3": [
                        0.628494623655914
                    ],
                    "REM": [
                        0.1391705069124424
                    ],
                    "Wake": [
                        0.49377799900447983
                    ],
                    "macro": [
                        0.43481348845390794
                    ]
                }
            }
        }
    },
    "train": {},
    "valid_pretraining": {}
}
