{"earlystopping":{},"train":{"metrics":{"freq":{"acc_freq":[0.01184,0.04571,0.04874,0.0496,0.04985,0.05139,0.05518,0.04463,0.06973,0.07901,0.08609,0.09778,0.11046,0.12528,0.1375,0.14931,0.15724,0.16473,0.16962,0.1748],"hamming_freq":[0.512582,0.5356735,0.6121365,0.664876,0.690817,0.721615,0.745554,0.759298,0.77861,0.798144,0.8186869999999999,0.8367245,0.8501259999999999,0.8639835,0.8744905000000001,0.882984,0.887834,0.890819,0.893104,0.8945925],"loss":[0.934940859375,0.691702109375,0.657437265625,0.6242187109375,0.60232109375,0.572826640625,0.539037734375,0.49974828125,0.4599801953125,0.4221162890625,0.3821492578125,0.3437774609375,0.31524546875,0.28868876953125,0.265775546875,0.24726796875,0.2363580859375,0.22921041015625,0.22409568359375,0.21998744140625]}}},"valid_pretraining":{"metrics":{"freq":{"acc_freq":[0.0,0.056,0.002,0.018,0.056,0.057,0.058,0.068,0.03,0.098,0.104,0.114,0.132,0.161,0.182,0.19,0.202,0.209,0.208,0.215,0.215],"hamming_freq":[0.5009,0.5206,0.46355,0.5446500000000001,0.66735,0.71835,0.7396,0.76885,0.7796,0.80815,0.82745,0.8497,0.86525,0.8795,0.8904,0.8996999999999999,0.9043,0.90565,0.9073,0.9095,0.9102],"loss":[1.63629345703125,0.69267041015625,0.9383440551757812,0.756385009765625,0.6196078491210938,0.5793491821289063,0.5434679565429688,0.5032462768554687,0.46298358154296876,0.42431231689453125,0.38769671630859376,0.33881689453125,0.29455755615234375,0.26231402587890623,0.2335264892578125,0.21333135986328125,0.20092127990722655,0.19365292358398437,0.19147628784179688,0.187884765625,0.18541561889648436]}}}}