{"earlystopping":{"confusion_matrices":{"abs":["[[1134, 181, 21, 50, 32], [140, 293, 155, 141, 66], [54, 235, 1254, 1006, 67], [1, 0, 24, 1293, 0], [17, 73, 32, 52, 1067]]"]},"markov_matrices":{"abs":{"actual":["[[1126, 224, 50, 1, 17], [105, 349, 308, 1, 32], [110, 186, 2216, 66, 37], [28, 7, 32, 1250, 1], [48, 29, 10, 0, 1154]]"],"predicted":["[[1098, 148, 46, 41, 13], [84, 354, 249, 33, 62], [59, 183, 1074, 135, 34], [69, 37, 92, 2327, 17], [35, 60, 25, 6, 1106]]"]}},"metrics":{"downstream":{"cohen_kappa":[0.5994131255991891],"f1_scores":{"N1":[0.37159162967660114],"N2":[0.6114090687469527],"N3":[0.6699481865284974],"REM":[0.8629195309340881],"Wake":[0.8205499276410999],"macro":[0.6672836687054479]},"loss":[1.9213081359863282],"precisions":{"N1":[0.37468030690537085],"N2":[0.8438761776581427],"N3":[0.508654602675059],"REM":[0.8660714285714286],"Wake":[0.8424962852897474],"macro":[0.6871557602199498]},"recalls":{"N1":[0.36855345911949683],"N2":[0.4793577981651376],"N3":[0.9810318664643399],"REM":[0.8597904915390814],"Wake":[0.7997179125528914],"macro":[0.6976903055681893]}}}},"test":{"confusion_matrices":{"abs":["[[3847, 423, 61, 146, 207], [398, 783, 437, 339, 356], [92, 384, 2821, 2148, 167], [10, 4, 160, 3818, 0], [62, 140, 116, 232, 2389]]"]},"markov_matrices":{"abs":{"actual":["[[4011, 610, 44, 4, 15], [319, 1176, 689, 6, 122], [195, 395, 4680, 248, 94], [57, 20, 176, 3734, 5], [101, 112, 23, 0, 2703]]"],"predicted":["[[3762, 387, 65, 81, 114], [228, 805, 492, 58, 151], [121, 336, 2742, 285, 110], [127, 68, 221, 6210, 57], [170, 138, 75, 49, 2687]]"]}},"metrics":{"downstream":{"cohen_kappa":[0.6183217151829956],"f1_scores":{"N1":[0.38695329873980727],"N2":[0.6127946127946128],"N3":[0.7153161592505854],"REM":[0.7887091449323209],"Wake":[0.846145386561091],"macro":[0.6699837204556836]},"loss":[1.7651787782326722],"precisions":{"N1":[0.4515570934256055],"N2":[0.7847009735744089],"N3":[0.5713003142301362],"REM":[0.7659506252003847],"Wake":[0.8725334542980268],"macro":[0.6892084921457124]},"recalls":{"N1":[0.33852140077821014],"N2":[0.5026728439059159],"N3":[0.9564128256513026],"REM":[0.812861517522967],"Wake":[0.8213065755764304],"macro":[0.6863550326869652]}}}},"train":{},"valid_pretraining":{}}