{
    "earlystopping": {
        "confusion_matrices": {
            "abs": [
                "[[1088, 64, 126, 3, 91], [43, 74, 202, 1, 92], [128, 17, 3409, 267, 124], [1, 0, 202, 702, 0], [43, 8, 214, 0, 1044]]"
            ]
        },
        "markov_matrices": {
            "abs": {
                "actual": [
                    "[[1122, 217, 18, 0, 15], [56, 131, 215, 0, 10], [138, 60, 3629, 84, 34], [13, 1, 70, 821, 0], [42, 3, 13, 0, 1250]]"
                ],
                "predicted": [
                    "[[1044, 89, 112, 6, 52], [20, 47, 81, 1, 14], [148, 18, 3788, 107, 92], [20, 2, 92, 858, 1], [70, 7, 80, 1, 1192]]"
                ]
            }
        },
        "metrics": {
            "downstream": {
                "cohen_kappa": [
                    0.6939771349325965
                ],
                "f1_scores": {
                    "N1": [
                        0.2573913043478261
                    ],
                    "N2": [
                        0.8419362805631021
                    ],
                    "N3": [
                        0.7476038338658146
                    ],
                    "REM": [
                        0.7849624060150376
                    ],
                    "Wake": [
                        0.8134579439252337
                    ],
                    "macro": [
                        0.6890703537434029
                    ]
                },
                "loss": [
                    1.6925681829452515
                ],
                "precisions": {
                    "N1": [
                        0.4539877300613497
                    ],
                    "N2": [
                        0.8208523958584156
                    ],
                    "N3": [
                        0.7214799588900308
                    ],
                    "REM": [
                        0.7727609178386381
                    ],
                    "Wake": [
                        0.8349961627014582
                    ],
                    "macro": [
                        0.7208154330699784
                    ]
                },
                "recalls": {
                    "N1": [
                        0.1796116504854369
                    ],
                    "N2": [
                        0.8641318124207858
                    ],
                    "N3": [
                        0.7756906077348066
                    ],
                    "REM": [
                        0.7975553857906799
                    ],
                    "Wake": [
                        0.793002915451895
                    ],
                    "macro": [
                        0.6819984743767209
                    ]
                }
            }
        }
    },
    "test": {
        "confusion_matrices": {
            "abs": [
                "[[2197, 91, 286, 45, 137], [127, 142, 267, 48, 197], [191, 83, 5605, 850, 376], [1, 0, 172, 1341, 0], [114, 8, 399, 0, 1697]]"
            ]
        },
        "markov_matrices": {
            "abs": {
                "actual": [
                    "[[2267, 413, 59, 2, 15], [177, 247, 342, 0, 14], [239, 108, 6570, 128, 60], [22, 0, 108, 1384, 0], [50, 13, 26, 0, 2129]]"
                ],
                "predicted": [
                    "[[2137, 183, 207, 15, 88], [56, 92, 151, 9, 16], [299, 42, 6048, 176, 164], [32, 2, 163, 2051, 36], [106, 4, 160, 33, 2103]]"
                ]
            }
        },
        "metrics": {
            "downstream": {
                "cohen_kappa": [
                    0.6578587011809924
                ],
                "f1_scores": {
                    "N1": [
                        0.25701357466063346
                    ],
                    "N2": [
                        0.8103223941014891
                    ],
                    "N3": [
                        0.7061611374407584
                    ],
                    "REM": [
                        0.7338378378378378
                    ],
                    "Wake": [
                        0.8158187894541403
                    ],
                    "macro": [
                        0.6646307466989718
                    ]
                },
                "loss": [
                    2.203130261651401
                ],
                "precisions": {
                    "N1": [
                        0.4382716049382716
                    ],
                    "N2": [
                        0.8329618071035815
                    ],
                    "N3": [
                        0.5871278458844134
                    ],
                    "REM": [
                        0.7050270045700041
                    ],
                    "Wake": [
                        0.835361216730038
                    ],
                    "macro": [
                        0.6797498958452618
                    ]
                },
                "recalls": {
                    "N1": [
                        0.18181818181818182
                    ],
                    "N2": [
                        0.788881069669247
                    ],
                    "N3": [
                        0.8857331571994715
                    ],
                    "REM": [
                        0.7651036970243462
                    ],
                    "Wake": [
                        0.7971698113207547
                    ],
                    "macro": [
                        0.6837411834064002
                    ]
                }
            }
        }
    },
    "train": {},
    "valid_pretraining": {}
}
