{"earlystopping":{"confusion_matrices":{"abs":["[[4544, 165, 543, 0, 140], [700, 135, 825, 0, 67], [1306, 297, 5144, 0, 95], [53, 1, 1504, 0, 0], [1314, 315, 728, 0, 325]]"]},"markov_matrices":{"abs":{"actual":["[[5051, 318, 17, 0, 5], [183, 1134, 318, 2, 90], [88, 164, 6222, 274, 94], [12, 10, 254, 1282, 0], [57, 101, 31, 0, 2493]]"],"predicted":["[[6596, 325, 863, 0, 132], [217, 417, 205, 0, 74], [943, 132, 7577, 0, 92], [0, 0, 0, 0, 0], [160, 39, 99, 0, 329]]"]}},"metrics":{"downstream":{"cohen_kappa":[0.35001941259137503],"f1_scores":{"N1":[0.10227272727272728],"N2":[0.6600795585782112],"N3":[0.0],"REM":[0.19643396796615292],"Wake":[0.6828461943046059],"macro":[0.32832648962433947]},"loss":[2.848393758138021],"precisions":{"N1":[0.14786418400876233],"N2":[0.5882891125343093],"N3":[0.0],"REM":[0.518341307814992],"Wake":[0.5739547808513326],"macro":[0.3656898770418793]},"recalls":{"N1":[0.0781702374059062],"N2":[0.7518269511838643],"N3":[0.0],"REM":[0.12117822520507084],"Wake":[0.8427299703264095],"macro":[0.3587810768242502]}}}},"test":{"confusion_matrices":{"abs":["[[7009, 248, 1407, 0, 301], [2130, 182, 1585, 0, 122], [2878, 391, 7710, 0, 107], [95, 3, 2077, 0, 1], [2610, 313, 1117, 0, 350]]"]},"markov_matrices":{"abs":{"actual":["[[8369, 557, 27, 1, 10], [330, 3076, 529, 0, 84], [166, 277, 10122, 394, 127], [26, 9, 359, 1780, 2], [73, 100, 49, 1, 4167]]"],"predicted":["[[12222, 450, 1763, 0, 286], [341, 467, 270, 0, 59], [1842, 183, 11741, 0, 130], [0, 0, 0, 0, 0], [316, 37, 122, 0, 406]]"]}},"metrics":{"downstream":{"cohen_kappa":[0.2682198352261943],"f1_scores":{"N1":[0.07059736229635376],"N2":[0.6172444159795052],"N3":[0.0],"REM":[0.13280212483399734],"Wake":[0.591801410056149],"macro":[0.282489062633201]},"loss":[3.018401590983073],"precisions":{"N1":[0.1600703605980651],"N2":[0.5548359240069085],"N3":[0.0],"REM":[0.39727582292849034],"Wake":[0.47609020513517186],"macro":[0.31765446253372714]},"recalls":{"N1":[0.04528489674048271],"N2":[0.695471766191593],"N3":[0.0],"REM":[0.07972665148063782],"Wake":[0.7818181818181819],"macro":[0.3204602992461791]}}}},"train":{},"valid_pretraining":{}}