{
    "earlystopping": {
        "confusion_matrices": {
            "abs": [
                "[[628, 101, 229, 1, 149], [86, 70, 198, 1, 73], [242, 27, 3502, 152, 174], [23, 0, 280, 597, 8], [129, 41, 223, 0, 860]]"
            ]
        },
        "markov_matrices": {
            "abs": {
                "actual": [
                    "[[862, 210, 21, 0, 14], [64, 148, 206, 0, 10], [130, 65, 3781, 89, 32], [11, 1, 77, 819, 0], [40, 4, 12, 0, 1197]]"
                ],
                "predicted": [
                    "[[889, 104, 66, 1, 47], [33, 99, 82, 0, 25], [129, 18, 4135, 59, 91], [3, 0, 57, 691, 0], [53, 18, 92, 0, 1101]]"
                ]
            }
        },
        "metrics": {
            "downstream": {
                "cohen_kappa": [
                    0.5728507432998787
                ],
                "f1_scores": {
                    "N1": [
                        0.2098950524737631
                    ],
                    "N2": [
                        0.8211982647438152
                    ],
                    "N3": [
                        0.7197106690777577
                    ],
                    "REM": [
                        0.6833531982518871
                    ],
                    "Wake": [
                        0.5667870036101083
                    ],
                    "macro": [
                        0.6001888376314664
                    ]
                },
                "loss": [
                    0.9930378794670105
                ],
                "precisions": {
                    "N1": [
                        0.2928870292887029
                    ],
                    "N2": [
                        0.7901624548736462
                    ],
                    "N3": [
                        0.7949400798934754
                    ],
                    "REM": [
                        0.680379746835443
                    ],
                    "Wake": [
                        0.5667870036101083
                    ],
                    "macro": [
                        0.6250312629002752
                    ]
                },
                "recalls": {
                    "N1": [
                        0.16355140186915887
                    ],
                    "N2": [
                        0.8547717842323651
                    ],
                    "N3": [
                        0.6574889867841409
                    ],
                    "REM": [
                        0.6863527533918595
                    ],
                    "Wake": [
                        0.5667870036101083
                    ],
                    "macro": [
                        0.5857903859775264
                    ]
                }
            }
        }
    },
    "test": {
        "confusion_matrices": {
            "abs": [
                "[[1396, 139, 312, 20, 504], [181, 118, 257, 4, 194], [227, 104, 5482, 120, 551], [1, 0, 446, 978, 16], [176, 61, 497, 1, 1389]]"
            ]
        },
        "markov_matrices": {
            "abs": {
                "actual": [
                    "[[1925, 362, 71, 0, 13], [125, 270, 344, 1, 14], [256, 108, 5893, 174, 52], [18, 2, 155, 1266, 0], [46, 12, 21, 0, 2045]]"
                ],
                "predicted": [
                    "[[1543, 187, 104, 1, 146], [53, 170, 158, 0, 41], [185, 36, 6480, 88, 204], [8, 0, 81, 1034, 0], [191, 29, 171, 0, 2263]]"
                ]
            }
        },
        "metrics": {
            "downstream": {
                "cohen_kappa": [
                    0.5669448997246743
                ],
                "f1_scores": {
                    "N1": [
                        0.20068027210884354
                    ],
                    "N2": [
                        0.8134738091705
                    ],
                    "N3": [
                        0.7628705148205928
                    ],
                    "REM": [
                        0.5814148179154458
                    ],
                    "Wake": [
                        0.6415441176470589
                    ],
                    "macro": [
                        0.5999967063324882
                    ]
                },
                "loss": [
                    0.986756471487192
                ],
                "precisions": {
                    "N1": [
                        0.2796208530805687
                    ],
                    "N2": [
                        0.7838146983128396
                    ],
                    "N3": [
                        0.8708815672306323
                    ],
                    "REM": [
                        0.5233609645817634
                    ],
                    "Wake": [
                        0.7046945986875316
                    ],
                    "macro": [
                        0.632474536378667
                    ]
                },
                "recalls": {
                    "N1": [
                        0.15649867374005305
                    ],
                    "N2": [
                        0.8454657618753856
                    ],
                    "N3": [
                        0.6786953504510757
                    ],
                    "REM": [
                        0.653954802259887
                    ],
                    "Wake": [
                        0.5887811050189793
                    ],
                    "macro": [
                        0.5846791386690762
                    ]
                }
            }
        }
    },
    "train": {},
    "valid_pretraining": {}
}
