{"earlystopping":{"confusion_matrices":{"abs":["[[1344, 57, 49, 0, 8], [49, 198, 123, 0, 38], [32, 61, 3236, 255, 118], [0, 0, 134, 916, 0], [5, 9, 44, 0, 1007]]"]},"markov_matrices":{"abs":{"actual":["[[1259, 184, 13, 0, 1], [48, 150, 197, 0, 13], [112, 70, 3412, 84, 24], [12, 1, 71, 966, 0], [26, 3, 9, 0, 1027]]"],"predicted":["[[1258, 148, 18, 0, 5], [43, 154, 116, 0, 12], [96, 21, 3389, 46, 34], [10, 0, 35, 1125, 1], [22, 2, 28, 0, 1119]]"]}},"metrics":{"downstream":{"cohen_kappa":[0.8162468114108821],"f1_scores":{"N1":[0.5402455661664393],"N2":[0.8880351262349065],"N3":[0.8248536695182351],"REM":[0.9007155635062613],"Wake":[0.9307479224376731],"macro":[0.816919569572703]},"loss":[0.3805796205997467],"precisions":{"N1":[0.6092307692307692],"N2":[0.9023982152816509],"N3":[0.7822374039282665],"REM":[0.8599487617421008],"Wake":[0.9398601398601398],"macro":[0.8187350580085854]},"recalls":{"N1":[0.4852941176470588],"N2":[0.8741220961642355],"N3":[0.8723809523809524],"REM":[0.9455399061032864],"Wake":[0.9218106995884774],"macro":[0.8198295543768023]}}}},"test":{"confusion_matrices":{"abs":["[[1748, 67, 124, 5, 65], [52, 326, 159, 1, 46], [37, 90, 5945, 351, 219], [0, 0, 143, 1717, 0], [22, 24, 100, 0, 2024]]"]},"markov_matrices":{"abs":{"actual":["[[1680, 283, 29, 0, 17], [67, 196, 302, 0, 18], [192, 88, 6163, 147, 52], [23, 1, 123, 1713, 0], [46, 16, 25, 0, 2083]]"],"predicted":["[[1579, 229, 33, 0, 18], [49, 207, 231, 1, 19], [164, 52, 6067, 103, 84], [16, 7, 81, 1970, 0], [50, 12, 59, 0, 2233]]"]}},"metrics":{"downstream":{"cohen_kappa":[0.8336115028233452],"f1_scores":{"N1":[0.5976168652612283],"N2":[0.9067337756424921],"N3":[0.8729028978139298],"REM":[0.8947833775419982],"Wake":[0.9038262668045502],"macro":[0.8351726366128396]},"loss":[0.3175468444824219],"precisions":{"N1":[0.6429980276134122],"N2":[0.9187142636377685],"N3":[0.8278688524590164],"REM":[0.8598130841121495],"Wake":[0.9402904787520172],"macro":[0.8379369413148728]},"recalls":{"N1":[0.5582191780821918],"N2":[0.8950617283950617],"N3":[0.9231182795698925],"REM":[0.9327188940092166],"Wake":[0.8700846192135391],"macro":[0.8358405398539803]}}}},"train":{},"valid_pretraining":{}}