{
    "earlystopping": {
        "confusion_matrices": {
            "abs": [
                "[[708, 71, 354, 14, 339], [46, 47, 279, 3, 86], [229, 122, 2910, 294, 273], [0, 1, 311, 704, 10], [121, 50, 370, 23, 643]]"
            ]
        },
        "markov_matrices": {
            "abs": {
                "actual": [
                    "[[1212, 234, 24, 0, 15], [70, 143, 236, 0, 12], [144, 80, 3479, 94, 31], [13, 1, 80, 932, 0], [46, 3, 9, 0, 1149]]"
                ],
                "predicted": [
                    "[[765, 104, 133, 0, 102], [50, 80, 130, 1, 30], [171, 79, 3673, 102, 198], [6, 1, 96, 920, 15], [111, 27, 192, 15, 1006]]"
                ]
            }
        },
        "metrics": {
            "downstream": {
                "cohen_kappa": [
                    0.4483115118078327
                ],
                "f1_scores": {
                    "N1": [
                        0.125
                    ],
                    "N2": [
                        0.7228017883755589
                    ],
                    "N3": [
                        0.6821705426356589
                    ],
                    "REM": [
                        0.5027365129007036
                    ],
                    "Wake": [
                        0.5467181467181467
                    ],
                    "macro": [
                        0.5158853981260136
                    ]
                },
                "loss": [
                    2.0908331871032715
                ],
                "precisions": {
                    "N1": [
                        0.16151202749140894
                    ],
                    "N2": [
                        0.6889204545454546
                    ],
                    "N3": [
                        0.6782273603082851
                    ],
                    "REM": [
                        0.4759437453737972
                    ],
                    "Wake": [
                        0.6413043478260869
                    ],
                    "macro": [
                        0.5291815871090065
                    ]
                },
                "recalls": {
                    "N1": [
                        0.1019522776572668
                    ],
                    "N2": [
                        0.7601880877742947
                    ],
                    "N3": [
                        0.6861598440545809
                    ],
                    "REM": [
                        0.5327257663628832
                    ],
                    "Wake": [
                        0.47644683714670255
                    ],
                    "macro": [
                        0.5114945625991456
                    ]
                }
            }
        }
    },
    "test": {
        "confusion_matrices": {
            "abs": [
                "[[765, 106, 606, 185, 551], [226, 37, 251, 26, 294], [963, 197, 4061, 485, 892], [32, 3, 459, 998, 23], [209, 67, 660, 84, 1629]]"
            ]
        },
        "markov_matrices": {
            "abs": {
                "actual": [
                    "[[1846, 336, 22, 0, 8], [106, 332, 383, 0, 13], [188, 148, 6049, 144, 69], [24, 1, 119, 1371, 0], [48, 17, 25, 0, 2559]]"
                ],
                "predicted": [
                    "[[1597, 130, 284, 15, 169], [82, 115, 135, 3, 75], [272, 74, 5064, 204, 423], [25, 6, 186, 1489, 72], [219, 85, 367, 67, 2650]]"
                ]
            }
        },
        "metrics": {
            "downstream": {
                "cohen_kappa": [
                    0.34874364138532377
                ],
                "f1_scores": {
                    "N1": [
                        0.0594855305466238
                    ],
                    "N2": [
                        0.642817570241393
                    ],
                    "N3": [
                        0.6061342241117522
                    ],
                    "REM": [
                        0.5395826432593575
                    ],
                    "Wake": [
                        0.3470961887477314
                    ],
                    "macro": [
                        0.43902323138137156
                    ]
                },
                "loss": [
                    3.1194548430266202
                ],
                "precisions": {
                    "N1": [
                        0.09024390243902439
                    ],
                    "N2": [
                        0.6726851084975981
                    ],
                    "N3": [
                        0.5613048368953881
                    ],
                    "REM": [
                        0.4806727648273827
                    ],
                    "Wake": [
                        0.34851936218678814
                    ],
                    "macro": [
                        0.4306851949692363
                    ]
                },
                "recalls": {
                    "N1": [
                        0.04436450839328537
                    ],
                    "N2": [
                        0.6154895422855411
                    ],
                    "N3": [
                        0.6587458745874587
                    ],
                    "REM": [
                        0.6149490373725934
                    ],
                    "Wake": [
                        0.3456845910528694
                    ],
                    "macro": [
                        0.4558467107383496
                    ]
                }
            }
        }
    },
    "train": {},
    "valid_pretraining": {}
}
