{"earlystopping":{"confusion_matrices":{"abs":["[[3771, 37, 121, 17, 1446], [118, 554, 256, 35, 764], [83, 3147, 2440, 588, 584], [1, 46, 812, 666, 33], [91, 369, 246, 43, 1933]]"]},"markov_matrices":{"abs":{"actual":["[[5051, 318, 17, 0, 5], [183, 1134, 318, 2, 90], [88, 164, 6222, 274, 94], [12, 10, 254, 1282, 0], [57, 101, 31, 0, 2493]]"],"predicted":["[[3705, 55, 85, 15, 203], [47, 3352, 369, 107, 278], [90, 341, 2733, 457, 254], [8, 47, 489, 697, 108], [213, 358, 199, 73, 3917]]"]}},"metrics":{"downstream":{"cohen_kappa":[0.3832979161441765],"f1_scores":{"N1":[0.18843537414965986],"N2":[0.455351311001213],"N3":[0.4582043343653251],"REM":[0.5194840096748186],"Wake":[0.7975888324873096],"macro":[0.4838127723356652]},"loss":[3.120872073703342],"precisions":{"N1":[0.13339754394413678],"N2":[0.6296774193548387],"N3":[0.4936990363232024],"REM":[0.4060924369747899],"Wake":[0.9279035433070866],"macro":[0.5181539959808108]},"recalls":{"N1":[0.32078749276201507],"N2":[0.3566208710903245],"N3":[0.4274711168164313],"REM":[0.720730797912006],"Wake":[0.6993694362017804],"macro":[0.5049959429565114]}}}},"test":{"confusion_matrices":{"abs":["[[5203, 159, 379, 62, 3162], [644, 1047, 837, 188, 1303], [99, 3209, 6268, 762, 748], [0, 7, 1460, 698, 11], [362, 430, 940, 97, 2561]]"]},"markov_matrices":{"abs":{"actual":["[[8369, 557, 27, 1, 10], [330, 3076, 529, 0, 84], [166, 277, 10122, 394, 127], [26, 9, 359, 1780, 2], [73, 100, 49, 1, 4167]]"],"predicted":["[[5557, 138, 196, 17, 399], [93, 3718, 620, 108, 313], [220, 558, 7919, 682, 505], [11, 43, 707, 872, 174], [426, 395, 442, 128, 6394]]"]}},"metrics":{"downstream":{"cohen_kappa":[0.36317759142364525],"f1_scores":{"N1":[0.23605005072708826],"N2":[0.5978063900810682],"N3":[0.3504895807180517],"REM":[0.4206981519507187],"Wake":[0.6813330714332482],"macro":[0.45727544898203504]},"loss":[3.3296918233235675],"precisions":{"N1":[0.21578730420445177],"N2":[0.6341562120598948],"N3":[0.38627559490868846],"REM":[0.32896596017983304],"Wake":[0.8248256182625238],"macro":[0.47800213792307844]},"recalls":{"N1":[0.2605125653147549],"N2":[0.5653977990257983],"N3":[0.32077205882352944],"REM":[0.583371298405467],"Wake":[0.5803680981595092],"macro":[0.46208436394581176]}}}},"train":{},"valid_pretraining":{}}