{"earlystopping":{"confusion_matrices":{"abs":["[[1162, 36, 68, 2, 104], [60, 72, 126, 6, 148], [106, 12, 2131, 322, 1374], [5, 0, 32, 831, 37], [38, 7, 49, 0, 1215]]"]},"markov_matrices":{"abs":{"actual":["[[1122, 217, 18, 0, 15], [56, 131, 215, 0, 10], [138, 60, 3629, 84, 34], [13, 1, 70, 821, 0], [42, 3, 13, 0, 1250]]"],"predicted":["[[1143, 73, 60, 7, 88], [9, 42, 58, 1, 17], [98, 7, 2041, 55, 204], [21, 0, 48, 1056, 36], [99, 5, 199, 42, 2533]]"]}},"metrics":{"downstream":{"cohen_kappa":[0.5707057998939384],"f1_scores":{"N1":[0.26716141001855287],"N2":[0.6710754211935128],"N3":[0.8044530493707647],"REM":[0.5803678051110581],"Wake":[0.8472475391906673],"macro":[0.6340610449769112]},"loss":[1.7645213603973389],"precisions":{"N1":[0.5669291338582677],"N2":[0.8857024106400665],"N3":[0.7157622739018088],"REM":[0.4221681723419041],"Wake":[0.8475565280816922],"macro":[0.6876237037647479]},"recalls":{"N1":[0.17475728155339806],"N2":[0.5401774397972117],"N3":[0.918232044198895],"REM":[0.9281894576012223],"Wake":[0.8469387755102041],"macro":[0.6816589997321862]}}}},"test":{"confusion_matrices":{"abs":["[[2322, 19, 90, 15, 310], [238, 83, 137, 14, 309], [516, 35, 3895, 702, 1957], [7, 0, 49, 1414, 44], [100, 4, 112, 3, 1999]]"]},"markov_matrices":{"abs":{"actual":["[[2267, 413, 59, 2, 15], [177, 247, 342, 0, 14], [239, 108, 6570, 128, 60], [22, 0, 108, 1384, 0], [50, 13, 26, 0, 2129]]"],"predicted":["[[2716, 93, 167, 30, 177], [20, 35, 61, 1, 24], [218, 11, 3761, 74, 218], [46, 0, 62, 1991, 49], [183, 1, 232, 52, 4151]]"]}},"metrics":{"downstream":{"cohen_kappa":[0.5643921778278648],"f1_scores":{"N1":[0.18004338394793926],"N2":[0.6840533895328416],"N3":[0.7722555980338613],"REM":[0.5847593973965189],"Wake":[0.7819498232025593],"macro":[0.6006123184227441]},"loss":[2.544160250959725],"precisions":{"N1":[0.5886524822695035],"N2":[0.9094092925519496],"N3":[0.6582867783985102],"REM":[0.4327776575016237],"Wake":[0.7295004712535345],"macro":[0.6637253363950242]},"recalls":{"N1":[0.10627400768245839],"N2":[0.5482054890921886],"N3":[0.9339498018494056],"REM":[0.9012623985572588],"Wake":[0.8425253991291727],"macro":[0.6664434192620968]}}}},"train":{},"valid_pretraining":{}}