{
    "earlystopping": {
        "confusion_matrices": {
            "abs": [
                "[[783, 46, 177, 3, 99], [129, 59, 172, 0, 68], [313, 28, 3370, 185, 201], [30, 0, 240, 637, 1], [170, 12, 131, 0, 940]]"
            ]
        },
        "markov_matrices": {
            "abs": {
                "actual": [
                    "[[862, 210, 21, 0, 14], [64, 148, 206, 0, 10], [130, 65, 3781, 89, 32], [11, 1, 77, 819, 0], [40, 4, 12, 0, 1197]]"
                ],
                "predicted": [
                    "[[1205, 88, 81, 1, 49], [20, 46, 65, 0, 14], [131, 5, 3807, 50, 97], [4, 0, 47, 774, 0], [64, 6, 90, 0, 1149]]"
                ]
            }
        },
        "metrics": {
            "downstream": {
                "cohen_kappa": [
                    0.6089294880269805
                ],
                "f1_scores": {
                    "N1": [
                        0.20593368237347295
                    ],
                    "N2": [
                        0.823256382069134
                    ],
                    "N3": [
                        0.735141373341027
                    ],
                    "REM": [
                        0.7338017174082747
                    ],
                    "Wake": [
                        0.618239242005527
                    ],
                    "macro": [
                        0.6232744794394872
                    ]
                },
                "loss": [
                    0.7988770008087158
                ],
                "precisions": {
                    "N1": [
                        0.4068965517241379
                    ],
                    "N2": [
                        0.823960880195599
                    ],
                    "N3": [
                        0.7721212121212121
                    ],
                    "REM": [
                        0.7181054239877769
                    ],
                    "Wake": [
                        0.5494736842105263
                    ],
                    "macro": [
                        0.6541115504478504
                    ]
                },
                "recalls": {
                    "N1": [
                        0.1378504672897196
                    ],
                    "N2": [
                        0.8225530876250915
                    ],
                    "N3": [
                        0.7015418502202643
                    ],
                    "REM": [
                        0.7501995211492418
                    ],
                    "Wake": [
                        0.7066787003610109
                    ],
                    "macro": [
                        0.6237647253290656
                    ]
                }
            }
        }
    },
    "test": {
        "confusion_matrices": {
            "abs": [
                "[[1910, 41, 216, 18, 186], [366, 79, 221, 5, 83], [487, 54, 5409, 157, 377], [4, 0, 389, 1042, 6], [279, 22, 315, 0, 1508]]"
            ]
        },
        "markov_matrices": {
            "abs": {
                "actual": [
                    "[[1925, 362, 71, 0, 13], [125, 270, 344, 1, 14], [256, 108, 5893, 174, 52], [18, 2, 155, 1266, 0], [46, 12, 21, 0, 2045]]"
                ],
                "predicted": [
                    "[[2569, 132, 197, 0, 148], [44, 50, 90, 0, 12], [247, 5, 6052, 88, 157], [9, 0, 79, 1134, 0], [176, 9, 132, 0, 1843]]"
                ]
            }
        },
        "metrics": {
            "downstream": {
                "cohen_kappa": [
                    0.6378890747811341
                ],
                "f1_scores": {
                    "N1": [
                        0.1663157894736842
                    ],
                    "N2": [
                        0.829983121067976
                    ],
                    "N3": [
                        0.7825760420578295
                    ],
                    "REM": [
                        0.7040149393090569
                    ],
                    "Wake": [
                        0.7051873730847332
                    ],
                    "macro": [
                        0.637615452998656
                    ]
                },
                "loss": [
                    0.7066490466778095
                ],
                "precisions": {
                    "N1": [
                        0.4030612244897959
                    ],
                    "N2": [
                        0.8258015267175572
                    ],
                    "N3": [
                        0.8527004909983633
                    ],
                    "REM": [
                        0.6981481481481482
                    ],
                    "Wake": [
                        0.6270518713066316
                    ],
                    "macro": [
                        0.6813526523320992
                    ]
                },
                "recalls": {
                    "N1": [
                        0.10477453580901856
                    ],
                    "N2": [
                        0.8342072794571253
                    ],
                    "N3": [
                        0.7231089521165857
                    ],
                    "REM": [
                        0.7099811676082862
                    ],
                    "Wake": [
                        0.8055672711935892
                    ],
                    "macro": [
                        0.635527841236921
                    ]
                }
            }
        }
    },
    "train": {},
    "valid_pretraining": {}
}
