{"earlystopping":{"confusion_matrices":{"abs":["[[957, 118, 62, 11, 103], [185, 430, 166, 6, 54], [69, 376, 1938, 198, 140], [2, 21, 129, 1345, 23], [29, 144, 38, 8, 852]]"]},"markov_matrices":{"abs":{"actual":["[[981, 212, 41, 1, 16], [91, 401, 312, 1, 36], [102, 188, 2320, 72, 38], [30, 5, 38, 1446, 1], [46, 35, 10, 0, 980]]"],"predicted":["[[990, 197, 32, 0, 23], [73, 668, 225, 18, 104], [104, 116, 1963, 88, 62], [17, 26, 60, 1455, 10], [58, 82, 52, 7, 973]]"]}},"metrics":{"downstream":{"cohen_kappa":[0.6710728428797232],"f1_scores":{"N1":[0.44559585492227977],"N2":[0.7669172932330827],"N3":[0.8711139896373057],"REM":[0.7596968345965225],"Wake":[0.7677496991576414],"macro":[0.7222147343093664]},"loss":[1.2356512705485025],"precisions":{"N1":[0.3948576675849403],"N2":[0.8306900985855122],"N3":[0.857780612244898],"REM":[0.726962457337884],"Wake":[0.7705314009661836],"macro":[0.7161644473438835]},"recalls":{"N1":[0.5112960760998811],"N2":[0.7122381477398015],"N3":[0.8848684210526315],"REM":[0.7955182072829131],"Wake":[0.7649880095923262],"macro":[0.7337817723535107]}}}},"test":{"confusion_matrices":{"abs":["[[2561, 372, 169, 11, 98], [539, 1137, 650, 14, 259], [337, 1093, 4698, 357, 437], [2, 60, 957, 3262, 15], [140, 513, 252, 8, 1898]]"]},"markov_matrices":{"abs":{"actual":["[[2639, 499, 37, 1, 34], [225, 1407, 847, 6, 114], [206, 561, 5876, 194, 85], [45, 19, 132, 4095, 5], [95, 113, 30, 0, 2573]]"],"predicted":["[[3025, 466, 45, 1, 42], [238, 2060, 587, 30, 260], [189, 368, 5748, 266, 155], [24, 59, 213, 3341, 15], [102, 222, 133, 14, 2235]]"]}},"metrics":{"downstream":{"cohen_kappa":[0.5899536138790202],"f1_scores":{"N1":[0.39383443020436437],"N2":[0.6884525205158265],"N3":[0.8208354302969301],"REM":[0.6879304095686843],"Wake":[0.7543446244477172],"macro":[0.6690794830067045]},"loss":[1.7534903501852965],"precisions":{"N1":[0.35811023622047244],"N2":[0.6984834968777877],"N3":[0.8932092004381161],"REM":[0.7011451791651274],"Wake":[0.715563006426376],"macro":[0.6733022238255759]},"recalls":{"N1":[0.43747595228934205],"N2":[0.6787055764229991],"N3":[0.7593109869646183],"REM":[0.6752045535396656],"Wake":[0.7975708502024291],"macro":[0.6696535838838108]}}}},"train":{},"valid_pretraining":{}}