{"earlystopping":{"confusion_matrices":{"abs":["[[1111, 94, 133, 30, 50], [189, 189, 307, 28, 82], [142, 94, 2031, 244, 105], [36, 5, 148, 1125, 4], [119, 68, 197, 26, 831]]"]},"markov_matrices":{"abs":{"actual":["[[1126, 224, 50, 1, 17], [105, 349, 308, 1, 32], [110, 186, 2216, 66, 37], [28, 7, 32, 1250, 1], [48, 29, 10, 0, 1154]]"],"predicted":["[[1296, 95, 103, 27, 76], [72, 242, 76, 8, 51], [94, 60, 2462, 86, 114], [40, 9, 68, 1322, 14], [94, 44, 107, 10, 817]]"]}},"metrics":{"downstream":{"cohen_kappa":[0.6245980899863418],"f1_scores":{"N1":[0.3036144578313253],"N2":[0.7477908689248896],"N3":[0.811981234211476],"REM":[0.7185473411154345],"Wake":[0.7369817578772803],"macro":[0.6637831319920812]},"loss":[1.795281219482422],"precisions":{"N1":[0.42],"N2":[0.7212357954545454],"N3":[0.774260151410874],"REM":[0.7751865671641791],"Wake":[0.6956793988728867],"macro":[0.677272382580497]},"recalls":{"N1":[0.23773584905660378],"N2":[0.7763761467889908],"N3":[0.8535660091047041],"REM":[0.669621273166801],"Wake":[0.7834978843441467],"macro":[0.6641594324922493]}}}},"test":{"confusion_matrices":{"abs":["[[3840, 243, 308, 175, 118], [611, 448, 889, 61, 304], [205, 210, 4303, 565, 329], [15, 2, 808, 3155, 12], [353, 83, 451, 32, 2020]]"]},"markov_matrices":{"abs":{"actual":["[[4011, 610, 44, 4, 15], [319, 1176, 689, 6, 122], [195, 395, 4680, 248, 94], [57, 20, 176, 3734, 5], [101, 112, 23, 0, 2703]]"],"predicted":["[[4315, 276, 207, 50, 176], [219, 454, 221, 11, 81], [217, 161, 5858, 231, 291], [71, 14, 208, 3668, 27], [201, 81, 265, 28, 2208]]"]}},"metrics":{"downstream":{"cohen_kappa":[0.616202901185836],"f1_scores":{"N1":[0.27159745377387084],"N2":[0.6956592029746989],"N3":[0.7907268170426065],"REM":[0.7060468367703601],"Wake":[0.7911001236093943],"macro":[0.6510260868341862]},"loss":[2.105010008200621],"precisions":{"N1":[0.4543610547667343],"N2":[0.6366326379641959],"N3":[0.791123370110331],"REM":[0.7258354293927416],"Wake":[0.7643312101910829],"macro":[0.6744567404850171]},"recalls":{"N1":[0.19368785127539992],"N2":[0.7667498218104063],"N3":[0.7903306613226453],"REM":[0.6873086083701939],"Wake":[0.8198121263877028],"macro":[0.6515778138332697]}}}},"train":{},"valid_pretraining":{}}