{
    "earlystopping": {
        "confusion_matrices": {
            "abs": [
                "[[910, 276, 179, 10, 83], [47, 149, 175, 3, 34], [151, 274, 2761, 292, 224], [1, 5, 253, 780, 11], [195, 149, 301, 6, 414]]"
            ]
        },
        "markov_matrices": {
            "abs": {
                "actual": [
                    "[[1259, 184, 13, 0, 1], [48, 150, 197, 0, 13], [112, 70, 3412, 84, 24], [12, 1, 71, 966, 0], [26, 3, 9, 0, 1027]]"
                ],
                "predicted": [
                    "[[919, 253, 66, 4, 61], [131, 400, 276, 1, 45], [166, 149, 3166, 92, 96], [11, 5, 83, 986, 6], [76, 46, 78, 8, 558]]"
                ]
            }
        },
        "metrics": {
            "downstream": {
                "cohen_kappa": [
                    0.502708859203126
                ],
                "f1_scores": {
                    "N1": [
                        0.23632038065027755
                    ],
                    "N2": [
                        0.7491520824854159
                    ],
                    "N3": [
                        0.7286314806165344
                    ],
                    "REM": [
                        0.452211906062261
                    ],
                    "Wake": [
                        0.6589427950760318
                    ],
                    "macro": [
                        0.5650517289781041
                    ]
                },
                "loss": [
                    1.5531007051467896
                ],
                "precisions": {
                    "N1": [
                        0.1746776084407972
                    ],
                    "N2": [
                        0.7525211229217771
                    ],
                    "N3": [
                        0.7149404216315307
                    ],
                    "REM": [
                        0.5404699738903395
                    ],
                    "Wake": [
                        0.6978527607361963
                    ],
                    "macro": [
                        0.5760923775241282
                    ]
                },
                "recalls": {
                    "N1": [
                        0.36519607843137253
                    ],
                    "N2": [
                        0.7458130740140465
                    ],
                    "N3": [
                        0.7428571428571429
                    ],
                    "REM": [
                        0.38873239436619716
                    ],
                    "Wake": [
                        0.6241426611796982
                    ],
                    "macro": [
                        0.5733482701696915
                    ]
                }
            }
        }
    },
    "test": {
        "confusion_matrices": {
            "abs": [
                "[[1324, 291, 228, 15, 151], [168, 190, 176, 8, 42], [670, 644, 4362, 528, 438], [14, 11, 407, 1414, 14], [315, 307, 695, 51, 802]]"
            ]
        },
        "markov_matrices": {
            "abs": {
                "actual": [
                    "[[1680, 283, 29, 0, 17], [67, 196, 302, 0, 18], [192, 88, 6163, 147, 52], [23, 1, 123, 1713, 0], [46, 16, 25, 0, 2083]]"
                ],
                "predicted": [
                    "[[1748, 477, 155, 5, 105], [230, 619, 492, 8, 94], [327, 243, 4911, 210, 177], [26, 16, 172, 1784, 18], [159, 88, 138, 9, 1053]]"
                ]
            }
        },
        "metrics": {
            "downstream": {
                "cohen_kappa": [
                    0.44771910695317907
                ],
                "f1_scores": {
                    "N1": [
                        0.18746916625555007
                    ],
                    "N2": [
                        0.6973621103117505
                    ],
                    "N3": [
                        0.7296181630546955
                    ],
                    "REM": [
                        0.44346143212607136
                    ],
                    "Wake": [
                        0.5884444444444444
                    ],
                    "macro": [
                        0.5292710632385024
                    ]
                },
                "loss": [
                    1.7829482738788311
                ],
                "precisions": {
                    "N1": [
                        0.13167013167013167
                    ],
                    "N2": [
                        0.7433537832310838
                    ],
                    "N3": [
                        0.7013888888888888
                    ],
                    "REM": [
                        0.5542501727712509
                    ],
                    "Wake": [
                        0.5315134484142915
                    ],
                    "macro": [
                        0.5324352849951294
                    ]
                },
                "recalls": {
                    "N1": [
                        0.3253424657534247
                    ],
                    "N2": [
                        0.6567299006323396
                    ],
                    "N3": [
                        0.7602150537634409
                    ],
                    "REM": [
                        0.3695852534562212
                    ],
                    "Wake": [
                        0.6590343454454952
                    ],
                    "macro": [
                        0.5541814038101843
                    ]
                }
            }
        }
    },
    "train": {},
    "valid_ssl": {}
}
