{
    "earlystopping": {
        "confusion_matrices": {
            "abs": [
                "[[869, 137, 77, 1, 24], [27, 248, 119, 1, 33], [21, 94, 3507, 341, 134], [0, 0, 142, 763, 3], [18, 70, 29, 0, 1136]]"
            ]
        },
        "markov_matrices": {
            "abs": {
                "actual": [
                    "[[862, 210, 21, 0, 14], [64, 148, 206, 0, 10], [130, 65, 3781, 89, 32], [11, 1, 77, 819, 0], [40, 4, 12, 0, 1197]]"
                ],
                "predicted": [
                    "[[729, 182, 17, 0, 6], [68, 302, 148, 0, 31], [91, 43, 3634, 57, 49], [12, 1, 44, 1049, 0], [34, 21, 31, 0, 1244]]"
                ]
            }
        },
        "metrics": {
            "downstream": {
                "cohen_kappa": [
                    0.7579903319006821
                ],
                "f1_scores": {
                    "N1": [
                        0.5076765609007164
                    ],
                    "N2": [
                        0.879939781708694
                    ],
                    "N3": [
                        0.7576961271102284
                    ],
                    "REM": [
                        0.8795973674022455
                    ],
                    "Wake": [
                        0.850709740577582
                    ],
                    "macro": [
                        0.7751239155398932
                    ]
                },
                "loss": [
                    0.5282601714134216
                ],
                "precisions": {
                    "N1": [
                        0.4517304189435337
                    ],
                    "N2": [
                        0.9052658750645328
                    ],
                    "N3": [
                        0.689873417721519
                    ],
                    "REM": [
                        0.8541353383458646
                    ],
                    "Wake": [
                        0.9294117647058824
                    ],
                    "macro": [
                        0.7660833629562666
                    ]
                },
                "recalls": {
                    "N1": [
                        0.5794392523364486
                    ],
                    "N2": [
                        0.855992189406883
                    ],
                    "N3": [
                        0.8403083700440529
                    ],
                    "REM": [
                        0.9066241021548284
                    ],
                    "Wake": [
                        0.7842960288808665
                    ],
                    "macro": [
                        0.793331988564616
                    ]
                }
            }
        }
    },
    "test": {
        "confusion_matrices": {
            "abs": [
                "[[2012, 198, 88, 7, 66], [171, 431, 112, 3, 37], [210, 306, 5432, 313, 223], [17, 5, 215, 1184, 20], [80, 121, 111, 6, 1806]]"
            ]
        },
        "markov_matrices": {
            "abs": {
                "actual": [
                    "[[1925, 362, 71, 0, 13], [125, 270, 344, 1, 14], [256, 108, 5893, 174, 52], [18, 2, 155, 1266, 0], [46, 12, 21, 0, 2045]]"
                ],
                "predicted": [
                    "[[2074, 336, 54, 2, 24], [177, 623, 234, 0, 27], [167, 73, 5545, 88, 84], [19, 1, 71, 1422, 0], [52, 28, 54, 1, 2017]]"
                ]
            }
        },
        "metrics": {
            "downstream": {
                "cohen_kappa": [
                    0.7495732920491753
                ],
                "f1_scores": {
                    "N1": [
                        0.474931129476584
                    ],
                    "N2": [
                        0.8731715158334673
                    ],
                    "N3": [
                        0.8016249153689912
                    ],
                    "REM": [
                        0.8447146866230122
                    ],
                    "Wake": [
                        0.8278132071590207
                    ],
                    "macro": [
                        0.7644510908922151
                    ]
                },
                "loss": [
                    0.5720606217017541
                ],
                "precisions": {
                    "N1": [
                        0.4062205466540999
                    ],
                    "N2": [
                        0.9117153407183619
                    ],
                    "N3": [
                        0.7825512227362855
                    ],
                    "REM": [
                        0.8392193308550185
                    ],
                    "Wake": [
                        0.8080321285140563
                    ],
                    "macro": [
                        0.7495477138955644
                    ]
                },
                "recalls": {
                    "N1": [
                        0.5716180371352785
                    ],
                    "N2": [
                        0.83775447254781
                    ],
                    "N3": [
                        0.8216516308119362
                    ],
                    "REM": [
                        0.8502824858757062
                    ],
                    "Wake": [
                        0.8485870940531421
                    ],
                    "macro": [
                        0.7859787440847746
                    ]
                }
            }
        }
    },
    "train": {},
    "valid_pretraining": {}
}
