{
    "earlystopping": {
        "confusion_matrices": {
            "abs": [
                "[[667, 109, 40, 1, 291], [64, 74, 64, 4, 222], [72, 100, 1301, 321, 2303], [40, 59, 46, 657, 106], [61, 50, 37, 0, 1105]]"
            ]
        },
        "markov_matrices": {
            "abs": {
                "actual": [
                    "[[862, 210, 21, 0, 14], [64, 148, 206, 0, 10], [130, 65, 3781, 89, 32], [11, 1, 77, 819, 0], [40, 4, 12, 0, 1197]]"
                ],
                "predicted": [
                    "[[594, 130, 13, 9, 158], [76, 163, 100, 11, 42], [40, 67, 1238, 37, 106], [13, 8, 35, 874, 53], [180, 24, 102, 52, 3668]]"
                ]
            }
        },
        "metrics": {
            "downstream": {
                "cohen_kappa": [
                    0.3458864640048839
                ],
                "f1_scores": {
                    "N1": [
                        0.18048780487804875
                    ],
                    "N2": [
                        0.46589077887197844
                    ],
                    "N3": [
                        0.6948704389212057
                    ],
                    "REM": [
                        0.418560606060606
                    ],
                    "Wake": [
                        0.6630218687872763
                    ],
                    "macro": [
                        0.484566299503823
                    ]
                },
                "loss": [
                    6.215338706970215
                ],
                "precisions": {
                    "N1": [
                        0.18877551020408162
                    ],
                    "N2": [
                        0.8743279569892473
                    ],
                    "N3": [
                        0.6683621566632757
                    ],
                    "REM": [
                        0.27439781475043457
                    ],
                    "Wake": [
                        0.7378318584070797
                    ],
                    "macro": [
                        0.5487390594028237
                    ]
                },
                "recalls": {
                    "N1": [
                        0.17289719626168223
                    ],
                    "N2": [
                        0.31754942640956796
                    ],
                    "N3": [
                        0.723568281938326
                    ],
                    "REM": [
                        0.8818834796488427
                    ],
                    "Wake": [
                        0.601985559566787
                    ],
                    "macro": [
                        0.5395767887650412
                    ]
                }
            }
        }
    },
    "test": {
        "confusion_matrices": {
            "abs": [
                "[[1532, 165, 19, 32, 623], [189, 168, 31, 2, 364], [202, 286, 1602, 180, 4214], [12, 46, 30, 1013, 340], [23, 47, 15, 0, 2039]]"
            ]
        },
        "markov_matrices": {
            "abs": {
                "actual": [
                    "[[1925, 362, 71, 0, 13], [125, 270, 344, 1, 14], [256, 108, 5893, 174, 52], [18, 2, 155, 1266, 0], [46, 12, 21, 0, 2045]]"
                ],
                "predicted": [
                    "[[1489, 165, 14, 8, 282], [88, 367, 117, 36, 104], [32, 62, 1384, 58, 160], [20, 44, 46, 1053, 64], [329, 74, 136, 72, 6969]]"
                ]
            }
        },
        "metrics": {
            "downstream": {
                "cohen_kappa": [
                    0.35595455989372604
                ],
                "f1_scores": {
                    "N1": [
                        0.2291950886766712
                    ],
                    "N2": [
                        0.39163916391639164
                    ],
                    "N3": [
                        0.7593703148425787
                    ],
                    "REM": [
                        0.4202390766694147
                    ],
                    "Wake": [
                        0.7077847077847077
                    ],
                    "macro": [
                        0.5016456703779528
                    ]
                },
                "loss": [
                    6.469179006723257
                ],
                "precisions": {
                    "N1": [
                        0.23595505617977527
                    ],
                    "N2": [
                        0.9440188568061285
                    ],
                    "N3": [
                        0.8255908720456397
                    ],
                    "REM": [
                        0.2689973614775726
                    ],
                    "Wake": [
                        0.7824310520939735
                    ],
                    "macro": [
                        0.6113986397206179
                    ]
                },
                "recalls": {
                    "N1": [
                        0.22281167108753316
                    ],
                    "N2": [
                        0.24706971005552128
                    ],
                    "N3": [
                        0.7029840388619014
                    ],
                    "REM": [
                        0.9599811676082862
                    ],
                    "Wake": [
                        0.6461408688317166
                    ],
                    "macro": [
                        0.5557974912889918
                    ]
                }
            }
        }
    },
    "train": {},
    "valid_pretraining": {}
}
