{
    "earlystopping": {
        "confusion_matrices": {
            "abs": [
                "[[802, 88, 73, 7, 138], [50, 148, 136, 6, 88], [36, 35, 3378, 474, 174], [3, 0, 165, 738, 2], [13, 31, 39, 0, 1170]]"
            ]
        },
        "markov_matrices": {
            "abs": {
                "actual": [
                    "[[862, 210, 21, 0, 14], [64, 148, 206, 0, 10], [130, 65, 3781, 89, 32], [11, 1, 77, 819, 0], [40, 4, 12, 0, 1197]]"
                ],
                "predicted": [
                    "[[699, 129, 37, 2, 37], [36, 144, 90, 1, 31], [87, 10, 3483, 155, 56], [18, 2, 138, 1066, 1], [63, 17, 43, 1, 1447]]"
                ]
            }
        },
        "metrics": {
            "downstream": {
                "cohen_kappa": [
                    0.7038410382177077
                ],
                "f1_scores": {
                    "N1": [
                        0.4054794520547945
                    ],
                    "N2": [
                        0.8564908722109533
                    ],
                    "N3": [
                        0.6919831223628692
                    ],
                    "REM": [
                        0.8283185840707965
                    ],
                    "Wake": [
                        0.7972166998011928
                    ],
                    "macro": [
                        0.7158977461001212
                    ]
                },
                "loss": [
                    1.1533044576644897
                ],
                "precisions": {
                    "N1": [
                        0.4900662251655629
                    ],
                    "N2": [
                        0.8910577683988393
                    ],
                    "N3": [
                        0.6024489795918367
                    ],
                    "REM": [
                        0.7442748091603053
                    ],
                    "Wake": [
                        0.8871681415929203
                    ],
                    "macro": [
                        0.723003184781893
                    ]
                },
                "recalls": {
                    "N1": [
                        0.34579439252336447
                    ],
                    "N2": [
                        0.8245057359043202
                    ],
                    "N3": [
                        0.8127753303964758
                    ],
                    "REM": [
                        0.9337589784517158
                    ],
                    "Wake": [
                        0.723826714801444
                    ],
                    "macro": [
                        0.728132230415464
                    ]
                }
            }
        }
    },
    "test": {
        "confusion_matrices": {
            "abs": [
                "[[1794, 25, 92, 34, 426], [280, 134, 110, 12, 218], [204, 39, 4597, 425, 1219], [3, 0, 60, 1260, 118], [24, 4, 109, 1, 1986]]"
            ]
        },
        "markov_matrices": {
            "abs": {
                "actual": [
                    "[[1925, 362, 71, 0, 13], [125, 270, 344, 1, 14], [256, 108, 5893, 174, 52], [18, 2, 155, 1266, 0], [46, 12, 21, 0, 2045]]"
                ],
                "predicted": [
                    "[[1946, 105, 102, 3, 149], [28, 84, 66, 1, 23], [149, 9, 4497, 164, 148], [16, 0, 152, 1521, 43], [165, 4, 151, 43, 3604]]"
                ]
            }
        },
        "metrics": {
            "downstream": {
                "cohen_kappa": [
                    0.6407836950102819
                ],
                "f1_scores": {
                    "N1": [
                        0.2803347280334728
                    ],
                    "N2": [
                        0.8028292001397136
                    ],
                    "N3": [
                        0.7942010715411282
                    ],
                    "REM": [
                        0.6521096700049253
                    ],
                    "Wake": [
                        0.7673224978614199
                    ],
                    "macro": [
                        0.6593594335161319
                    ]
                },
                "loss": [
                    1.5758256178635817
                ],
                "precisions": {
                    "N1": [
                        0.6633663366336634
                    ],
                    "N2": [
                        0.9253220611916264
                    ],
                    "N3": [
                        0.7274826789838337
                    ],
                    "REM": [
                        0.5006301991429292
                    ],
                    "Wake": [
                        0.7783080260303687
                    ],
                    "macro": [
                        0.7190218603964842
                    ]
                },
                "recalls": {
                    "N1": [
                        0.17771883289124668
                    ],
                    "N2": [
                        0.708975940777298
                    ],
                    "N3": [
                        0.8743927827897293
                    ],
                    "REM": [
                        0.9350282485875706
                    ],
                    "Wake": [
                        0.756642766765078
                    ],
                    "macro": [
                        0.6905517143621844
                    ]
                }
            }
        }
    },
    "train": {},
    "valid_pretraining": {}
}
