{"earlystopping":{"confusion_matrices":{"abs":["[[1034, 157, 29, 10, 147], [133, 374, 275, 20, 73], [107, 269, 1722, 262, 97], [5, 25, 163, 1331, 19], [32, 82, 50, 0, 1064]]"]},"markov_matrices":{"abs":{"actual":["[[1107, 224, 32, 1, 13], [103, 420, 304, 1, 47], [91, 183, 2069, 75, 39], [26, 6, 44, 1466, 0], [49, 42, 8, 0, 1129]]"],"predicted":["[[984, 235, 50, 15, 27], [105, 482, 218, 29, 73], [108, 113, 1864, 91, 63], [43, 20, 70, 1479, 10], [70, 57, 37, 9, 1227]]"]}},"metrics":{"downstream":{"cohen_kappa":[0.6648070764549949],"f1_scores":{"N1":[0.41975308641975306],"N2":[0.7333901192504259],"N3":[0.8408085912823753],"REM":[0.8097412480974124],"Wake":[0.7693452380952381],"macro":[0.7146076566290411]},"loss":[1.6643931070963542],"precisions":{"N1":[0.412348401323043],"N2":[0.7690933452434122],"N3":[0.8200862600123229],"REM":[0.76],"Wake":[0.7887109077040427],"macro":[0.7100477828565641]},"recalls":{"N1":[0.42742857142857144],"N2":[0.7008547008547008],"N3":[0.8626053143227479],"REM":[0.8664495114006515],"Wake":[0.7509077705156136],"macro":[0.721649173704457]}}}},"test":{"confusion_matrices":{"abs":["[[3958, 674, 162, 66, 301], [295, 1094, 690, 77, 427], [88, 524, 3861, 730, 303], [9, 31, 642, 2987, 54], [78, 88, 167, 43, 1917]]"]},"markov_matrices":{"abs":{"actual":["[[4415, 676, 55, 1, 13], [385, 1308, 745, 5, 140], [218, 440, 4532, 223, 93], [51, 23, 150, 3494, 5], [91, 136, 24, 0, 2042]]"],"predicted":["[[3566, 593, 119, 52, 97], [315, 1317, 558, 67, 154], [264, 297, 4596, 205, 160], [91, 74, 158, 3536, 44], [191, 130, 91, 43, 2547]]"]}},"metrics":{"downstream":{"cohen_kappa":[0.6383472464456068],"f1_scores":{"N1":[0.4381257509010813],"N2":[0.7002176278563657],"N3":[0.7833726724364017],"REM":[0.7240793201133144],"Wake":[0.825529252268224],"macro":[0.6942649247150774]},"loss":[1.9624555487381785],"precisions":{"N1":[0.4537536291995023],"N2":[0.6992031872509961],"N3":[0.7653087368690751],"REM":[0.6385742838107928],"Wake":[0.8938572719060524],"macro":[0.6901394218072838]},"recalls":{"N1":[0.4235385210994967],"N2":[0.7012350163458045],"N3":[0.8023099650819232],"REM":[0.8360226777147841],"Wake":[0.7669056384421624],"macro":[0.7060023637368341]}}}},"train":{},"valid_pretraining":{}}