{"earlystopping":{"confusion_matrices":{"abs":["[[834, 153, 9, 56, 199], [141, 184, 122, 28, 366], [119, 73, 1583, 285, 661], [1, 1, 160, 1340, 18], [18, 12, 23, 23, 995]]"]},"markov_matrices":{"abs":{"actual":["[[981, 212, 41, 1, 16], [91, 401, 312, 1, 36], [102, 188, 2320, 72, 38], [30, 5, 38, 1446, 1], [46, 35, 10, 0, 980]]"],"predicted":["[[887, 80, 44, 13, 89], [40, 272, 26, 5, 80], [58, 25, 1470, 124, 220], [29, 7, 82, 1547, 66], [99, 39, 275, 42, 1784]]"]}},"metrics":{"downstream":{"cohen_kappa":[0.5738433132074422],"f1_scores":{"N1":[0.2911392405063291],"N2":[0.6855781723689909],"N3":[0.8241082410824109],"REM":[0.6012084592145015],"Wake":[0.7055837563451777],"macro":[0.6215235739034821]},"loss":[2.1651374816894533],"precisions":{"N1":[0.43498817966903075],"N2":[0.834475487612019],"N3":[0.7736720554272517],"REM":[0.44439481911567663],"Wake":[0.7493261455525606],"macro":[0.6473713374753076]},"recalls":{"N1":[0.21878715814506539],"N2":[0.5817714075707461],"N3":[0.881578947368421],"REM":[0.9290382819794585],"Wake":[0.6666666666666666],"macro":[0.6555684923460715]}}}},"test":{"confusion_matrices":{"abs":["[[2023, 562, 194, 68, 364], [349, 596, 848, 44, 762], [232, 339, 4513, 593, 1245], [8, 4, 665, 3406, 213], [93, 56, 560, 7, 2095]]"]},"markov_matrices":{"abs":{"actual":["[[2639, 499, 37, 1, 34], [225, 1407, 847, 6, 114], [206, 561, 5876, 194, 85], [45, 19, 132, 4095, 5], [95, 113, 30, 0, 2573]]"],"predicted":["[[2213, 238, 136, 27, 90], [128, 1049, 184, 7, 189], [183, 119, 5621, 299, 558], [49, 9, 217, 3705, 138], [132, 142, 622, 79, 3704]]"]}},"metrics":{"downstream":{"cohen_kappa":[0.5283079844663219],"f1_scores":{"N1":[0.28681424446583254],"N2":[0.6587359509560649],"N3":[0.8096030425481341],"REM":[0.5594125500667557],"Wake":[0.6839080459770115],"macro":[0.5996947668027597]},"loss":[2.710207034380008],"precisions":{"N1":[0.3827874116891458],"N2":[0.6656342182890855],"N3":[0.8271005342399222],"REM":[0.4477452447104082],"Wake":[0.7478743068391867],"macro":[0.6142283431535497]},"recalls":{"N1":[0.229318968834167],"N2":[0.651979196763941],"N3":[0.792830540037244],"REM":[0.7452863749555318],"Wake":[0.6300218000622859],"macro":[0.609887376130634]}}}},"train":{},"valid_pretraining":{}}