{"earlystopping":{"confusion_matrices":{"abs":["[[999, 153, 136, 30, 100], [130, 149, 369, 24, 123], [63, 71, 2307, 113, 62], [5, 2, 293, 1018, 0], [24, 55, 81, 17, 1064]]"]},"markov_matrices":{"abs":{"actual":["[[1126, 224, 50, 1, 17], [105, 349, 308, 1, 32], [110, 186, 2216, 66, 37], [28, 7, 32, 1250, 1], [48, 29, 10, 0, 1154]]"],"predicted":["[[940, 94, 115, 13, 59], [45, 233, 93, 9, 50], [132, 56, 2834, 105, 59], [29, 6, 86, 1066, 15], [75, 41, 58, 9, 1165]]"]}},"metrics":{"downstream":{"cohen_kappa":[0.6657773002729102],"f1_scores":{"N1":[0.24326530612244898],"N2":[0.795243019648397],"N3":[0.807936507936508],"REM":[0.8216216216216217],"Wake":[0.7571049640015157],"macro":[0.6850342838660983]},"loss":[2.2655657450358073],"precisions":{"N1":[0.34651162790697676],"N2":[0.724105461393597],"N3":[0.8469217970049917],"REM":[0.7887323943661971],"Wake":[0.8181818181818182],"macro":[0.7048906197707161]},"recalls":{"N1":[0.18742138364779873],"N2":[0.8818807339449541],"N3":[0.7723823975720789],"REM":[0.8573730862207897],"Wake":[0.7045133991537377],"macro":[0.6807142001078719]}}}},"test":{"confusion_matrices":{"abs":["[[2997, 492, 485, 265, 445], [227, 455, 1065, 74, 492], [51, 104, 4869, 329, 259], [4, 0, 1401, 2582, 5], [56, 120, 268, 22, 2473]]"]},"markov_matrices":{"abs":{"actual":["[[4011, 610, 44, 4, 15], [319, 1176, 689, 6, 122], [195, 395, 4680, 248, 94], [57, 20, 176, 3734, 5], [101, 112, 23, 0, 2703]]"],"predicted":["[[2603, 301, 192, 39, 200], [166, 636, 216, 26, 127], [279, 101, 7247, 265, 196], [53, 30, 233, 2918, 37], [233, 103, 200, 24, 3114]]"]}},"metrics":{"downstream":{"cohen_kappa":[0.5906481683485465],"f1_scores":{"N1":[0.26119402985074625],"N2":[0.7108029197080292],"N3":[0.7109030837004405],"REM":[0.7479207621351882],"Wake":[0.7474747474747475],"macro":[0.6356591085738303]},"loss":[2.9644939716045675],"precisions":{"N1":[0.3885567890691716],"N2":[0.6020029673590505],"N3":[0.789119804400978],"REM":[0.6731083287969516],"Wake":[0.8986506746626687],"macro":[0.670287712857764]},"recalls":{"N1":[0.19671422395157803],"N2":[0.8676051318602993],"N3":[0.6467935871743486],"REM":[0.8414426675740048],"Wake":[0.6398377455166524],"macro":[0.6384786712153766]}}}},"train":{},"valid_pretraining":{}}