{"earlystopping":{"confusion_matrices":{"abs":["[[1014, 75, 130, 96, 103], [105, 101, 362, 105, 122], [45, 37, 1853, 543, 138], [1, 0, 87, 1223, 7], [71, 81, 188, 127, 774]]"]},"markov_matrices":{"abs":{"actual":["[[1126, 224, 50, 1, 17], [105, 349, 308, 1, 32], [110, 186, 2216, 66, 37], [28, 7, 32, 1250, 1], [48, 29, 10, 0, 1154]]"],"predicted":["[[1030, 70, 68, 28, 40], [59, 131, 62, 13, 28], [62, 49, 2214, 170, 125], [42, 15, 150, 1850, 37], [42, 29, 126, 33, 914]]"]}},"metrics":{"downstream":{"cohen_kappa":[0.5692978190755402],"f1_scores":{"N1":[0.1854912764003673],"N2":[0.7077922077922078],"N3":[0.7168815943728019],"REM":[0.6490566037735849],"Wake":[0.7641296156744537],"macro":[0.6046702596026832]},"loss":[1.0313546498616537],"precisions":{"N1":[0.3435374149659864],"N2":[0.7072519083969465],"N3":[0.5840496657115568],"REM":[0.6765734265734266],"Wake":[0.8203883495145631],"macro":[0.6263601530324958]},"recalls":{"N1":[0.1270440251572327],"N2":[0.7083333333333334],"N3":[0.9279210925644916],"REM":[0.6236905721192587],"Wake":[0.7150916784203103],"macro":[0.6204161403189253]}}}},"test":{"confusion_matrices":{"abs":["[[3661, 154, 277, 218, 374], [427, 223, 860, 193, 610], [81, 90, 3764, 1208, 469], [6, 1, 534, 3449, 2], [211, 219, 464, 245, 1800]]"]},"markov_matrices":{"abs":{"actual":["[[4011, 610, 44, 4, 15], [319, 1176, 689, 6, 122], [195, 395, 4680, 248, 94], [57, 20, 176, 3734, 5], [101, 112, 23, 0, 2703]]"],"predicted":["[[3782, 177, 172, 85, 170], [150, 251, 141, 37, 108], [193, 106, 4927, 328, 344], [114, 42, 290, 4802, 65], [146, 111, 369, 61, 2568]]"]}},"metrics":{"downstream":{"cohen_kappa":[0.56117189340153],"f1_scores":{"N1":[0.14866666666666667],"N2":[0.6539831465554686],"N3":[0.7413218699623858],"REM":[0.5812076202776881],"Wake":[0.807276736493936],"macro":[0.586491207991229]},"loss":[1.0938087854629908],"precisions":{"N1":[0.3245997088791849],"N2":[0.6380742498728598],"N3":[0.6491624317711274],"REM":[0.5529953917050692],"Wake":[0.8347013223894209],"macro":[0.5999066209235323]},"recalls":{"N1":[0.09641158668396023],"N2":[0.6707056307911617],"N3":[0.8639779559118237],"REM":[0.6124532153793807],"Wake":[0.781596925704526],"macro":[0.6050290628941705]}}}},"train":{},"valid_pretraining":{}}