{
    "earlystopping": {
        "confusion_matrices": {
            "abs": [
                "[[1258, 115, 39, 0, 46], [34, 220, 97, 0, 57], [37, 134, 2987, 179, 365], [0, 0, 199, 851, 0], [3, 26, 15, 0, 1021]]"
            ]
        },
        "markov_matrices": {
            "abs": {
                "actual": [
                    "[[1259, 184, 13, 0, 1], [48, 150, 197, 0, 13], [112, 70, 3412, 84, 24], [12, 1, 71, 966, 0], [26, 3, 9, 0, 1027]]"
                ],
                "predicted": [
                    "[[1166, 143, 11, 0, 11], [41, 277, 130, 0, 47], [81, 37, 3086, 60, 73], [11, 1, 46, 970, 2], [32, 37, 64, 0, 1356]]"
                ]
            }
        },
        "metrics": {
            "downstream": {
                "cohen_kappa": [
                    0.7529759853031323
                ],
                "f1_scores": {
                    "N1": [
                        0.4872646733111849
                    ],
                    "N2": [
                        0.8487000994459442
                    ],
                    "N3": [
                        0.8182692307692307
                    ],
                    "REM": [
                        0.7995301487862178
                    ],
                    "Wake": [
                        0.9017921146953405
                    ],
                    "macro": [
                        0.7711112534015837
                    ]
                },
                "loss": [
                    0.5712988972663879
                ],
                "precisions": {
                    "N1": [
                        0.4444444444444444
                    ],
                    "N2": [
                        0.8951153730896014
                    ],
                    "N3": [
                        0.8262135922330097
                    ],
                    "REM": [
                        0.6856950973807925
                    ],
                    "Wake": [
                        0.9444444444444444
                    ],
                    "macro": [
                        0.7591825903184585
                    ]
                },
                "recalls": {
                    "N1": [
                        0.5392156862745098
                    ],
                    "N2": [
                        0.8068611561318206
                    ],
                    "N3": [
                        0.8104761904761905
                    ],
                    "REM": [
                        0.9586854460093897
                    ],
                    "Wake": [
                        0.8628257887517147
                    ],
                    "macro": [
                        0.795612853528725
                    ]
                }
            }
        }
    },
    "test": {
        "confusion_matrices": {
            "abs": [
                "[[1532, 135, 189, 3, 150], [46, 304, 133, 4, 97], [49, 322, 4986, 322, 963], [2, 1, 314, 1543, 0], [14, 104, 133, 0, 1919]]"
            ]
        },
        "markov_matrices": {
            "abs": {
                "actual": [
                    "[[1680, 283, 29, 0, 17], [67, 196, 302, 0, 18], [192, 88, 6163, 147, 52], [23, 1, 123, 1713, 0], [46, 16, 25, 0, 2083]]"
                ],
                "predicted": [
                    "[[1383, 201, 34, 0, 25], [52, 483, 259, 0, 72], [135, 112, 5245, 89, 173], [15, 4, 76, 1773, 4], [57, 66, 141, 10, 2855]]"
                ]
            }
        },
        "metrics": {
            "downstream": {
                "cohen_kappa": [
                    0.680220916328208
                ],
                "f1_scores": {
                    "N1": [
                        0.41931034482758617
                    ],
                    "N2": [
                        0.8043881584254255
                    ],
                    "N3": [
                        0.8269024651661306
                    ],
                    "REM": [
                        0.724287601434233
                    ],
                    "Wake": [
                        0.8389923329682367
                    ],
                    "macro": [
                        0.7227761805643225
                    ]
                },
                "loss": [
                    0.7269030350905198
                ],
                "precisions": {
                    "N1": [
                        0.3510392609699769
                    ],
                    "N2": [
                        0.8663770634231104
                    ],
                    "N3": [
                        0.8242521367521367
                    ],
                    "REM": [
                        0.6132949824224992
                    ],
                    "Wake": [
                        0.9324406573341448
                    ],
                    "macro": [
                        0.7174808201803736
                    ]
                },
                "recalls": {
                    "N1": [
                        0.5205479452054794
                    ],
                    "N2": [
                        0.7506775067750677
                    ],
                    "N3": [
                        0.8295698924731183
                    ],
                    "REM": [
                        0.8843317972350231
                    ],
                    "Wake": [
                        0.7625684420109508
                    ],
                    "macro": [
                        0.7495391167399278
                    ]
                }
            }
        }
    },
    "train": {},
    "valid_pretraining": {}
}
