{"earlystopping":{"confusion_matrices":{"abs":["[[5785, 170, 56, 9, 66], [419, 474, 540, 81, 246], [116, 267, 4959, 891, 264], [9, 2, 304, 1233, 1], [29, 28, 291, 29, 2375]]"]},"markov_matrices":{"abs":{"actual":["[[5819, 253, 12, 0, 1], [157, 1185, 319, 2, 97], [66, 186, 5820, 317, 108], [7, 16, 296, 1230, 0], [36, 120, 50, 0, 2546]]"],"predicted":["[[5972, 255, 79, 22, 29], [133, 493, 261, 5, 49], [152, 121, 5368, 342, 167], [37, 3, 326, 1868, 9], [63, 69, 116, 6, 2698]]"]}},"metrics":{"downstream":{"cohen_kappa":[0.7216082868025521],"f1_scores":{"N1":[0.3509811181044058],"N2":[0.7842176010120977],"N3":[0.6503164556962026],"REM":[0.8327489481065918],"Wake":[0.9297653487624558],"macro":[0.7096058943363508]},"loss":[1.117186572100665],"precisions":{"N1":[0.5037194473963869],"N2":[0.8063414634146342],"N3":[0.5497102095407935],"REM":[0.8045392953929539],"Wake":[0.909877319911922],"macro":[0.7148375471313381]},"recalls":{"N1":[0.26931818181818185],"N2":[0.7632753578574727],"N3":[0.7959974176888315],"REM":[0.8630087209302325],"Wake":[0.9505422280644101],"macro":[0.7284283812718257]}}}},"test":{"confusion_matrices":{"abs":["[[9215, 203, 136, 13, 115], [701, 1052, 715, 28, 503], [223, 741, 9672, 1144, 986], [7, 2, 428, 1733, 4], [141, 93, 292, 8, 4103]]"]},"markov_matrices":{"abs":{"actual":["[[9241, 410, 25, 0, 5], [217, 2136, 559, 2, 85], [152, 323, 11813, 339, 139], [16, 13, 311, 1833, 1], [55, 117, 58, 0, 4407]]"],"predicted":["[[9631, 447, 95, 18, 95], [208, 1216, 471, 13, 183], [222, 269, 9848, 499, 405], [34, 7, 486, 2381, 18], [191, 152, 343, 15, 5010]]"]}},"metrics":{"downstream":{"cohen_kappa":[0.7242276103906798],"f1_scores":{"N1":[0.41335952848722984],"N2":[0.805697863301262],"N3":[0.6796078431372549],"REM":[0.7930034789331272],"Wake":[0.922930542340628],"macro":[0.7229198512399003]},"loss":[0.9547914266586304],"precisions":{"N1":[0.5031085604973696],"N2":[0.860268611580539],"N3":[0.5922761449077238],"REM":[0.7184381019085975],"Wake":[0.8957908039272868],"macro":[0.7139764445643034]},"recalls":{"N1":[0.3507835945315105],"N2":[0.7576374745417516],"N3":[0.797148114075437],"REM":[0.8848393357774423],"Wake":[0.9517661640156992],"macro":[0.7484349365883681]}}}},"train":{},"valid_pretraining":{}}