{"earlystopping":{"confusion_matrices":{"abs":["[[1176, 285, 48, 12, 39], [80, 504, 205, 7, 35], [54, 259, 1945, 142, 31], [1, 2, 201, 1213, 0], [41, 122, 122, 24, 886]]"]},"markov_matrices":{"abs":{"actual":["[[1273, 229, 40, 1, 17], [112, 387, 291, 0, 41], [103, 174, 2054, 62, 37], [22, 5, 35, 1354, 1], [49, 36, 11, 0, 1099]]"],"predicted":["[[1044, 252, 29, 7, 20], [144, 647, 300, 5, 75], [76, 209, 2138, 64, 34], [22, 8, 43, 1316, 9], [65, 56, 11, 6, 853]]"]}},"metrics":{"downstream":{"cohen_kappa":[0.7035936449797007],"f1_scores":{"N1":[0.5032451323015477],"N2":[0.7855411954765751],"N3":[0.8618117229129663],"REM":[0.8106129917657823],"Wake":[0.8076923076923077],"macro":[0.7537806700298357]},"loss":[1.14662717183431],"precisions":{"N1":[0.4300341296928328],"N2":[0.7715192383974613],"N3":[0.8676680972818311],"REM":[0.8940464177598385],"Wake":[0.8698224852071006],"macro":[0.7666180736678129]},"recalls":{"N1":[0.6064981949458483],"N2":[0.800082270670506],"N3":[0.8560338743824982],"REM":[0.7414225941422594],"Wake":[0.7538461538461538],"macro":[0.7515766175974531]}}}},"test":{"confusion_matrices":{"abs":["[[3577, 983, 161, 88, 47], [260, 1380, 867, 108, 115], [112, 487, 5525, 909, 70], [3, 9, 1150, 2968, 0], [154, 424, 591, 168, 1638]]"]},"markov_matrices":{"abs":{"actual":["[[4051, 689, 82, 1, 32], [350, 1373, 861, 3, 143], [263, 497, 5960, 282, 101], [67, 39, 179, 3844, 1], [124, 132, 21, 0, 2698]]"],"predicted":["[[3164, 758, 78, 41, 65], [470, 1927, 743, 31, 112], [271, 439, 7284, 188, 111], [79, 49, 126, 3958, 29], [121, 110, 63, 23, 1553]]"]}},"metrics":{"downstream":{"cohen_kappa":[0.5985825754121864],"f1_scores":{"N1":[0.45900548810909697],"N2":[0.7176722738195752],"N3":[0.7091148010990324],"REM":[0.6761609907120743],"Wake":[0.798259317116715],"macro":[0.6720425741712989]},"loss":[1.949996593386628],"precisions":{"N1":[0.42034724337496193],"N2":[0.6661442006269592],"N3":[0.6998349445885405],"REM":[0.8759358288770054],"Wake":[0.8711641500243547],"macro":[0.7066852734983643]},"recalls":{"N1":[0.5054945054945055],"N2":[0.7778403491482472],"N3":[0.7186440677966102],"REM":[0.5505882352941176],"Wake":[0.7366144975288303],"macro":[0.6578363310524622]}}}},"train":{},"valid_pretraining":{}}