{
    "earlystopping": {
        "confusion_matrices": {
            "abs": [
                "[[957, 59, 61, 1, 30], [81, 154, 157, 0, 36], [80, 56, 3705, 156, 100], [43, 0, 173, 692, 0], [16, 29, 135, 0, 1073]]"
            ]
        },
        "markov_matrices": {
            "abs": {
                "actual": [
                    "[[862, 210, 21, 0, 14], [64, 148, 206, 0, 10], [130, 65, 3781, 89, 32], [11, 1, 77, 819, 0], [40, 4, 12, 0, 1197]]"
                ],
                "predicted": [
                    "[[938, 140, 69, 0, 29], [49, 125, 119, 0, 5], [136, 28, 3933, 77, 57], [10, 0, 66, 772, 1], [43, 5, 44, 0, 1147]]"
                ]
            }
        },
        "metrics": {
            "downstream": {
                "cohen_kappa": [
                    0.7616027532080709
                ],
                "f1_scores": {
                    "N1": [
                        0.42424242424242425
                    ],
                    "N2": [
                        0.8897694524495677
                    ],
                    "N3": [
                        0.7877063175867958
                    ],
                    "REM": [
                        0.8611556982343499
                    ],
                    "Wake": [
                        0.8376367614879651
                    ],
                    "macro": [
                        0.7601021308002205
                    ]
                },
                "loss": [
                    0.650053858757019
                ],
                "precisions": {
                    "N1": [
                        0.5167785234899329
                    ],
                    "N2": [
                        0.8756795083904514
                    ],
                    "N3": [
                        0.8150765606595995
                    ],
                    "REM": [
                        0.8660209846650525
                    ],
                    "Wake": [
                        0.8130841121495327
                    ],
                    "macro": [
                        0.7773279378709138
                    ]
                },
                "recalls": {
                    "N1": [
                        0.3598130841121495
                    ],
                    "N2": [
                        0.9043202343177935
                    ],
                    "N3": [
                        0.762114537444934
                    ],
                    "REM": [
                        0.8563447725458898
                    ],
                    "Wake": [
                        0.8637184115523465
                    ],
                    "macro": [
                        0.7492622079946226
                    ]
                }
            }
        }
    },
    "test": {
        "confusion_matrices": {
            "abs": [
                "[[2131, 44, 103, 25, 68], [289, 221, 153, 5, 86], [379, 135, 5350, 415, 205], [8, 0, 130, 1291, 12], [60, 18, 116, 0, 1930]]"
            ]
        },
        "markov_matrices": {
            "abs": {
                "actual": [
                    "[[1925, 362, 71, 0, 13], [125, 270, 344, 1, 14], [256, 108, 5893, 174, 52], [18, 2, 155, 1266, 0], [46, 12, 21, 0, 2045]]"
                ],
                "predicted": [
                    "[[2410, 236, 146, 19, 56], [69, 150, 185, 0, 14], [269, 26, 5376, 103, 77], [39, 3, 79, 1594, 21], [79, 3, 66, 20, 2133]]"
                ]
            }
        },
        "metrics": {
            "downstream": {
                "cohen_kappa": [
                    0.7551389654698714
                ],
                "f1_scores": {
                    "N1": [
                        0.3771331058020478
                    ],
                    "N2": [
                        0.8673800259403371
                    ],
                    "N3": [
                        0.8127163991186654
                    ],
                    "REM": [
                        0.872316384180791
                    ],
                    "Wake": [
                        0.8136693394425354
                    ],
                    "macro": [
                        0.7486430508968753
                    ]
                },
                "loss": [
                    0.6688988025371845
                ],
                "precisions": {
                    "N1": [
                        0.5287081339712919
                    ],
                    "N2": [
                        0.9142173615857826
                    ],
                    "N3": [
                        0.743663594470046
                    ],
                    "REM": [
                        0.8387657540199913
                    ],
                    "Wake": [
                        0.7432856644576212
                    ],
                    "macro": [
                        0.7537281017009467
                    ]
                },
                "recalls": {
                    "N1": [
                        0.29310344827586204
                    ],
                    "N2": [
                        0.825107958050586
                    ],
                    "N3": [
                        0.8959056210964608
                    ],
                    "REM": [
                        0.908662900188324
                    ],
                    "Wake": [
                        0.8987768873892872
                    ],
                    "macro": [
                        0.764311363000104
                    ]
                }
            }
        }
    },
    "train": {},
    "valid_pretraining": {}
}
