{"earlystopping":{"confusion_matrices":{"abs":["[[1109, 320, 120, 61, 96], [184, 285, 350, 66, 25], [45, 210, 1545, 503, 52], [3, 3, 31, 1345, 0], [63, 153, 34, 35, 808]]"]},"markov_matrices":{"abs":{"actual":["[[1401, 259, 37, 0, 9], [125, 439, 301, 1, 44], [114, 165, 1969, 73, 33], [25, 5, 43, 1308, 1], [40, 42, 5, 0, 1006]]"],"predicted":["[[1185, 117, 64, 12, 26], [50, 628, 184, 10, 98], [83, 125, 1747, 89, 36], [28, 17, 62, 1887, 16], [57, 84, 23, 12, 805]]"]}},"metrics":{"downstream":{"cohen_kappa":[0.5962770918279221],"f1_scores":{"N1":[0.30303030303030304],"N2":[0.6967305524239008],"N3":[0.7930424528301887],"REM":[0.7791706846673095],"Wake":[0.7131832797427653],"macro":[0.6570314545388934]},"loss":[2.056333541870117],"precisions":{"N1":[0.29351184346035014],"N2":[0.7427884615384616],"N3":[0.6691542288557214],"REM":[0.8236493374108053],"Wake":[0.7898860398860399],"macro":[0.6637979822302756]},"recalls":{"N1":[0.3131868131868132],"N2":[0.6560509554140127],"N3":[0.9732272069464544],"REM":[0.7392497712717292],"Wake":[0.6500586166471278],"macro":[0.6663546726932275]}}}},"test":{"confusion_matrices":{"abs":["[[4039, 419, 341, 103, 138], [816, 925, 1253, 211, 202], [337, 494, 5094, 1090, 94], [77, 53, 297, 3368, 6], [318, 331, 114, 87, 1584]]"]},"markov_matrices":{"abs":{"actual":["[[4102, 786, 104, 4, 43], [364, 1729, 1099, 3, 212], [382, 681, 5745, 228, 73], [56, 29, 147, 3566, 3], [135, 182, 14, 0, 2103]]"],"predicted":["[[4826, 407, 230, 53, 71], [243, 1300, 459, 50, 170], [293, 318, 6121, 290, 77], [97, 48, 237, 4430, 47], [127, 149, 52, 36, 1659]]"]}},"metrics":{"downstream":{"cohen_kappa":[0.5954493945175487],"f1_scores":{"N1":[0.3286551785397051],"N2":[0.7170608108108109],"N3":[0.7778290993071594],"REM":[0.7106325706594886],"Wake":[0.7601392679025125],"macro":[0.6588633854439353]},"loss":[1.9025964071584303],"precisions":{"N1":[0.4162916291629163],"N2":[0.7175658543456825],"N3":[0.6931467380119366],"REM":[0.782608695652174],"Wake":[0.7229282262394845],"macro":[0.6665082286824388]},"recalls":{"N1":[0.2714998532433226],"N2":[0.7165564777043185],"N3":[0.8860826098395159],"REM":[0.6507806080525883],"Wake":[0.8013888888888889],"macro":[0.6652616875457269]}}}},"train":{},"valid_pretraining":{}}