{
    "earlystopping": {
        "confusion_matrices": {
            "abs": [
                "[[1160, 62, 234, 29, 1], [162, 45, 236, 18, 0], [934, 57, 2048, 789, 0], [135, 5, 39, 847, 0], [642, 50, 377, 138, 0]]"
            ]
        },
        "markov_matrices": {
            "abs": {
                "actual": [
                    "[[1212, 234, 24, 0, 15], [70, 143, 236, 0, 12], [144, 80, 3479, 94, 31], [13, 1, 80, 932, 0], [46, 3, 9, 0, 1149]]"
                ],
                "predicted": [
                    "[[2610, 123, 189, 111, 0], [70, 52, 92, 4, 1], [227, 44, 2552, 111, 0], [124, 0, 101, 1595, 0], [1, 0, 0, 0, 0]]"
                ]
            }
        },
        "metrics": {
            "downstream": {
                "cohen_kappa": [
                    0.3258115258521901
                ],
                "f1_scores": {
                    "N1": [
                        0.1323529411764706
                    ],
                    "N2": [
                        0.6057379473528541
                    ],
                    "N3": [
                        0.5950122936424306
                    ],
                    "REM": [
                        0.0
                    ],
                    "Wake": [
                        0.5133879176809029
                    ],
                    "macro": [
                        0.3692982199705316
                    ]
                },
                "loss": [
                    4.419586658477783
                ],
                "precisions": {
                    "N1": [
                        0.2054794520547945
                    ],
                    "N2": [
                        0.6980231765507839
                    ],
                    "N3": [
                        0.46512904997254256
                    ],
                    "REM": [
                        0.0
                    ],
                    "Wake": [
                        0.38245961094625786
                    ],
                    "macro": [
                        0.35021825790487576
                    ]
                },
                "recalls": {
                    "N1": [
                        0.09761388286334056
                    ],
                    "N2": [
                        0.5350052246603971
                    ],
                    "N3": [
                        0.8255360623781677
                    ],
                    "REM": [
                        0.0
                    ],
                    "Wake": [
                        0.7806191117092867
                    ],
                    "macro": [
                        0.4477548563222384
                    ]
                }
            }
        }
    },
    "test": {
        "confusion_matrices": {
            "abs": [
                "[[1449, 68, 390, 306, 0], [422, 42, 270, 100, 0], [1603, 32, 3750, 1213, 0], [221, 0, 39, 1255, 0], [879, 36, 1360, 374, 0]]"
            ]
        },
        "markov_matrices": {
            "abs": {
                "actual": [
                    "[[1846, 336, 22, 0, 8], [106, 332, 383, 0, 13], [188, 148, 6049, 144, 69], [24, 1, 119, 1371, 0], [48, 17, 25, 0, 2559]]"
                ],
                "predicted": [
                    "[[4111, 113, 181, 169, 0], [31, 30, 112, 5, 0], [260, 34, 5256, 259, 0], [171, 1, 260, 2815, 0], [0, 0, 0, 0, 0]]"
                ]
            }
        },
        "metrics": {
            "downstream": {
                "cohen_kappa": [
                    0.2637912217434423
                ],
                "f1_scores": {
                    "N1": [
                        0.08300395256916997
                    ],
                    "N2": [
                        0.6044974611106634
                    ],
                    "N3": [
                        0.5269787948771782
                    ],
                    "REM": [
                        0.0
                    ],
                    "Wake": [
                        0.4269927803153087
                    ],
                    "macro": [
                        0.32829459777446407
                    ]
                },
                "loss": [
                    5.565214369032118
                ],
                "precisions": {
                    "N1": [
                        0.23595505617977527
                    ],
                    "N2": [
                        0.6455500086073335
                    ],
                    "N3": [
                        0.38639162561576357
                    ],
                    "REM": [
                        0.0
                    ],
                    "Wake": [
                        0.31679055531263667
                    ],
                    "macro": [
                        0.3169374491431018
                    ]
                },
                "recalls": {
                    "N1": [
                        0.050359712230215826
                    ],
                    "N2": [
                        0.5683540466808124
                    ],
                    "N3": [
                        0.8283828382838284
                    ],
                    "REM": [
                        0.0
                    ],
                    "Wake": [
                        0.6547672842295527
                    ],
                    "macro": [
                        0.42037277628488184
                    ]
                }
            }
        }
    },
    "train": {},
    "valid_pretraining": {}
}
