{
    "earlystopping": {
        "confusion_matrices": {
            "abs": [
                "[[910, 274, 197, 1, 106], [58, 182, 109, 1, 121], [16, 92, 2665, 159, 908], [0, 1, 327, 439, 152], [12, 53, 77, 7, 1017]]"
            ]
        },
        "markov_matrices": {
            "abs": {
                "actual": [
                    "[[1224, 231, 17, 0, 15], [74, 164, 222, 0, 11], [132, 73, 3531, 73, 31], [11, 0, 62, 846, 0], [46, 3, 8, 0, 1109]]"
                ],
                "predicted": [
                    "[[788, 167, 17, 0, 24], [90, 317, 120, 1, 74], [59, 71, 3015, 63, 166], [3, 1, 65, 486, 52], [55, 46, 158, 57, 1988]]"
                ]
            }
        },
        "metrics": {
            "downstream": {
                "cohen_kappa": [
                    0.5234369195553619
                ],
                "f1_scores": {
                    "N1": [
                        0.3392357875116496
                    ],
                    "N2": [
                        0.7387387387387387
                    ],
                    "N3": [
                        0.5753604193971167
                    ],
                    "REM": [
                        0.5861671469740635
                    ],
                    "Wake": [
                        0.7326892109500805
                    ],
                    "macro": [
                        0.5944382607143298
                    ]
                },
                "loss": [
                    1.9314517974853516
                ],
                "precisions": {
                    "N1": [
                        0.3023255813953488
                    ],
                    "N2": [
                        0.7896296296296297
                    ],
                    "N3": [
                        0.7232289950576606
                    ],
                    "REM": [
                        0.44140625
                    ],
                    "Wake": [
                        0.9136546184738956
                    ],
                    "macro": [
                        0.6340490149113068
                    ]
                },
                "recalls": {
                    "N1": [
                        0.386411889596603
                    ],
                    "N2": [
                        0.6940104166666666
                    ],
                    "N3": [
                        0.4776931447225245
                    ],
                    "REM": [
                        0.87221269296741
                    ],
                    "Wake": [
                        0.6115591397849462
                    ],
                    "macro": [
                        0.6083774567476301
                    ]
                }
            }
        }
    },
    "test": {
        "confusion_matrices": {
            "abs": [
                "[[1338, 383, 517, 45, 233], [33, 306, 189, 1, 177], [79, 271, 4250, 371, 1560], [1, 3, 495, 883, 145], [43, 100, 327, 35, 1666]]"
            ]
        },
        "markov_matrices": {
            "abs": {
                "actual": [
                    "[[2107, 335, 57, 1, 15], [101, 257, 328, 0, 20], [233, 100, 5972, 176, 50], [18, 3, 155, 1350, 1], [56, 11, 19, 0, 2085]]"
                ],
                "predicted": [
                    "[[1123, 298, 42, 4, 27], [161, 527, 234, 3, 138], [118, 127, 5142, 122, 268], [11, 1, 114, 1153, 56], [80, 110, 246, 53, 3292]]"
                ]
            }
        },
        "metrics": {
            "downstream": {
                "cohen_kappa": [
                    0.4755194354141712
                ],
                "f1_scores": {
                    "N1": [
                        0.34595816845675526
                    ],
                    "N2": [
                        0.6905516288894306
                    ],
                    "N3": [
                        0.6170510132774285
                    ],
                    "REM": [
                        0.5598118279569892
                    ],
                    "Wake": [
                        0.6673316708229425
                    ],
                    "macro": [
                        0.5761408618807092
                    ]
                },
                "loss": [
                    2.260567135281033
                ],
                "precisions": {
                    "N1": [
                        0.2878645343367827
                    ],
                    "N2": [
                        0.7355486327448945
                    ],
                    "N3": [
                        0.6614232209737828
                    ],
                    "REM": [
                        0.44062417349907435
                    ],
                    "Wake": [
                        0.8955823293172691
                    ],
                    "macro": [
                        0.6042085781743607
                    ]
                },
                "recalls": {
                    "N1": [
                        0.43342776203966005
                    ],
                    "N2": [
                        0.6507426121574031
                    ],
                    "N3": [
                        0.5782580222658809
                    ],
                    "REM": [
                        0.7673883003224321
                    ],
                    "Wake": [
                        0.5317965023847376
                    ],
                    "macro": [
                        0.5923226398340228
                    ]
                }
            }
        }
    },
    "train": {},
    "valid_pretraining": {}
}
