{"earlystopping":{"confusion_matrices":{"abs":["[[994, 103, 29, 40, 85], [120, 284, 277, 8, 152], [45, 96, 2139, 219, 222], [1, 1, 258, 1257, 3], [21, 47, 55, 28, 920]]"]},"markov_matrices":{"abs":{"actual":["[[981, 212, 41, 1, 16], [91, 401, 312, 1, 36], [102, 188, 2320, 72, 38], [30, 5, 38, 1446, 1], [46, 35, 10, 0, 980]]"],"predicted":["[[933, 167, 49, 3, 29], [58, 232, 160, 9, 72], [95, 67, 2365, 130, 101], [17, 17, 101, 1404, 12], [78, 48, 83, 5, 1168]]"]}},"metrics":{"downstream":{"cohen_kappa":[0.6774790552859011],"f1_scores":{"N1":[0.4139941690962099],"N2":[0.780799415951816],"N3":[0.818359375],"REM":[0.7501019160211986],"Wake":[0.8174342105263158],"macro":[0.716137817319108]},"loss":[1.5085492451985678],"precisions":{"N1":[0.5348399246704332],"N2":[0.7755620014503263],"N3":[0.8099226804123711],"REM":[0.6657018813314037],"Wake":[0.8416596104995766],"macro":[0.7255372196728221]},"recalls":{"N1":[0.3376932223543401],"N2":[0.7861080485115767],"N3":[0.8269736842105263],"REM":[0.8590102707749766],"Wake":[0.7945643485211831],"macro":[0.7208699148745206]}}}},"test":{"confusion_matrices":{"abs":["[[2088, 670, 205, 28, 220], [257, 993, 994, 33, 322], [186, 800, 5075, 429, 432], [2, 24, 968, 3276, 26], [55, 417, 411, 15, 1913]]"]},"markov_matrices":{"abs":{"actual":["[[2639, 499, 37, 1, 34], [225, 1407, 847, 6, 114], [206, 561, 5876, 194, 85], [45, 19, 132, 4095, 5], [95, 113, 30, 0, 2573]]"],"predicted":["[[2058, 428, 50, 3, 48], [245, 1795, 634, 24, 206], [152, 435, 6521, 314, 231], [26, 38, 278, 3409, 30], [106, 208, 170, 31, 2398]]"]}},"metrics":{"downstream":{"cohen_kappa":[0.5710131867766547],"f1_scores":{"N1":[0.36089405778666184],"N2":[0.6963979416809606],"N3":[0.8111922743592919],"REM":[0.6684136967155835],"Wake":[0.7201241593378168],"macro":[0.651404425976063]},"loss":[2.546208699544271],"precisions":{"N1":[0.3419421487603306],"N2":[0.6631386384424409],"N3":[0.8664374504099445],"REM":[0.6567112941984209],"Wake":[0.8068006182380216],"macro":[0.6670060300098317]},"recalls":{"N1":[0.38207002693343595],"N2":[0.7331696041606472],"N3":[0.7625698324022346],"REM":[0.6805407328352899],"Wake":[0.650264715042043],"macro":[0.6417229822747301]}}}},"train":{},"valid_pretraining":{}}