{
    "earlystopping": {
        "confusion_matrices": {
            "abs": [
                "[[501, 68, 363, 28, 148], [100, 18, 213, 6, 91], [657, 111, 1986, 326, 1017], [14, 0, 90, 434, 370], [397, 73, 217, 3, 563]]"
            ]
        },
        "markov_matrices": {
            "abs": {
                "actual": [
                    "[[862, 210, 21, 0, 14], [64, 148, 206, 0, 10], [130, 65, 3781, 89, 32], [11, 1, 77, 819, 0], [40, 4, 12, 0, 1197]]"
                ],
                "predicted": [
                    "[[1030, 137, 193, 11, 298], [106, 77, 54, 4, 29], [194, 29, 2402, 88, 156], [15, 2, 82, 622, 75], [324, 24, 138, 72, 1631]]"
                ]
            }
        },
        "metrics": {
            "downstream": {
                "cohen_kappa": [
                    0.23206601305512087
                ],
                "f1_scores": {
                    "N1": [
                        0.05157593123209169
                    ],
                    "N2": [
                        0.570198105081826
                    ],
                    "N3": [
                        0.509090909090909
                    ],
                    "REM": [
                        0.3271353864032539
                    ],
                    "Wake": [
                        0.3608210298883687
                    ],
                    "macro": [
                        0.3637642723392899
                    ]
                },
                "loss": [
                    3.1460154056549072
                ],
                "precisions": {
                    "N1": [
                        0.06666666666666667
                    ],
                    "N2": [
                        0.6922272568839317
                    ],
                    "N3": [
                        0.5445420326223338
                    ],
                    "REM": [
                        0.25719506624029237
                    ],
                    "Wake": [
                        0.30017974835230676
                    ],
                    "macro": [
                        0.3721621541531063
                    ]
                },
                "recalls": {
                    "N1": [
                        0.04205607476635514
                    ],
                    "N2": [
                        0.48474493531852575
                    ],
                    "N3": [
                        0.4779735682819383
                    ],
                    "REM": [
                        0.4493216280925778
                    ],
                    "Wake": [
                        0.45216606498194944
                    ],
                    "macro": [
                        0.38125245428826926
                    ]
                }
            }
        }
    },
    "test": {
        "confusion_matrices": {
            "abs": [
                "[[1245, 156, 450, 126, 394], [304, 54, 247, 19, 130], [1101, 170, 3636, 350, 1227], [22, 0, 204, 646, 569], [664, 79, 458, 16, 907]]"
            ]
        },
        "markov_matrices": {
            "abs": {
                "actual": [
                    "[[1925, 362, 71, 0, 13], [125, 270, 344, 1, 14], [256, 108, 5893, 174, 52], [18, 2, 155, 1266, 0], [46, 12, 21, 0, 2045]]"
                ],
                "predicted": [
                    "[[2253, 256, 320, 33, 474], [167, 104, 135, 6, 47], [381, 76, 4158, 177, 202], [38, 8, 163, 847, 101], [497, 15, 219, 94, 2402]]"
                ]
            }
        },
        "metrics": {
            "downstream": {
                "cohen_kappa": [
                    0.2918910748858693
                ],
                "f1_scores": {
                    "N1": [
                        0.08903544929925804
                    ],
                    "N2": [
                        0.6335046606847287
                    ],
                    "N3": [
                        0.4973056197074673
                    ],
                    "REM": [
                        0.33900205569052516
                    ],
                    "Wake": [
                        0.43630629052041353
                    ],
                    "macro": [
                        0.39903081518047856
                    ]
                },
                "loss": [
                    2.8260662372295675
                ],
                "precisions": {
                    "N1": [
                        0.11764705882352941
                    ],
                    "N2": [
                        0.7279279279279279
                    ],
                    "N3": [
                        0.5583405358686258
                    ],
                    "REM": [
                        0.28106600557793615
                    ],
                    "Wake": [
                        0.3732014388489209
                    ],
                    "macro": [
                        0.41163659340938796
                    ]
                },
                "recalls": {
                    "N1": [
                        0.07161803713527852
                    ],
                    "N2": [
                        0.5607649599012955
                    ],
                    "N3": [
                        0.4482997918112422
                    ],
                    "REM": [
                        0.4270244821092279
                    ],
                    "Wake": [
                        0.5250948966680725
                    ],
                    "macro": [
                        0.40656043352502325
                    ]
                }
            }
        }
    },
    "train": {},
    "valid_pretraining": {}
}
