{"earlystopping":{"confusion_matrices":{"abs":["[[5712, 28, 14, 31, 301], [765, 43, 324, 202, 426], [470, 164, 3141, 2083, 639], [8, 0, 82, 1456, 3], [967, 82, 192, 182, 1329]]"]},"markov_matrices":{"abs":{"actual":["[[5819, 253, 12, 0, 1], [157, 1185, 319, 2, 97], [66, 186, 5820, 317, 108], [7, 16, 296, 1230, 0], [36, 120, 50, 0, 2546]]"],"predicted":["[[7327, 59, 144, 70, 321], [54, 128, 54, 6, 75], [95, 37, 3260, 169, 192], [98, 11, 127, 3659, 59], [347, 82, 168, 50, 2051]]"]}},"metrics":{"downstream":{"cohen_kappa":[0.5024115041136472],"f1_scores":{"N1":[0.041405873856523834],"N2":[0.6128780487804878],"N3":[0.529165909503907],"REM":[0.48770642201834863],"Wake":[0.8155339805825242],"macro":[0.4973380469483583]},"loss":[2.237392116237331],"precisions":{"N1":[0.13564668769716087],"N2":[0.8369304556354916],"N3":[0.3682346990389479],"REM":[0.49258710155670865],"Wake":[0.721030042918455],"macro":[0.5108857973693528]},"recalls":{"N1":[0.024431818181818183],"N2":[0.48345390180083114],"N3":[0.9399612653324726],"REM":[0.482921511627907],"Wake":[0.9385474860335196],"macro":[0.5738631965953097]}}}},"test":{"confusion_matrices":{"abs":["[[8836, 60, 155, 53, 578], [1860, 72, 397, 114, 556], [1861, 291, 6797, 2748, 1069], [12, 2, 93, 2041, 26], [2423, 58, 323, 37, 1796]]"]},"markov_matrices":{"abs":{"actual":["[[9241, 410, 25, 0, 5], [217, 2136, 559, 2, 85], [152, 323, 11813, 339, 139], [16, 13, 311, 1833, 1], [55, 117, 58, 0, 4407]]"],"predicted":["[[13756, 125, 434, 79, 597], [99, 180, 115, 6, 83], [350, 81, 6810, 240, 284], [154, 7, 149, 4621, 62], [632, 90, 257, 47, 2999]]"]}},"metrics":{"downstream":{"cohen_kappa":[0.464032122078201],"f1_scores":{"N1":[0.04135554279149914],"N2":[0.6621206955335833],"N3":[0.5695549044230501],"REM":[0.41468483029323483],"Wake":[0.716219502310124],"macro":[0.48078709507029826]},"loss":[2.514533758163452],"precisions":{"N1":[0.14906832298136646],"N2":[0.8753380553766903],"N3":[0.40877228119367115],"REM":[0.4462111801242236],"Wake":[0.5893810032017076],"macro":[0.4937541685755318]},"recalls":{"N1":[0.02400800266755585],"N2":[0.5324298919003604],"N3":[0.9388224471021159],"REM":[0.3873193875350442],"Wake":[0.912621359223301],"macro":[0.5590402176856755]}}}},"train":{},"valid_pretraining":{}}