{
    "earlystopping": {
        "confusion_matrices": {
            "abs": [
                "[[960, 30, 407, 4, 87], [148, 4, 182, 0, 137], [529, 5, 2870, 121, 315], [45, 0, 370, 504, 0], [202, 10, 54, 11, 889]]"
            ]
        },
        "markov_matrices": {
            "abs": {
                "actual": [
                    "[[1224, 231, 17, 0, 15], [74, 164, 222, 0, 11], [132, 73, 3531, 73, 31], [11, 0, 62, 846, 0], [46, 3, 8, 0, 1109]]"
                ],
                "predicted": [
                    "[[1516, 13, 234, 1, 120], [18, 8, 8, 1, 14], [235, 8, 3459, 75, 105], [4, 1, 73, 560, 2], [110, 19, 109, 3, 1187]]"
                ]
            }
        },
        "metrics": {
            "downstream": {
                "cohen_kappa": [
                    0.5032191124934331
                ],
                "f1_scores": {
                    "N1": [
                        0.015384615384615384
                    ],
                    "N2": [
                        0.7432344943674738
                    ],
                    "N3": [
                        0.6465683130211675
                    ],
                    "REM": [
                        0.6854279105628373
                    ],
                    "Wake": [
                        0.5693950177935944
                    ],
                    "macro": [
                        0.5320020702259376
                    ]
                },
                "loss": [
                    3.237186908721924
                ],
                "precisions": {
                    "N1": [
                        0.08163265306122448
                    ],
                    "N2": [
                        0.7391192377028071
                    ],
                    "N3": [
                        0.7875
                    ],
                    "REM": [
                        0.6225490196078431
                    ],
                    "Wake": [
                        0.5095541401273885
                    ],
                    "macro": [
                        0.5480710100998526
                    ]
                },
                "recalls": {
                    "N1": [
                        0.008492569002123142
                    ],
                    "N2": [
                        0.7473958333333334
                    ],
                    "N3": [
                        0.5484221980413493
                    ],
                    "REM": [
                        0.7624356775300172
                    ],
                    "Wake": [
                        0.6451612903225806
                    ],
                    "macro": [
                        0.5423815136458807
                    ]
                }
            }
        }
    },
    "test": {
        "confusion_matrices": {
            "abs": [
                "[[1537, 29, 736, 15, 199], [113, 14, 303, 4, 272], [268, 14, 5121, 403, 725], [1, 0, 958, 568, 0], [342, 29, 540, 56, 1204]]"
            ]
        },
        "markov_matrices": {
            "abs": {
                "actual": [
                    "[[2107, 335, 57, 1, 15], [101, 257, 328, 0, 20], [233, 100, 5972, 176, 50], [18, 3, 155, 1350, 1], [56, 11, 19, 0, 2085]]"
                ],
                "predicted": [
                    "[[1584, 23, 429, 8, 216], [35, 12, 14, 9, 16], [431, 19, 6824, 152, 232], [14, 9, 152, 863, 8], [197, 23, 238, 14, 1928]]"
                ]
            }
        },
        "metrics": {
            "downstream": {
                "cohen_kappa": [
                    0.43097065986321537
                ],
                "f1_scores": {
                    "N1": [
                        0.03535353535353535
                    ],
                    "N2": [
                        0.7218267672140392
                    ],
                    "N3": [
                        0.44150796735328407
                    ],
                    "REM": [
                        0.5267993874425727
                    ],
                    "Wake": [
                        0.6435001046682018
                    ],
                    "macro": [
                        0.4737975524063266
                    ]
                },
                "loss": [
                    3.5992663348162615
                ],
                "precisions": {
                    "N1": [
                        0.16279069767441862
                    ],
                    "N2": [
                        0.6687124575607208
                    ],
                    "N3": [
                        0.5430210325047801
                    ],
                    "REM": [
                        0.5016666666666667
                    ],
                    "Wake": [
                        0.6797877045555064
                    ],
                    "macro": [
                        0.5111957117924184
                    ]
                },
                "recalls": {
                    "N1": [
                        0.019830028328611898
                    ],
                    "N2": [
                        0.7841065686724851
                    ],
                    "N3": [
                        0.3719711853307138
                    ],
                    "REM": [
                        0.5545831414094887
                    ],
                    "Wake": [
                        0.6108903020667726
                    ],
                    "macro": [
                        0.46827624516161437
                    ]
                }
            }
        }
    },
    "train": {},
    "valid_pretraining": {}
}
