{"earlystopping":{"confusion_matrices":{"abs":["[[6120, 833, 352, 13, 342], [99, 757, 845, 17, 209], [6, 598, 6167, 120, 215], [0, 0, 850, 274, 4], [0, 108, 532, 15, 2186]]"]},"markov_matrices":{"abs":{"actual":["[[7290, 345, 19, 0, 5], [197, 1257, 361, 3, 109], [94, 200, 6433, 271, 108], [13, 13, 248, 854, 0], [65, 112, 45, 0, 2619]]"],"predicted":["[[5871, 257, 43, 6, 47], [210, 1675, 303, 0, 108], [85, 212, 8067, 179, 203], [6, 0, 176, 252, 5], [52, 152, 157, 2, 2593]]"]}},"metrics":{"downstream":{"cohen_kappa":[0.6491580247889633],"f1_scores":{"N1":[0.35851290551740467],"N2":[0.778072167549836],"N3":[0.3497128270580728],"REM":[0.7541831982059686],"Wake":[0.8815268275117033],"macro":[0.6244015851685971]},"loss":[1.4279357165825077],"precisions":{"N1":[0.3297038327526132],"N2":[0.7051223416418935],"N3":[0.6241457858769932],"REM":[0.7395128552097429],"Wake":[0.983132530120482],"macro":[0.676323469120345]},"recalls":{"N1":[0.3928386092371562],"N2":[0.8678581480439066],"N3":[0.2429078014184397],"REM":[0.7694473776839141],"Wake":[0.7989556135770235],"macro":[0.614401509992088]}}}},"test":{"confusion_matrices":{"abs":["[[8260, 943, 708, 29, 841], [950, 1273, 799, 9, 674], [101, 1964, 8087, 66, 2702], [1, 1, 1309, 574, 151], [162, 616, 542, 4, 3516]]"]},"markov_matrices":{"abs":{"actual":["[[10118, 616, 19, 0, 27], [361, 2625, 600, 0, 119], [180, 332, 11792, 467, 149], [22, 6, 436, 1569, 3], [99, 126, 73, 0, 4542]]"],"predicted":["[[8771, 438, 117, 2, 145], [359, 3526, 479, 0, 433], [159, 348, 10343, 263, 332], [12, 3, 253, 410, 4], [172, 482, 253, 7, 6970]]"]}},"metrics":{"downstream":{"cohen_kappa":[0.5034221342685307],"f1_scores":{"N1":[0.2994589508350976],"N2":[0.6638210547917094],"N3":[0.42236938925680645],"REM":[0.5526563973593209],"Wake":[0.8156010861515676],"macro":[0.5507813756789004]},"loss":[2.3437165217613107],"precisions":{"N1":[0.2653741922034605],"N2":[0.7065967671472259],"N3":[0.841642228739003],"REM":[0.4459665144596651],"Wake":[0.871859826894659],"macro":[0.6262879058888027]},"recalls":{"N1":[0.3435897435897436],"N2":[0.6259287925696595],"N3":[0.2819253438113949],"REM":[0.7264462809917356],"Wake":[0.7661626936276783],"macro":[0.5488105709180424]}}}},"train":{},"valid_pretraining":{}}