{"earlystopping":{"confusion_matrices":{"abs":["[[889, 136, 29, 47, 150], [93, 533, 72, 61, 82], [36, 462, 1311, 779, 133], [2, 4, 45, 1466, 3], [20, 105, 10, 19, 917]]"]},"markov_matrices":{"abs":{"actual":["[[981, 212, 41, 1, 16], [91, 401, 312, 1, 36], [102, 188, 2320, 72, 38], [30, 5, 38, 1446, 1], [46, 35, 10, 0, 980]]"],"predicted":["[[771, 208, 21, 7, 33], [115, 792, 171, 45, 116], [51, 122, 1163, 94, 37], [27, 31, 84, 2204, 26], [75, 87, 28, 22, 1073]]"]}},"metrics":{"downstream":{"cohen_kappa":[0.6105841130722541],"f1_scores":{"N1":[0.5122537241710716],"N2":[0.6260744985673352],"N3":[0.7533401849948612],"REM":[0.7784380305602716],"Wake":[0.7760803142732431],"macro":[0.6892373505133566]},"loss":[2.2003194173177083],"precisions":{"N1":[0.42983870967741933],"N2":[0.8936605316973415],"N3":[0.6180438448566611],"REM":[0.7136186770428016],"Wake":[0.8548076923076923],"macro":[0.7019938911163832]},"recalls":{"N1":[0.633769322235434],"N2":[0.48180815876515987],"N3":[0.9644736842105263],"REM":[0.8562091503267973],"Wake":[0.7106314948041567],"macro":[0.7293783620684149]}}}},"test":{"confusion_matrices":{"abs":["[[1646, 812, 420, 64, 269], [174, 1262, 736, 150, 277], [120, 1142, 3754, 1439, 467], [1, 22, 266, 3992, 15], [50, 687, 315, 53, 1706]]"]},"markov_matrices":{"abs":{"actual":["[[2639, 499, 37, 1, 34], [225, 1407, 847, 6, 114], [206, 561, 5876, 194, 85], [45, 19, 132, 4095, 5], [95, 113, 30, 0, 2573]]"],"predicted":["[[1485, 410, 27, 9, 60], [264, 2675, 627, 40, 319], [87, 507, 4471, 341, 85], [29, 48, 305, 5255, 60], [125, 285, 61, 53, 2210]]"]}},"metrics":{"downstream":{"cohen_kappa":[0.5164060793452205],"f1_scores":{"N1":[0.3868792152053955],"N2":[0.6048497542898574],"N3":[0.7988793275965579],"REM":[0.6153291253381424],"Wake":[0.6328335255670896],"macro":[0.6077541895994086]},"loss":[2.9664146227714343],"precisions":{"N1":[0.32152866242038214],"N2":[0.6836641777454016],"N3":[0.7005967005967007],"REM":[0.6239941477688369],"Wake":[0.826720241084882],"macro":[0.6313007859232407]},"recalls":{"N1":[0.4855713736052328],"N2":[0.542328806703265],"N3":[0.9292364990689013],"REM":[0.6069014585556741],"Wake":[0.5126128931796948],"macro":[0.6153302062225536]}}}},"train":{},"valid_pretraining":{}}