{"earlystopping":{"confusion_matrices":{"abs":["[[641, 432, 264, 40, 0], [74, 187, 576, 38, 0], [7, 95, 2066, 289, 0], [1, 5, 189, 1348, 0], [47, 402, 633, 144, 2]]"]},"markov_matrices":{"abs":{"actual":["[[1107, 224, 32, 1, 13], [103, 420, 304, 1, 47], [91, 183, 2069, 75, 39], [26, 6, 44, 1466, 0], [49, 42, 8, 0, 1129]]"],"predicted":["[[587, 109, 62, 12, 0], [89, 748, 246, 37, 1], [76, 215, 3287, 149, 1], [18, 47, 132, 1661, 0], [0, 2, 0, 0, 0]]"]}},"metrics":{"downstream":{"cohen_kappa":[0.42201378716971893],"f1_scores":{"N1":[0.187374749498998],"N2":[0.6680679062247372],"N3":[0.7924750146972369],"REM":[0.0032520325203252032],"Wake":[0.5971122496506753],"macro":[0.44965639051839457]},"loss":[1.125033187866211],"precisions":{"N1":[0.16681534344335414],"N2":[0.5541845493562232],"N3":[0.7251210328133405],"REM":[1.0],"Wake":[0.8324675324675325],"macro":[0.6557176916160901]},"recalls":{"N1":[0.21371428571428572],"N2":[0.8408628408628409],"N3":[0.8736228127025275],"REM":[0.0016286644951140066],"Wake":[0.46550472040668117],"macro":[0.47906666483628985]}}}},"test":{"confusion_matrices":{"abs":["[[2279, 1994, 682, 206, 0], [241, 763, 1337, 242, 0], [36, 393, 4154, 923, 0], [1, 13, 605, 3104, 0], [109, 1052, 963, 168, 1]]"]},"markov_matrices":{"abs":{"actual":["[[4415, 676, 55, 1, 13], [385, 1308, 745, 5, 140], [218, 440, 4532, 223, 93], [51, 23, 150, 3494, 5], [91, 136, 24, 0, 2042]]"],"predicted":["[[2096, 367, 177, 26, 0], [331, 3065, 667, 152, 0], [196, 625, 6534, 385, 1], [43, 156, 363, 4080, 0], [0, 1, 0, 0, 0]]"]}},"metrics":{"downstream":{"cohen_kappa":[0.3973956791469122],"f1_scores":{"N1":[0.2244777875845837],"N2":[0.6271608666113082],"N3":[0.7420511594549366],"REM":[0.0008718395815170009],"Wake":[0.5823431710744857],"macro":[0.4353809648613661]},"loss":[1.1813003138491982],"precisions":{"N1":[0.18102016607354685],"N2":[0.5366231753003488],"N3":[0.6685332758992031],"REM":[1.0],"Wake":[0.8548387096774194],"macro":[0.6482030653901036]},"recalls":{"N1":[0.2953929539295393],"N2":[0.7544496912459135],"N3":[0.8337362342197153],"REM":[0.0004361098996947231],"Wake":[0.44158108893625264],"macro":[0.46511921564622305]}}}},"train":{},"valid_pretraining":{}}