{"earlystopping":{"confusion_matrices":{"abs":["[[5815, 238, 14, 2, 17], [348, 805, 490, 11, 106], [104, 287, 5497, 450, 159], [4, 9, 455, 1081, 0], [146, 107, 307, 0, 2192]]"]},"markov_matrices":{"abs":{"actual":["[[5819, 253, 12, 0, 1], [157, 1185, 319, 2, 97], [66, 186, 5820, 317, 108], [7, 16, 296, 1230, 0], [36, 120, 50, 0, 2546]]"],"predicted":["[[6083, 278, 24, 4, 27], [132, 973, 306, 1, 34], [124, 140, 6180, 191, 128], [16, 6, 175, 1347, 0], [61, 49, 78, 1, 2285]]"]}},"metrics":{"downstream":{"cohen_kappa":[0.7600750127148121],"f1_scores":{"N1":[0.5021834061135371],"N2":[0.8291101055806939],"N3":[0.6989977368250889],"REM":[0.8388825105243015],"Wake":[0.9301767575781812],"macro":[0.7598701033243604]},"loss":[0.4795364689182591],"precisions":{"N1":[0.5567081604426003],"N2":[0.8128049682093745],"N3":[0.7001295336787565],"REM":[0.8860145513338723],"Wake":[0.9061866916004363],"macro":[0.772368781053008]},"recalls":{"N1":[0.45738636363636365],"N2":[0.8460828074495921],"N3":[0.697869593285991],"REM":[0.7965116279069767],"Wake":[0.9554715741045021],"macro":[0.7506643932766851]}}}},"test":{"confusion_matrices":{"abs":["[[9202, 304, 98, 5, 73], [599, 1518, 600, 7, 275], [163, 1067, 10681, 351, 504], [3, 17, 526, 1626, 2], [101, 156, 339, 0, 4041]]"]},"markov_matrices":{"abs":{"actual":["[[9241, 410, 25, 0, 5], [217, 2136, 559, 2, 85], [152, 323, 11813, 339, 139], [16, 13, 311, 1833, 1], [55, 117, 58, 0, 4407]]"],"predicted":["[[9469, 518, 40, 0, 40], [249, 2168, 553, 0, 92], [204, 264, 11398, 171, 207], [20, 11, 140, 1818, 0], [125, 101, 113, 0, 4556]]"]}},"metrics":{"downstream":{"cohen_kappa":[0.7769495546722232],"f1_scores":{"N1":[0.5009074410163339],"N2":[0.8541383446621351],"N3":[0.7811674273360557],"REM":[0.8478808224926563],"Wake":[0.9318481012658227],"macro":[0.7831884273546008]},"loss":[0.42702826857566833],"precisions":{"N1":[0.495754408883083],"N2":[0.8723456386801699],"N3":[0.8174962292609351],"REM":[0.8255362614913176],"Wake":[0.9139849026618991],"macro":[0.785023488195481]},"recalls":{"N1":[0.5061687229076359],"N2":[0.8366755444148519],"N3":[0.7479300827966882],"REM":[0.8714686219538494],"Wake":[0.9504234662259864],"macro":[0.7825332876598023]}}}},"train":{},"valid_pretraining":{}}