{"earlystopping":{"confusion_matrices":{"abs":["[[1188, 97, 85, 47, 289], [138, 187, 394, 19, 172], [35, 81, 1883, 231, 125], [1, 0, 123, 1243, 15], [4, 18, 52, 0, 1019]]"]},"markov_matrices":{"abs":{"actual":["[[1401, 259, 37, 0, 9], [125, 439, 301, 1, 44], [114, 165, 1969, 73, 33], [25, 5, 43, 1308, 1], [40, 42, 5, 0, 1006]]"],"predicted":["[[1171, 82, 67, 4, 42], [18, 164, 153, 1, 47], [89, 87, 2219, 80, 61], [17, 7, 51, 1447, 18], [70, 43, 47, 8, 1452]]"]}},"metrics":{"downstream":{"cohen_kappa":[0.6656363432249373],"f1_scores":{"N1":[0.28924980665119876],"N2":[0.7698282910874897],"N3":[0.8507871321013005],"REM":[0.7511979358643568],"Wake":[0.7734375],"macro":[0.6869001331408692]},"loss":[1.4725082397460938],"precisions":{"N1":[0.48825065274151436],"N2":[0.7422152148206543],"N3":[0.8071428571428572],"REM":[0.6290123456790123],"Wake":[0.8696925329428989],"macro":[0.7072627206653874]},"recalls":{"N1":[0.20549450549450549],"N2":[0.7995753715498939],"N3":[0.8994211287988423],"REM":[0.9322964318389753],"Wake":[0.6963657678780774],"macro":[0.7066306411120589]}}}},"test":{"confusion_matrices":{"abs":["[[3851, 265, 264, 62, 598], [572, 442, 1425, 89, 879], [409, 175, 5520, 642, 363], [61, 3, 507, 3218, 12], [148, 34, 142, 3, 2107]]"]},"markov_matrices":{"abs":{"actual":["[[4102, 786, 104, 4, 43], [364, 1729, 1099, 3, 212], [382, 681, 5745, 228, 73], [56, 29, 147, 3566, 3], [135, 182, 14, 0, 2103]]"],"predicted":["[[4466, 178, 176, 25, 196], [68, 423, 310, 9, 109], [233, 180, 7036, 227, 182], [52, 19, 173, 3733, 36], [221, 119, 163, 20, 3436]]"]}},"metrics":{"downstream":{"cohen_kappa":[0.6034088073855537],"f1_scores":{"N1":[0.20434581599630144],"N2":[0.7376227700942073],"N3":[0.8235444657709533],"REM":[0.6591584545596746],"Wake":[0.7640115067949608],"macro":[0.6377366026432194]},"loss":[1.9508766351744187],"precisions":{"N1":[0.4809575625680087],"N2":[0.7024688215831],"N3":[0.8016940707523668],"REM":[0.5322051022985602],"Wake":[0.763935727038286],"macro":[0.6562522568480643]},"recalls":{"N1":[0.12973290284707953],"N2":[0.7764805176536784],"N3":[0.8466193107077085],"REM":[0.8656532456861133],"Wake":[0.7640873015873015],"macro":[0.6765146556963761]}}}},"train":{},"valid_pretraining":{}}