{
    "earlystopping": {
        "confusion_matrices": {
            "abs": [
                "[[787, 92, 158, 2, 69], [57, 121, 230, 0, 20], [85, 230, 3415, 116, 251], [4, 15, 179, 531, 179], [24, 55, 574, 0, 600]]"
            ]
        },
        "markov_matrices": {
            "abs": {
                "actual": [
                    "[[862, 210, 21, 0, 14], [64, 148, 206, 0, 10], [130, 65, 3781, 89, 32], [11, 1, 77, 819, 0], [40, 4, 12, 0, 1197]]"
                ],
                "predicted": [
                    "[[696, 130, 106, 2, 23], [65, 273, 142, 2, 31], [162, 72, 4159, 36, 126], [10, 4, 28, 584, 23], [23, 34, 121, 25, 916]]"
                ]
            }
        },
        "metrics": {
            "downstream": {
                "cohen_kappa": [
                    0.5300607317571858
                ],
                "f1_scores": {
                    "N1": [
                        0.257173219978746
                    ],
                    "N2": [
                        0.7893216225586502
                    ],
                    "N3": [
                        0.6820809248554913
                    ],
                    "REM": [
                        0.5059021922428331
                    ],
                    "Wake": [
                        0.7622276029055691
                    ],
                    "macro": [
                        0.599341112508258
                    ]
                },
                "loss": [
                    2.097365379333496
                ],
                "precisions": {
                    "N1": [
                        0.23586744639376217
                    ],
                    "N2": [
                        0.7495610184372257
                    ],
                    "N3": [
                        0.8181818181818182
                    ],
                    "REM": [
                        0.5361930294906166
                    ],
                    "Wake": [
                        0.8223615464994776
                    ],
                    "macro": [
                        0.63243297180058
                    ]
                },
                "recalls": {
                    "N1": [
                        0.2827102803738318
                    ],
                    "N2": [
                        0.833536734195753
                    ],
                    "N3": [
                        0.5848017621145375
                    ],
                    "REM": [
                        0.4788507581803671
                    ],
                    "Wake": [
                        0.7102888086642599
                    ],
                    "macro": [
                        0.5780376687057498
                    ]
                }
            }
        }
    },
    "test": {
        "confusion_matrices": {
            "abs": [
                "[[1628, 148, 266, 26, 303], [223, 289, 141, 0, 101], [326, 681, 4417, 54, 1006], [15, 4, 106, 745, 571], [70, 189, 772, 1, 1092]]"
            ]
        },
        "markov_matrices": {
            "abs": {
                "actual": [
                    "[[1925, 362, 71, 0, 13], [125, 270, 344, 1, 14], [256, 108, 5893, 174, 52], [18, 2, 155, 1266, 0], [46, 12, 21, 0, 2045]]"
                ],
                "predicted": [
                    "[[1641, 281, 229, 12, 99], [158, 759, 327, 3, 64], [341, 209, 4804, 38, 309], [17, 11, 30, 737, 31], [105, 51, 311, 36, 2570]]"
                ]
            }
        },
        "metrics": {
            "downstream": {
                "cohen_kappa": [
                    0.462022346697581
                ],
                "f1_scores": {
                    "N1": [
                        0.27990314769975794
                    ],
                    "N2": [
                        0.7249302478253734
                    ],
                    "N3": [
                        0.6572562858403177
                    ],
                    "REM": [
                        0.4202424475659034
                    ],
                    "Wake": [
                        0.7027843729764731
                    ],
                    "macro": [
                        0.5570233003815652
                    ]
                },
                "loss": [
                    2.5825594388521633
                ],
                "precisions": {
                    "N1": [
                        0.2204424103737605
                    ],
                    "N2": [
                        0.774640477025605
                    ],
                    "N3": [
                        0.9019370460048426
                    ],
                    "REM": [
                        0.3553530751708428
                    ],
                    "Wake": [
                        0.7197170645446508
                    ],
                    "macro": [
                        0.5944180146239404
                    ]
                },
                "recalls": {
                    "N1": [
                        0.383289124668435
                    ],
                    "N2": [
                        0.6812152991980259
                    ],
                    "N3": [
                        0.5170020818875781
                    ],
                    "REM": [
                        0.5141242937853108
                    ],
                    "Wake": [
                        0.6866301138760017
                    ],
                    "macro": [
                        0.5564521826830703
                    ]
                }
            }
        }
    },
    "train": {},
    "valid_pretraining": {}
}
