{
    "earlystopping": {
        "confusion_matrices": {
            "abs": [
                "[[1252, 105, 84, 1, 46], [51, 218, 138, 1, 63], [39, 70, 3242, 110, 379], [2, 1, 195, 625, 96], [17, 40, 43, 4, 1062]]"
            ]
        },
        "markov_matrices": {
            "abs": {
                "actual": [
                    "[[1224, 231, 17, 0, 15], [74, 164, 222, 0, 11], [132, 73, 3531, 73, 31], [11, 0, 62, 846, 0], [46, 3, 8, 0, 1109]]"
                ],
                "predicted": [
                    "[[1124, 192, 31, 1, 12], [65, 184, 150, 1, 34], [118, 44, 3377, 71, 92], [10, 0, 63, 658, 10], [43, 14, 81, 10, 1498]]"
                ]
            }
        },
        "metrics": {
            "downstream": {
                "cohen_kappa": [
                    0.7284341783521466
                ],
                "f1_scores": {
                    "N1": [
                        0.481767955801105
                    ],
                    "N2": [
                        0.8597189074516044
                    ],
                    "N3": [
                        0.7530120481927711
                    ],
                    "REM": [
                        0.7553342816500711
                    ],
                    "Wake": [
                        0.8789048789048789
                    ],
                    "macro": [
                        0.7457476144000862
                    ]
                },
                "loss": [
                    0.9587286710739136
                ],
                "precisions": {
                    "N1": [
                        0.5023041474654378
                    ],
                    "N2": [
                        0.8757428417071853
                    ],
                    "N3": [
                        0.8434547908232118
                    ],
                    "REM": [
                        0.6452004860267315
                    ],
                    "Wake": [
                        0.919911829537105
                    ],
                    "macro": [
                        0.7573228191119343
                    ]
                },
                "recalls": {
                    "N1": [
                        0.46284501061571126
                    ],
                    "N2": [
                        0.8442708333333333
                    ],
                    "N3": [
                        0.6800870511425462
                    ],
                    "REM": [
                        0.9108061749571184
                    ],
                    "Wake": [
                        0.8413978494623656
                    ],
                    "macro": [
                        0.747881383902215
                    ]
                }
            }
        }
    },
    "test": {
        "confusion_matrices": {
            "abs": [
                "[[1987, 212, 194, 14, 109], [80, 379, 147, 3, 97], [119, 224, 5142, 416, 630], [5, 1, 390, 1084, 47], [55, 39, 171, 0, 1906]]"
            ]
        },
        "markov_matrices": {
            "abs": {
                "actual": [
                    "[[2107, 335, 57, 1, 15], [101, 257, 328, 0, 20], [233, 100, 5972, 176, 50], [18, 3, 155, 1350, 1], [56, 11, 19, 0, 2085]]"
                ],
                "predicted": [
                    "[[1736, 388, 73, 5, 43], [188, 350, 260, 1, 56], [209, 90, 5487, 125, 133], [16, 3, 106, 1380, 12], [97, 23, 118, 6, 2545]]"
                ]
            }
        },
        "metrics": {
            "downstream": {
                "cohen_kappa": [
                    0.6868187820377929
                ],
                "f1_scores": {
                    "N1": [
                        0.4855861627162076
                    ],
                    "N2": [
                        0.8178131212723658
                    ],
                    "N3": [
                        0.7122207621550591
                    ],
                    "REM": [
                        0.7685483870967742
                    ],
                    "Wake": [
                        0.8345233095338094
                    ],
                    "macro": [
                        0.7237383485548433
                    ]
                },
                "loss": [
                    1.1587167669225622
                ],
                "precisions": {
                    "N1": [
                        0.4432748538011696
                    ],
                    "N2": [
                        0.8507610853739246
                    ],
                    "N3": [
                        0.7145682267633487
                    ],
                    "REM": [
                        0.6833990677662245
                    ],
                    "Wake": [
                        0.8846838824577026
                    ],
                    "macro": [
                        0.7153374232324741
                    ]
                },
                "recalls": {
                    "N1": [
                        0.5368271954674221
                    ],
                    "N2": [
                        0.7873220027560863
                    ],
                    "N3": [
                        0.7098886705959397
                    ],
                    "REM": [
                        0.8779364348226624
                    ],
                    "Wake": [
                        0.7897456279809221
                    ],
                    "macro": [
                        0.7403439863246065
                    ]
                }
            }
        }
    },
    "train": {},
    "valid_pretraining": {}
}
