{"earlystopping":{"confusion_matrices":{"abs":["[[1498, 154, 18, 10, 26], [93, 574, 163, 8, 72], [21, 228, 1738, 308, 60], [2, 0, 47, 1333, 0], [2, 38, 23, 1, 1029]]"]},"markov_matrices":{"abs":{"actual":["[[1401, 259, 37, 0, 9], [125, 439, 301, 1, 44], [114, 165, 1969, 73, 33], [25, 5, 43, 1308, 1], [40, 42, 5, 0, 1006]]"],"predicted":["[[1345, 253, 10, 2, 6], [118, 563, 271, 1, 40], [76, 145, 1672, 65, 31], [35, 5, 26, 1592, 2], [41, 28, 10, 0, 1108]]"]}},"metrics":{"downstream":{"cohen_kappa":[0.7819557883149296],"f1_scores":{"N1":[0.6029411764705882],"N2":[0.8001841620626151],"N3":[0.8763971071663379],"REM":[0.9026315789473685],"Wake":[0.9018663455749548],"macro":[0.8168040740443729]},"loss":[0.45902973810831704],"precisions":{"N1":[0.5774647887323944],"N2":[0.873805932629462],"N3":[0.803012048192771],"REM":[0.8668913226621735],"Wake":[0.926980198019802],"macro":[0.8096308580473206]},"recalls":{"N1":[0.6307692307692307],"N2":[0.738004246284501],"N3":[0.9645441389290883],"REM":[0.9414455626715462],"Wake":[0.8780773739742087],"macro":[0.830568110525715]}}}},"test":{"confusion_matrices":{"abs":["[[4416, 464, 74, 10, 76], [261, 2010, 694, 19, 423], [101, 713, 5662, 485, 148], [5, 4, 452, 3340, 0], [72, 122, 107, 5, 2128]]"]},"markov_matrices":{"abs":{"actual":["[[4102, 786, 104, 4, 43], [364, 1729, 1099, 3, 212], [382, 681, 5745, 228, 73], [56, 29, 147, 3566, 3], [135, 182, 14, 0, 2103]]"],"predicted":["[[4082, 698, 49, 1, 24], [364, 1974, 850, 1, 124], [252, 532, 5964, 180, 61], [58, 14, 104, 3677, 6], [98, 95, 22, 0, 2560]]"]}},"metrics":{"downstream":{"cohen_kappa":[0.7492148704992186],"f1_scores":{"N1":[0.5982142857142857],"N2":[0.8032345013477089],"N3":[0.8720626631853786],"REM":[0.817047417930505],"Wake":[0.8925720060636685],"macro":[0.7966261748483093]},"loss":[0.506982448489167],"precisions":{"N1":[0.6067008753395714],"N2":[0.81013020460724],"N3":[0.8655091992744234],"REM":[0.7668468468468469],"Wake":[0.9095777548918641],"macro":[0.7917529761919891]},"recalls":{"N1":[0.5899618432638685],"N2":[0.7964551976367984],"N3":[0.8787161273349119],"REM":[0.8742810188989318],"Wake":[0.8761904761904762],"macro":[0.8031209326649973]}}}},"train":{},"valid_pretraining":{}}