{"earlystopping":{"confusion_matrices":{"abs":["[[399, 238, 886, 89, 94], [133, 119, 561, 65, 32], [203, 190, 1554, 362, 46], [5, 17, 469, 884, 7], [201, 126, 603, 39, 124]]"]},"markov_matrices":{"abs":{"actual":["[[1401, 259, 37, 0, 9], [125, 439, 301, 1, 44], [114, 165, 1969, 73, 33], [25, 5, 43, 1308, 1], [40, 42, 5, 0, 1006]]"],"predicted":["[[526, 71, 290, 23, 30], [97, 302, 226, 28, 37], [249, 228, 3189, 315, 92], [24, 49, 285, 1066, 15], [45, 39, 83, 7, 129]]"]}},"metrics":{"downstream":{"cohen_kappa":[0.21281098268535725],"f1_scores":{"N1":[0.14875],"N2":[0.4835096453018046],"N3":[0.6267281105990783],"REM":[0.17765042979942694],"Wake":[0.3014733660748017],"macro":[0.34762231035502233]},"loss":[2.8954490661621093],"precisions":{"N1":[0.17246376811594202],"N2":[0.3815369506506261],"N3":[0.6143154968728284],"REM":[0.40924092409240925],"Wake":[0.42401700318809776],"macro":[0.4003148285839807]},"recalls":{"N1":[0.13076923076923078],"N2":[0.6598726114649681],"N3":[0.6396526772793053],"REM":[0.11344922232387923],"Wake":[0.23388042203985931],"macro":[0.3555248327754486]}}}},"test":{"confusion_matrices":{"abs":["[[1267, 761, 2581, 193, 238], [528, 383, 2147, 237, 112], [629, 541, 4893, 887, 159], [23, 40, 1574, 2149, 15], [446, 293, 1242, 124, 329]]"]},"markov_matrices":{"abs":{"actual":["[[4102, 786, 104, 4, 43], [364, 1729, 1099, 3, 212], [382, 681, 5745, 228, 73], [56, 29, 147, 3566, 3], [135, 182, 14, 0, 2103]]"],"predicted":["[[1706, 237, 777, 78, 95], [230, 932, 657, 86, 113], [762, 590, 9949, 889, 246], [74, 144, 824, 2505, 43], [121, 115, 230, 32, 355]]"]}},"metrics":{"downstream":{"cohen_kappa":[0.20324432669164771],"f1_scores":{"N1":[0.14119815668202765],"N2":[0.5006650977182032],"N3":[0.5815180625084563],"REM":[0.20018253726802557],"Wake":[0.319425185932182],"macro":[0.3485978080217789]},"loss":[2.911038953204488],"precisions":{"N1":[0.1897918731417245],"N2":[0.3934228511698963],"N3":[0.5986072423398329],"REM":[0.38569753810082064],"Wake":[0.4379536812996889],"macro":[0.4010946372103927]},"recalls":{"N1":[0.11241561491047843],"N2":[0.6882824588549725],"N3":[0.565377532228361],"REM":[0.1351684470008217],"Wake":[0.2513888888888889],"macro":[0.3505265883767045]}}}},"train":{},"valid_pretraining":{}}