{"earlystopping":{"confusion_matrices":{"abs":["[[6512, 277, 59, 69, 199], [315, 418, 622, 58, 399], [27, 582, 5587, 377, 282], [2, 6, 701, 721, 0], [71, 156, 765, 83, 1680]]"]},"markov_matrices":{"abs":{"actual":["[[6823, 271, 17, 0, 4], [151, 1184, 365, 3, 109], [78, 212, 6189, 261, 115], [11, 15, 238, 1166, 0], [52, 130, 46, 0, 2527]]"],"predicted":["[[6491, 225, 62, 19, 130], [146, 747, 388, 9, 148], [122, 330, 6644, 378, 260], [32, 8, 368, 896, 4], [135, 129, 272, 6, 2018]]"]}},"metrics":{"downstream":{"cohen_kappa":[0.6460335218874769],"f1_scores":{"N1":[0.2571516456474931],"N2":[0.7659195284118171],"N3":[0.5266617969320672],"REM":[0.632173095014111],"Wake":[0.9274371573025707],"macro":[0.6218686446616118]},"loss":[1.2716165200257912],"precisions":{"N1":[0.2904794996525365],"N2":[0.7223946211533488],"N3":[0.5512232415902141],"REM":[0.65625],"Wake":[0.9400895048361484],"macro":[0.6320873734464495]},"recalls":{"N1":[0.2306843267108168],"N2":[0.8150255288110868],"N3":[0.5041958041958042],"REM":[0.6098003629764065],"Wake":[0.9151208544125914],"macro":[0.6149653754213411]}}}},"test":{"confusion_matrices":{"abs":["[[11686, 1289, 888, 190, 1369], [483, 1068, 1473, 68, 922], [50, 1207, 9245, 503, 708], [0, 5, 1412, 835, 1], [124, 232, 923, 67, 2597]]"]},"markov_matrices":{"abs":{"actual":["[[14659, 720, 37, 1, 4], [431, 2829, 660, 3, 91], [229, 338, 10472, 535, 139], [24, 14, 498, 1714, 3], [78, 113, 46, 0, 3706]]"],"predicted":["[[11087, 590, 191, 45, 429], [460, 2335, 662, 15, 329], [342, 519, 12036, 581, 463], [64, 24, 545, 998, 32], [389, 333, 507, 24, 4344]]"]}},"metrics":{"downstream":{"cohen_kappa":[0.5550411556123696],"f1_scores":{"N1":[0.27332053742802304],"N2":[0.7207453028767443],"N3":[0.42645556690500513],"REM":[0.5444444444444444],"Wake":[0.8417792184404826],"macro":[0.5613490140189399]},"loss":[1.6485082547958583],"precisions":{"N1":[0.2809786898184688],"N2":[0.6631518542428807],"N3":[0.50210463018641],"REM":[0.4639985706628551],"Wake":[0.9467714494045207],"macro":[0.5714010388630271]},"recalls":{"N1":[0.26606875934230195],"N2":[0.7892939468966106],"N3":[0.3706169551708833],"REM":[0.6586355566827289],"Wake":[0.7577486707301258],"macro":[0.5684727777645302]}}}},"train":{},"valid_pretraining":{}}