{"earlystopping":{"confusion_matrices":{"abs":["[[1081, 186, 71, 24, 10], [119, 180, 83, 16, 14], [1038, 263, 1807, 681, 156], [4, 0, 38, 859, 4], [773, 110, 78, 13, 335]]"]},"markov_matrices":{"abs":{"actual":["[[1122, 217, 18, 0, 15], [56, 131, 215, 0, 10], [138, 60, 3629, 84, 34], [13, 1, 70, 821, 0], [42, 3, 13, 0, 1250]]"],"predicted":["[[2602, 284, 68, 46, 15], [180, 325, 204, 17, 13], [139, 119, 1676, 105, 38], [57, 6, 102, 1413, 15], [36, 5, 27, 12, 438]]"]}},"metrics":{"downstream":{"cohen_kappa":[0.39509794063977954],"f1_scores":{"N1":[0.31277150304083406],"N2":[0.6001328462304881],"N3":[0.687750200160128],"REM":[0.3665207877461707],"Wake":[0.4928196945520857],"macro":[0.49199900634594124]},"loss":[4.126864433288574],"precisions":{"N1":[0.2435723951285521],"N2":[0.8700048146364949],"N3":[0.5392341494036409],"REM":[0.6454720616570327],"Wake":[0.3585406301824212],"macro":[0.5313648102016284]},"recalls":{"N1":[0.4368932038834951],"N2":[0.45804816223067174],"N3":[0.949171270718232],"REM":[0.2559205500381971],"Wake":[0.7879008746355685],"macro":[0.5775868123012329]}}}},"test":{"confusion_matrices":{"abs":["[[2489, 132, 69, 48, 18], [333, 299, 57, 60, 32], [1518, 558, 3395, 1442, 192], [2, 0, 83, 1428, 1], [726, 158, 268, 48, 1018]]"]},"markov_matrices":{"abs":{"actual":["[[2267, 413, 59, 2, 15], [177, 247, 342, 0, 14], [239, 108, 6570, 128, 60], [22, 0, 108, 1384, 0], [50, 13, 26, 0, 2129]]"],"predicted":["[[4411, 413, 81, 120, 43], [251, 560, 259, 38, 39], [189, 133, 3309, 134, 107], [141, 11, 143, 2705, 26], [76, 30, 80, 29, 1045]]"]}},"metrics":{"downstream":{"cohen_kappa":[0.4735514805673108],"f1_scores":{"N1":[0.31016597510373445],"N2":[0.6185660927393641],"N3":[0.6290748898678414],"REM":[0.5852256395515953],"Wake":[0.6362474437627812],"macro":[0.5558560082050633]},"loss":[3.550077504125135],"precisions":{"N1":[0.26068003487358327],"N2":[0.8768078512396694],"N3":[0.47191011235955055],"REM":[0.8072957969865187],"Wake":[0.49112075769534336],"macro":[0.581562910630933]},"recalls":{"N1":[0.382842509603073],"N2":[0.47783251231527096],"N3":[0.9431968295904888],"REM":[0.45897204688908927],"Wake":[0.9031204644412192],"macro":[0.6331928725678282]}}}},"train":{},"valid_pretraining":{}}