{"earlystopping":{"confusion_matrices":{"abs":["[[6077, 934, 299, 27, 323], [395, 468, 897, 73, 94], [74, 1596, 4014, 1309, 113], [1, 218, 62, 846, 1], [167, 428, 495, 26, 1725]]"]},"markov_matrices":{"abs":{"actual":["[[7290, 345, 19, 0, 5], [197, 1257, 361, 3, 109], [94, 200, 6433, 271, 108], [13, 13, 248, 854, 0], [65, 112, 45, 0, 2619]]"],"predicted":["[[5888, 307, 288, 1, 230], [438, 2489, 560, 101, 55], [127, 511, 4675, 194, 260], [7, 166, 109, 1979, 20], [253, 171, 135, 6, 1691]]"]}},"metrics":{"downstream":{"cohen_kappa":[0.5113845850505385],"f1_scores":{"N1":[0.1680129240710824],"N2":[0.6236308552784898],"N3":[0.49633323555294806],"REM":[0.6768687463213655],"Wake":[0.8455544733546682],"macro":[0.5620800469157108]},"loss":[2.1138028400700266],"precisions":{"N1":[0.12843029637760703],"N2":[0.6960291312640888],"N3":[0.3708899605436212],"REM":[0.7646276595744681],"Wake":[0.9051236222817992],"macro":[0.5730201340083168]},"recalls":{"N1":[0.2428645563051375],"N2":[0.5648747537292429],"N3":[0.75],"REM":[0.6071805702217529],"Wake":[0.7933420365535248],"macro":[0.5916523833619316]}}}},"test":{"confusion_matrices":{"abs":["[[7310, 1272, 851, 80, 1268], [1508, 972, 981, 8, 236], [1015, 4934, 6094, 651, 226], [2, 432, 163, 1436, 3], [441, 953, 804, 12, 2630]]"]},"markov_matrices":{"abs":{"actual":["[[10118, 616, 19, 0, 27], [361, 2625, 600, 0, 119], [180, 332, 11792, 467, 149], [22, 6, 436, 1569, 3], [99, 126, 73, 0, 4542]]"],"predicted":["[[8605, 614, 504, 3, 550], [804, 6348, 1140, 164, 106], [254, 1020, 7014, 131, 474], [6, 243, 38, 1885, 15], [606, 338, 197, 4, 3218]]"]}},"metrics":{"downstream":{"cohen_kappa":[0.3914143514120412],"f1_scores":{"N1":[0.15846103684382132],"N2":[0.5587493696419567],"N3":[0.6800852474544163],"REM":[0.5715527545365642],"Wake":[0.6943059315192097],"macro":[0.5326308679991938]},"loss":[2.695104115044893],"precisions":{"N1":[0.11351161975943011],"N2":[0.6852580681434837],"N3":[0.6566072245084591],"REM":[0.6027962411184965],"Wake":[0.7113662903853639],"macro":[0.5539078887830466]},"recalls":{"N1":[0.2623481781376518],"N2":[0.471671826625387],"N3":[0.7053045186640472],"REM":[0.5433884297520661],"Wake":[0.6780447082830906],"macro":[0.5321515322924485]}}}},"train":{},"valid_pretraining":{}}