{
    "earlystopping": {
        "confusion_matrices": {
            "abs": [
                "[[741, 212, 66, 10, 79], [35, 228, 109, 1, 55], [109, 113, 3212, 537, 126], [5, 1, 135, 766, 1], [22, 66, 33, 0, 1132]]"
            ]
        },
        "markov_matrices": {
            "abs": {
                "actual": [
                    "[[862, 210, 21, 0, 14], [64, 148, 206, 0, 10], [130, 65, 3781, 89, 32], [11, 1, 77, 819, 0], [40, 4, 12, 0, 1197]]"
                ],
                "predicted": [
                    "[[666, 180, 22, 16, 28], [79, 338, 160, 2, 41], [85, 68, 3241, 96, 65], [32, 3, 80, 1197, 2], [49, 31, 52, 3, 1257]]"
                ]
            }
        },
        "metrics": {
            "downstream": {
                "cohen_kappa": [
                    0.6814962941062264
                ],
                "f1_scores": {
                    "N1": [
                        0.4351145038167939
                    ],
                    "N2": [
                        0.8395190799790905
                    ],
                    "N3": [
                        0.6894689468946895
                    ],
                    "REM": [
                        0.8556311413454271
                    ],
                    "Wake": [
                        0.7336633663366336
                    ],
                    "macro": [
                        0.710679407674527
                    ]
                },
                "loss": [
                    1.0551683902740479
                ],
                "precisions": {
                    "N1": [
                        0.36774193548387096
                    ],
                    "N2": [
                        0.9035161744022504
                    ],
                    "N3": [
                        0.5829528158295282
                    ],
                    "REM": [
                        0.8126346015793252
                    ],
                    "Wake": [
                        0.8125
                    ],
                    "macro": [
                        0.6958691054589948
                    ]
                },
                "recalls": {
                    "N1": [
                        0.5327102803738317
                    ],
                    "N2": [
                        0.7839882841103246
                    ],
                    "N3": [
                        0.8436123348017621
                    ],
                    "REM": [
                        0.9034317637669593
                    ],
                    "Wake": [
                        0.6687725631768953
                    ],
                    "macro": [
                        0.7465030452459546
                    ]
                }
            }
        }
    },
    "test": {
        "confusion_matrices": {
            "abs": [
                "[[1825, 213, 41, 6, 286], [188, 345, 81, 8, 132], [324, 252, 4164, 721, 1023], [18, 0, 13, 1283, 127], [150, 95, 137, 0, 1742]]"
            ]
        },
        "markov_matrices": {
            "abs": {
                "actual": [
                    "[[1925, 362, 71, 0, 13], [125, 270, 344, 1, 14], [256, 108, 5893, 174, 52], [18, 2, 155, 1266, 0], [46, 12, 21, 0, 2045]]"
                ],
                "predicted": [
                    "[[2057, 316, 39, 7, 86], [176, 468, 191, 3, 67], [114, 73, 3930, 204, 114], [28, 7, 176, 1771, 36], [129, 41, 100, 33, 3007]]"
                ]
            }
        },
        "metrics": {
            "downstream": {
                "cohen_kappa": [
                    0.6080608308360397
                ],
                "f1_scores": {
                    "N1": [
                        0.4159132007233273
                    ],
                    "N2": [
                        0.7626373626373626
                    ],
                    "N3": [
                        0.7418328996819891
                    ],
                    "REM": [
                        0.6411483253588517
                    ],
                    "Wake": [
                        0.7485643970467596
                    ],
                    "macro": [
                        0.662019237089658
                    ]
                },
                "loss": [
                    1.8585988558255708
                ],
                "precisions": {
                    "N1": [
                        0.3812154696132597
                    ],
                    "N2": [
                        0.9386834986474302
                    ],
                    "N3": [
                        0.6357779980178394
                    ],
                    "REM": [
                        0.5262839879154079
                    ],
                    "Wake": [
                        0.7285429141716567
                    ],
                    "macro": [
                        0.6421007736731188
                    ]
                },
                "recalls": {
                    "N1": [
                        0.45755968169761274
                    ],
                    "N2": [
                        0.6421961752004935
                    ],
                    "N3": [
                        0.890353920888272
                    ],
                    "REM": [
                        0.82015065913371
                    ],
                    "Wake": [
                        0.7697174188106284
                    ],
                    "macro": [
                        0.7159955711461434
                    ]
                }
            }
        }
    },
    "train": {},
    "valid_pretraining": {}
}
