{
    "earlystopping": {
        "confusion_matrices": {
            "abs": [
                "[[1304, 78, 87, 3, 14], [34, 226, 184, 1, 16], [20, 46, 3413, 308, 41], [1, 0, 135, 890, 0], [6, 37, 60, 0, 1104]]"
            ]
        },
        "markov_matrices": {
            "abs": {
                "actual": [
                    "[[1212, 234, 24, 0, 15], [70, 143, 236, 0, 12], [144, 80, 3479, 94, 31], [13, 1, 80, 932, 0], [46, 3, 9, 0, 1149]]"
                ],
                "predicted": [
                    "[[1166, 179, 13, 0, 6], [47, 175, 155, 0, 10], [109, 22, 3647, 58, 43], [13, 3, 42, 1144, 0], [29, 8, 22, 0, 1116]]"
                ]
            }
        },
        "metrics": {
            "downstream": {
                "cohen_kappa": [
                    0.8069252775118999
                ],
                "f1_scores": {
                    "N1": [
                        0.5330188679245284
                    ],
                    "N2": [
                        0.8856883352796159
                    ],
                    "N3": [
                        0.7989228007181328
                    ],
                    "REM": [
                        0.9269521410579346
                    ],
                    "Wake": [
                        0.914766748509295
                    ],
                    "macro": [
                        0.8118697786979012
                    ]
                },
                "loss": [
                    0.4338729679584503
                ],
                "precisions": {
                    "N1": [
                        0.5839793281653747
                    ],
                    "N2": [
                        0.879865944831142
                    ],
                    "N3": [
                        0.740432612312812
                    ],
                    "REM": [
                        0.9395744680851064
                    ],
                    "Wake": [
                        0.9553113553113554
                    ],
                    "macro": [
                        0.8198327417411579
                    ]
                },
                "recalls": {
                    "N1": [
                        0.49023861171366595
                    ],
                    "N2": [
                        0.8915882967607106
                    ],
                    "N3": [
                        0.8674463937621832
                    ],
                    "REM": [
                        0.9146644573322287
                    ],
                    "Wake": [
                        0.8775235531628532
                    ],
                    "macro": [
                        0.8082922625463282
                    ]
                }
            }
        }
    },
    "test": {
        "confusion_matrices": {
            "abs": [
                "[[1640, 107, 116, 5, 345], [67, 428, 249, 1, 89], [37, 105, 5871, 341, 244], [2, 0, 340, 1173, 0], [3, 33, 167, 0, 2446]]"
            ]
        },
        "markov_matrices": {
            "abs": {
                "actual": [
                    "[[1846, 336, 22, 0, 8], [106, 332, 383, 0, 13], [188, 148, 6049, 144, 69], [24, 1, 119, 1371, 0], [48, 17, 25, 0, 2559]]"
                ],
                "predicted": [
                    "[[1408, 267, 38, 1, 34], [76, 320, 254, 0, 23], [173, 65, 6288, 102, 115], [20, 0, 82, 1416, 2], [71, 21, 81, 1, 2950]]"
                ]
            }
        },
        "metrics": {
            "downstream": {
                "cohen_kappa": [
                    0.7630572770365891
                ],
                "f1_scores": {
                    "N1": [
                        0.5680159256801592
                    ],
                    "N2": [
                        0.8801439172475827
                    ],
                    "N3": [
                        0.7729818780889621
                    ],
                    "REM": [
                        0.8473930365494543
                    ],
                    "Wake": [
                        0.8278647147905098
                    ],
                    "macro": [
                        0.7792798944713336
                    ]
                },
                "loss": [
                    0.5382704204983182
                ],
                "precisions": {
                    "N1": [
                        0.6359583952451708
                    ],
                    "N2": [
                        0.8706807059172476
                    ],
                    "N3": [
                        0.7717105263157895
                    ],
                    "REM": [
                        0.7829705505761844
                    ],
                    "Wake": [
                        0.9376786735277302
                    ],
                    "macro": [
                        0.7997997703164245
                    ]
                },
                "recalls": {
                    "N1": [
                        0.513189448441247
                    ],
                    "N2": [
                        0.8898150954834798
                    ],
                    "N3": [
                        0.7742574257425743
                    ],
                    "REM": [
                        0.9233673084182711
                    ],
                    "Wake": [
                        0.7410754631721644
                    ],
                    "macro": [
                        0.7683409482515474
                    ]
                }
            }
        }
    },
    "train": {},
    "valid_pretraining": {}
}
