{"earlystopping":{"confusion_matrices":{"abs":["[[1118, 0, 208, 19, 27], [136, 0, 212, 10, 54], [963, 0, 2098, 395, 489], [56, 0, 45, 781, 23], [462, 0, 386, 9, 452]]"]},"markov_matrices":{"abs":{"actual":["[[1122, 217, 18, 0, 15], [56, 131, 215, 0, 10], [138, 60, 3629, 84, 34], [13, 1, 70, 821, 0], [42, 3, 13, 0, 1250]]"],"predicted":["[[2198, 0, 231, 73, 233], [0, 0, 0, 0, 0], [218, 0, 2555, 52, 123], [78, 0, 44, 1068, 24], [241, 0, 119, 20, 665]]"]}},"metrics":{"downstream":{"cohen_kappa":[0.3865209216169193],"f1_scores":{"N1":[0.0],"N2":[0.6086451987235277],"N3":[0.7371401604530439],"REM":[0.3840271877655055],"Wake":[0.544436328220112],"macro":[0.4548497750324378]},"loss":[1.1304235458374023],"precisions":{"N1":[0.0],"N2":[0.7114276025771448],"N3":[0.64332784184514],"REM":[0.4325358851674641],"Wake":[0.40877513711151736],"macro":[0.4392132933402532]},"recalls":{"N1":[0.0],"N2":[0.5318124207858048],"N3":[0.8629834254143647],"REM":[0.34530175706646293],"Wake":[0.814868804664723],"macro":[0.5109932815862711]}}}},"test":{"confusion_matrices":{"abs":["[[2499, 0, 198, 32, 27], [466, 0, 265, 13, 37], [1570, 0, 4489, 690, 356], [165, 0, 83, 1254, 12], [737, 0, 1232, 15, 234]]"]},"markov_matrices":{"abs":{"actual":["[[2267, 413, 59, 2, 15], [177, 247, 342, 0, 14], [239, 108, 6570, 128, 60], [22, 0, 108, 1384, 0], [50, 13, 26, 0, 2129]]"],"predicted":["[[4812, 0, 341, 115, 169], [0, 0, 0, 0, 0], [335, 0, 5721, 66, 144], [120, 0, 64, 1789, 31], [170, 0, 141, 33, 322]]"]}},"metrics":{"downstream":{"cohen_kappa":[0.40543998328064423],"f1_scores":{"N1":[0.0],"N2":[0.6714029314986539],"N3":[0.7129050596930074],"REM":[0.1622746185852982],"Wake":[0.6100329549615525],"macro":[0.43132311294770237]},"loss":[1.1310753657900054],"precisions":{"N1":[0.0],"N2":[0.7162916866124143],"N3":[0.625748502994012],"REM":[0.35135135135135137],"Wake":[0.4596284715835939],"macro":[0.43060400250827435]},"recalls":{"N1":[0.0],"N2":[0.6318085855031668],"N3":[0.8282694848084544],"REM":[0.1055004508566276],"Wake":[0.9067489114658926],"macro":[0.49446548652682837]}}}},"train":{},"valid_pretraining":{}}