{"earlystopping":{"confusion_matrices":{"abs":["[[1265, 0, 84, 23, 0], [242, 0, 153, 17, 0], [2055, 0, 1379, 511, 0], [66, 0, 14, 825, 0], [1079, 0, 186, 44, 0]]"]},"markov_matrices":{"abs":{"actual":["[[1122, 217, 18, 0, 15], [56, 131, 215, 0, 10], [138, 60, 3629, 84, 34], [13, 1, 70, 821, 0], [42, 3, 13, 0, 1250]]"],"predicted":["[[4404, 0, 173, 130, 0], [0, 0, 0, 0, 0], [169, 0, 1603, 43, 0], [133, 0, 40, 1247, 0], [0, 0, 0, 0, 0]]"]}},"metrics":{"downstream":{"cohen_kappa":[0.2624737763190186],"f1_scores":{"N1":[0.0],"N2":[0.47873633049817743],"N3":[0.7096774193548387],"REM":[0.0],"Wake":[0.41618687284092776],"macro":[0.3209201245387888]},"loss":[1.5105937719345093],"precisions":{"N1":[0.0],"N2":[0.7593612334801763],"N3":[0.5809859154929577],"REM":[0.0],"Wake":[0.2687486721903548],"macro":[0.3218191642326978]},"recalls":{"N1":[0.0],"N2":[0.34955640050697084],"N3":[0.9116022099447514],"REM":[0.0],"Wake":[0.9220116618075802],"macro":[0.43663405445186054]}}}},"test":{"confusion_matrices":{"abs":["[[2591, 0, 120, 45, 0], [597, 0, 146, 38, 0], [3331, 0, 2779, 995, 0], [89, 0, 43, 1382, 0], [1278, 0, 892, 48, 0]]"]},"markov_matrices":{"abs":{"actual":["[[2267, 413, 59, 2, 15], [177, 247, 342, 0, 14], [239, 108, 6570, 128, 60], [22, 0, 108, 1384, 0], [50, 13, 26, 0, 2129]]"],"predicted":["[[7214, 0, 429, 242, 0], [0, 0, 0, 0, 0], [422, 0, 3484, 74, 0], [249, 0, 67, 2192, 0], [0, 0, 0, 0, 0]]"]}},"metrics":{"downstream":{"cohen_kappa":[0.2830075745609473],"f1_scores":{"N1":[0.0],"N2":[0.5013982859720343],"N3":[0.6872202884137244],"REM":[0.0],"Wake":[0.4869385453862056],"macro":[0.33511142395439286]},"loss":[1.4417877197265625],"precisions":{"N1":[0.0],"N2":[0.6982412060301507],"N3":[0.55103668261563],"REM":[0.0],"Wake":[0.32855693634288613],"macro":[0.3155669649977334]},"recalls":{"N1":[0.0],"N2":[0.39113300492610836],"N3":[0.9128137384412153],"REM":[0.0],"Wake":[0.9401306240928883],"macro":[0.44881547349204237]}}}},"train":{},"valid_pretraining":{}}