{"earlystopping":{"confusion_matrices":{"abs":["[[1101, 155, 212, 14, 4], [52, 96, 295, 8, 10], [153, 22, 3295, 357, 1], [29, 0, 237, 760, 0], [61, 103, 880, 6, 157]]"]},"markov_matrices":{"abs":{"actual":["[[1212, 234, 24, 0, 15], [70, 143, 236, 0, 12], [144, 80, 3479, 94, 31], [13, 1, 80, 932, 0], [46, 3, 9, 0, 1149]]"],"predicted":["[[1133, 137, 98, 18, 9], [54, 189, 116, 5, 12], [171, 36, 4598, 72, 42], [30, 4, 62, 1048, 1], [7, 10, 45, 2, 108]]"]}},"metrics":{"downstream":{"cohen_kappa":[0.5005085681408112],"f1_scores":{"N1":[0.2293906810035842],"N2":[0.7534011661140962],"N3":[0.7001381851681253],"REM":[0.22770123277737492],"Wake":[0.764052741151978],"macro":[0.5349368012430318]},"loss":[3.1671700477600098],"precisions":{"N1":[0.2553191489361702],"N2":[0.6698515958528156],"N3":[0.6637554585152838],"REM":[0.9127906976744186],"Wake":[0.7886819484240688],"macro":[0.6580797698805514]},"recalls":{"N1":[0.20824295010845986],"N2":[0.8607628004179728],"N3":[0.7407407407407407],"REM":[0.1300745650372825],"Wake":[0.7409152086137282],"macro":[0.5361472529836367]}}}},"test":{"confusion_matrices":{"abs":["[[1332, 109, 729, 39, 4], [303, 143, 293, 17, 78], [405, 52, 5362, 627, 152], [7, 0, 246, 1262, 0], [199, 108, 1847, 5, 490]]"]},"markov_matrices":{"abs":{"actual":["[[1846, 336, 22, 0, 8], [106, 332, 383, 0, 13], [188, 148, 6049, 144, 69], [24, 1, 119, 1371, 0], [48, 17, 25, 0, 2559]]"],"predicted":["[[1782, 152, 219, 44, 48], [42, 174, 172, 3, 21], [339, 56, 7839, 98, 145], [60, 5, 81, 1793, 11], [23, 25, 166, 11, 499]]"]}},"metrics":{"downstream":{"cohen_kappa":[0.42135071245214883],"f1_scores":{"N1":[0.22953451043338682],"N2":[0.7113764510779437],"N3":[0.7284271284271284],"REM":[0.2905425437296175],"Wake":[0.597443372953577],"macro":[0.5114648013243307]},"loss":[3.840608384874132],"precisions":{"N1":[0.3470873786407767],"N2":[0.6325350949628407],"N3":[0.6471794871794871],"REM":[0.6767955801104972],"Wake":[0.5930543187889582],"macro":[0.5793303719365119]},"recalls":{"N1":[0.17146282973621102],"N2":[0.8126705062140043],"N3":[0.833003300330033],"REM":[0.1849754624386561],"Wake":[0.6018978761861726],"macro":[0.5208019949810154]}}}},"train":{},"valid_pretraining":{}}