{"earlystopping":{"confusion_matrices":{"abs":["[[7710, 12, 136, 5, 95], [721, 90, 790, 20, 325], [270, 51, 5884, 151, 272], [32, 3, 1099, 397, 0], [658, 59, 1075, 4, 986]]"]},"markov_matrices":{"abs":{"actual":["[[7584, 353, 15, 0, 5], [200, 1236, 385, 2, 123], [98, 210, 5964, 245, 111], [13, 14, 220, 1284, 0], [62, 133, 44, 0, 2543]]"],"predicted":["[[8638, 77, 378, 22, 275], [50, 62, 53, 3, 47], [387, 47, 8141, 129, 280], [30, 5, 116, 420, 6], [285, 24, 296, 3, 1070]]"]}},"metrics":{"downstream":{"cohen_kappa":[0.5907002000057622],"f1_scores":{"N1":[0.08329477093937991],"N2":[0.7537791442480144],"N3":[0.3766603415559772],"REM":[0.442152466367713],"Wake":[0.8888120352758084],"macro":[0.5089397516773786]},"loss":[1.0046262043278391],"precisions":{"N1":[0.4186046511627907],"N2":[0.6549421193232413],"N3":[0.6880415944540728],"REM":[0.5876042908224076],"Wake":[0.8209988286657438],"macro":[0.6340382968856513]},"recalls":{"N1":[0.046248715313463515],"N2":[0.8877489438744719],"N3":[0.25930764206401047],"REM":[0.35442127965492454],"Wake":[0.9688363910530284],"macro":[0.5033125943919797]}}}},"test":{"confusion_matrices":{"abs":["[[11813, 24, 340, 3, 368], [1700, 177, 2261, 16, 338], [1002, 91, 10496, 137, 439], [81, 6, 2128, 385, 1], [1659, 66, 1688, 0, 1159]]"]},"markov_matrices":{"abs":{"actual":["[[11874, 617, 28, 3, 25], [348, 3420, 622, 0, 102], [199, 328, 10935, 568, 135], [29, 16, 522, 2030, 4], [97, 111, 58, 0, 4306]]"],"predicted":["[[14950, 137, 681, 25, 461], [63, 114, 127, 4, 56], [760, 68, 15478, 182, 425], [34, 5, 173, 328, 1], [447, 40, 454, 2, 1362]]"]}},"metrics":{"downstream":{"cohen_kappa":[0.50092922411801],"f1_scores":{"N1":[0.0728995057660626],"N2":[0.7219203521562694],"N3":[0.24506683640993],"REM":[0.33706558092191363],"Wake":[0.820261778286984],"macro":[0.43944281070823193]},"loss":[1.0704852210150824],"precisions":{"N1":[0.48626373626373626],"N2":[0.6205877135930941],"N3":[0.711645101663586],"REM":[0.502819956616052],"Wake":[0.7267302368501999],"macro":[0.6096093489973337]},"recalls":{"N1":[0.039403383793410504],"N2":[0.8628031237155774],"N3":[0.14801999231064975],"REM":[0.25349956255468065],"Wake":[0.9414249282754223],"macro":[0.44903019812994815]}}}},"train":{},"valid_pretraining":{}}