{
    "earlystopping": {
        "confusion_matrices": {
            "abs": [
                "[[1326, 101, 53, 1, 7], [41, 283, 134, 0, 13], [47, 57, 3483, 197, 56], [3, 0, 135, 781, 0], [32, 95, 80, 0, 959]]"
            ]
        },
        "markov_matrices": {
            "abs": {
                "actual": [
                    "[[1224, 231, 17, 0, 15], [74, 164, 222, 0, 11], [132, 73, 3531, 73, 31], [11, 0, 62, 846, 0], [46, 3, 8, 0, 1109]]"
                ],
                "predicted": [
                    "[[1193, 215, 36, 0, 4], [76, 273, 174, 0, 13], [136, 39, 3634, 40, 36], [15, 1, 24, 939, 0], [28, 8, 17, 0, 982]]"
                ]
            }
        },
        "metrics": {
            "downstream": {
                "cohen_kappa": [
                    0.8058708813554506
                ],
                "f1_scores": {
                    "N1": [
                        0.5620655412115193
                    ],
                    "N2": [
                        0.9017475728155339
                    ],
                    "N3": [
                        0.8229715489989463
                    ],
                    "REM": [
                        0.8714220808723309
                    ],
                    "Wake": [
                        0.9029622063329928
                    ],
                    "macro": [
                        0.8122337900462646
                    ]
                },
                "loss": [
                    0.42749810218811035
                ],
                "precisions": {
                    "N1": [
                        0.5279850746268657
                    ],
                    "N2": [
                        0.8965250965250965
                    ],
                    "N3": [
                        0.797752808988764
                    ],
                    "REM": [
                        0.9265700483091788
                    ],
                    "Wake": [
                        0.9151138716356108
                    ],
                    "macro": [
                        0.812789380017103
                    ]
                },
                "recalls": {
                    "N1": [
                        0.6008492569002123
                    ],
                    "N2": [
                        0.90703125
                    ],
                    "N3": [
                        0.8498367791077258
                    ],
                    "REM": [
                        0.8224699828473413
                    ],
                    "Wake": [
                        0.8911290322580645
                    ],
                    "macro": [
                        0.8142632602226687
                    ]
                }
            }
        }
    },
    "test": {
        "confusion_matrices": {
            "abs": [
                "[[2314, 83, 86, 1, 32], [121, 415, 140, 5, 25], [166, 132, 5368, 642, 223], [1, 0, 186, 1340, 0], [53, 50, 119, 0, 1949]]"
            ]
        },
        "markov_matrices": {
            "abs": {
                "actual": [
                    "[[2107, 335, 57, 1, 15], [101, 257, 328, 0, 20], [233, 100, 5972, 176, 50], [18, 3, 155, 1350, 1], [56, 11, 19, 0, 2085]]"
                ],
                "predicted": [
                    "[[2220, 312, 92, 2, 28], [116, 313, 227, 0, 24], [223, 38, 5463, 112, 63], [28, 3, 80, 1874, 3], [67, 14, 37, 0, 2111]]"
                ]
            }
        },
        "metrics": {
            "downstream": {
                "cohen_kappa": [
                    0.7819210074494534
                ],
                "f1_scores": {
                    "N1": [
                        0.5988455988455988
                    ],
                    "N2": [
                        0.8637168141592921
                    ],
                    "N3": [
                        0.7624466571834994
                    ],
                    "REM": [
                        0.8859090909090909
                    ],
                    "Wake": [
                        0.8949912976213498
                    ],
                    "macro": [
                        0.8011818917437662
                    ]
                },
                "loss": [
                    0.4699262689661097
                ],
                "precisions": {
                    "N1": [
                        0.6102941176470589
                    ],
                    "N2": [
                        0.9099847431768097
                    ],
                    "N3": [
                        0.6740442655935613
                    ],
                    "REM": [
                        0.8743831314490803
                    ],
                    "Wake": [
                        0.8715630885122411
                    ],
                    "macro": [
                        0.7880538692757503
                    ]
                },
                "recalls": {
                    "N1": [
                        0.5878186968838527
                    ],
                    "N2": [
                        0.8219261981319859
                    ],
                    "N3": [
                        0.8775376555337263
                    ],
                    "REM": [
                        0.897742975587287
                    ],
                    "Wake": [
                        0.9197138314785374
                    ],
                    "macro": [
                        0.8209478715230778
                    ]
                }
            }
        }
    },
    "train": {},
    "valid_pretraining": {}
}
