{"earlystopping":{"confusion_matrices":{"abs":["[[4367, 53, 63, 266, 643], [238, 269, 548, 458, 214], [172, 911, 4657, 1048, 54], [3, 2, 910, 641, 2], [122, 172, 576, 388, 1424]]"]},"markov_matrices":{"abs":{"actual":["[[5051, 318, 17, 0, 5], [183, 1134, 318, 2, 90], [88, 164, 6222, 274, 94], [12, 10, 254, 1282, 0], [57, 101, 31, 0, 2493]]"],"predicted":["[[4365, 67, 133, 168, 168], [60, 758, 424, 113, 52], [173, 405, 5095, 897, 184], [140, 105, 945, 1455, 156], [163, 72, 157, 168, 1777]]"]}},"metrics":{"downstream":{"cohen_kappa":[0.49281959231650707],"f1_scores":{"N1":[0.17166560306317805],"N2":[0.6850544277728744],"N3":[0.2941041523285157],"REM":[0.5674437138872286],"Wake":[0.8484554109189819],"macro":[0.5133446615941557]},"loss":[1.3509647581312392],"precisions":{"N1":[0.1911869225302061],"N2":[0.6895173230678117],"N3":[0.2288468404141378],"REM":[0.6093281985451433],"Wake":[0.8908608731130151],"macro":[0.5219480315340628]},"recalls":{"N1":[0.1557614360162131],"N2":[0.6806489330605087],"N3":[0.41142490372272145],"REM":[0.5309470544369873],"Wake":[0.8099035608308606],"macro":[0.5177371776134582]}}}},"test":{"confusion_matrices":{"abs":["[[6247, 635, 340, 537, 1206], [647, 908, 1144, 1029, 291], [124, 1504, 7095, 2267, 96], [0, 0, 1510, 662, 4], [165, 249, 1131, 797, 2048]]"]},"markov_matrices":{"abs":{"actual":["[[8369, 557, 27, 1, 10], [330, 3076, 529, 0, 84], [166, 277, 10122, 394, 127], [26, 9, 359, 1780, 2], [73, 100, 49, 1, 4167]]"],"predicted":["[[6300, 190, 148, 257, 287], [184, 2350, 463, 202, 97], [209, 422, 8933, 1354, 302], [232, 204, 1438, 3180, 238], [257, 130, 238, 299, 2721]]"]}},"metrics":{"downstream":{"cohen_kappa":[0.40907493333601685],"f1_scores":{"N1":[0.24825700615174298],"N2":[0.6361517080606115],"N3":[0.177289769683985],"REM":[0.509769757311761],"Wake":[0.7737181075055735],"macro":[0.4690372697427348]},"loss":[1.8725093841552733],"precisions":{"N1":[0.27548543689320387],"N2":[0.6323529411764706],"N3":[0.12509448223733938],"REM":[0.5618655692729767],"Wake":[0.8696923291103995],"macro":[0.49289815173807805]},"recalls":{"N1":[0.22592684747449615],"N2":[0.639996391845571],"N3":[0.30422794117647056],"REM":[0.46651480637813214],"Wake":[0.6968209704406023],"macro":[0.46669739146305445]}}}},"train":{},"valid_pretraining":{}}