{
    "earlystopping": {
        "confusion_matrices": {
            "abs": [
                "[[741, 90, 341, 43, 271], [9, 36, 328, 22, 66], [23, 65, 2974, 668, 98], [1, 0, 105, 908, 12], [21, 22, 431, 83, 650]]"
            ]
        },
        "markov_matrices": {
            "abs": {
                "actual": [
                    "[[1212, 234, 24, 0, 15], [70, 143, 236, 0, 12], [144, 80, 3479, 94, 31], [13, 1, 80, 932, 0], [46, 3, 9, 0, 1149]]"
                ],
                "predicted": [
                    "[[582, 68, 72, 2, 71], [23, 70, 81, 5, 34], [96, 59, 3724, 173, 127], [9, 8, 156, 1536, 14], [84, 8, 146, 8, 851]]"
                ]
            }
        },
        "metrics": {
            "downstream": {
                "cohen_kappa": [
                    0.5060697165567304
                ],
                "f1_scores": {
                    "N1": [
                        0.10682492581602374
                    ],
                    "N2": [
                        0.742850006244536
                    ],
                    "N3": [
                        0.6603636363636363
                    ],
                    "REM": [
                        0.564236111111111
                    ],
                    "Wake": [
                        0.6497150372643576
                    ],
                    "macro": [
                        0.544797943359933
                    ]
                },
                "loss": [
                    2.4444782733917236
                ],
                "precisions": {
                    "N1": [
                        0.16901408450704225
                    ],
                    "N2": [
                        0.7116535056233548
                    ],
                    "N3": [
                        0.5266821345707656
                    ],
                    "REM": [
                        0.5925250683682771
                    ],
                    "Wake": [
                        0.9320754716981132
                    ],
                    "macro": [
                        0.5863900529535105
                    ]
                },
                "recalls": {
                    "N1": [
                        0.07809110629067245
                    ],
                    "N2": [
                        0.776907001044932
                    ],
                    "N3": [
                        0.884990253411306
                    ],
                    "REM": [
                        0.5385252692626347
                    ],
                    "Wake": [
                        0.49865410497981155
                    ],
                    "macro": [
                        0.5554335469978714
                    ]
                }
            }
        }
    },
    "test": {
        "confusion_matrices": {
            "abs": [
                "[[585, 199, 861, 255, 313], [55, 127, 350, 81, 221], [90, 195, 4763, 1211, 339], [0, 0, 178, 1337, 0], [34, 36, 1614, 127, 838]]"
            ]
        },
        "markov_matrices": {
            "abs": {
                "actual": [
                    "[[1846, 336, 22, 0, 8], [106, 332, 383, 0, 13], [188, 148, 6049, 144, 69], [24, 1, 119, 1371, 0], [48, 17, 25, 0, 2559]]"
                ],
                "predicted": [
                    "[[440, 125, 119, 9, 71], [49, 272, 125, 31, 80], [163, 100, 6979, 336, 188], [24, 35, 313, 2566, 72], [88, 25, 230, 69, 1299]]"
                ]
            }
        },
        "metrics": {
            "downstream": {
                "cohen_kappa": [
                    0.3365813686013668
                ],
                "f1_scores": {
                    "N1": [
                        0.18260244428468728
                    ],
                    "N2": [
                        0.6631857421331105
                    ],
                    "N3": [
                        0.5908086610693769
                    ],
                    "REM": [
                        0.38440366972477064
                    ],
                    "Wake": [
                        0.3930131004366813
                    ],
                    "macro": [
                        0.4428027235297253
                    ]
                },
                "loss": [
                    3.630197595666956
                ],
                "precisions": {
                    "N1": [
                        0.22800718132854578
                    ],
                    "N2": [
                        0.613314447592068
                    ],
                    "N3": [
                        0.4440385254068416
                    ],
                    "REM": [
                        0.48977206312098187
                    ],
                    "Wake": [
                        0.7657068062827225
                    ],
                    "macro": [
                        0.5081678047462319
                    ]
                },
                "recalls": {
                    "N1": [
                        0.15227817745803357
                    ],
                    "N2": [
                        0.7218854198241892
                    ],
                    "N3": [
                        0.8825082508250826
                    ],
                    "REM": [
                        0.31634579086447717
                    ],
                    "Wake": [
                        0.26434704021690014
                    ],
                    "macro": [
                        0.4674729358377365
                    ]
                }
            }
        }
    },
    "train": {},
    "valid_pretraining": {}
}
