{"earlystopping":{"confusion_matrices":{"abs":["[[914, 44, 101, 2, 47], [98, 118, 173, 0, 39], [95, 96, 3444, 347, 115], [2, 1, 195, 710, 0], [83, 52, 127, 0, 991]]"]},"markov_matrices":{"abs":{"actual":["[[862, 210, 21, 0, 14], [64, 148, 206, 0, 10], [130, 65, 3781, 89, 32], [11, 1, 77, 819, 0], [40, 4, 12, 0, 1197]]"],"predicted":["[[922, 152, 96, 1, 21], [40, 104, 140, 1, 26], [171, 43, 3691, 78, 57], [11, 1, 68, 977, 2], [47, 11, 45, 2, 1086]]"]}},"metrics":{"downstream":{"cohen_kappa":[0.6871609393379723],"f1_scores":{"N1":[0.3193504736129905],"N2":[0.846503625414772],"N3":[0.7219115404168784],"REM":[0.8106339468302658],"Wake":[0.7947826086956522],"macro":[0.6986364389941119]},"loss":[1.1574584245681763],"precisions":{"N1":[0.37942122186495175],"N2":[0.8524752475247525],"N3":[0.6704438149197356],"REM":[0.8313758389261745],"Wake":[0.7667785234899329],"macro":[0.7000989293451093]},"recalls":{"N1":[0.2757009345794392],"N2":[0.840615084207957],"N3":[0.7819383259911894],"REM":[0.790901835594573],"Wake":[0.8249097472924187],"macro":[0.7028131855331154]}}}},"test":{"confusion_matrices":{"abs":["[[2003, 31, 35, 27, 275], [385, 159, 54, 5, 151], [616, 234, 3645, 282, 1707], [4, 0, 134, 1097, 206], [178, 72, 177, 8, 1689]]"]},"markov_matrices":{"abs":{"actual":["[[1925, 362, 71, 0, 13], [125, 270, 344, 1, 14], [256, 108, 5893, 174, 52], [18, 2, 155, 1266, 0], [46, 12, 21, 0, 2045]]"],"predicted":["[[2649, 258, 115, 11, 153], [117, 152, 169, 6, 52], [171, 61, 3600, 101, 111], [27, 4, 85, 1282, 21], [221, 21, 76, 19, 3691]]"]}},"metrics":{"downstream":{"cohen_kappa":[0.5314370214099562],"f1_scores":{"N1":[0.2544],"N2":[0.6923734447715832],"N3":[0.7671328671328672],"REM":[0.5490897269180754],"Wake":[0.7208925679323376],"macro":[0.5967777213509727]},"loss":[2.466921879695012],"precisions":{"N1":[0.32056451612903225],"N2":[0.9011124845488258],"N3":[0.7730796335447498],"REM":[0.41931479642502484],"Wake":[0.6286880100439423],"macro":[0.6085518881383151]},"recalls":{"N1":[0.21087533156498675],"N2":[0.5621529919802591],"N3":[0.7612768910478834],"REM":[0.7951977401129944],"Wake":[0.8447912273302404],"macro":[0.6348588364072729]}}}},"train":{},"valid_pretraining":{}}