{"earlystopping":{"confusion_matrices":{"abs":["[[1170, 129, 22, 18, 221], [105, 412, 111, 51, 152], [53, 351, 1276, 628, 123], [24, 4, 76, 1311, 2], [20, 74, 29, 60, 1012]]"]},"markov_matrices":{"abs":{"actual":["[[1273, 229, 40, 1, 17], [112, 387, 291, 0, 41], [103, 174, 2054, 62, 37], [22, 5, 35, 1354, 1], [49, 36, 11, 0, 1099]]"],"predicted":["[[1168, 142, 5, 11, 46], [72, 501, 220, 57, 119], [31, 149, 1183, 114, 37], [31, 53, 87, 1865, 32], [70, 124, 19, 21, 1276]]"]}},"metrics":{"downstream":{"cohen_kappa":[0.6185011347612783],"f1_scores":{"N1":[0.4575235980011105],"N2":[0.6468948035487959],"N3":[0.7523672883787661],"REM":[0.7482439926062847],"Wake":[0.7980900409276944],"macro":[0.6806239446925304]},"loss":[1.7325934092203776],"precisions":{"N1":[0.4247422680412371],"N2":[0.8428005284015853],"N3":[0.6339458413926499],"REM":[0.6701986754966888],"Wake":[0.8527696793002916],"macro":[0.6848913985264906]},"recalls":{"N1":[0.49578820697954273],"N2":[0.5248868778280543],"N3":[0.9251940719830628],"REM":[0.8468619246861925],"Wake":[0.75],"macro":[0.7085462162953705]}}}},"test":{"confusion_matrices":{"abs":["[[3845, 449, 92, 115, 355], [440, 1131, 381, 289, 489], [126, 923, 3311, 2235, 508], [108, 9, 389, 3453, 171], [107, 233, 159, 259, 2217]]"]},"markov_matrices":{"abs":{"actual":["[[4051, 689, 82, 1, 32], [350, 1373, 861, 3, 143], [263, 497, 5960, 282, 101], [67, 39, 179, 3844, 1], [124, 132, 21, 0, 2698]]"],"predicted":["[[3897, 484, 24, 48, 173], [298, 1377, 594, 170, 305], [110, 409, 3404, 307, 102], [100, 151, 252, 5737, 111], [220, 324, 58, 89, 3049]]"]}},"metrics":{"downstream":{"cohen_kappa":[0.5468237888721743],"f1_scores":{"N1":[0.41315068493150686],"N2":[0.5790992566681242],"N3":[0.6589065928823585],"REM":[0.6603127326880119],"Wake":[0.8110103353722843],"macro":[0.6244959205084571]},"loss":[2.421301553415698],"precisions":{"N1":[0.41202185792349727],"N2":[0.7643120960295475],"N3":[0.5436939064714218],"REM":[0.5927807486631016],"Wake":[0.8311716385646347],"macro":[0.6287960495304405]},"recalls":{"N1":[0.4142857142857143],"N2":[0.46614106715472337],"N3":[0.8360774818401937],"REM":[0.7452100840336134],"Wake":[0.7918039538714992],"macro":[0.6507036602371488]}}}},"train":{},"valid_pretraining":{}}