{
    "earlystopping": {
        "confusion_matrices": {
            "abs": [
                "[[1288, 38, 63, 2, 95], [89, 107, 137, 0, 128], [292, 84, 2666, 347, 439], [114, 2, 105, 793, 12], [108, 57, 184, 0, 858]]"
            ]
        },
        "markov_matrices": {
            "abs": {
                "actual": [
                    "[[1212, 234, 24, 0, 15], [70, 143, 236, 0, 12], [144, 80, 3479, 94, 31], [13, 1, 80, 932, 0], [46, 3, 9, 0, 1149]]"
                ],
                "predicted": [
                    "[[1606, 113, 58, 1, 112], [42, 116, 97, 0, 33], [104, 33, 2860, 53, 105], [14, 0, 39, 1088, 1], [124, 26, 101, 0, 1281]]"
                ]
            }
        },
        "metrics": {
            "downstream": {
                "cohen_kappa": [
                    0.6010518688586142
                ],
                "f1_scores": {
                    "N1": [
                        0.28571428571428575
                    ],
                    "N2": [
                        0.7635686667621366
                    ],
                    "N3": [
                        0.731549815498155
                    ],
                    "REM": [
                        0.6265060240963854
                    ],
                    "Wake": [
                        0.7628072253479419
                    ],
                    "macro": [
                        0.6340292034837809
                    ]
                },
                "loss": [
                    1.6094090938568115
                ],
                "precisions": {
                    "N1": [
                        0.3715277777777778
                    ],
                    "N2": [
                        0.8450079239302695
                    ],
                    "N3": [
                        0.6943957968476357
                    ],
                    "REM": [
                        0.5600522193211488
                    ],
                    "Wake": [
                        0.6811210999471179
                    ],
                    "macro": [
                        0.6304209635647899
                    ]
                },
                "recalls": {
                    "N1": [
                        0.23210412147505424
                    ],
                    "N2": [
                        0.6964472309299895
                    ],
                    "N3": [
                        0.7729044834307992
                    ],
                    "REM": [
                        0.7108533554266777
                    ],
                    "Wake": [
                        0.8667563930013459
                    ],
                    "macro": [
                        0.6558131168527733
                    ]
                }
            }
        }
    },
    "test": {
        "confusion_matrices": {
            "abs": [
                "[[1767, 59, 262, 19, 106], [349, 147, 104, 8, 226], [487, 203, 4599, 516, 793], [9, 0, 137, 1360, 9], [431, 243, 745, 7, 1223]]"
            ]
        },
        "markov_matrices": {
            "abs": {
                "actual": [
                    "[[1846, 336, 22, 0, 8], [106, 332, 383, 0, 13], [188, 148, 6049, 144, 69], [24, 1, 119, 1371, 0], [48, 17, 25, 0, 2559]]"
                ],
                "predicted": [
                    "[[2460, 198, 180, 14, 190], [83, 289, 215, 3, 62], [255, 89, 5224, 99, 180], [40, 0, 80, 1784, 6], [205, 75, 148, 10, 1919]]"
                ]
            }
        },
        "metrics": {
            "downstream": {
                "cohen_kappa": [
                    0.5203805704872567
                ],
                "f1_scores": {
                    "N1": [
                        0.1978465679676985
                    ],
                    "N2": [
                        0.7390920048212134
                    ],
                    "N3": [
                        0.7941605839416057
                    ],
                    "REM": [
                        0.4886136636036756
                    ],
                    "Wake": [
                        0.6723744292237442
                    ],
                    "macro": [
                        0.5784174499115875
                    ]
                },
                "loss": [
                    1.8598913969816986
                ],
                "precisions": {
                    "N1": [
                        0.2254601226993865
                    ],
                    "N2": [
                        0.7865572088250384
                    ],
                    "N3": [
                        0.7120418848167539
                    ],
                    "REM": [
                        0.518879932117098
                    ],
                    "Wake": [
                        0.5806769635228393
                    ],
                    "macro": [
                        0.5647232223962233
                    ]
                },
                "recalls": {
                    "N1": [
                        0.17625899280575538
                    ],
                    "N2": [
                        0.6970294028493483
                    ],
                    "N3": [
                        0.8976897689768977
                    ],
                    "REM": [
                        0.46168365420913554
                    ],
                    "Wake": [
                        0.798463624039765
                    ],
                    "macro": [
                        0.6062250885761804
                    ]
                }
            }
        }
    },
    "train": {},
    "valid_ssl": {}
}
