{
    "earlystopping": {
        "confusion_matrices": {
            "abs": [
                "[[942, 35, 354, 5, 152], [82, 45, 240, 2, 102], [101, 51, 2419, 70, 1199], [3, 1, 287, 406, 222], [171, 38, 366, 2, 589]]"
            ]
        },
        "markov_matrices": {
            "abs": {
                "actual": [
                    "[[1224, 231, 17, 0, 15], [74, 164, 222, 0, 11], [132, 73, 3531, 73, 31], [11, 0, 62, 846, 0], [46, 3, 8, 0, 1109]]"
                ],
                "predicted": [
                    "[[1040, 61, 103, 1, 94], [24, 48, 89, 0, 9], [123, 55, 3288, 60, 139], [4, 0, 56, 407, 18], [107, 6, 130, 17, 2004]]"
                ]
            }
        },
        "metrics": {
            "downstream": {
                "cohen_kappa": [
                    0.36112105919070525
                ],
                "f1_scores": {
                    "N1": [
                        0.14040561622464898
                    ],
                    "N2": [
                        0.6445510258459899
                    ],
                    "N3": [
                        0.5783475783475783
                    ],
                    "REM": [
                        0.3434402332361516
                    ],
                    "Wake": [
                        0.6759956942949408
                    ],
                    "macro": [
                        0.47654802958986187
                    ]
                },
                "loss": [
                    3.1075503826141357
                ],
                "precisions": {
                    "N1": [
                        0.2647058823529412
                    ],
                    "N2": [
                        0.6598472449536279
                    ],
                    "N3": [
                        0.8371134020618557
                    ],
                    "REM": [
                        0.26015901060070673
                    ],
                    "Wake": [
                        0.7251732101616628
                    ],
                    "macro": [
                        0.5493997500261589
                    ]
                },
                "recalls": {
                    "N1": [
                        0.09554140127388536
                    ],
                    "N2": [
                        0.6299479166666667
                    ],
                    "N3": [
                        0.44178454842219805
                    ],
                    "REM": [
                        0.5051457975986278
                    ],
                    "Wake": [
                        0.6330645161290323
                    ],
                    "macro": [
                        0.461096836018082
                    ]
                }
            }
        }
    },
    "test": {
        "confusion_matrices": {
            "abs": [
                "[[1461, 59, 718, 48, 230], [185, 44, 315, 6, 156], [377, 87, 4331, 611, 1125], [3, 2, 334, 981, 207], [344, 74, 831, 37, 885]]"
            ]
        },
        "markov_matrices": {
            "abs": {
                "actual": [
                    "[[2107, 335, 57, 1, 15], [101, 257, 328, 0, 20], [233, 100, 5972, 176, 50], [18, 3, 155, 1350, 1], [56, 11, 19, 0, 2085]]"
                ],
                "predicted": [
                    "[[1841, 124, 211, 20, 173], [48, 61, 140, 2, 15], [279, 68, 5834, 179, 169], [26, 3, 176, 1462, 16], [175, 10, 168, 20, 2230]]"
                ]
            }
        },
        "metrics": {
            "downstream": {
                "cohen_kappa": [
                    0.37595353144077426
                ],
                "f1_scores": {
                    "N1": [
                        0.09053497942386832
                    ],
                    "N2": [
                        0.6632465543644717
                    ],
                    "N3": [
                        0.611214953271028
                    ],
                    "REM": [
                        0.37075827398408046
                    ],
                    "Wake": [
                        0.5980352026197299
                    ],
                    "macro": [
                        0.4667579927326357
                    ]
                },
                "loss": [
                    3.247047706886574
                ],
                "precisions": {
                    "N1": [
                        0.16541353383458646
                    ],
                    "N2": [
                        0.6633481390718333
                    ],
                    "N3": [
                        0.5828877005347594
                    ],
                    "REM": [
                        0.3399923165578179
                    ],
                    "Wake": [
                        0.6164556962025316
                    ],
                    "macro": [
                        0.47361947724030573
                    ]
                },
                "recalls": {
                    "N1": [
                        0.06232294617563739
                    ],
                    "N2": [
                        0.6631450007655796
                    ],
                    "N3": [
                        0.6424361493123772
                    ],
                    "REM": [
                        0.40764624596959925
                    ],
                    "Wake": [
                        0.5806836248012719
                    ],
                    "macro": [
                        0.471246793404893
                    ]
                }
            }
        }
    },
    "train": {},
    "valid_pretraining": {}
}
