{"earlystopping":{"confusion_matrices":{"abs":["[[1056, 103, 135, 50, 74], [231, 91, 352, 105, 16], [242, 93, 1456, 808, 17], [2, 0, 48, 1266, 2], [60, 49, 248, 104, 780]]"]},"markov_matrices":{"abs":{"actual":["[[1126, 224, 50, 1, 17], [105, 349, 308, 1, 32], [110, 186, 2216, 66, 37], [28, 7, 32, 1250, 1], [48, 29, 10, 0, 1154]]"],"predicted":["[[1293, 95, 131, 38, 34], [61, 114, 110, 21, 29], [125, 78, 1721, 245, 70], [52, 24, 226, 1998, 33], [59, 25, 51, 31, 723]]"]}},"metrics":{"downstream":{"cohen_kappa":[0.5184722337004464],"f1_scores":{"N1":[0.16091954022988506],"N2":[0.599794026776519],"N3":[0.6935086277732129],"REM":[0.7323943661971831],"Wake":[0.7018943170488534],"macro":[0.5777021756051307]},"loss":[1.5155806223551431],"precisions":{"N1":[0.2708333333333333],"N2":[0.6502903081732917],"N3":[0.5426489498499786],"REM":[0.8773903262092239],"Wake":[0.6637335009428033],"macro":[0.600979283701726]},"recalls":{"N1":[0.11446540880503145],"N2":[0.5565749235474006],"N3":[0.960546282245827],"REM":[0.628525382755842],"Wake":[0.7447108603667136],"macro":[0.6009645715441629]}}}},"test":{"confusion_matrices":{"abs":["[[3733, 224, 427, 121, 179], [616, 293, 1063, 256, 85], [302, 164, 3642, 1444, 60], [10, 2, 396, 3584, 0], [186, 120, 649, 259, 1725]]"]},"markov_matrices":{"abs":{"actual":["[[4011, 610, 44, 4, 15], [319, 1176, 689, 6, 122], [195, 395, 4680, 248, 94], [57, 20, 176, 3734, 5], [101, 112, 23, 0, 2703]]"],"predicted":["[[4147, 244, 249, 71, 136], [150, 245, 290, 43, 75], [259, 206, 4926, 604, 181], [117, 34, 568, 4880, 65], [173, 74, 144, 66, 1592]]"]}},"metrics":{"downstream":{"cohen_kappa":[0.5637361483331564],"f1_scores":{"N1":[0.18806161745827984],"N2":[0.6178641106115871],"N3":[0.7423363711681856],"REM":[0.6916599839615076],"Wake":[0.7833385793725737],"macro":[0.6046521325144267]},"loss":[1.3716826805701623],"precisions":{"N1":[0.36488169364881695],"N2":[0.5896066051481301],"N3":[0.632768361581921],"REM":[0.8418740849194729],"Wake":[0.770167113678564],"macro":[0.639859571795381]},"recalls":{"N1":[0.12667531344574146],"N2":[0.6489665003563792],"N3":[0.8977955911823647],"REM":[0.5869343314052399],"Wake":[0.7969684030742955],"macro":[0.6114680278928042]}}}},"train":{},"valid_pretraining":{}}