{"earlystopping":{"confusion_matrices":{"abs":["[[983, 158, 146, 28, 103], [182, 232, 323, 30, 28], [109, 183, 1868, 407, 49], [7, 1, 111, 1199, 0], [109, 97, 138, 1, 896]]"]},"markov_matrices":{"abs":{"actual":["[[1126, 224, 50, 1, 17], [105, 349, 308, 1, 32], [110, 186, 2216, 66, 37], [28, 7, 32, 1250, 1], [48, 29, 10, 0, 1154]]"],"predicted":["[[1126, 165, 63, 2, 34], [67, 357, 214, 0, 33], [110, 123, 2198, 104, 51], [20, 1, 84, 1557, 3], [66, 25, 27, 2, 955]]"]}},"metrics":{"downstream":{"cohen_kappa":[0.6092344703030638],"f1_scores":{"N1":[0.3165075034106412],"N2":[0.7181853133410226],"N3":[0.8038887026483406],"REM":[0.7734138972809668],"Wake":[0.7001424501424501],"macro":[0.6624275733646842]},"loss":[0.7652245203653971],"precisions":{"N1":[0.34575260804769004],"N2":[0.7223511214230471],"N3":[0.7201201201201202],"REM":[0.8327137546468402],"Wake":[0.7071942446043166],"macro":[0.6656263697684028]},"recalls":{"N1":[0.2918238993710692],"N2":[0.7140672782874617],"N3":[0.909711684370258],"REM":[0.7219983883964545],"Wake":[0.6932299012693935],"macro":[0.6661662303389274]}}}},"test":{"confusion_matrices":{"abs":["[[3824, 249, 262, 114, 235], [719, 674, 679, 53, 188], [336, 382, 4029, 770, 95], [30, 3, 553, 3402, 4], [350, 209, 365, 28, 1987]]"]},"markov_matrices":{"abs":{"actual":["[[4011, 610, 44, 4, 15], [319, 1176, 689, 6, 122], [195, 395, 4680, 248, 94], [57, 20, 176, 3734, 5], [101, 112, 23, 0, 2703]]"],"predicted":["[[4578, 397, 143, 8, 133], [158, 825, 447, 2, 85], [287, 213, 5041, 243, 103], [45, 5, 201, 4110, 6], [190, 77, 56, 4, 2182]]"]}},"metrics":{"downstream":{"cohen_kappa":[0.6285130315024363],"f1_scores":{"N1":[0.35195822454308096],"N2":[0.700695652173913],"N3":[0.8139729632731187],"REM":[0.7294419970631424],"Wake":[0.7691843507995575],"macro":[0.6730506375705625]},"loss":[0.7308041010147486],"precisions":{"N1":[0.44429795649307846],"N2":[0.6842730978260869],"N3":[0.7790245019464163],"REM":[0.7919489836588283],"Wake":[0.7271344362046016],"macro":[0.6853357952258022]},"recalls":{"N1":[0.29139645482057935],"N2":[0.7179258731290092],"N3":[0.8522044088176353],"REM":[0.676080299421572],"Wake":[0.816396242527754],"macro":[0.6708006557433099]}}}},"train":{},"valid_pretraining":{}}