{"earlystopping":{"confusion_matrices":{"abs":["[[1337, 80, 30, 26, 87], [150, 356, 175, 70, 80], [95, 234, 1442, 598, 62], [3, 1, 91, 1321, 1], [36, 24, 61, 37, 1037]]"]},"markov_matrices":{"abs":{"actual":["[[1273, 229, 40, 1, 17], [112, 387, 291, 0, 41], [103, 174, 2054, 62, 37], [22, 5, 35, 1354, 1], [49, 36, 11, 0, 1099]]"],"predicted":["[[1370, 129, 61, 20, 41], [74, 337, 212, 34, 38], [69, 148, 1404, 133, 45], [46, 43, 92, 1852, 19], [61, 38, 30, 13, 1124]]"]}},"metrics":{"downstream":{"cohen_kappa":[0.6672412818570184],"f1_scores":{"N1":[0.46657929226736566],"N2":[0.6817966903073286],"N3":[0.7616027673681176],"REM":[0.8424045491470349],"Wake":[0.8406161584407419],"macro":[0.7185998915061177]},"loss":[1.372701644897461],"precisions":{"N1":[0.5122302158273381],"N2":[0.8015564202334631],"N3":[0.6437621832358674],"REM":[0.8184688239936859],"Wake":[0.824799506477483],"macro":[0.7201634299535675]},"recalls":{"N1":[0.42839951865222625],"N2":[0.593171534348005],"N3":[0.9322512350035286],"REM":[0.8677824267782427],"Wake":[0.857051282051282],"macro":[0.7357311993666569]}}}},"test":{"confusion_matrices":{"abs":["[[4192, 249, 131, 69, 215], [521, 911, 729, 222, 347], [246, 515, 4201, 1853, 288], [26, 0, 530, 3555, 19], [180, 146, 206, 234, 2209]]"]},"markov_matrices":{"abs":{"actual":["[[4051, 689, 82, 1, 32], [350, 1373, 861, 3, 143], [263, 497, 5960, 282, 101], [67, 39, 179, 3844, 1], [124, 132, 21, 0, 2698]]"],"predicted":["[[4456, 367, 165, 75, 101], [187, 793, 569, 80, 192], [211, 395, 4689, 343, 159], [135, 93, 246, 5373, 86], [175, 173, 128, 62, 2540]]"]}},"metrics":{"downstream":{"cohen_kappa":[0.6039161615083664],"f1_scores":{"N1":[0.4003515710832784],"N2":[0.6513178294573644],"N3":[0.7065487429196065],"REM":[0.7298860069387081],"Wake":[0.8366430495958487],"macro":[0.6649494399989612]},"loss":[1.7706765463185865],"precisions":{"N1":[0.500274574409665],"N2":[0.7246851819906849],"N3":[0.5991909657845946],"REM":[0.7176738141650423],"Wake":[0.8116166505324298],"macro":[0.6706882373764833]},"recalls":{"N1":[0.3336996336996337],"N2":[0.5914402365197804],"N3":[0.860774818401937],"REM":[0.7425210084033613],"Wake":[0.8632619439868204],"macro":[0.6783395282023067]}}}},"train":{},"valid_pretraining":{}}