{"earlystopping":{"confusion_matrices":{"abs":["[[753, 108, 90, 1, 156], [24, 128, 170, 0, 106], [95, 88, 3180, 464, 270], [46, 0, 67, 761, 34], [17, 24, 83, 1, 1128]]"]},"markov_matrices":{"abs":{"actual":["[[862, 210, 21, 0, 14], [64, 148, 206, 0, 10], [130, 65, 3781, 89, 32], [11, 1, 77, 819, 0], [40, 4, 12, 0, 1197]]"],"predicted":["[[671, 135, 58, 3, 68], [54, 150, 126, 4, 14], [107, 53, 3243, 65, 122], [17, 2, 59, 1145, 4], [85, 8, 104, 10, 1486]]"]}},"metrics":{"downstream":{"cohen_kappa":[0.6546536351950463],"f1_scores":{"N1":[0.3298969072164948],"N2":[0.8273708859112788],"N3":[0.71288056206089],"REM":[0.7655242619613166],"Wake":[0.737151248164464],"macro":[0.6745647730628889]},"loss":[1.1064616441726685],"precisions":{"N1":[0.367816091954023],"N2":[0.8857938718662952],"N3":[0.6202118989405053],"REM":[0.6658795749704841],"Wake":[0.8053475935828877],"macro":[0.669009806262839]},"recalls":{"N1":[0.29906542056074764],"N2":[0.7761776909934098],"N3":[0.8381057268722467],"REM":[0.9002394253790902],"Wake":[0.6796028880866426],"macro":[0.6986382303784273]}}}},"test":{"confusion_matrices":{"abs":["[[1664, 187, 165, 13, 342], [177, 252, 176, 9, 140], [175, 126, 4895, 443, 845], [6, 16, 28, 1278, 113], [48, 156, 147, 1, 1772]]"]},"markov_matrices":{"abs":{"actual":["[[1925, 362, 71, 0, 13], [125, 270, 344, 1, 14], [256, 108, 5893, 174, 52], [18, 2, 155, 1266, 0], [46, 12, 21, 0, 2045]]"],"predicted":["[[1610, 210, 133, 9, 108], [82, 430, 176, 5, 44], [209, 65, 4826, 123, 187], [31, 1, 102, 1571, 39], [138, 31, 173, 36, 2834]]"]}},"metrics":{"downstream":{"cohen_kappa":[0.6470820817662499],"f1_scores":{"N1":[0.3380281690140845],"N2":[0.8230348886086591],"N3":[0.8025117739403453],"REM":[0.664167916041979],"Wake":[0.749380770096825],"macro":[0.6754247035403786]},"loss":[1.2831142132098858],"precisions":{"N1":[0.3419267299864315],"N2":[0.9046386989465903],"N3":[0.7327981651376146],"REM":[0.5516811955168119],"Wake":[0.8038647342995169],"macro":[0.666981904777393]},"recalls":{"N1":[0.33421750663129973],"N2":[0.7549352251696484],"N3":[0.8868841082581541],"REM":[0.8342749529190208],"Wake":[0.7018135807676086],"macro":[0.7024250747491463]}}}},"train":{},"valid_pretraining":{}}