{"earlystopping":{"confusion_matrices":{"abs":["[[1140, 96, 76, 6, 59], [310, 215, 163, 56, 131], [222, 116, 1569, 464, 86], [13, 0, 70, 1452, 8], [113, 24, 64, 13, 1014]]"]},"markov_matrices":{"abs":{"actual":["[[1107, 224, 32, 1, 13], [103, 420, 304, 1, 47], [91, 183, 2069, 75, 39], [26, 6, 44, 1466, 0], [49, 42, 8, 0, 1129]]"],"predicted":["[[1404, 180, 95, 46, 73], [85, 167, 161, 7, 31], [121, 79, 1576, 91, 75], [84, 7, 49, 1836, 14], [103, 18, 61, 11, 1105]]"]}},"metrics":{"downstream":{"cohen_kappa":[0.6417885386538744],"f1_scores":{"N1":[0.32428355957767724],"N2":[0.7133439418049556],"N3":[0.8217317487266553],"REM":[0.8028503562945368],"Wake":[0.7181102362204724],"macro":[0.6760639685248595]},"loss":[2.1198589324951174],"precisions":{"N1":[0.47671840354767187],"N2":[0.8079299691040165],"N3":[0.7292817679558011],"REM":[0.7812018489984591],"Wake":[0.6340378197997776],"macro":[0.6858339618811453]},"recalls":{"N1":[0.24571428571428572],"N2":[0.6385836385836385],"N3":[0.9410239792611795],"REM":[0.8257328990228013],"Wake":[0.8278867102396514],"macro":[0.6957883025643113]}}}},"test":{"confusion_matrices":{"abs":["[[4175, 295, 338, 97, 256], [789, 701, 426, 153, 514], [458, 408, 3048, 1032, 560], [58, 6, 418, 3209, 32], [276, 59, 151, 60, 1747]]"]},"markov_matrices":{"abs":{"actual":["[[4415, 676, 55, 1, 13], [385, 1308, 745, 5, 140], [218, 440, 4532, 223, 93], [51, 23, 150, 3494, 5], [91, 136, 24, 0, 2042]]"],"predicted":["[[4712, 473, 225, 115, 230], [300, 658, 396, 9, 106], [286, 259, 3512, 175, 149], [183, 14, 100, 4200, 54], [274, 65, 148, 52, 2570]]"]}},"metrics":{"downstream":{"cohen_kappa":[0.574992464942313],"f1_scores":{"N1":[0.34600197433366237],"N2":[0.6165672094669769],"N3":[0.7756828619772782],"REM":[0.6467974824139208],"Wake":[0.7648621416139966],"macro":[0.629982333961167]},"loss":[2.4663381074604236],"precisions":{"N1":[0.4771953710006807],"N2":[0.6957315681351289],"N3":[0.7051197539002417],"REM":[0.5619170151174011],"Wake":[0.7253300903405142],"macro":[0.6330587596987932]},"recalls":{"N1":[0.2713898567557104],"N2":[0.5535779150018162],"N3":[0.8619392962664518],"REM":[0.7618839947666812],"Wake":[0.8089517535361364],"macro":[0.6515485632653591]}}}},"train":{},"valid_pretraining":{}}