{"earlystopping":{"confusion_matrices":{"abs":["[[816, 442, 38, 33, 48], [174, 353, 249, 39, 60], [380, 457, 1190, 386, 44], [21, 36, 67, 1417, 2], [468, 316, 202, 47, 195]]"]},"markov_matrices":{"abs":{"actual":["[[1107, 224, 32, 1, 13], [103, 420, 304, 1, 47], [91, 183, 2069, 75, 39], [26, 6, 44, 1466, 0], [49, 42, 8, 0, 1129]]"],"predicted":["[[1198, 224, 216, 59, 162], [82, 1215, 219, 47, 41], [288, 122, 1270, 40, 26], [93, 27, 23, 1763, 15], [197, 16, 18, 13, 105]]"]}},"metrics":{"downstream":{"cohen_kappa":[0.4075487173903245],"f1_scores":{"N1":[0.28479225494150867],"N2":[0.5662621936711872],"N3":[0.8178932178932179],"REM":[0.24730500951173112],"Wake":[0.5043263288009888],"macro":[0.4841158009637268]},"loss":[4.612539672851563],"precisions":{"N1":[0.22007481296758105],"N2":[0.6815578465063001],"N3":[0.7372528616024974],"REM":[0.5587392550143266],"Wake":[0.4389456697149005],"macro":[0.5273140891611212]},"recalls":{"N1":[0.4034285714285714],"N2":[0.4843304843304843],"N3":[0.9183408943616331],"REM":[0.15879478827361562],"Wake":[0.5925925925925926],"macro":[0.5114974661973795]}}}},"test":{"confusion_matrices":{"abs":["[[2473, 1386, 685, 275, 342], [365, 1038, 841, 204, 135], [642, 709, 3006, 1039, 110], [60, 60, 381, 3219, 3], [808, 534, 543, 94, 314]]"]},"markov_matrices":{"abs":{"actual":["[[4415, 676, 55, 1, 13], [385, 1308, 745, 5, 140], [218, 440, 4532, 223, 93], [51, 23, 150, 3494, 5], [91, 136, 24, 0, 2042]]"],"predicted":["[[2750, 564, 491, 189, 354], [247, 2784, 477, 140, 79], [626, 264, 4318, 139, 109], [271, 85, 102, 4338, 34], [454, 29, 68, 25, 328]]"]}},"metrics":{"downstream":{"cohen_kappa":[0.38564775956757524],"f1_scores":{"N1":[0.3290015847860539],"N2":[0.548440065681445],"N3":[0.7526303483750292],"REM":[0.19643415702220832],"Wake":[0.5201388158586602],"macro":[0.4693289943446793]},"loss":[4.474429080360814],"precisions":{"N1":[0.27850818352562384],"N2":[0.5509530791788856],"N3":[0.6663216725315669],"REM":[0.3473451327433628],"Wake":[0.5687672493100276],"macro":[0.48237906345789333]},"recalls":{"N1":[0.40185830429732866],"N2":[0.5459498728659644],"N3":[0.8646253021756648],"REM":[0.13693850850414305],"Wake":[0.4791707033520636],"macro":[0.48570853823903287]}}}},"train":{},"valid_pretraining":{}}