{
    "earlystopping": {
        "confusion_matrices": {
            "abs": [
                "[[911, 93, 84, 1, 19], [72, 151, 150, 0, 55], [60, 55, 3780, 57, 145], [2, 0, 263, 622, 21], [39, 56, 162, 0, 996]]"
            ]
        },
        "markov_matrices": {
            "abs": {
                "actual": [
                    "[[862, 210, 21, 0, 14], [64, 148, 206, 0, 10], [130, 65, 3781, 89, 32], [11, 1, 77, 819, 0], [40, 4, 12, 0, 1197]]"
                ],
                "predicted": [
                    "[[848, 158, 33, 0, 44], [52, 143, 141, 0, 19], [108, 40, 4158, 55, 78], [8, 2, 45, 625, 0], [67, 12, 62, 0, 1095]]"
                ]
            }
        },
        "metrics": {
            "downstream": {
                "cohen_kappa": [
                    0.73368310854523
                ],
                "f1_scores": {
                    "N1": [
                        0.38569604086845466
                    ],
                    "N2": [
                        0.885660731021556
                    ],
                    "N3": [
                        0.783375314861461
                    ],
                    "REM": [
                        0.8003214142225793
                    ],
                    "Wake": [
                        0.8312043795620437
                    ],
                    "macro": [
                        0.7372515761072188
                    ]
                },
                "loss": [
                    0.8146493434906006
                ],
                "precisions": {
                    "N1": [
                        0.4253521126760563
                    ],
                    "N2": [
                        0.851543140346925
                    ],
                    "N3": [
                        0.9147058823529411
                    ],
                    "REM": [
                        0.8058252427184466
                    ],
                    "Wake": [
                        0.8404059040590406
                    ],
                    "macro": [
                        0.7675664564306819
                    ]
                },
                "recalls": {
                    "N1": [
                        0.352803738317757
                    ],
                    "N2": [
                        0.9226263119355627
                    ],
                    "N3": [
                        0.6850220264317181
                    ],
                    "REM": [
                        0.7948922585794094
                    ],
                    "Wake": [
                        0.822202166064982
                    ],
                    "macro": [
                        0.7155093002658859
                    ]
                }
            }
        }
    },
    "test": {
        "confusion_matrices": {
            "abs": [
                "[[1900, 148, 288, 5, 30], [213, 304, 193, 1, 43], [287, 206, 5673, 182, 136], [6, 0, 280, 1144, 11], [112, 60, 376, 0, 1576]]"
            ]
        },
        "markov_matrices": {
            "abs": {
                "actual": [
                    "[[1925, 362, 71, 0, 13], [125, 270, 344, 1, 14], [256, 108, 5893, 174, 52], [18, 2, 155, 1266, 0], [46, 12, 21, 0, 2045]]"
                ],
                "predicted": [
                    "[[1988, 375, 100, 7, 48], [133, 264, 289, 0, 32], [301, 63, 6219, 107, 119], [18, 2, 98, 1209, 5], [77, 14, 104, 9, 1592]]"
                ]
            }
        },
        "metrics": {
            "downstream": {
                "cohen_kappa": [
                    0.710212093511905
                ],
                "f1_scores": {
                    "N1": [
                        0.4130434782608696
                    ],
                    "N2": [
                        0.8534677298029186
                    ],
                    "N3": [
                        0.8250991705733861
                    ],
                    "REM": [
                        0.8040816326530612
                    ],
                    "Wake": [
                        0.7772550623849458
                    ],
                    "macro": [
                        0.7345894147350364
                    ]
                },
                "loss": [
                    0.8174342375535232
                ],
                "precisions": {
                    "N1": [
                        0.4233983286908078
                    ],
                    "N2": [
                        0.8330396475770925
                    ],
                    "N3": [
                        0.8588588588588588
                    ],
                    "REM": [
                        0.8775055679287305
                    ],
                    "Wake": [
                        0.7545671167593329
                    ],
                    "macro": [
                        0.7494739039629644
                    ]
                },
                "recalls": {
                    "N1": [
                        0.40318302387267907
                    ],
                    "N2": [
                        0.8749228871067243
                    ],
                    "N3": [
                        0.7938931297709924
                    ],
                    "REM": [
                        0.7419962335216572
                    ],
                    "Wake": [
                        0.8013496415014761
                    ],
                    "macro": [
                        0.7230689831547059
                    ]
                }
            }
        }
    },
    "train": {},
    "valid_ssl": {}
}
