{
    "earlystopping": {
        "confusion_matrices": {
            "abs": [
                "[[1209, 71, 77, 8, 93], [71, 69, 207, 4, 57], [23, 19, 3156, 403, 101], [0, 0, 153, 897, 0], [46, 11, 388, 16, 604]]"
            ]
        },
        "markov_matrices": {
            "abs": {
                "actual": [
                    "[[1259, 184, 13, 0, 1], [48, 150, 197, 0, 13], [112, 70, 3412, 84, 24], [12, 1, 71, 966, 0], [26, 3, 9, 0, 1027]]"
                ],
                "predicted": [
                    "[[1158, 65, 92, 2, 31], [30, 74, 48, 0, 18], [114, 12, 3687, 93, 75], [14, 2, 78, 1227, 7], [32, 17, 76, 6, 724]]"
                ]
            }
        },
        "metrics": {
            "downstream": {
                "cohen_kappa": [
                    0.6638297456923903
                ],
                "f1_scores": {
                    "N1": [
                        0.23875432525951562
                    ],
                    "N2": [
                        0.8215540804373291
                    ],
                    "N3": [
                        0.7544154751892346
                    ],
                    "REM": [
                        0.6291666666666667
                    ],
                    "Wake": [
                        0.8614178838617742
                    ],
                    "macro": [
                        0.6610616862829041
                    ]
                },
                "loss": [
                    1.3365718126296997
                ],
                "precisions": {
                    "N1": [
                        0.40588235294117647
                    ],
                    "N2": [
                        0.7927656367746797
                    ],
                    "N3": [
                        0.6754518072289156
                    ],
                    "REM": [
                        0.7064327485380117
                    ],
                    "Wake": [
                        0.8962194217939214
                    ],
                    "macro": [
                        0.695350393455341
                    ]
                },
                "recalls": {
                    "N1": [
                        0.16911764705882354
                    ],
                    "N2": [
                        0.8525121555915721
                    ],
                    "N3": [
                        0.8542857142857143
                    ],
                    "REM": [
                        0.5671361502347417
                    ],
                    "Wake": [
                        0.8292181069958847
                    ],
                    "macro": [
                        0.6544539548333473
                    ]
                }
            }
        }
    },
    "test": {
        "confusion_matrices": {
            "abs": [
                "[[1592, 23, 128, 40, 226], [128, 114, 240, 3, 99], [251, 66, 5011, 972, 342], [0, 0, 220, 1640, 0], [78, 19, 739, 28, 1306]]"
            ]
        },
        "markov_matrices": {
            "abs": {
                "actual": [
                    "[[1680, 283, 29, 0, 17], [67, 196, 302, 0, 18], [192, 88, 6163, 147, 52], [23, 1, 123, 1713, 0], [46, 16, 25, 0, 2083]]"
                ],
                "predicted": [
                    "[[1638, 86, 196, 6, 123], [26, 69, 98, 5, 24], [212, 37, 5743, 201, 144], [25, 4, 170, 2458, 26], [147, 26, 131, 13, 1656]]"
                ]
            }
        },
        "metrics": {
            "downstream": {
                "cohen_kappa": [
                    0.6029715315132658
                ],
                "f1_scores": {
                    "N1": [
                        0.28287841191067
                    ],
                    "N2": [
                        0.7721109399075501
                    ],
                    "N3": [
                        0.7219898745322475
                    ],
                    "REM": [
                        0.6304610185855659
                    ],
                    "Wake": [
                        0.7846229669788073
                    ],
                    "macro": [
                        0.6384126423829681
                    ]
                },
                "loss": [
                    1.485845419076773
                ],
                "precisions": {
                    "N1": [
                        0.5135135135135135
                    ],
                    "N2": [
                        0.7906279583464816
                    ],
                    "N3": [
                        0.6112560566530004
                    ],
                    "REM": [
                        0.6619361378611252
                    ],
                    "Wake": [
                        0.7769643728648121
                    ],
                    "macro": [
                        0.6708596078477865
                    ]
                },
                "recalls": {
                    "N1": [
                        0.1952054794520548
                    ],
                    "N2": [
                        0.7544414333032219
                    ],
                    "N3": [
                        0.8817204301075269
                    ],
                    "REM": [
                        0.6018433179723502
                    ],
                    "Wake": [
                        0.7924340467894475
                    ],
                    "macro": [
                        0.6451289415249203
                    ]
                }
            }
        }
    },
    "train": {},
    "valid_pretraining": {}
}
