{"earlystopping":{"confusion_matrices":{"abs":["[[7222, 0, 134, 0, 304], [562, 0, 975, 0, 390], [639, 1, 6293, 0, 173], [233, 0, 864, 0, 31], [484, 3, 1269, 0, 1085]]"]},"markov_matrices":{"abs":{"actual":["[[7290, 345, 19, 0, 5], [197, 1257, 361, 3, 109], [94, 200, 6433, 271, 108], [13, 13, 248, 854, 0], [65, 112, 45, 0, 2619]]"],"predicted":["[[8329, 2, 501, 0, 307], [0, 0, 1, 0, 3], [506, 0, 8655, 0, 374], [0, 0, 0, 0, 0], [304, 2, 378, 0, 1299]]"]}},"metrics":{"downstream":{"cohen_kappa":[0.558203914593485],"f1_scores":{"N1":[0.0],"N2":[0.7563247400997536],"N3":[0.0],"REM":[0.44983416252072966],"Wake":[0.8597619047619047],"macro":[0.41318416147647763]},"loss":[1.0238305999011528],"precisions":{"N1":[0.0],"N2":[0.6599895123230205],"N3":[0.0],"REM":[0.5471507816439738],"Wake":[0.7901531728665208],"macro":[0.399458693366703]},"recalls":{"N1":[0.0],"N2":[0.8855896425555868],"N3":[0.0],"REM":[0.3819077789510736],"Wake":[0.9428198433420365],"macro":[0.4420634529697393]}}}},"test":{"confusion_matrices":{"abs":["[[9974, 0, 315, 0, 492], [1981, 1, 1242, 0, 481], [4048, 0, 8463, 0, 409], [562, 0, 1431, 0, 43], [1306, 0, 2118, 0, 1416]]"]},"markov_matrices":{"abs":{"actual":["[[10118, 616, 19, 0, 27], [361, 2625, 600, 0, 119], [180, 332, 11792, 467, 149], [22, 6, 436, 1569, 3], [99, 126, 73, 0, 4542]]"],"predicted":["[[16498, 0, 749, 0, 623], [0, 0, 1, 0, 0], [742, 0, 12317, 0, 510], [0, 0, 0, 0, 0], [630, 1, 502, 0, 1708]]"]}},"metrics":{"downstream":{"cohen_kappa":[0.3766772791593971],"f1_scores":{"N1":[0.0005396654074473826],"N2":[0.6389822190343162],"N3":[0.0],"REM":[0.36870199192813435],"Wake":[0.6962166689934385],"macro":[0.3408881090726673]},"loss":[1.2613983154296875],"precisions":{"N1":[1.0],"N2":[0.6237010833517577],"N3":[0.0],"REM":[0.498416050686378],"Wake":[0.5581109059369929],"macro":[0.5360456079950258]},"recalls":{"N1":[0.0002699055330634278],"N2":[0.655030959752322],"N3":[0.0],"REM":[0.29256198347107437],"Wake":[0.9251460903441239],"macro":[0.3746017878201167]}}}},"train":{},"valid_pretraining":{}}