{
    "earlystopping": {
        "confusion_matrices": {
            "abs": [
                "[[1073, 35, 219, 2, 129], [83, 40, 182, 4, 99], [223, 39, 2707, 198, 535], [1, 0, 373, 666, 10], [89, 31, 246, 0, 699]]"
            ]
        },
        "markov_matrices": {
            "abs": {
                "actual": [
                    "[[1259, 184, 13, 0, 1], [48, 150, 197, 0, 13], [112, 70, 3412, 84, 24], [12, 1, 71, 966, 0], [26, 3, 9, 0, 1027]]"
                ],
                "predicted": [
                    "[[1237, 55, 111, 0, 65], [23, 43, 58, 0, 21], [142, 19, 3267, 84, 215], [3, 0, 79, 783, 5], [63, 28, 212, 3, 1166]]"
                ]
            }
        },
        "metrics": {
            "downstream": {
                "cohen_kappa": [
                    0.5266927097301775
                ],
                "f1_scores": {
                    "N1": [
                        0.14466546112115733
                    ],
                    "N2": [
                        0.7287656481356845
                    ],
                    "N3": [
                        0.69375
                    ],
                    "REM": [
                        0.551044540796216
                    ],
                    "Wake": [
                        0.7331738981892723
                    ],
                    "macro": [
                        0.570279909648466
                    ]
                },
                "loss": [
                    0.882034957408905
                ],
                "precisions": {
                    "N1": [
                        0.27586206896551724
                    ],
                    "N2": [
                        0.7263214381540113
                    ],
                    "N3": [
                        0.7655172413793103
                    ],
                    "REM": [
                        0.4748641304347826
                    ],
                    "Wake": [
                        0.730428863172226
                    ],
                    "macro": [
                        0.5945987484211696
                    ]
                },
                "recalls": {
                    "N1": [
                        0.09803921568627451
                    ],
                    "N2": [
                        0.7312263641274986
                    ],
                    "N3": [
                        0.6342857142857142
                    ],
                    "REM": [
                        0.6563380281690141
                    ],
                    "Wake": [
                        0.7359396433470508
                    ],
                    "macro": [
                        0.5711657931231104
                    ]
                }
            }
        }
    },
    "test": {
        "confusion_matrices": {
            "abs": [
                "[[1189, 65, 411, 7, 337], [150, 75, 242, 3, 114], [390, 119, 5041, 159, 933], [8, 0, 606, 1237, 9], [214, 55, 588, 9, 1304]]"
            ]
        },
        "markov_matrices": {
            "abs": {
                "actual": [
                    "[[1680, 283, 29, 0, 17], [67, 196, 302, 0, 18], [192, 88, 6163, 147, 52], [23, 1, 123, 1713, 0], [46, 16, 25, 0, 2083]]"
                ],
                "predicted": [
                    "[[1474, 111, 255, 0, 111], [43, 110, 124, 0, 37], [303, 45, 6023, 146, 370], [5, 0, 138, 1266, 6], [125, 48, 348, 3, 2173]]"
                ]
            }
        },
        "metrics": {
            "downstream": {
                "cohen_kappa": [
                    0.5016439584283333
                ],
                "f1_scores": {
                    "N1": [
                        0.16703786191536749
                    ],
                    "N2": [
                        0.7451589061345159
                    ],
                    "N3": [
                        0.7554198473282443
                    ],
                    "REM": [
                        0.5358537086500924
                    ],
                    "Wake": [
                        0.6005050505050505
                    ],
                    "macro": [
                        0.5607950749066541
                    ]
                },
                "loss": [
                    0.9733365865854117
                ],
                "precisions": {
                    "N1": [
                        0.23885350318471338
                    ],
                    "N2": [
                        0.7318524970963995
                    ],
                    "N3": [
                        0.8742049469964664
                    ],
                    "REM": [
                        0.4835001853911754
                    ],
                    "Wake": [
                        0.6094310609943618
                    ],
                    "macro": [
                        0.5875684387326234
                    ]
                },
                "recalls": {
                    "N1": [
                        0.1284246575342466
                    ],
                    "N2": [
                        0.7589581451370069
                    ],
                    "N3": [
                        0.6650537634408602
                    ],
                    "REM": [
                        0.6009216589861751
                    ],
                    "Wake": [
                        0.5918367346938775
                    ],
                    "macro": [
                        0.5490389919584333
                    ]
                }
            }
        }
    },
    "train": {},
    "valid_pretraining": {}
}
