{
    "earlystopping": {
        "confusion_matrices": {
            "abs": [
                "[[1205, 82, 66, 39, 66], [149, 90, 86, 25, 58], [111, 30, 2134, 1002, 425], [1, 0, 125, 898, 26], [168, 15, 51, 55, 776]]"
            ]
        },
        "markov_matrices": {
            "abs": {
                "actual": [
                    "[[1259, 184, 13, 0, 1], [48, 150, 197, 0, 13], [112, 70, 3412, 84, 24], [12, 1, 71, 966, 0], [26, 3, 9, 0, 1027]]"
                ],
                "predicted": [
                    "[[1441, 68, 81, 7, 37], [28, 121, 40, 8, 20], [95, 15, 2145, 113, 94], [22, 5, 101, 1845, 46], [48, 8, 94, 46, 1154]]"
                ]
            }
        },
        "metrics": {
            "downstream": {
                "cohen_kappa": [
                    0.5483110525695502
                ],
                "f1_scores": {
                    "N1": [
                        0.288
                    ],
                    "N2": [
                        0.692407527579494
                    ],
                    "N3": [
                        0.5852069077875528
                    ],
                    "REM": [
                        0.6423841059602649
                    ],
                    "Wake": [
                        0.7794307891332469
                    ],
                    "macro": [
                        0.5974858660921117
                    ]
                },
                "loss": [
                    2.158704996109009
                ],
                "precisions": {
                    "N1": [
                        0.4147465437788018
                    ],
                    "N2": [
                        0.8667749796913079
                    ],
                    "N3": [
                        0.4447746409113422
                    ],
                    "REM": [
                        0.5743893412287194
                    ],
                    "Wake": [
                        0.737454100367197
                    ],
                    "macro": [
                        0.6076279211954737
                    ]
                },
                "recalls": {
                    "N1": [
                        0.22058823529411764
                    ],
                    "N2": [
                        0.5764451647757969
                    ],
                    "N3": [
                        0.8552380952380952
                    ],
                    "REM": [
                        0.7286384976525822
                    ],
                    "Wake": [
                        0.8264746227709191
                    ],
                    "macro": [
                        0.6414769231463022
                    ]
                }
            }
        }
    },
    "test": {
        "confusion_matrices": {
            "abs": [
                "[[1514, 51, 137, 60, 247], [182, 127, 116, 57, 102], [574, 108, 3258, 1392, 1310], [0, 1, 40, 1727, 92], [369, 112, 212, 273, 1204]]"
            ]
        },
        "markov_matrices": {
            "abs": {
                "actual": [
                    "[[1680, 283, 29, 0, 17], [67, 196, 302, 0, 18], [192, 88, 6163, 147, 52], [23, 1, 123, 1713, 0], [46, 16, 25, 0, 2083]]"
                ],
                "predicted": [
                    "[[2179, 121, 221, 22, 96], [45, 197, 56, 31, 69], [228, 28, 3091, 214, 202], [30, 13, 204, 3153, 109], [156, 40, 191, 89, 2479]]"
                ]
            }
        },
        "metrics": {
            "downstream": {
                "cohen_kappa": [
                    0.455854006613294
                ],
                "f1_scores": {
                    "N1": [
                        0.25839267548321465
                    ],
                    "N2": [
                        0.6262373858721768
                    ],
                    "N3": [
                        0.6433227789159993
                    ],
                    "REM": [
                        0.4698536585365854
                    ],
                    "Wake": [
                        0.6514629948364888
                    ],
                    "macro": [
                        0.529853898728893
                    ]
                },
                "loss": [
                    2.007138912494366
                ],
                "precisions": {
                    "N1": [
                        0.3182957393483709
                    ],
                    "N2": [
                        0.8657985649747542
                    ],
                    "N3": [
                        0.49216300940438873
                    ],
                    "REM": [
                        0.4074450084602369
                    ],
                    "Wake": [
                        0.5737021599090565
                    ],
                    "macro": [
                        0.5314808964193615
                    ]
                },
                "recalls": {
                    "N1": [
                        0.21746575342465754
                    ],
                    "N2": [
                        0.4905149051490515
                    ],
                    "N3": [
                        0.928494623655914
                    ],
                    "REM": [
                        0.5548387096774193
                    ],
                    "Wake": [
                        0.7536087605774017
                    ],
                    "macro": [
                        0.5889845504968887
                    ]
                }
            }
        }
    },
    "train": {},
    "valid_pretraining": {}
}
