{"earlystopping":{"confusion_matrices":{"abs":["[[4411, 918, 22, 0, 41], [174, 855, 464, 7, 227], [78, 311, 5495, 287, 671], [30, 6, 675, 742, 105], [33, 236, 212, 0, 2201]]"]},"markov_matrices":{"abs":{"actual":["[[5051, 318, 17, 0, 5], [183, 1134, 318, 2, 90], [88, 164, 6222, 274, 94], [12, 10, 254, 1282, 0], [57, 101, 31, 0, 2493]]"],"predicted":["[[4307, 330, 50, 4, 34], [238, 1600, 306, 1, 181], [99, 208, 6080, 186, 295], [15, 2, 174, 832, 13], [66, 186, 258, 13, 2722]]"]}},"metrics":{"downstream":{"cohen_kappa":[0.6651928342602677],"f1_scores":{"N1":[0.4219096965210955],"N2":[0.8016046681254558],"N3":[0.5720894371626831],"REM":[0.7427028851020753],"Wake":[0.8719114449495948],"macro":[0.6820436263721809]},"loss":[1.3558352788289387],"precisions":{"N1":[0.36758383490971624],"N2":[0.8000873616773442],"N3":[0.7162162162162162],"REM":[0.6782742681047765],"Wake":[0.9333474396953025],"macro":[0.6991018241206712]},"recalls":{"N1":[0.4950781702374059],"N2":[0.8031277404267758],"N3":[0.4762516046213094],"REM":[0.8206562266964952],"Wake":[0.8180637982195845],"macro":[0.6826355080403141]}}}},"test":{"confusion_matrices":{"abs":["[[6986, 1783, 68, 6, 122], [882, 1571, 861, 66, 639], [349, 744, 7799, 372, 1822], [19, 18, 851, 1260, 28], [223, 370, 357, 0, 3440]]"]},"markov_matrices":{"abs":{"actual":["[[8369, 557, 27, 1, 10], [330, 3076, 529, 0, 84], [166, 277, 10122, 394, 127], [26, 9, 359, 1780, 2], [73, 100, 49, 1, 4167]]"],"predicted":["[[7854, 452, 58, 19, 75], [332, 3448, 428, 4, 274], [136, 304, 8773, 289, 434], [30, 7, 282, 1358, 27], [106, 275, 395, 34, 5241]]"]}},"metrics":{"downstream":{"cohen_kappa":[0.5832712869335155],"f1_scores":{"N1":[0.36942974720752497],"N2":[0.7419845875749215],"N3":[0.6494845360824743],"REM":[0.6589407144909492],"Wake":[0.80188246097337],"macro":[0.6443444092658479]},"loss":[1.9905624389648438],"precisions":{"N1":[0.350200624164066],"N2":[0.7849235104669887],"N3":[0.7394366197183099],"REM":[0.5685010742026111],"Wake":[0.8258659416006621],"macro":[0.6537855540305275]},"recalls":{"N1":[0.3908932570291117],"N2":[0.7034999097961393],"N3":[0.5790441176470589],"REM":[0.7835990888382688],"Wake":[0.7792526491912996],"macro":[0.6472578045003756]}}}},"train":{},"valid_pretraining":{}}