{"earlystopping":{"confusion_matrices":{"abs":["[[6999, 486, 84, 18, 73], [383, 651, 651, 84, 158], [309, 430, 5466, 767, 134], [13, 26, 227, 859, 3], [210, 77, 244, 143, 2167]]"]},"markov_matrices":{"abs":{"actual":["[[7290, 345, 19, 0, 5], [197, 1257, 361, 3, 109], [94, 200, 6433, 271, 108], [13, 13, 248, 854, 0], [65, 112, 45, 0, 2619]]"],"predicted":["[[7411, 286, 129, 23, 64], [158, 1129, 321, 8, 54], [184, 161, 6034, 153, 140], [50, 19, 114, 1681, 7], [110, 75, 74, 6, 2270]]"]}},"metrics":{"downstream":{"cohen_kappa":[0.6951505245744778],"f1_scores":{"N1":[0.36196830692243537],"N2":[0.7934388155029758],"N3":[0.5728576192064021],"REM":[0.8061755952380952],"Wake":[0.8988057018107102],"macro":[0.6866492077361237]},"loss":[0.9620995870450648],"precisions":{"N1":[0.3898203592814371],"N2":[0.8192446043165468],"N3":[0.45911277391769106],"REM":[0.8548323471400394],"Wake":[0.8843821076573162],"macro":[0.6814784384626061]},"recalls":{"N1":[0.3378308251167618],"N2":[0.7692091190543203],"N3":[0.7615248226950354],"REM":[0.7627595916930658],"Wake":[0.9137075718015666],"macro":[0.70900638607215]}}}},"test":{"confusion_matrices":{"abs":["[[9688, 573, 153, 16, 351], [1957, 821, 550, 3, 374], [2872, 918, 7837, 615, 678], [151, 39, 363, 1422, 61], [1103, 471, 347, 63, 2856]]"]},"markov_matrices":{"abs":{"actual":["[[10118, 616, 19, 0, 27], [361, 2625, 600, 0, 119], [180, 332, 11792, 467, 149], [22, 6, 436, 1569, 3], [99, 126, 73, 0, 4542]]"],"predicted":["[[14729, 475, 379, 11, 176], [332, 1873, 476, 23, 118], [445, 265, 8159, 154, 227], [29, 44, 117, 1907, 22], [235, 165, 119, 24, 3777]]"]}},"metrics":{"downstream":{"cohen_kappa":[0.5298342902609032],"f1_scores":{"N1":[0.2515703998774322],"N2":[0.7069914298601714],"N3":[0.6844765342960288],"REM":[0.6235807860262009],"Wake":[0.7297378728532691],"macro":[0.5992714045826204]},"loss":[1.6432593046729245],"precisions":{"N1":[0.29092841956059534],"N2":[0.8472432432432433],"N3":[0.6710712600283153],"REM":[0.6611111111111111],"Wake":[0.6142920550377274],"macro":[0.6169292177961985]},"recalls":{"N1":[0.22159244264507422],"N2":[0.6065789473684211],"N3":[0.6984282907662083],"REM":[0.5900826446280992],"Wake":[0.8986179389667007],"macro":[0.6030600528749007]}}}},"train":{},"valid_pretraining":{}}