{"earlystopping":{"confusion_matrices":{"abs":["[[1210, 166, 101, 9, 220], [128, 289, 380, 9, 104], [47, 71, 2102, 92, 43], [2, 2, 351, 1013, 14], [7, 14, 121, 1, 950]]"]},"markov_matrices":{"abs":{"actual":["[[1401, 259, 37, 0, 9], [125, 439, 301, 1, 44], [114, 165, 1969, 73, 33], [25, 5, 43, 1308, 1], [40, 42, 5, 0, 1006]]"],"predicted":["[[1131, 145, 66, 5, 47], [51, 205, 221, 3, 61], [135, 114, 2618, 81, 107], [16, 10, 61, 1030, 7], [60, 68, 89, 5, 1109]]"]}},"metrics":{"downstream":{"cohen_kappa":[0.6692530003642299],"f1_scores":{"N1":[0.39807162534435264],"N2":[0.7770794824399261],"N3":[0.8084596967278531],"REM":[0.7838283828382838],"Wake":[0.7806451612903226],"macro":[0.7096168697281476]},"loss":[1.4560132344563803],"precisions":{"N1":[0.533210332103321],"N2":[0.6880523731587561],"N3":[0.9012455516014235],"REM":[0.7137490608564989],"Wake":[0.8680057388809183],"macro":[0.7408526113201835]},"recalls":{"N1":[0.31758241758241756],"N2":[0.8925690021231423],"N3":[0.7329956584659914],"REM":[0.869167429094236],"Wake":[0.7092614302461899],"macro":[0.7043151875023954]}}}},"test":{"confusion_matrices":{"abs":["[[3599, 633, 234, 14, 560], [337, 1155, 1268, 17, 630], [134, 265, 6115, 315, 280], [5, 3, 1085, 2685, 23], [32, 151, 256, 2, 1993]]"]},"markov_matrices":{"abs":{"actual":["[[4102, 786, 104, 4, 43], [364, 1729, 1099, 3, 212], [382, 681, 5745, 228, 73], [56, 29, 147, 3566, 3], [135, 182, 14, 0, 2103]]"],"predicted":["[[3353, 471, 118, 9, 156], [173, 1040, 706, 8, 280], [330, 405, 7770, 193, 259], [41, 18, 146, 2796, 32], [209, 273, 218, 27, 2759]]"]}},"metrics":{"downstream":{"cohen_kappa":[0.6251019770507574],"f1_scores":{"N1":[0.4114713216957606],"N2":[0.7611875272297255],"N3":[0.7857769973661106],"REM":[0.6733108108108108],"Wake":[0.7869246747567509],"macro":[0.6837342663718317]},"loss":[1.8013577128565588],"precisions":{"N1":[0.5233348436792026],"N2":[0.682630051350748],"N3":[0.8852621167161226],"REM":[0.5717154331612163],"Wake":[0.876308741173606],"macro":[0.707850237216179]},"recalls":{"N1":[0.3390079248605812],"N2":[0.8601772401181601],"N3":[0.7063930544593529],"REM":[0.8188167625308135],"Wake":[0.7140873015873016],"macro":[0.6876964567112418]}}}},"train":{},"valid_pretraining":{}}