{"earlystopping":{"confusion_matrices":{"abs":["[[510, 283, 311, 47, 226], [267, 180, 264, 38, 126], [363, 483, 974, 252, 385], [35, 61, 583, 843, 21], [233, 185, 331, 88, 391]]"]},"markov_matrices":{"abs":{"actual":["[[1107, 224, 32, 1, 13], [103, 420, 304, 1, 47], [91, 183, 2069, 75, 39], [26, 6, 44, 1466, 0], [49, 42, 8, 0, 1129]]"],"predicted":["[[928, 182, 171, 45, 82], [136, 663, 216, 29, 148], [230, 190, 1716, 215, 111], [38, 38, 210, 953, 29], [76, 119, 150, 26, 778]]"]}},"metrics":{"downstream":{"cohen_kappa":[0.21300216165527697],"f1_scores":{"N1":[0.1741654571843251],"N2":[0.3959349593495935],"N3":[0.5997865528281751],"REM":[0.32898611695414387],"Wake":[0.36624775583482944],"macro":[0.3730241684302134]},"loss":[3.088135528564453],"precisions":{"N1":[0.15100671140939598],"N2":[0.39545269995939913],"N3":[0.6648264984227129],"REM":[0.34029590948651],"Wake":[0.3622159090909091],"macro":[0.38275954567378545]},"recalls":{"N1":[0.2057142857142857],"N2":[0.39641839641839643],"N3":[0.5463383020090732],"REM":[0.31840390879478825],"Wake":[0.37037037037037035],"macro":[0.3674490526613828]}}}},"test":{"confusion_matrices":{"abs":["[[2263, 791, 1018, 371, 718], [877, 459, 762, 175, 310], [863, 897, 2334, 718, 694], [82, 117, 1223, 2231, 70], [564, 343, 614, 129, 643]]"]},"markov_matrices":{"abs":{"actual":["[[4415, 676, 55, 1, 13], [385, 1308, 745, 5, 140], [218, 440, 4532, 223, 93], [51, 23, 150, 3494, 5], [91, 136, 24, 0, 2042]]"],"predicted":["[[3322, 451, 490, 164, 222], [407, 1429, 401, 84, 286], [610, 377, 4235, 497, 232], [107, 87, 518, 2802, 109], [202, 263, 307, 77, 1586]]"]}},"metrics":{"downstream":{"cohen_kappa":[0.24327050648455106],"f1_scores":{"N1":[0.176878612716763],"N2":[0.40743650170201623],"N3":[0.6073227167551382],"REM":[0.2719966159052453],"Wake":[0.46136595310907236],"macro":[0.385000080037647]},"loss":[2.7933508220471834],"precisions":{"N1":[0.1760644418872267],"N2":[0.3922029910939338],"N3":[0.6156181015452539],"REM":[0.26406570841889115],"Wake":[0.48677134867713484],"macro":[0.38694451832448806]},"recalls":{"N1":[0.17770034843205576],"N2":[0.4239011986923356],"N3":[0.5992479183454203],"REM":[0.2804186655037069],"Wake":[0.4384809145514435],"macro":[0.3839498091049924]}}}},"train":{},"valid_pretraining":{}}