{
    "earlystopping": {
        "confusion_matrices": {
            "abs": [
                "[[1116, 138, 229, 1, 2], [84, 98, 278, 1, 0], [548, 156, 2969, 151, 4], [62, 31, 270, 660, 3], [653, 153, 399, 1, 1]]"
            ]
        },
        "markov_matrices": {
            "abs": {
                "actual": [
                    "[[1212, 234, 24, 0, 15], [70, 143, 236, 0, 12], [144, 80, 3479, 94, 31], [13, 1, 80, 932, 0], [46, 3, 9, 0, 1149]]"
                ],
                "predicted": [
                    "[[2035, 153, 251, 22, 1], [93, 316, 155, 6, 6], [299, 101, 3647, 98, 0], [32, 3, 91, 688, 0], [3, 3, 1, 0, 3]]"
                ]
            }
        },
        "metrics": {
            "downstream": {
                "cohen_kappa": [
                    0.4173752264291549
                ],
                "f1_scores": {
                    "N1": [
                        0.18900675024108005
                    ],
                    "N2": [
                        0.7447635770726202
                    ],
                    "N3": [
                        0.7173913043478262
                    ],
                    "REM": [
                        0.0016433853738701725
                    ],
                    "Wake": [
                        0.5652063813623702
                    ],
                    "macro": [
                        0.4436022796795534
                    ]
                },
                "loss": [
                    4.83095645904541
                ],
                "precisions": {
                    "N1": [
                        0.1701388888888889
                    ],
                    "N2": [
                        0.7162846803377564
                    ],
                    "N3": [
                        0.8108108108108109
                    ],
                    "REM": [
                        0.1
                    ],
                    "Wake": [
                        0.4531059683313033
                    ],
                    "macro": [
                        0.4500680696737519
                    ]
                },
                "recalls": {
                    "N1": [
                        0.21258134490238612
                    ],
                    "N2": [
                        0.7756008359456635
                    ],
                    "N3": [
                        0.6432748538011696
                    ],
                    "REM": [
                        0.0008285004142502071
                    ],
                    "Wake": [
                        0.7510094212651414
                    ],
                    "macro": [
                        0.47665899126572214
                    ]
                }
            }
        }
    },
    "test": {
        "confusion_matrices": {
            "abs": [
                "[[1516, 83, 592, 19, 3], [428, 51, 351, 3, 1], [1364, 56, 4909, 268, 1], [76, 0, 395, 1044, 0], [1083, 59, 1502, 0, 5]]"
            ]
        },
        "markov_matrices": {
            "abs": {
                "actual": [
                    "[[1846, 336, 22, 0, 8], [106, 332, 383, 0, 13], [188, 148, 6049, 144, 69], [24, 1, 119, 1371, 0], [48, 17, 25, 0, 2559]]"
                ],
                "predicted": [
                    "[[3801, 155, 444, 65, 2], [59, 60, 127, 1, 2], [530, 32, 7087, 96, 4], [75, 0, 86, 1172, 0], [2, 2, 4, 0, 2]]"
                ]
            }
        },
        "metrics": {
            "downstream": {
                "cohen_kappa": [
                    0.318978217711008
                ],
                "f1_scores": {
                    "N1": [
                        0.09418282548476455
                    ],
                    "N2": [
                        0.6843242489719105
                    ],
                    "N3": [
                        0.7328887328887329
                    ],
                    "REM": [
                        0.0037608123354644606
                    ],
                    "Wake": [
                        0.45389221556886233
                    ],
                    "macro": [
                        0.3938097670499469
                    ]
                },
                "loss": [
                    7.234566582573785
                ],
                "precisions": {
                    "N1": [
                        0.20481927710843373
                    ],
                    "N2": [
                        0.6335010969157311
                    ],
                    "N3": [
                        0.782608695652174
                    ],
                    "REM": [
                        0.5
                    ],
                    "Wake": [
                        0.3393776583837027
                    ],
                    "macro": [
                        0.49206134561200826
                    ]
                },
                "recalls": {
                    "N1": [
                        0.06115107913669065
                    ],
                    "N2": [
                        0.7440133373749621
                    ],
                    "N3": [
                        0.689108910891089
                    ],
                    "REM": [
                        0.001887504718761797
                    ],
                    "Wake": [
                        0.6850429281518301
                    ],
                    "macro": [
                        0.43624075205466684
                    ]
                }
            }
        }
    },
    "train": {},
    "valid_pretraining": {}
}
