{"earlystopping":{"confusion_matrices":{"abs":["[[1089, 43, 24, 13, 82], [241, 147, 246, 27, 180], [165, 166, 1695, 470, 225], [19, 1, 98, 1397, 5], [48, 26, 54, 12, 931]]"]},"markov_matrices":{"abs":{"actual":["[[981, 212, 41, 1, 16], [91, 401, 312, 1, 36], [102, 188, 2320, 72, 38], [30, 5, 38, 1446, 1], [46, 35, 10, 0, 980]]"],"predicted":["[[1263, 60, 125, 24, 89], [20, 158, 120, 7, 78], [127, 89, 1646, 146, 109], [50, 8, 112, 1723, 26], [101, 68, 114, 19, 1121]]"]}},"metrics":{"downstream":{"cohen_kappa":[0.6249194147029384],"f1_scores":{"N1":[0.24019607843137256],"N2":[0.7007027697395618],"N3":[0.8124454783367258],"REM":[0.7465918203688853],"Wake":[0.7742623533594027],"macro":[0.6548397000471896]},"loss":[1.4755027770996094],"precisions":{"N1":[0.3838120104438642],"N2":[0.8006613131790269],"N3":[0.7279833246482543],"REM":[0.6542515811665496],"Wake":[0.6971830985915493],"macro":[0.6527782656058488]},"recalls":{"N1":[0.17479191438763378],"N2":[0.6229327453142227],"N3":[0.9190789473684211],"REM":[0.869281045751634],"Wake":[0.8705035971223022],"macro":[0.6913176499888428]}}}},"test":{"confusion_matrices":{"abs":["[[2380, 530, 138, 41, 122], [469, 694, 764, 134, 538], [372, 668, 3877, 1145, 860], [30, 12, 607, 3627, 20], [114, 299, 449, 29, 1920]]"]},"markov_matrices":{"abs":{"actual":["[[2639, 499, 37, 1, 34], [225, 1407, 847, 6, 114], [206, 561, 5876, 194, 85], [45, 19, 132, 4095, 5], [95, 113, 30, 0, 2573]]"],"predicted":["[[2798, 239, 127, 37, 163], [124, 1330, 425, 49, 275], [177, 370, 4525, 410, 353], [71, 59, 357, 4391, 98], [194, 205, 401, 89, 2571]]"]}},"metrics":{"downstream":{"cohen_kappa":[0.5233770272772655],"f1_scores":{"N1":[0.2890462307371928],"N2":[0.6078231559144],"N3":[0.7823554788610871],"REM":[0.6123425291022165],"Wake":[0.7238442822384428],"macro":[0.6030823353706679]},"loss":[1.976438473432492],"precisions":{"N1":[0.3150249659555152],"N2":[0.6644387317909168],"N3":[0.7288987138263665],"REM":[0.5549132947976878],"Wake":[0.7072808320950966],"macro":[0.5941113076931165]},"recalls":{"N1":[0.2670257791458253],"N2":[0.5600982375036117],"N3":[0.8442737430167597],"REM":[0.6830309498399146],"Wake":[0.7412021177203364],"macro":[0.6191261654452896]}}}},"train":{},"valid_pretraining":{}}