{
    "earlystopping": {
        "confusion_matrices": {
            "abs": [
                "[[1339, 35, 7, 3, 74], [123, 78, 86, 6, 115], [191, 48, 2064, 701, 698], [79, 0, 7, 929, 35], [73, 12, 151, 1, 828]]"
            ]
        },
        "markov_matrices": {
            "abs": {
                "actual": [
                    "[[1259, 184, 13, 0, 1], [48, 150, 197, 0, 13], [112, 70, 3412, 84, 24], [12, 1, 71, 966, 0], [26, 3, 9, 0, 1027]]"
                ],
                "predicted": [
                    "[[1485, 79, 101, 17, 122], [22, 68, 67, 1, 15], [93, 15, 1997, 76, 134], [44, 1, 48, 1505, 42], [160, 10, 102, 41, 1437]]"
                ]
            }
        },
        "metrics": {
            "downstream": {
                "cohen_kappa": [
                    0.5747160396225204
                ],
                "f1_scores": {
                    "N1": [
                        0.26850258175559377
                    ],
                    "N2": [
                        0.686056174173176
                    ],
                    "N3": [
                        0.6907063197026022
                    ],
                    "REM": [
                        0.5882770870337477
                    ],
                    "Wake": [
                        0.8207171314741036
                    ],
                    "macro": [
                        0.6108518588278447
                    ]
                },
                "loss": [
                    2.1738343238830566
                ],
                "precisions": {
                    "N1": [
                        0.4508670520231214
                    ],
                    "N2": [
                        0.8915766738660907
                    ],
                    "N3": [
                        0.5664634146341463
                    ],
                    "REM": [
                        0.47314285714285714
                    ],
                    "Wake": [
                        0.7418282548476455
                    ],
                    "macro": [
                        0.6247756505027723
                    ]
                },
                "recalls": {
                    "N1": [
                        0.19117647058823528
                    ],
                    "N2": [
                        0.5575364667747164
                    ],
                    "N3": [
                        0.8847619047619047
                    ],
                    "REM": [
                        0.7774647887323943
                    ],
                    "Wake": [
                        0.9183813443072703
                    ],
                    "macro": [
                        0.6658641950329042
                    ]
                }
            }
        }
    },
    "test": {
        "confusion_matrices": {
            "abs": [
                "[[1508, 251, 104, 56, 90], [185, 117, 153, 7, 122], [642, 258, 3834, 1186, 722], [21, 0, 11, 1810, 18], [224, 153, 482, 4, 1307]]"
            ]
        },
        "markov_matrices": {
            "abs": {
                "actual": [
                    "[[1680, 283, 29, 0, 17], [67, 196, 302, 0, 18], [192, 88, 6163, 147, 52], [23, 1, 123, 1713, 0], [46, 16, 25, 0, 2083]]"
                ],
                "predicted": [
                    "[[1835, 234, 287, 58, 165], [99, 393, 247, 9, 31], [313, 123, 3828, 128, 192], [115, 6, 81, 2796, 65], [217, 23, 141, 72, 1806]]"
                ]
            }
        },
        "metrics": {
            "downstream": {
                "cohen_kappa": [
                    0.5188618289664455
                ],
                "f1_scores": {
                    "N1": [
                        0.17168011738811445
                    ],
                    "N2": [
                        0.6830571886691608
                    ],
                    "N3": [
                        0.7353239894373348
                    ],
                    "REM": [
                        0.5902009482953262
                    ],
                    "Wake": [
                        0.6572237960339943
                    ],
                    "macro": [
                        0.5674972079647861
                    ]
                },
                "loss": [
                    2.446735822237455
                ],
                "precisions": {
                    "N1": [
                        0.15019255455712452
                    ],
                    "N2": [
                        0.8363874345549738
                    ],
                    "N3": [
                        0.5909239307868103
                    ],
                    "REM": [
                        0.5785745905267817
                    ],
                    "Wake": [
                        0.5844961240310077
                    ],
                    "macro": [
                        0.5481149268913397
                    ]
                },
                "recalls": {
                    "N1": [
                        0.20034246575342465
                    ],
                    "N2": [
                        0.5772357723577236
                    ],
                    "N3": [
                        0.9731182795698925
                    ],
                    "REM": [
                        0.6023041474654378
                    ],
                    "Wake": [
                        0.750622200099552
                    ],
                    "macro": [
                        0.6207245730492061
                    ]
                }
            }
        }
    },
    "train": {},
    "valid_pretraining": {}
}
