{"earlystopping":{"confusion_matrices":{"abs":["[[718, 315, 179, 73, 133], [113, 147, 425, 34, 76], [22, 149, 2161, 228, 56], [0, 1, 175, 1142, 0], [5, 86, 100, 109, 941]]"]},"markov_matrices":{"abs":{"actual":["[[1126, 224, 50, 1, 17], [105, 349, 308, 1, 32], [110, 186, 2216, 66, 37], [28, 7, 32, 1250, 1], [48, 29, 10, 0, 1154]]"],"predicted":["[[689, 73, 48, 25, 23], [49, 371, 179, 9, 90], [53, 150, 2602, 149, 85], [30, 15, 135, 1372, 34], [36, 89, 76, 31, 974]]"]}},"metrics":{"downstream":{"cohen_kappa":[0.5920354058635727],"f1_scores":{"N1":[0.19691895512391158],"N2":[0.7641442715700142],"N3":[0.7865013774104683],"REM":[0.7691050265631385],"Wake":[0.6309314586994728],"macro":[0.6295202178734012]},"loss":[1.2444351196289063],"precisions":{"N1":[0.21060171919770773],"N2":[0.7108552631578947],"N3":[0.7200504413619168],"REM":[0.7802653399668324],"Wake":[0.8368298368298368],"macro":[0.6517205201028377]},"recalls":{"N1":[0.18490566037735848],"N2":[0.8260703363914373],"N3":[0.866464339908953],"REM":[0.75825946817083],"Wake":[0.5063469675599436],"macro":[0.6284093544817044]}}}},"test":{"confusion_matrices":{"abs":["[[2669, 831, 396, 380, 408], [312, 547, 894, 148, 412], [49, 511, 4240, 598, 214], [0, 14, 941, 3028, 9], [53, 235, 342, 264, 2045]]"]},"markov_matrices":{"abs":{"actual":["[[4011, 610, 44, 4, 15], [319, 1176, 689, 6, 122], [195, 395, 4680, 248, 94], [57, 20, 176, 3734, 5], [101, 112, 23, 0, 2703]]"],"predicted":["[[2527, 295, 93, 57, 111], [215, 1132, 532, 21, 238], [124, 428, 5654, 354, 252], [77, 38, 316, 3898, 89], [140, 245, 217, 88, 2398]]"]}},"metrics":{"downstream":{"cohen_kappa":[0.5394799743538017],"f1_scores":{"N1":[0.24578746349135025],"N2":[0.6824949698189134],"N3":[0.7200951248513674],"REM":[0.6786129085780653],"Wake":[0.6872666409166989],"macro":[0.6028514215312791]},"loss":[1.4605839069073017],"precisions":{"N1":[0.2558465855940131],"N2":[0.6223396447967122],"N3":[0.6853779990946129],"REM":[0.6622409326424871],"Wake":[0.8657152124554006],"macro":[0.6183040749166452]},"recalls":{"N1":[0.23648940769563337],"N2":[0.7555238774055595],"N3":[0.7585170340681363],"REM":[0.6958149030282409],"Wake":[0.5698121263877028],"macro":[0.6032314697170545]}}}},"train":{},"valid_pretraining":{}}