{
    "earlystopping": {
        "confusion_matrices": {
            "abs": [
                "[[513, 262, 140, 1, 192], [11, 187, 189, 0, 41], [9, 171, 3333, 102, 482], [1, 14, 161, 483, 249], [5, 116, 401, 0, 731]]"
            ]
        },
        "markov_matrices": {
            "abs": {
                "actual": [
                    "[[862, 210, 21, 0, 14], [64, 148, 206, 0, 10], [130, 65, 3781, 89, 32], [11, 1, 77, 819, 0], [40, 4, 12, 0, 1197]]"
                ],
                "predicted": [
                    "[[369, 138, 14, 1, 17], [61, 431, 200, 1, 57], [68, 119, 3814, 43, 180], [3, 2, 40, 533, 8], [37, 60, 156, 8, 1433]]"
                ]
            }
        },
        "metrics": {
            "downstream": {
                "cohen_kappa": [
                    0.5020560708842468
                ],
                "f1_scores": {
                    "N1": [
                        0.3174872665534805
                    ],
                    "N2": [
                        0.8011056363417858
                    ],
                    "N3": [
                        0.646586345381526
                    ],
                    "REM": [
                        0.4959294436906377
                    ],
                    "Wake": [
                        0.6229508196721312
                    ],
                    "macro": [
                        0.5768119023279124
                    ]
                },
                "loss": [
                    2.4473235607147217
                ],
                "precisions": {
                    "N1": [
                        0.24933333333333332
                    ],
                    "N2": [
                        0.7890625
                    ],
                    "N3": [
                        0.8242320819112628
                    ],
                    "REM": [
                        0.4312684365781711
                    ],
                    "Wake": [
                        0.9517625231910947
                    ],
                    "macro": [
                        0.6491317750027724
                    ]
                },
                "recalls": {
                    "N1": [
                        0.4369158878504673
                    ],
                    "N2": [
                        0.8135220893336588
                    ],
                    "N3": [
                        0.5319383259911894
                    ],
                    "REM": [
                        0.5833998403830806
                    ],
                    "Wake": [
                        0.4629963898916967
                    ],
                    "macro": [
                        0.5657545066900186
                    ]
                }
            }
        }
    },
    "test": {
        "confusion_matrices": {
            "abs": [
                "[[1053, 495, 305, 33, 485], [51, 455, 148, 2, 98], [26, 651, 4451, 80, 1276], [0, 4, 55, 691, 691], [11, 173, 757, 1, 1182]]"
            ]
        },
        "markov_matrices": {
            "abs": {
                "actual": [
                    "[[1925, 362, 71, 0, 13], [125, 270, 344, 1, 14], [256, 108, 5893, 174, 52], [18, 2, 155, 1266, 0], [46, 12, 21, 0, 2045]]"
                ],
                "predicted": [
                    "[[738, 287, 59, 3, 54], [180, 1103, 396, 9, 90], [134, 273, 4947, 36, 325], [5, 14, 33, 740, 15], [84, 101, 280, 19, 3248]]"
                ]
            }
        },
        "metrics": {
            "downstream": {
                "cohen_kappa": [
                    0.4294933352088781
                ],
                "f1_scores": {
                    "N1": [
                        0.35939968404423384
                    ],
                    "N2": [
                        0.729672131147541
                    ],
                    "N3": [
                        0.6147686832740212
                    ],
                    "REM": [
                        0.40368852459016397
                    ],
                    "Wake": [
                        0.5996583143507973
                    ],
                    "macro": [
                        0.5414374674813515
                    ]
                },
                "loss": [
                    2.6050171485314
                ],
                "precisions": {
                    "N1": [
                        0.2559055118110236
                    ],
                    "N2": [
                        0.7786913925822253
                    ],
                    "N3": [
                        0.8562577447335812
                    ],
                    "REM": [
                        0.3167202572347267
                    ],
                    "Wake": [
                        0.922874671340929
                    ],
                    "macro": [
                        0.6260899155404972
                    ]
                },
                "recalls": {
                    "N1": [
                        0.603448275862069
                    ],
                    "N2": [
                        0.6864589759407773
                    ],
                    "N3": [
                        0.47952810548230396
                    ],
                    "REM": [
                        0.556497175141243
                    ],
                    "Wake": [
                        0.4441164065795023
                    ],
                    "macro": [
                        0.554009787801179
                    ]
                }
            }
        }
    },
    "train": {},
    "valid_ssl": {}
}
