{"earlystopping":{"confusion_matrices":{"abs":["[[6507, 280, 112, 23, 194], [224, 582, 744, 147, 115], [102, 114, 5183, 1357, 99], [9, 3, 98, 1319, 1], [29, 57, 471, 241, 1957]]"]},"markov_matrices":{"abs":{"actual":["[[6823, 271, 17, 0, 4], [151, 1184, 365, 3, 109], [78, 212, 6189, 261, 115], [11, 15, 238, 1166, 0], [52, 130, 46, 0, 2527]]"],"predicted":["[[6432, 279, 69, 43, 48], [153, 509, 293, 11, 70], [139, 147, 5802, 323, 196], [64, 16, 286, 2700, 21], [82, 85, 158, 10, 2031]]"]}},"metrics":{"downstream":{"cohen_kappa":[0.6974536908742675],"f1_scores":{"N1":[0.40870786516853935],"N2":[0.7699621183985739],"N3":[0.5840159397830419],"REM":[0.7643038469049014],"Wake":[0.9304354043039965],"macro":[0.6914850349118107]},"loss":[1.3177396334134615],"precisions":{"N1":[0.5617760617760618],"N2":[0.7843523002421308],"N3":[0.4272756721736314],"REM":[0.827134404057481],"Wake":[0.9470237228933197],"macro":[0.7095124322285249]},"recalls":{"N1":[0.3211920529801324],"N2":[0.7560904449307075],"N3":[0.9223776223776223],"REM":[0.7103448275862069],"Wake":[0.9144182124789207],"macro":[0.7248846320707181]}}}},"test":{"confusion_matrices":{"abs":["[[11598, 899, 1891, 191, 843], [533, 775, 1976, 322, 408], [95, 177, 8480, 2653, 308], [3, 2, 413, 1833, 2], [73, 67, 782, 152, 2869]]"]},"markov_matrices":{"abs":{"actual":["[[14659, 720, 37, 1, 4], [431, 2829, 660, 3, 91], [229, 338, 10472, 535, 139], [24, 14, 498, 1714, 3], [78, 113, 46, 0, 3706]]"],"predicted":["[[11121, 551, 336, 88, 205], [304, 866, 543, 56, 151], [480, 293, 11585, 743, 441], [137, 41, 695, 4202, 76], [259, 169, 383, 62, 3557]]"]}},"metrics":{"downstream":{"cohen_kappa":[0.5638591177193109],"f1_scores":{"N1":[0.26120660599932594],"N2":[0.671550188081568],"N3":[0.49513776337115073],"REM":[0.6852979816075481],"Wake":[0.8366758043572357],"macro":[0.5899736686833656]},"loss":[1.7638121304446703],"precisions":{"N1":[0.4036458333333333],"N2":[0.6261999704622655],"N3":[0.35585323238206173],"REM":[0.6476297968397291],"Wake":[0.942773532758901],"macro":[0.5952204731552582]},"recalls":{"N1":[0.19307424015944194],"N2":[0.7239819004524887],"N3":[0.8135818908122503],"REM":[0.7276185645447629],"Wake":[0.7520425366359745],"macro":[0.6420598265209837]}}}},"train":{},"valid_pretraining":{}}