{"earlystopping":{"confusion_matrices":{"abs":["[[819, 85, 20, 94, 359], [230, 145, 148, 195, 157], [225, 203, 815, 1130, 84], [2, 8, 11, 1520, 2], [42, 192, 19, 107, 868]]"]},"markov_matrices":{"abs":{"actual":["[[1107, 224, 32, 1, 13], [103, 420, 304, 1, 47], [91, 183, 2069, 75, 39], [26, 6, 44, 1466, 0], [49, 42, 8, 0, 1129]]"],"predicted":["[[945, 61, 92, 93, 127], [37, 368, 47, 82, 99], [94, 34, 750, 110, 25], [101, 69, 104, 2696, 75], [140, 101, 20, 65, 1144]]"]}},"metrics":{"downstream":{"cohen_kappa":[0.44421179360341767],"f1_scores":{"N1":[0.19230769230769232],"N2":[0.4697406340057637],"N3":[0.6624536936151667],"REM":[0.6434395848776872],"Wake":[0.6077922077922078],"macro":[0.5151467625197035]},"loss":[1.2132080078125],"precisions":{"N1":[0.22906793048973143],"N2":[0.8045409674234946],"N3":[0.4990151017728168],"REM":[0.5904761904761905],"Wake":[0.6213960546282246],"macro":[0.5488992489580916]},"recalls":{"N1":[0.1657142857142857],"N2":[0.33170533170533173],"N3":[0.9850939727802981],"REM":[0.7068403908794788],"Wake":[0.5947712418300654],"macro":[0.5568250445818919]}}}},"test":{"confusion_matrices":{"abs":["[[3226, 447, 70, 292, 1126], [653, 428, 383, 441, 678], [502, 364, 1765, 2555, 320], [27, 11, 87, 3594, 4], [215, 278, 66, 202, 1532]]"]},"markov_matrices":{"abs":{"actual":["[[4415, 676, 55, 1, 13], [385, 1308, 745, 5, 140], [218, 440, 4532, 223, 93], [51, 23, 150, 3494, 5], [91, 136, 24, 0, 2042]]"],"predicted":["[[3674, 164, 202, 182, 401], [108, 942, 127, 121, 230], [216, 122, 1719, 259, 55], [196, 106, 239, 6354, 188], [428, 194, 84, 168, 2786]]"]}},"metrics":{"downstream":{"cohen_kappa":[0.4315081447095681],"f1_scores":{"N1":[0.20822184383361714],"N2":[0.4481401548813],"N3":[0.6651244563708707],"REM":[0.5146984713589786],"Wake":[0.6594439901880621],"macro":[0.49912578332656565]},"loss":[1.251896808021947],"precisions":{"N1":[0.2801047120418848],"N2":[0.7444116406579502],"N3":[0.5073404856013551],"REM":[0.41857923497267757],"Wake":[0.6978152714687432],"macro":[0.5296502689485222]},"recalls":{"N1":[0.1656987998451413],"N2":[0.3205593897566291],"N3":[0.9653505237711523],"REM":[0.6681203663323158],"Wake":[0.6250726603371439],"macro":[0.5489603480084765]}}}},"train":{},"valid_pretraining":{}}