{
    "earlystopping": {
        "confusion_matrices": {
            "abs": [
                "[[1226, 59, 169, 1, 31], [94, 159, 167, 0, 41], [140, 64, 3209, 226, 189], [7, 0, 220, 776, 23], [92, 43, 172, 0, 900]]"
            ]
        },
        "markov_matrices": {
            "abs": {
                "actual": [
                    "[[1212, 234, 24, 0, 15], [70, 143, 236, 0, 12], [144, 80, 3479, 94, 31], [13, 1, 80, 932, 0], [46, 3, 9, 0, 1149]]"
                ],
                "predicted": [
                    "[[1228, 167, 117, 0, 46], [47, 110, 141, 0, 27], [191, 30, 3508, 95, 113], [12, 0, 85, 900, 6], [80, 18, 86, 8, 992]]"
                ]
            }
        },
        "metrics": {
            "downstream": {
                "cohen_kappa": [
                    0.684634132851065
                ],
                "f1_scores": {
                    "N1": [
                        0.40458015267175573
                    ],
                    "N2": [
                        0.8265292981326465
                    ],
                    "N3": [
                        0.7649088220798422
                    ],
                    "REM": [
                        0.7528230865746549
                    ],
                    "Wake": [
                        0.8052545155993431
                    ],
                    "macro": [
                        0.7108191750116484
                    ]
                },
                "loss": [
                    0.9394720196723938
                ],
                "precisions": {
                    "N1": [
                        0.48923076923076925
                    ],
                    "N2": [
                        0.8150876301752603
                    ],
                    "N3": [
                        0.773678963110668
                    ],
                    "REM": [
                        0.7601351351351351
                    ],
                    "Wake": [
                        0.7864015394483643
                    ],
                    "macro": [
                        0.7249068074200394
                    ]
                },
                "recalls": {
                    "N1": [
                        0.34490238611713664
                    ],
                    "N2": [
                        0.8382967607105538
                    ],
                    "N3": [
                        0.7563352826510721
                    ],
                    "REM": [
                        0.7456503728251864
                    ],
                    "Wake": [
                        0.8250336473755047
                    ],
                    "macro": [
                        0.7020436899358907
                    ]
                }
            }
        }
    },
    "test": {
        "confusion_matrices": {
            "abs": [
                "[[1486, 111, 398, 27, 191], [199, 302, 269, 1, 63], [265, 152, 5385, 408, 388], [29, 0, 137, 1315, 34], [46, 62, 343, 0, 2198]]"
            ]
        },
        "markov_matrices": {
            "abs": {
                "actual": [
                    "[[1846, 336, 22, 0, 8], [106, 332, 383, 0, 13], [188, 148, 6049, 144, 69], [24, 1, 119, 1371, 0], [48, 17, 25, 0, 2559]]"
                ],
                "predicted": [
                    "[[1509, 286, 179, 11, 39], [76, 228, 295, 2, 26], [309, 85, 5782, 119, 237], [50, 1, 85, 1602, 13], [81, 27, 190, 17, 2559]]"
                ]
            }
        },
        "metrics": {
            "downstream": {
                "cohen_kappa": [
                    0.6740819919656809
                ],
                "f1_scores": {
                    "N1": [
                        0.4134154688569473
                    ],
                    "N2": [
                        0.8202589489718203
                    ],
                    "N3": [
                        0.80526638089406
                    ],
                    "REM": [
                        0.7959442332065906
                    ],
                    "Wake": [
                        0.7012741859367626
                    ],
                    "macro": [
                        0.7072318435732361
                    ]
                },
                "loss": [
                    1.1432533970585577
                ],
                "precisions": {
                    "N1": [
                        0.48165869218500795
                    ],
                    "N2": [
                        0.8244029393753828
                    ],
                    "N3": [
                        0.7509994288977727
                    ],
                    "REM": [
                        0.7647877522616562
                    ],
                    "Wake": [
                        0.7338271604938271
                    ],
                    "macro": [
                        0.7111351946427293
                    ]
                },
                "recalls": {
                    "N1": [
                        0.36211031175059955
                    ],
                    "N2": [
                        0.8161564110336466
                    ],
                    "N3": [
                        0.8679867986798679
                    ],
                    "REM": [
                        0.8297470743676859
                    ],
                    "Wake": [
                        0.6714866696791686
                    ],
                    "macro": [
                        0.7094974531021937
                    ]
                }
            }
        }
    },
    "train": {},
    "valid_pretraining": {}
}
