{"earlystopping":{"confusion_matrices":{"abs":["[[592, 707, 228, 16, 17], [125, 321, 356, 15, 14], [129, 579, 1371, 279, 73], [0, 51, 84, 1282, 0], [51, 416, 312, 2, 414]]"]},"markov_matrices":{"abs":{"actual":["[[1273, 229, 40, 1, 17], [112, 387, 291, 0, 41], [103, 174, 2054, 62, 37], [22, 5, 35, 1354, 1], [49, 36, 11, 0, 1099]]"],"predicted":["[[757, 87, 29, 18, 6], [87, 1653, 189, 53, 92], [23, 169, 2023, 60, 76], [17, 63, 45, 1463, 6], [13, 102, 64, 0, 338]]"]}},"metrics":{"downstream":{"cohen_kappa":[0.41038141956174756],"f1_scores":{"N1":[0.22099827882960413],"N2":[0.5734002509410289],"N3":[0.8515443374294255],"REM":[0.48336252189141854],"Wake":[0.4818884818884819],"macro":[0.5222387741959917]},"loss":[3.3218167622884116],"precisions":{"N1":[0.15477338476374156],"N2":[0.5831561037856231],"N3":[0.8042659974905897],"REM":[0.7992277992277992],"Wake":[0.6599777034559643],"macro":[0.6002801977447436]},"recalls":{"N1":[0.3862815884476534],"N2":[0.5639654463183875],"N3":[0.9047282992237121],"REM":[0.34644351464435147],"Wake":[0.37948717948717947],"macro":[0.5161812056242567]}}}},"test":{"confusion_matrices":{"abs":["[[1730, 1947, 928, 64, 187], [436, 1055, 942, 98, 199], [283, 1849, 3497, 1224, 250], [9, 207, 486, 3423, 5], [49, 995, 1255, 106, 570]]"]},"markov_matrices":{"abs":{"actual":["[[4051, 689, 82, 1, 32], [350, 1373, 861, 3, 143], [263, 497, 5960, 282, 101], [67, 39, 179, 3844, 1], [124, 132, 21, 0, 2698]]"],"predicted":["[[2007, 279, 142, 47, 31], [285, 4735, 590, 198, 245], [143, 547, 5952, 219, 247], [31, 207, 213, 4447, 17], [41, 285, 210, 4, 671]]"]}},"metrics":{"downstream":{"cohen_kappa":[0.324947924447166],"f1_scores":{"N1":[0.24023682113173175],"N2":[0.49215396523819577],"N3":[0.7568822553897181],"REM":[0.272336359292881],"Wake":[0.4699171533342388],"macro":[0.4463053108773531]},"loss":[3.7352003940316134],"precisions":{"N1":[0.1742937386419957],"N2":[0.49198086662915025],"N3":[0.696439471007121],"REM":[0.47068538398018167],"Wake":[0.6900678101316314],"macro":[0.504693454078016]},"recalls":{"N1":[0.38644688644688646],"N2":[0.4923271856961847],"N3":[0.8288135593220339],"REM":[0.1915966386554622],"Wake":[0.35626029654036245],"macro":[0.451088913332186]}}}},"train":{},"valid_pretraining":{}}