{"earlystopping":{"confusion_matrices":{"abs":["[[1228, 34, 37, 64, 197], [196, 99, 224, 161, 151], [100, 52, 1400, 783, 96], [1, 0, 62, 1353, 1], [84, 24, 57, 126, 904]]"]},"markov_matrices":{"abs":{"actual":["[[1273, 229, 40, 1, 17], [112, 387, 291, 0, 41], [103, 174, 2054, 62, 37], [22, 5, 35, 1354, 1], [49, 36, 11, 0, 1099]]"],"predicted":["[[1381, 41, 58, 61, 67], [26, 55, 87, 11, 30], [67, 60, 1410, 174, 69], [59, 13, 165, 2189, 61], [76, 40, 60, 52, 1121]]"]}},"metrics":{"downstream":{"cohen_kappa":[0.577587411908666],"f1_scores":{"N1":[0.19038461538461537],"N2":[0.6649251959154595],"N3":[0.6931352459016393],"REM":[0.710691823899371],"Wake":[0.7750078889239508],"macro":[0.6068289540050072]},"loss":[1.4913026173909505],"precisions":{"N1":[0.47368421052631576],"N2":[0.7865168539325843],"N3":[0.5440289505428226],"REM":[0.670126019273536],"Wake":[0.7632069608452455],"macro":[0.6475125990241009]},"recalls":{"N1":[0.11913357400722022],"N2":[0.5758946935417524],"N3":[0.954834156669019],"REM":[0.7564853556485356],"Wake":[0.7871794871794872],"macro":[0.6387054534092029]}}}},"test":{"confusion_matrices":{"abs":["[[3949, 58, 145, 323, 381], [716, 182, 633, 701, 498], [241, 152, 3815, 2527, 368], [52, 8, 459, 3570, 41], [232, 57, 218, 479, 1989]]"]},"markov_matrices":{"abs":{"actual":["[[4051, 689, 82, 1, 32], [350, 1373, 861, 3, 143], [263, 497, 5960, 282, 101], [67, 39, 179, 3844, 1], [124, 132, 21, 0, 2698]]"],"predicted":["[[4577, 78, 165, 165, 204], [50, 83, 231, 38, 55], [195, 181, 4280, 436, 178], [174, 49, 419, 6808, 150], [194, 66, 175, 153, 2689]]"]}},"metrics":{"downstream":{"cohen_kappa":[0.5117004659398088],"f1_scores":{"N1":[0.11421399435205522],"N2":[0.6166653196476198],"N3":[0.6086956521739131],"REM":[0.6362763915547025],"Wake":[0.7861835556440374],"macro":[0.5524069826744656]},"loss":[1.9801607353742732],"precisions":{"N1":[0.3982494529540481],"N2":[0.7239089184060721],"N3":[0.4697368421052632],"REM":[0.606957583155325],"Wake":[0.7608863198458574],"macro":[0.5919478232933131]},"recalls":{"N1":[0.06666666666666667],"N2":[0.5370970012670703],"N3":[0.864406779661017],"REM":[0.6685714285714286],"Wake":[0.8132207578253706],"macro":[0.5899925267983106]}}}},"train":{},"valid_pretraining":{}}