{"earlystopping":{"confusion_matrices":{"abs":["[[1023, 44, 73, 27, 84], [130, 315, 262, 26, 108], [43, 263, 1996, 320, 99], [0, 25, 127, 1364, 4], [49, 93, 50, 5, 874]]"]},"markov_matrices":{"abs":{"actual":["[[981, 212, 41, 1, 16], [91, 401, 312, 1, 36], [102, 188, 2320, 72, 38], [30, 5, 38, 1446, 1], [46, 35, 10, 0, 980]]"],"predicted":["[[1009, 115, 61, 5, 55], [47, 377, 201, 22, 92], [79, 158, 2088, 117, 66], [21, 9, 116, 1593, 3], [88, 81, 42, 5, 953]]"]}},"metrics":{"downstream":{"cohen_kappa":[0.6763917611513168],"f1_scores":{"N1":[0.3984819734345351],"N2":[0.7634346911455345],"N3":[0.8362967504598406],"REM":[0.7803571428571429],"Wake":[0.8197115384615384],"macro":[0.7196564192717184]},"loss":[0.9483023325602213],"precisions":{"N1":[0.42567567567567566],"N2":[0.79585326953748],"N3":[0.78300803673938],"REM":[0.7476475620188195],"Wake":[0.8216867469879519],"macro":[0.7147742581918615]},"recalls":{"N1":[0.3745541022592152],"N2":[0.7335538404998162],"N3":[0.8973684210526316],"REM":[0.8160597572362278],"Wake":[0.8177458033573142],"macro":[0.7278563848810411]}}}},"test":{"confusion_matrices":{"abs":["[[2649, 175, 227, 38, 122], [498, 746, 973, 46, 336], [258, 838, 4785, 648, 393], [6, 67, 640, 3573, 10], [189, 278, 327, 11, 2006]]"]},"markov_matrices":{"abs":{"actual":["[[2639, 499, 37, 1, 34], [225, 1407, 847, 6, 114], [206, 561, 5876, 194, 85], [45, 19, 132, 4095, 5], [95, 113, 30, 0, 2573]]"],"predicted":["[[2987, 301, 197, 7, 107], [162, 1048, 590, 58, 246], [220, 494, 5738, 296, 204], [45, 42, 274, 3944, 11], [185, 219, 153, 11, 2299]]"]}},"metrics":{"downstream":{"cohen_kappa":[0.6003747841440894],"f1_scores":{"N1":[0.3172443121411865],"N2":[0.6897794435635001],"N3":[0.8297724105898746],"REM":[0.7065868263473054],"Wake":[0.7778593451769197],"macro":[0.6642484675637572]},"loss":[1.2662846491887019],"precisions":{"N1":[0.35456273764258556],"N2":[0.6882911392405063],"N3":[0.8278498609823911],"REM":[0.699686083013603],"Wake":[0.7358333333333333],"macro":[0.6612446308424839]},"recalls":{"N1":[0.28703347441323585],"N2":[0.6912741982086102],"N3":[0.8317039106145251],"REM":[0.7136250444681608],"Wake":[0.8249766427904079],"macro":[0.669722654098988]}}}},"train":{},"valid_pretraining":{}}