{
    "earlystopping": {
        "confusion_matrices": {
            "abs": [
                "[[775, 0, 147, 48, 138], [158, 0, 140, 12, 118], [284, 0, 2542, 522, 749], [7, 0, 121, 739, 41], [245, 2, 316, 8, 682]]"
            ]
        },
        "markov_matrices": {
            "abs": {
                "actual": [
                    "[[862, 210, 21, 0, 14], [64, 148, 206, 0, 10], [130, 65, 3781, 89, 32], [11, 1, 77, 819, 0], [40, 4, 12, 0, 1197]]"
                ],
                "predicted": [
                    "[[1029, 0, 243, 15, 181], [0, 0, 1, 0, 1], [241, 2, 2759, 64, 200], [25, 0, 51, 1191, 62], [173, 0, 212, 59, 1284]]"
                ]
            }
        },
        "metrics": {
            "downstream": {
                "cohen_kappa": [
                    0.43778246348831973
                ],
                "f1_scores": {
                    "N1": [
                        0.0
                    ],
                    "N2": [
                        0.6904794241477659
                    ],
                    "N3": [
                        0.6607063030844882
                    ],
                    "REM": [
                        0.4575645756457565
                    ],
                    "Wake": [
                        0.6014745828482732
                    ],
                    "macro": [
                        0.48204497714525674
                    ]
                },
                "loss": [
                    1.1593989133834839
                ],
                "precisions": {
                    "N1": [
                        0.0
                    ],
                    "N2": [
                        0.7783221065523577
                    ],
                    "N3": [
                        0.5560571858540256
                    ],
                    "REM": [
                        0.39467592592592593
                    ],
                    "Wake": [
                        0.527569775357386
                    ],
                    "macro": [
                        0.4513249987379391
                    ]
                },
                "recalls": {
                    "N1": [
                        0.0
                    ],
                    "N2": [
                        0.6204539907249207
                    ],
                    "N3": [
                        0.8138766519823789
                    ],
                    "REM": [
                        0.5442936951316839
                    ],
                    "Wake": [
                        0.6994584837545126
                    ],
                    "macro": [
                        0.5356165643186992
                    ]
                }
            }
        }
    },
    "test": {
        "confusion_matrices": {
            "abs": [
                "[[1616, 0, 381, 43, 331], [402, 0, 200, 10, 142], [775, 5, 3370, 550, 1784], [0, 0, 35, 1210, 196], [577, 1, 663, 80, 803]]"
            ]
        },
        "markov_matrices": {
            "abs": {
                "actual": [
                    "[[1925, 362, 71, 0, 13], [125, 270, 344, 1, 14], [256, 108, 5893, 174, 52], [18, 2, 155, 1266, 0], [46, 12, 21, 0, 2045]]"
                ],
                "predicted": [
                    "[[2609, 0, 403, 30, 327], [0, 3, 3, 0, 0], [403, 1, 3811, 114, 320], [47, 2, 104, 1625, 115], [310, 0, 328, 124, 2494]]"
                ]
            }
        },
        "metrics": {
            "downstream": {
                "cohen_kappa": [
                    0.3531980604652032
                ],
                "f1_scores": {
                    "N1": [
                        0.0
                    ],
                    "N2": [
                        0.605407347525375
                    ],
                    "N3": [
                        0.7258548290341932
                    ],
                    "REM": [
                        0.29851301115241635
                    ],
                    "Wake": [
                        0.5629681240202055
                    ],
                    "macro": [
                        0.4385486623464381
                    ]
                },
                "loss": [
                    1.373928216787485
                ],
                "precisions": {
                    "N1": [
                        0.0
                    ],
                    "N2": [
                        0.7248870724887072
                    ],
                    "N3": [
                        0.6391970417326994
                    ],
                    "REM": [
                        0.24662162162162163
                    ],
                    "Wake": [
                        0.4795252225519288
                    ],
                    "macro": [
                        0.4180461916789914
                    ]
                },
                "recalls": {
                    "N1": [
                        0.0
                    ],
                    "N2": [
                        0.5197409006785935
                    ],
                    "N3": [
                        0.8396946564885496
                    ],
                    "REM": [
                        0.378060263653484
                    ],
                    "Wake": [
                        0.681568958245466
                    ],
                    "macro": [
                        0.4838129558132186
                    ]
                }
            }
        }
    },
    "train": {},
    "valid_pretraining": {}
}
