{"earlystopping":{"confusion_matrices":{"abs":["[[5232, 3, 16, 68, 73], [830, 81, 497, 12, 307], [231, 33, 5759, 156, 663], [5, 1, 743, 680, 129], [539, 6, 495, 14, 1628]]"]},"markov_matrices":{"abs":{"actual":["[[5051, 318, 17, 0, 5], [183, 1134, 318, 2, 90], [88, 164, 6222, 274, 94], [12, 10, 254, 1282, 0], [57, 101, 31, 0, 2493]]"],"predicted":["[[6325, 58, 263, 20, 170], [7, 39, 71, 0, 7], [227, 10, 6438, 211, 624], [39, 1, 199, 679, 12], [238, 16, 539, 20, 1987]]"]}},"metrics":{"downstream":{"cohen_kappa":[0.6247805260374188],"f1_scores":{"N1":[0.08752025931928688],"N2":[0.802536231884058],"N3":[0.5466237942122186],"REM":[0.5939438161255016],"Wake":[0.8556709461117017],"macro":[0.5772590095305533]},"loss":[2.2420857747395835],"precisions":{"N1":[0.6532258064516129],"N2":[0.766844207723036],"N3":[0.7311827956989247],"REM":[0.5814285714285714],"Wake":[0.765247915752523],"macro":[0.6995858594109337]},"recalls":{"N1":[0.046902142443543716],"N2":[0.8417129494299912],"N3":[0.43645699614890887],"REM":[0.6070096942580164],"Wake":[0.9703264094955489],"macro":[0.5804816383552018]}}}},"test":{"confusion_matrices":{"abs":["[[8376, 20, 152, 245, 172], [1760, 264, 1415, 71, 509], [219, 134, 9496, 393, 844], [1, 0, 1187, 947, 41], [1031, 13, 825, 40, 2481]]"]},"markov_matrices":{"abs":{"actual":["[[8369, 557, 27, 1, 10], [330, 3076, 529, 0, 84], [166, 277, 10122, 394, 127], [26, 9, 359, 1780, 2], [73, 100, 49, 1, 4167]]"],"predicted":["[[10645, 136, 283, 58, 264], [20, 202, 191, 2, 16], [265, 52, 11544, 419, 795], [103, 4, 375, 1166, 48], [353, 37, 682, 51, 2924]]"]}},"metrics":{"downstream":{"cohen_kappa":[0.5841500783724998],"f1_scores":{"N1":[0.11865168539325843],"N2":[0.7860601796283266],"N3":[0.48915289256198347],"REM":[0.5881237406661135],"Wake":[0.8231132075471698],"macro":[0.5610203411593704]},"loss":[2.8512123107910154],"precisions":{"N1":[0.6125290023201856],"N2":[0.7262715105162524],"N3":[0.558372641509434],"REM":[0.6130467012601928],"Wake":[0.7355756564503381],"macro":[0.6491591024112806]},"recalls":{"N1":[0.0656879820850958],"N2":[0.8565758614468699],"N3":[0.4352022058823529],"REM":[0.5651480637813212],"Wake":[0.9343000557724485],"macro":[0.5713828337936178]}}}},"train":{},"valid_pretraining":{}}