{"earlystopping":{"confusion_matrices":{"abs":["[[839, 319, 100, 38, 122], [143, 226, 323, 44, 59], [51, 181, 1835, 494, 55], [0, 0, 68, 1247, 3], [76, 90, 85, 89, 901]]"]},"markov_matrices":{"abs":{"actual":["[[1126, 224, 50, 1, 17], [105, 349, 308, 1, 32], [110, 186, 2216, 66, 37], [28, 7, 32, 1250, 1], [48, 29, 10, 0, 1154]]"],"predicted":["[[841, 153, 65, 18, 32], [68, 430, 198, 3, 116], [89, 123, 1931, 210, 58], [33, 6, 182, 1663, 28], [77, 104, 35, 18, 906]]"]}},"metrics":{"downstream":{"cohen_kappa":[0.589549026539596],"f1_scores":{"N1":[0.28057107386716323],"N2":[0.7300576884821961],"N3":[0.7721362229102167],"REM":[0.7568248635027299],"Wake":[0.6640284922833399],"macro":[0.6407236682091291]},"loss":[1.8951329549153646],"precisions":{"N1":[0.2769607843137255],"N2":[0.7610949813355454],"N3":[0.6521966527196653],"REM":[0.7903508771929825],"Wake":[0.7565374211000901],"macro":[0.6474281433324017]},"recalls":{"N1":[0.2842767295597484],"N2":[0.7014525993883792],"N3":[0.9461305007587253],"REM":[0.726027397260274],"Wake":[0.5916784203102962],"macro":[0.6499131294554846]}}}},"test":{"confusion_matrices":{"abs":["[[3080, 1005, 319, 88, 192], [368, 892, 679, 103, 271], [127, 575, 3828, 925, 157], [2, 4, 490, 3493, 3], [204, 194, 234, 169, 2138]]"]},"markov_matrices":{"abs":{"actual":["[[4011, 610, 44, 4, 15], [319, 1176, 689, 6, 122], [195, 395, 4680, 248, 94], [57, 20, 176, 3734, 5], [101, 112, 23, 0, 2703]]"],"predicted":["[[3072, 465, 79, 60, 105], [279, 1586, 497, 16, 292], [139, 354, 4459, 452, 145], [84, 20, 418, 4208, 48], [206, 245, 97, 42, 2171]]"]}},"metrics":{"downstream":{"cohen_kappa":[0.6015568986344908],"f1_scores":{"N1":[0.35801725867951034],"N2":[0.6858985844830675],"N3":[0.7965792474344355],"REM":[0.7501754385964913],"Wake":[0.7277023036030714],"macro":[0.6636745665593151]},"loss":[1.8031099759615385],"precisions":{"N1":[0.3340823970037453],"N2":[0.6897297297297297],"N3":[0.731059020510674],"REM":[0.774357116986599],"Wake":[0.8145993123512298],"macro":[0.6687655153163956]},"recalls":{"N1":[0.3856463467358409],"N2":[0.6821097647897363],"N3":[0.875],"REM":[0.7274583191561755],"Wake":[0.6575576430401366],"macro":[0.6655544147443779]}}}},"train":{},"valid_pretraining":{}}