{"earlystopping":{"confusion_matrices":{"abs":["[[1118, 220, 72, 12, 36], [68, 194, 114, 7, 25], [79, 126, 3043, 380, 74], [1, 0, 191, 858, 0], [113, 39, 94, 2, 817]]"]},"markov_matrices":{"abs":{"actual":["[[1259, 184, 13, 0, 1], [48, 150, 197, 0, 13], [112, 70, 3412, 84, 24], [12, 1, 71, 966, 0], [26, 3, 9, 0, 1027]]"],"predicted":["[[1172, 139, 58, 2, 7], [68, 345, 134, 2, 30], [106, 57, 3133, 149, 69], [13, 2, 138, 1103, 3], [19, 36, 51, 3, 843]]"]}},"metrics":{"downstream":{"cohen_kappa":[0.6935107804695497],"f1_scores":{"N1":[0.3931104356636272],"N2":[0.8434035476718404],"N3":[0.7431788653096579],"REM":[0.8101140307387208],"Wake":[0.7881565033486077],"macro":[0.7155926765464908]},"loss":[1.1909904479980469],"precisions":{"N1":[0.33506044905008636],"N2":[0.8659647125782584],"N3":[0.6814932486100079],"REM":[0.8581932773109243],"Wake":[0.8107324147933285],"macro":[0.7102888204685212]},"recalls":{"N1":[0.47549019607843135],"N2":[0.821988114532685],"N3":[0.8171428571428572],"REM":[0.7671361502347418],"Wake":[0.766803840877915],"macro":[0.7297122317733261]}}}},"test":{"confusion_matrices":{"abs":["[[1425, 253, 132, 21, 178], [35, 284, 190, 7, 68], [52, 214, 5518, 506, 352], [1, 0, 178, 1681, 0], [36, 108, 368, 23, 1635]]"]},"markov_matrices":{"abs":{"actual":["[[1680, 283, 29, 0, 17], [67, 196, 302, 0, 18], [192, 88, 6163, 147, 52], [23, 1, 123, 1713, 0], [46, 16, 25, 0, 2083]]"],"predicted":["[[1202, 231, 77, 3, 36], [104, 439, 255, 3, 58], [148, 131, 5673, 253, 180], [26, 6, 231, 1972, 3], [68, 52, 150, 7, 1956]]"]}},"metrics":{"downstream":{"cohen_kappa":[0.701401126866966],"f1_scores":{"N1":[0.39362439362439366],"N2":[0.8470985569542523],"N3":[0.8204001952171791],"REM":[0.7426754485578015],"Wake":[0.8010118043844856],"macro":[0.7209620797476225]},"loss":[1.1537377284123347],"precisions":{"N1":[0.33061699650756693],"N2":[0.8640776699029126],"N3":[0.7511170688114388],"REM":[0.7321988356471115],"Wake":[0.9199483537766301],"macro":[0.719591784929132]},"recalls":{"N1":[0.4863013698630137],"N2":[0.8307738632941885],"N3":[0.9037634408602151],"REM":[0.7534562211981567],"Wake":[0.7093081134892981],"macro":[0.7367206017409744]}}}},"train":{},"valid_pretraining":{}}