{"earlystopping":{"confusion_matrices":{"abs":["[[890, 213, 123, 32, 160], [73, 234, 268, 49, 171], [16, 180, 1761, 466, 193], [2, 0, 83, 1233, 0], [4, 26, 97, 38, 1076]]"]},"markov_matrices":{"abs":{"actual":["[[1126, 224, 50, 1, 17], [105, 349, 308, 1, 32], [110, 186, 2216, 66, 37], [28, 7, 32, 1250, 1], [48, 29, 10, 0, 1154]]"],"predicted":["[[811, 88, 42, 9, 35], [58, 342, 169, 12, 72], [55, 161, 1851, 135, 130], [21, 15, 116, 1643, 23], [39, 47, 154, 19, 1340]]"]}},"metrics":{"downstream":{"cohen_kappa":[0.6157523758225277],"f1_scores":{"N1":[0.32320441988950277],"N2":[0.711802748585287],"N3":[0.7863520408163265],"REM":[0.7574797606476593],"Wake":[0.7407407407407407],"macro":[0.6639159421359032]},"loss":[1.9541130065917969],"precisions":{"N1":[0.35834609494640124],"N2":[0.7551457975986278],"N3":[0.6782178217821783],"REM":[0.6725],"Wake":[0.9035532994923858],"macro":[0.6735526027639186]},"recalls":{"N1":[0.2943396226415094],"N2":[0.6731651376146789],"N3":[0.9355083459787557],"REM":[0.8670427074939565],"Wake":[0.6276445698166432],"macro":[0.6795400767091087]}}}},"test":{"confusion_matrices":{"abs":["[[3124, 493, 335, 301, 431], [286, 520, 660, 181, 666], [21, 220, 3674, 1258, 439], [3, 5, 441, 3540, 3], [29, 93, 256, 156, 2405]]"]},"markov_matrices":{"abs":{"actual":["[[4011, 610, 44, 4, 15], [319, 1176, 689, 6, 122], [195, 395, 4680, 248, 94], [57, 20, 176, 3734, 5], [101, 112, 23, 0, 2703]]"],"predicted":["[[2916, 221, 116, 38, 172], [143, 659, 288, 37, 204], [163, 277, 4234, 358, 333], [56, 40, 324, 4914, 102], [184, 134, 404, 89, 3133]]"]}},"metrics":{"downstream":{"cohen_kappa":[0.5899366039945955],"f1_scores":{"N1":[0.2854006586169045],"N2":[0.6693386773547094],"N3":[0.7509546033092914],"REM":[0.6988231875635624],"Wake":[0.766908064318154],"macro":[0.6342850382325244]},"loss":[2.073948395557893],"precisions":{"N1":[0.39068369646882045],"N2":[0.6846813268729035],"N3":[0.6512141280353201],"REM":[0.6097870182555781],"Wake":[0.9021079988449321],"macro":[0.647694833695511]},"recalls":{"N1":[0.22481625594466062],"N2":[0.6546685673556665],"N3":[0.8867735470941884],"REM":[0.8183055461041171],"Wake":[0.6669513236549958],"macro":[0.6503030480307257]}}}},"train":{},"valid_pretraining":{}}