{
    "earlystopping": {
        "confusion_matrices": {
            "abs": [
                "[[1092, 42, 83, 0, 155], [46, 98, 182, 0, 86], [55, 16, 3223, 175, 476], [0, 0, 157, 739, 9], [6, 22, 172, 0, 1109]]"
            ]
        },
        "markov_matrices": {
            "abs": {
                "actual": [
                    "[[1122, 217, 18, 0, 15], [56, 131, 215, 0, 10], [138, 60, 3629, 84, 34], [13, 1, 70, 821, 0], [42, 3, 13, 0, 1250]]"
                ],
                "predicted": [
                    "[[990, 98, 54, 1, 56], [15, 52, 99, 0, 12], [102, 14, 3478, 66, 156], [7, 0, 59, 840, 8], [84, 14, 127, 7, 1603]]"
                ]
            }
        },
        "metrics": {
            "downstream": {
                "cohen_kappa": [
                    0.6899169293895749
                ],
                "f1_scores": {
                    "N1": [
                        0.33220338983050846
                    ],
                    "N2": [
                        0.8304560680237052
                    ],
                    "N3": [
                        0.8125343595382079
                    ],
                    "REM": [
                        0.705470737913486
                    ],
                    "Wake": [
                        0.8494749124854142
                    ],
                    "macro": [
                        0.7060278935582643
                    ]
                },
                "loss": [
                    1.3078497648239136
                ],
                "precisions": {
                    "N1": [
                        0.550561797752809
                    ],
                    "N2": [
                        0.8443804034582133
                    ],
                    "N3": [
                        0.8085339168490153
                    ],
                    "REM": [
                        0.6043596730245232
                    ],
                    "Wake": [
                        0.9107589658048374
                    ],
                    "macro": [
                        0.7437189513778797
                    ]
                },
                "recalls": {
                    "N1": [
                        0.23786407766990292
                    ],
                    "N2": [
                        0.8169835234474018
                    ],
                    "N3": [
                        0.8165745856353591
                    ],
                    "REM": [
                        0.8472116119174943
                    ],
                    "Wake": [
                        0.7959183673469388
                    ],
                    "macro": [
                        0.7029104332034193
                    ]
                }
            }
        }
    },
    "test": {
        "confusion_matrices": {
            "abs": [
                "[[2136, 83, 175, 6, 356], [127, 141, 262, 4, 247], [175, 108, 5040, 471, 1311], [2, 0, 191, 1297, 24], [48, 26, 803, 0, 1341]]"
            ]
        },
        "markov_matrices": {
            "abs": {
                "actual": [
                    "[[2267, 413, 59, 2, 15], [177, 247, 342, 0, 14], [239, 108, 6570, 128, 60], [22, 0, 108, 1384, 0], [50, 13, 26, 0, 2129]]"
                ],
                "predicted": [
                    "[[2026, 195, 131, 5, 131], [79, 100, 167, 0, 12], [192, 48, 5768, 115, 347], [20, 0, 93, 1634, 31], [171, 15, 311, 24, 2758]]"
                ]
            }
        },
        "metrics": {
            "downstream": {
                "cohen_kappa": [
                    0.5574663431562688
                ],
                "f1_scores": {
                    "N1": [
                        0.24758560140474103
                    ],
                    "N2": [
                        0.742486741308191
                    ],
                    "N3": [
                        0.7879708383961117
                    ],
                    "REM": [
                        0.4879024922685101
                    ],
                    "Wake": [
                        0.8146453089244852
                    ],
                    "macro": [
                        0.6161181964604079
                    ]
                },
                "loss": [
                    2.092669388343548
                ],
                "precisions": {
                    "N1": [
                        0.39385474860335196
                    ],
                    "N2": [
                        0.7788595271210014
                    ],
                    "N3": [
                        0.7294713160854893
                    ],
                    "REM": [
                        0.4089661482159195
                    ],
                    "Wake": [
                        0.8585209003215434
                    ],
                    "macro": [
                        0.6339345280694612
                    ]
                },
                "recalls": {
                    "N1": [
                        0.18053777208706787
                    ],
                    "N2": [
                        0.7093596059113301
                    ],
                    "N3": [
                        0.8566710700132101
                    ],
                    "REM": [
                        0.6045987376014428
                    ],
                    "Wake": [
                        0.7750362844702468
                    ],
                    "macro": [
                        0.6252406940166595
                    ]
                }
            }
        }
    },
    "train": {},
    "valid_pretraining": {}
}
