{
    "earlystopping": {
        "confusion_matrices": {
            "abs": [
                "[[729, 71, 51, 14, 243], [53, 155, 72, 14, 134], [105, 118, 2593, 734, 547], [10, 1, 17, 771, 109], [16, 26, 16, 3, 1192]]"
            ]
        },
        "markov_matrices": {
            "abs": {
                "actual": [
                    "[[862, 210, 21, 0, 14], [64, 148, 206, 0, 10], [130, 65, 3781, 89, 32], [11, 1, 77, 819, 0], [40, 4, 12, 0, 1197]]"
                ],
                "predicted": [
                    "[[700, 112, 35, 19, 47], [57, 143, 126, 0, 45], [56, 55, 2461, 91, 86], [38, 9, 62, 1417, 10], [61, 52, 65, 9, 2037]]"
                ]
            }
        },
        "metrics": {
            "downstream": {
                "cohen_kappa": [
                    0.5842566836233887
                ],
                "f1_scores": {
                    "N1": [
                        0.3879849812265332
                    ],
                    "N2": [
                        0.7575226409582237
                    ],
                    "N3": [
                        0.6309328968903437
                    ],
                    "REM": [
                        0.6854514088556642
                    ],
                    "Wake": [
                        0.7214250371103414
                    ],
                    "macro": [
                        0.6366633930082213
                    ]
                },
                "loss": [
                    2.555281400680542
                ],
                "precisions": {
                    "N1": [
                        0.41778975741239893
                    ],
                    "N2": [
                        0.943252091669698
                    ],
                    "N3": [
                        0.501953125
                    ],
                    "REM": [
                        0.5357303370786517
                    ],
                    "Wake": [
                        0.7984665936473165
                    ],
                    "macro": [
                        0.6394383809616131
                    ]
                },
                "recalls": {
                    "N1": [
                        0.3621495327102804
                    ],
                    "N2": [
                        0.6329021235050036
                    ],
                    "N3": [
                        0.8491189427312775
                    ],
                    "REM": [
                        0.951316839584996
                    ],
                    "Wake": [
                        0.657942238267148
                    ],
                    "macro": [
                        0.6906859353597411
                    ]
                }
            }
        }
    },
    "test": {
        "confusion_matrices": {
            "abs": [
                "[[1807, 57, 34, 32, 441], [185, 243, 50, 22, 254], [251, 316, 3432, 707, 1778], [9, 1, 11, 1236, 184], [52, 41, 76, 4, 1951]]"
            ]
        },
        "markov_matrices": {
            "abs": {
                "actual": [
                    "[[1925, 362, 71, 0, 13], [125, 270, 344, 1, 14], [256, 108, 5893, 174, 52], [18, 2, 155, 1266, 0], [46, 12, 21, 0, 2045]]"
                ],
                "predicted": [
                    "[[1898, 223, 65, 18, 100], [101, 273, 205, 5, 74], [126, 84, 3132, 142, 118], [38, 11, 119, 1804, 29], [141, 66, 82, 32, 4287]]"
                ]
            }
        },
        "metrics": {
            "downstream": {
                "cohen_kappa": [
                    0.5488927995725231
                ],
                "f1_scores": {
                    "N1": [
                        0.34419263456090654
                    ],
                    "N2": [
                        0.6804798255179935
                    ],
                    "N3": [
                        0.7181871005229518
                    ],
                    "REM": [
                        0.5796197266785502
                    ],
                    "Wake": [
                        0.773048128342246
                    ],
                    "macro": [
                        0.6191054831245296
                    ]
                },
                "loss": [
                    3.200138972355769
                ],
                "precisions": {
                    "N1": [
                        0.36930091185410335
                    ],
                    "N2": [
                        0.9525395503746877
                    ],
                    "N3": [
                        0.6176911544227887
                    ],
                    "REM": [
                        0.4233940972222222
                    ],
                    "Wake": [
                        0.7842881944444444
                    ],
                    "macro": [
                        0.6294427816636492
                    ]
                },
                "recalls": {
                    "N1": [
                        0.3222811671087533
                    ],
                    "N2": [
                        0.5293028994447871
                    ],
                    "N3": [
                        0.8577376821651631
                    ],
                    "REM": [
                        0.9185499058380414
                    ],
                    "Wake": [
                        0.762125685364825
                    ],
                    "macro": [
                        0.677999467984314
                    ]
                }
            }
        }
    },
    "train": {},
    "valid_pretraining": {}
}
