{
    "earlystopping": {
        "confusion_matrices": {
            "abs": [
                "[[987, 260, 135, 2, 104], [80, 223, 81, 0, 87], [94, 265, 2081, 280, 1120], [0, 8, 150, 716, 45], [129, 117, 42, 2, 876]]"
            ]
        },
        "markov_matrices": {
            "abs": {
                "actual": [
                    "[[1224, 231, 17, 0, 15], [74, 164, 222, 0, 11], [132, 73, 3531, 73, 31], [11, 0, 62, 846, 0], [46, 3, 8, 0, 1109]]"
                ],
                "predicted": [
                    "[[933, 243, 69, 0, 45], [137, 389, 242, 3, 102], [130, 174, 1920, 37, 228], [2, 2, 51, 924, 21], [88, 65, 206, 36, 1836]]"
                ]
            }
        },
        "metrics": {
            "downstream": {
                "cohen_kappa": [
                    0.4938789536060777
                ],
                "f1_scores": {
                    "N1": [
                        0.3318452380952381
                    ],
                    "N2": [
                        0.6576078369410648
                    ],
                    "N3": [
                        0.7462219906201146
                    ],
                    "REM": [
                        0.5155974102413183
                    ],
                    "Wake": [
                        0.7105831533477321
                    ],
                    "macro": [
                        0.5923711258490936
                    ]
                },
                "loss": [
                    2.898948907852173
                ],
                "precisions": {
                    "N1": [
                        0.2554410080183276
                    ],
                    "N2": [
                        0.836078746484532
                    ],
                    "N3": [
                        0.716
                    ],
                    "REM": [
                        0.3924731182795699
                    ],
                    "Wake": [
                        0.7651162790697674
                    ],
                    "macro": [
                        0.5930218303704393
                    ]
                },
                "recalls": {
                    "N1": [
                        0.4734607218683652
                    ],
                    "N2": [
                        0.5419270833333333
                    ],
                    "N3": [
                        0.779107725788901
                    ],
                    "REM": [
                        0.7512864493996569
                    ],
                    "Wake": [
                        0.6633064516129032
                    ],
                    "macro": [
                        0.6418176864006319
                    ]
                }
            }
        }
    },
    "test": {
        "confusion_matrices": {
            "abs": [
                "[[1354, 487, 356, 12, 307], [50, 358, 149, 4, 145], [125, 934, 2180, 1147, 2145], [1, 8, 119, 1330, 69], [90, 149, 123, 27, 1782]]"
            ]
        },
        "markov_matrices": {
            "abs": {
                "actual": [
                    "[[2107, 335, 57, 1, 15], [101, 257, 328, 0, 20], [233, 100, 5972, 176, 50], [18, 3, 155, 1350, 1], [56, 11, 19, 0, 2085]]"
                ],
                "predicted": [
                    "[[1057, 353, 117, 2, 91], [205, 1058, 341, 49, 283], [182, 284, 2084, 88, 288], [7, 35, 106, 2315, 57], [169, 206, 278, 66, 3729]]"
                ]
            }
        },
        "metrics": {
            "downstream": {
                "cohen_kappa": [
                    0.39300651982581125
                ],
                "f1_scores": {
                    "N1": [
                        0.27100681302043905
                    ],
                    "N2": [
                        0.460985409177416
                    ],
                    "N3": [
                        0.6572769953051644
                    ],
                    "REM": [
                        0.5384499169058771
                    ],
                    "Wake": [
                        0.6547388781431335
                    ],
                    "macro": [
                        0.516491602510406
                    ]
                },
                "loss": [
                    3.973812809696904
                ],
                "precisions": {
                    "N1": [
                        0.18491735537190082
                    ],
                    "N2": [
                        0.7447898872565767
                    ],
                    "N3": [
                        0.5277777777777778
                    ],
                    "REM": [
                        0.4006294964028777
                    ],
                    "Wake": [
                        0.8358024691358025
                    ],
                    "macro": [
                        0.5387833971889872
                    ]
                },
                "recalls": {
                    "N1": [
                        0.5070821529745042
                    ],
                    "N2": [
                        0.3337926810595621
                    ],
                    "N3": [
                        0.870988867059594
                    ],
                    "REM": [
                        0.82081989866421
                    ],
                    "Wake": [
                        0.5381558028616852
                    ],
                    "macro": [
                        0.6141678805239111
                    ]
                }
            }
        }
    },
    "train": {},
    "valid_pretraining": {}
}
