{"earlystopping":{"confusion_matrices":{"abs":["[[5638, 400, 16, 3, 29], [177, 1043, 405, 18, 117], [37, 412, 5601, 345, 102], [1, 2, 392, 1153, 1], [5, 225, 222, 7, 2293]]"]},"markov_matrices":{"abs":{"actual":["[[5819, 253, 12, 0, 1], [157, 1185, 319, 2, 97], [66, 186, 5820, 317, 108], [7, 16, 296, 1230, 0], [36, 120, 50, 0, 2546]]"],"predicted":["[[5589, 253, 9, 3, 3], [149, 1635, 264, 0, 34], [84, 123, 6208, 138, 83], [7, 9, 125, 1383, 2], [28, 62, 30, 2, 2420]]"]}},"metrics":{"downstream":{"cohen_kappa":[0.7874747715267667],"f1_scores":{"N1":[0.5429463820926601],"N2":[0.852965811315008],"N3":[0.7499186991869918],"REM":[0.8662636947487722],"Wake":[0.9440723375753517],"macro":[0.7912333849837567]},"loss":[0.42891798792658625],"precisions":{"N1":[0.5009606147934679],"N2":[0.8440325497287523],"N3":[0.755570117955439],"REM":[0.9020456333595595],"Wake":[0.9624445203141003],"macro":[0.7930106872302638]},"recalls":{"N1":[0.5926136363636364],"N2":[0.8620901954748346],"N3":[0.7443511943189154],"REM":[0.8332122093023255],"Wake":[0.9263884324679592],"macro":[0.7917311335855342]}}}},"test":{"confusion_matrices":{"abs":["[[9073, 526, 40, 3, 40], [247, 2033, 457, 4, 258], [44, 1360, 10750, 310, 302], [0, 4, 580, 1589, 1], [15, 253, 223, 0, 4146]]"]},"markov_matrices":{"abs":{"actual":["[[9241, 410, 25, 0, 5], [217, 2136, 559, 2, 85], [152, 323, 11813, 339, 139], [16, 13, 311, 1833, 1], [55, 117, 58, 0, 4407]]"],"predicted":["[[8980, 374, 15, 1, 8], [194, 3379, 502, 0, 101], [145, 268, 11364, 134, 139], [13, 6, 116, 1771, 0], [46, 149, 53, 0, 4499]]"]}},"metrics":{"downstream":{"cohen_kappa":[0.8011940522858684],"f1_scores":{"N1":[0.5666898954703833],"N2":[0.8663765312701482],"N3":[0.778921568627451],"REM":[0.8836317135549873],"Wake":[0.9519962226535859],"macro":[0.809523186315311]},"loss":[0.3679475784301758],"precisions":{"N1":[0.48682950191570884],"N2":[0.8921161825726142],"N3":[0.8336831059811123],"REM":[0.8733937223509585],"Wake":[0.9673739204606034],"macro":[0.8106792866561994]},"recalls":{"N1":[0.677892630876959],"N2":[0.8420805263982454],"N3":[0.7309107635694572],"REM":[0.8941125727841277],"Wake":[0.9370997727742202],"macro":[0.8164192532806018]}}}},"train":{},"valid_pretraining":{}}