{"earlystopping":{"confusion_matrices":{"abs":["[[3739, 349, 658, 0, 646], [62, 436, 951, 0, 278], [66, 422, 6294, 0, 60], [12, 0, 1545, 0, 1], [15, 99, 801, 0, 1767]]"]},"markov_matrices":{"abs":{"actual":["[[5051, 318, 17, 0, 5], [183, 1134, 318, 2, 90], [88, 164, 6222, 274, 94], [12, 10, 254, 1282, 0], [57, 101, 31, 0, 2493]]"],"predicted":["[[3491, 148, 167, 0, 87], [116, 709, 394, 0, 87], [195, 345, 9432, 0, 277], [0, 0, 0, 0, 0], [91, 104, 256, 0, 2301]]"]}},"metrics":{"downstream":{"cohen_kappa":[0.5290257695635904],"f1_scores":{"N1":[0.28750412133201453],"N2":[0.7365279971915043],"N3":[0.0],"REM":[0.6503496503496503],"Wake":[0.8052982985138919],"macro":[0.4959360134774122]},"loss":[2.5831722683376737],"precisions":{"N1":[0.333843797856049],"N2":[0.6141086935310762],"N3":[0.0],"REM":[0.642078488372093],"Wake":[0.9601951720595788],"macro":[0.5100452303637594]},"recalls":{"N1":[0.25246091488129707],"N2":[0.9199064600993861],"N3":[0.0],"REM":[0.6588366890380313],"Wake":[0.6934347181008902],"macro":[0.504927756423921]}}}},"test":{"confusion_matrices":{"abs":["[[5942, 1000, 1221, 0, 802], [498, 751, 2339, 0, 431], [121, 1087, 9697, 0, 181], [16, 1, 2158, 0, 1], [58, 287, 1250, 0, 2795]]"]},"markov_matrices":{"abs":{"actual":["[[8369, 557, 27, 1, 10], [330, 3076, 529, 0, 84], [166, 277, 10122, 394, 127], [26, 9, 359, 1780, 2], [73, 100, 49, 1, 4167]]"],"predicted":["[[5881, 331, 286, 0, 136], [274, 2096, 661, 0, 95], [325, 582, 15311, 0, 447], [0, 0, 0, 0, 0], [154, 117, 407, 0, 3532]]"]}},"metrics":{"downstream":{"cohen_kappa":[0.47110047121188436],"f1_scores":{"N1":[0.21021693491952415],"N2":[0.698857698821664],"N3":[0.0],"REM":[0.65],"Wake":[0.7617948717948718],"macro":[0.46417390110721196]},"loss":[2.984375508626302],"precisions":{"N1":[0.24024312220089572],"N2":[0.5818781878187819],"N3":[0.0],"REM":[0.663895486935867],"Wake":[0.8955538809344386],"macro":[0.4763141355779966]},"recalls":{"N1":[0.18686240358298084],"N2":[0.874706837452643],"N3":[0.0],"REM":[0.6366742596810934],"Wake":[0.6627997769102063],"macro":[0.4722086555253847]}}}},"train":{},"valid_pretraining":{}}