{"earlystopping":{"confusion_matrices":{"abs":["[[1168, 66, 111, 2, 25], [49, 139, 186, 0, 38], [42, 28, 3447, 310, 118], [4, 0, 102, 799, 0], [44, 29, 150, 0, 1086]]"]},"markov_matrices":{"abs":{"actual":["[[1122, 217, 18, 0, 15], [56, 131, 215, 0, 10], [138, 60, 3629, 84, 34], [13, 1, 70, 821, 0], [42, 3, 13, 0, 1250]]"],"predicted":["[[1064, 165, 60, 3, 15], [36, 54, 155, 0, 17], [155, 38, 3645, 72, 85], [14, 1, 59, 1036, 1], [37, 4, 77, 0, 1149]]"]}},"metrics":{"downstream":{"cohen_kappa":[0.7577828293643389],"f1_scores":{"N1":[0.4124629080118695],"N2":[0.8681526256139026],"N3":[0.7926587301587301],"REM":[0.843167701863354],"Wake":[0.871967151922359],"macro":[0.757681823514043]},"loss":[0.8009623289108276],"precisions":{"N1":[0.5305343511450382],"N2":[0.8626126126126126],"N3":[0.7191719171917191],"REM":[0.8571428571428571],"Wake":[0.8936495791889824],"macro":[0.772622263456242]},"recalls":{"N1":[0.33737864077669905],"N2":[0.8737642585551331],"N3":[0.8828729281767956],"REM":[0.8296409472880061],"Wake":[0.8513119533527697],"macro":[0.7549937456298808]}}}},"test":{"confusion_matrices":{"abs":["[[2259, 157, 263, 14, 63], [185, 216, 264, 37, 79], [285, 81, 5451, 772, 516], [13, 0, 114, 1387, 0], [239, 50, 486, 5, 1438]]"]},"markov_matrices":{"abs":{"actual":["[[2267, 413, 59, 2, 15], [177, 247, 342, 0, 14], [239, 108, 6570, 128, 60], [22, 0, 108, 1384, 0], [50, 13, 26, 0, 2129]]"],"predicted":["[[2362, 317, 190, 61, 51], [112, 104, 261, 3, 24], [336, 73, 5860, 119, 189], [79, 3, 96, 2009, 28], [91, 7, 171, 23, 1804]]"]}},"metrics":{"downstream":{"cohen_kappa":[0.6364949455928366],"f1_scores":{"N1":[0.3361867704280156],"N2":[0.7967550975663231],"N3":[0.7438991686779297],"REM":[0.6666666666666666],"Wake":[0.7875196095520307],"macro":[0.6662054625781931]},"loss":[1.2173806552229256],"precisions":{"N1":[0.42857142857142855],"N2":[0.8286713286713286],"N3":[0.6261851015801354],"REM":[0.6860687022900763],"Wake":[0.75779939617578],"macro":[0.6654591914577498]},"recalls":{"N1":[0.2765685019206146],"N2":[0.7672061928219563],"N3":[0.916116248348745],"REM":[0.648331830477908],"Wake":[0.81966618287373],"macro":[0.6855777912885908]}}}},"train":{},"valid_pretraining":{}}