{"earlystopping":{"confusion_matrices":{"abs":["[[6762, 261, 19, 12, 62], [181, 1041, 405, 26, 159], [39, 621, 5691, 383, 121], [3, 10, 219, 1198, 0], [18, 172, 222, 6, 2337]]"]},"markov_matrices":{"abs":{"actual":["[[6823, 271, 17, 0, 4], [151, 1184, 365, 3, 109], [78, 212, 6189, 261, 115], [11, 15, 238, 1166, 0], [52, 130, 46, 0, 2527]]"],"predicted":["[[6704, 264, 19, 3, 12], [132, 1630, 299, 0, 44], [96, 151, 6076, 138, 95], [17, 3, 122, 1482, 1], [53, 57, 40, 2, 2527]]"]}},"metrics":{"downstream":{"cohen_kappa":[0.7979326217093778],"f1_scores":{"N1":[0.5315292315547613],"N2":[0.8487062858847215],"N3":[0.7842880523731588],"REM":[0.8601398601398601],"Wake":[0.9578582052553297],"macro":[0.7965043270415663]},"loss":[0.4244369115584936],"precisions":{"N1":[0.49453681710213776],"N2":[0.8680597925564368],"N3":[0.7372307692307692],"REM":[0.8723404255319149],"Wake":[0.9655861773525631],"macro":[0.7875507963547644]},"recalls":{"N1":[0.5745033112582781],"N2":[0.8301969365426696],"N3":[0.8377622377622378],"REM":[0.8482758620689655],"Wake":[0.9502529510961214],"macro":[0.8081982597456545]}}}},"test":{"confusion_matrices":{"abs":["[[13346, 1264, 126, 25, 661], [411, 2193, 921, 5, 484], [46, 1192, 9620, 320, 535], [1, 27, 1186, 1039, 0], [12, 99, 209, 0, 3623]]"]},"markov_matrices":{"abs":{"actual":["[[14659, 720, 37, 1, 4], [431, 2829, 660, 3, 91], [229, 338, 10472, 535, 139], [24, 14, 498, 1714, 3], [78, 113, 46, 0, 3706]]"],"predicted":["[[13213, 527, 16, 3, 56], [311, 3670, 629, 0, 165], [143, 395, 11207, 155, 162], [14, 5, 138, 1228, 4], [134, 178, 72, 3, 4916]]"]}},"metrics":{"downstream":{"cohen_kappa":[0.7181963039741055],"f1_scores":{"N1":[0.4990328820116054],"N2":[0.8092534174553102],"N3":[0.5705656232839099],"REM":[0.7836902444300238],"Wake":[0.9129215404610439],"macro":[0.7150927415283787]},"loss":[0.5988424640812285],"precisions":{"N1":[0.4592670157068063],"N2":[0.7975460122699386],"N3":[0.748020158387329],"REM":[0.6831981897039412],"Wake":[0.9659814707585408],"macro":[0.7308025693653111]},"recalls":{"N1":[0.546337817638266],"N2":[0.8213096559378469],"N3":[0.46116289391921883],"REM":[0.918843520162313],"Wake":[0.8653871093243418],"macro":[0.7226081993963974]}}}},"train":{},"valid_pretraining":{}}