{"earlystopping":{"confusion_matrices":{"abs":["[[7167, 407, 44, 28, 14], [495, 683, 567, 109, 73], [281, 695, 5241, 798, 91], [6, 2, 357, 757, 6], [299, 285, 394, 168, 1695]]"]},"markov_matrices":{"abs":{"actual":["[[7290, 345, 19, 0, 5], [197, 1257, 361, 3, 109], [94, 200, 6433, 271, 108], [13, 13, 248, 854, 0], [65, 112, 45, 0, 2619]]"],"predicted":["[[7772, 280, 89, 51, 55], [161, 1307, 522, 22, 60], [123, 387, 5619, 292, 182], [84, 13, 265, 1476, 22], [107, 85, 108, 19, 1560]]"]}},"metrics":{"downstream":{"cohen_kappa":[0.6536583753034408],"f1_scores":{"N1":[0.34158539634908724],"N2":[0.764607192355387],"N3":[0.5066934404283802],"REM":[0.7182203389830508],"Wake":[0.9010560724163943],"macro":[0.6464324881064598]},"loss":[1.2189480851336223],"precisions":{"N1":[0.3296332046332046],"N2":[0.793730122671513],"N3":[0.40698924731182795],"REM":[0.902075572112826],"Wake":[0.8689379243452958],"macro":[0.6602732142149335]},"recalls":{"N1":[0.3544369486248054],"N2":[0.7375457359977484],"N3":[0.6710992907801419],"REM":[0.5966209081309398],"Wake":[0.9356396866840732],"macro":[0.6590685140435418]}}}},"test":{"confusion_matrices":{"abs":["[[9933, 505, 100, 29, 214], [1651, 1315, 549, 53, 137], [1379, 2549, 6790, 2031, 171], [26, 18, 764, 1227, 1], [947, 870, 653, 156, 2214]]"]},"markov_matrices":{"abs":{"actual":["[[10118, 616, 19, 0, 27], [361, 2625, 600, 0, 119], [180, 332, 11792, 467, 149], [22, 6, 436, 1569, 3], [99, 126, 73, 0, 4542]]"],"predicted":["[[12848, 602, 138, 143, 204], [438, 3739, 875, 87, 118], [182, 724, 7318, 470, 162], [199, 75, 412, 2768, 42], [268, 117, 113, 28, 2211]]"]}},"metrics":{"downstream":{"cohen_kappa":[0.4959373953025249],"f1_scores":{"N1":[0.29346128096407054],"N2":[0.6236223365172667],"N3":[0.4436008676789588],"REM":[0.5844001583740267],"Wake":[0.8037383177570093],"macro":[0.5497645922582665]},"loss":[2.0109993094828593],"precisions":{"N1":[0.25014266692029674],"N2":[0.7667118337850045],"N3":[0.3509725400457666],"REM":[0.8089148702959444],"Wake":[0.7127583237657864],"macro":[0.5779000469625597]},"recalls":{"N1":[0.3549257759784076],"N2":[0.5255417956656346],"N3":[0.6026522593320236],"REM":[0.45743801652892563],"Wake":[0.9213431036081996],"macro":[0.5723801902226382]}}}},"train":{},"valid_pretraining":{}}