{"earlystopping":{"confusion_matrices":{"abs":["[[6365, 646, 332, 3, 314], [798, 450, 290, 66, 323], [1066, 372, 4004, 889, 775], [59, 3, 494, 556, 16], [770, 107, 147, 77, 1740]]"]},"markov_matrices":{"abs":{"actual":["[[7290, 345, 19, 0, 5], [197, 1257, 361, 3, 109], [94, 200, 6433, 271, 108], [13, 13, 248, 854, 0], [65, 112, 45, 0, 2619]]"],"predicted":["[[7999, 426, 146, 71, 415], [286, 1010, 147, 14, 121], [241, 45, 4360, 381, 240], [71, 14, 343, 1084, 79], [461, 83, 270, 41, 2313]]"]}},"metrics":{"downstream":{"cohen_kappa":[0.490855632000583],"f1_scores":{"N1":[0.25677603423680456],"N2":[0.6472157116301624],"N3":[0.4089738874586245],"REM":[0.5791313030454318],"Wake":[0.7614547194640507],"macro":[0.5307103311670148]},"loss":[2.220916748046875],"precisions":{"N1":[0.28517110266159695],"N2":[0.7602050503132713],"N3":[0.34946574481458204],"REM":[0.5492424242424242],"Wake":[0.7026937513799956],"macro":[0.529355614682374]},"recalls":{"N1":[0.233523611831863],"N2":[0.5634674922600619],"N3":[0.4929078014184397],"REM":[0.6124604012671595],"Wake":[0.8309399477806788],"macro":[0.5466598509116406]}}}},"test":{"confusion_matrices":{"abs":["[[8164, 1123, 936, 4, 554], [1556, 1282, 449, 5, 413], [2230, 1242, 7111, 839, 1498], [154, 19, 839, 984, 40], [2014, 586, 456, 8, 1776]]"]},"markov_matrices":{"abs":{"actual":["[[10118, 616, 19, 0, 27], [361, 2625, 600, 0, 119], [180, 332, 11792, 467, 149], [22, 6, 436, 1569, 3], [99, 126, 73, 0, 4542]]"],"predicted":["[[12027, 942, 323, 96, 729], [623, 2911, 398, 22, 298], [518, 147, 8411, 407, 308], [111, 18, 366, 1269, 76], [838, 234, 293, 46, 2870]]"]}},"metrics":{"downstream":{"cohen_kappa":[0.4008964930150397],"f1_scores":{"N1":[0.32223199698378785],"N2":[0.6262163709215799],"N3":[0.5077399380804953],"REM":[0.3894309834447977],"Wake":[0.6557693080043375],"macro":[0.5002777194869996]},"loss":[2.856646865161497],"precisions":{"N1":[0.3015051740357479],"N2":[0.7262792360330916],"N3":[0.5347826086956522],"REM":[0.41485634197617377],"Wake":[0.578268876611418],"macro":[0.5111384474704167]},"recalls":{"N1":[0.34601889338731445],"N2":[0.5503869969040248],"N3":[0.48330058939096265],"REM":[0.3669421487603306],"Wake":[0.7572581393191726],"macro":[0.500781353552361]}}}},"train":{},"valid_pretraining":{}}