{"earlystopping":{"confusion_matrices":{"abs":["[[1185, 147, 31, 15, 40], [127, 353, 200, 13, 102], [69, 200, 1961, 263, 123], [0, 6, 116, 1195, 1], [16, 60, 34, 1, 1130]]"]},"markov_matrices":{"abs":{"actual":["[[1126, 224, 50, 1, 17], [105, 349, 308, 1, 32], [110, 186, 2216, 66, 37], [28, 7, 32, 1250, 1], [48, 29, 10, 0, 1154]]"],"predicted":["[[1094, 231, 45, 5, 22], [121, 351, 208, 8, 77], [90, 106, 1978, 121, 47], [35, 15, 80, 1351, 6], [56, 63, 31, 2, 1244]]"]}},"metrics":{"downstream":{"cohen_kappa":[0.7260177645503518],"f1_scores":{"N1":[0.45227418321588725],"N2":[0.7910447761194029],"N3":[0.8520499108734403],"REM":[0.857034508911642],"Wake":[0.8419182948490231],"macro":[0.7588643347938792]},"loss":[1.0555278142293294],"precisions":{"N1":[0.4608355091383812],"N2":[0.8373185311699403],"N3":[0.8036314727639543],"REM":[0.8094555873925502],"Wake":[0.8482462419470294],"macro":[0.751897468482371]},"recalls":{"N1":[0.4440251572327044],"N2":[0.7496177370030581],"N3":[0.9066767830045523],"REM":[0.9105560032232071],"Wake":[0.8356840620592384],"macro":[0.7693119485045521]}}}},"test":{"confusion_matrices":{"abs":["[[4137, 302, 73, 31, 141], [325, 1181, 521, 24, 262], [121, 423, 4327, 509, 232], [5, 9, 530, 3446, 2], [80, 203, 105, 15, 2536]]"]},"markov_matrices":{"abs":{"actual":["[[4011, 610, 44, 4, 15], [319, 1176, 689, 6, 122], [195, 395, 4680, 248, 94], [57, 20, 176, 3734, 5], [101, 112, 23, 0, 2703]]"],"predicted":["[[3950, 620, 39, 15, 44], [346, 1022, 515, 31, 204], [161, 256, 4703, 301, 134], [67, 50, 230, 3667, 11], [143, 170, 69, 11, 2780]]"]}},"metrics":{"downstream":{"cohen_kappa":[0.7438304180593678],"f1_scores":{"N1":[0.5330625141051681],"N2":[0.7748925501432665],"N3":[0.8596731944617687],"REM":[0.8298429319371727],"Wake":[0.8847305389221557],"macro":[0.7764403459139064]},"loss":[1.0662830059344952],"precisions":{"N1":[0.5576015108593012],"N2":[0.7787976961843053],"N3":[0.8561490683229813],"REM":[0.7992436180271036],"Wake":[0.8862467866323908],"macro":[0.7756077360052165]},"recalls":{"N1":[0.5105923043666234],"N2":[0.7710263720598717],"N3":[0.8632264529058116],"REM":[0.8628785301122831],"Wake":[0.8832194705380018],"macro":[0.7781886259965184]}}}},"train":{},"valid_pretraining":{}}