{"earlystopping":{"confusion_matrices":{"abs":["[[871, 247, 59, 25, 175], [80, 408, 305, 22, 60], [40, 193, 1869, 292, 63], [8, 4, 163, 1362, 6], [10, 100, 78, 17, 1023]]"]},"markov_matrices":{"abs":{"actual":["[[1107, 224, 32, 1, 13], [103, 420, 304, 1, 47], [91, 183, 2069, 75, 39], [26, 6, 44, 1466, 0], [49, 42, 8, 0, 1129]]"],"predicted":["[[742, 178, 61, 14, 14], [121, 510, 252, 5, 64], [72, 176, 2025, 129, 72], [30, 14, 100, 1561, 12], [43, 74, 36, 9, 1165]]"]}},"metrics":{"downstream":{"cohen_kappa":[0.66419392266252],"f1_scores":{"N1":[0.4466338259441708],"N2":[0.7580612451835328],"N3":[0.8353265869365225],"REM":[0.8007827788649706],"Wake":[0.730092204526404],"macro":[0.7141793282911202]},"loss":[1.1027345021565755],"precisions":{"N1":[0.42857142857142855],"N2":[0.7554567502021019],"N3":[0.7927823050058207],"REM":[0.7709118311981914],"Wake":[0.8632309217046581],"macro":[0.7221906473364401]},"recalls":{"N1":[0.4662857142857143],"N2":[0.7606837606837606],"N3":[0.8826960466623461],"REM":[0.8330618892508144],"Wake":[0.6325344952795933],"macro":[0.7150523812324459]}}}},"test":{"confusion_matrices":{"abs":["[[3338, 743, 297, 133, 650], [274, 1137, 694, 180, 298], [85, 523, 3653, 1039, 206], [2, 11, 568, 3141, 1], [43, 287, 191, 73, 1699]]"]},"markov_matrices":{"abs":{"actual":["[[4415, 676, 55, 1, 13], [385, 1308, 745, 5, 140], [218, 440, 4532, 223, 93], [51, 23, 150, 3494, 5], [91, 136, 24, 0, 2042]]"],"predicted":["[[2901, 537, 133, 31, 140], [381, 1521, 582, 22, 195], [205, 414, 4331, 288, 165], [50, 42, 229, 4201, 44], [204, 187, 128, 24, 2310]]"]}},"metrics":{"downstream":{"cohen_kappa":[0.5838874792143531],"f1_scores":{"N1":[0.4303557910673732],"N2":[0.6697222476853973],"N3":[0.757871878393051],"REM":[0.6601904021760249],"Wake":[0.7498595978883522],"macro":[0.6535999834420397]},"loss":[1.4359749241879112],"precisions":{"N1":[0.4209552017771196],"N2":[0.6761058671108643],"N3":[0.687910643889619],"REM":[0.5953048353188507],"Wake":[0.892036344200962],"macro":[0.6544625784594831]},"recalls":{"N1":[0.44018583042973286],"N2":[0.6634580457682528],"N3":[0.8436744560838034],"REM":[0.7409507195813345],"Wake":[0.646773881030808],"macro":[0.6670085865787863]}}}},"train":{},"valid_pretraining":{}}