{"earlystopping":{"confusion_matrices":{"abs":["[[1332, 59, 43, 0, 24], [140, 117, 96, 0, 55], [407, 64, 2906, 105, 220], [117, 0, 154, 779, 0], [125, 5, 60, 0, 875]]"]},"markov_matrices":{"abs":{"actual":["[[1259, 184, 13, 0, 1], [48, 150, 197, 0, 13], [112, 70, 3412, 84, 24], [12, 1, 71, 966, 0], [26, 3, 9, 0, 1027]]"],"predicted":["[[1926, 116, 53, 0, 25], [32, 104, 93, 0, 16], [111, 18, 3002, 71, 57], [9, 1, 61, 813, 0], [42, 6, 50, 0, 1076]]"]}},"metrics":{"downstream":{"cohen_kappa":[0.6907794796996392],"f1_scores":{"N1":[0.3583460949464012],"N2":[0.834937508978595],"N3":[0.8055842812823165],"REM":[0.7815989280928987],"Wake":[0.7443419949706621],"macro":[0.7049617616541747]},"loss":[0.5998051166534424],"precisions":{"N1":[0.4775510204081633],"N2":[0.8916845658177355],"N3":[0.8812217194570136],"REM":[0.7453151618398637],"Wake":[0.628005657708628],"macro":[0.7247556250462809]},"recalls":{"N1":[0.2867647058823529],"N2":[0.7849810913019989],"N3":[0.741904761904762],"REM":[0.8215962441314554],"Wake":[0.9135802469135802],"macro":[0.7097654100268299]}}}},"test":{"confusion_matrices":{"abs":["[[1611, 75, 206, 1, 116], [96, 219, 193, 0, 76], [139, 98, 5629, 283, 493], [9, 0, 307, 1544, 0], [96, 48, 324, 1, 1701]]"]},"markov_matrices":{"abs":{"actual":["[[1680, 283, 29, 0, 17], [67, 196, 302, 0, 18], [192, 88, 6163, 147, 52], [23, 1, 123, 1713, 0], [46, 16, 25, 0, 2083]]"],"predicted":["[[1539, 214, 136, 2, 60], [59, 158, 168, 2, 53], [229, 37, 6086, 124, 182], [21, 3, 104, 1700, 1], [102, 28, 165, 1, 2090]]"]}},"metrics":{"downstream":{"cohen_kappa":[0.7144640001382474],"f1_scores":{"N1":[0.42773437499999994],"N2":[0.8464025261258551],"N3":[0.8370832203849281],"REM":[0.7467076382791923],"Wake":[0.8136363636363636],"macro":[0.7343128246852678]},"loss":[0.5278871242816632],"precisions":{"N1":[0.49772727272727274],"N2":[0.8453221204385043],"N3":[0.8441771459814106],"REM":[0.7129086336965633],"Wake":[0.8257303946694003],"macro":[0.7451731135026303]},"recalls":{"N1":[0.375],"N2":[0.847485697079193],"N3":[0.8301075268817204],"REM":[0.7838709677419354],"Wake":[0.8018914883026381],"macro":[0.7276711360010973]}}}},"train":{},"valid_pretraining":{}}