{"earlystopping":{},"train":{"metrics":{"freq":{"acc_freq":[0.0001,3e-05,1e-05,4e-05,0.00068,0.0045,0.02032,0.03357,0.07165,0.0711,0.09802,0.11324,0.12492,0.13618,0.14477,0.15032,0.15713,0.16231,0.16523,0.17017],"hamming_freq":[0.48191799999999996,0.474951,0.4748065,0.4728715,0.4723655,0.47738899999999995,0.512011,0.6713485,0.7772125,0.806236,0.8348415,0.853613,0.866206,0.8734865,0.878162,0.8819725,0.8852215,0.8879165,0.890423,0.892263],"loss":[0.888749375,0.69382171875,0.692421171875,0.689608203125,0.6432266796875,0.5969589453125,0.539593984375,0.4953678515625,0.44964453125,0.392100703125,0.3414813671875,0.3012615625,0.27286650390625,0.25498275390625,0.2438048828125,0.2352253125,0.228243828125,0.2228955859375,0.21767916015625,0.2132965234375]}}},"valid_pretraining":{"metrics":{"freq":{"acc_freq":[0.0,0.0,0.0,0.0,0.0,0.0,0.018,0.038,0.101,0.064,0.122,0.134,0.148,0.165,0.182,0.193,0.195,0.192,0.207,0.203,0.207],"hamming_freq":[0.49175,0.47950000000000004,0.47950000000000004,0.47950000000000004,0.48219999999999996,0.47919999999999996,0.49219999999999997,0.5601,0.80215,0.8186,0.8573999999999999,0.87765,0.8933,0.89885,0.9036,0.9052,0.9067000000000001,0.90535,0.9112,0.90825,0.9097500000000001],"loss":[1.3790886402130127,0.6925786137580872,0.6923638582229614,0.6923370361328125,0.764000654220581,0.6131117343902588,0.5517867803573608,0.4939088821411133,0.44476139545440674,0.3899531364440918,0.3283143639564514,0.2815459966659546,0.24473264813423157,0.22298331558704376,0.20927226543426514,0.19867268204689026,0.19144120812416077,0.18559479713439941,0.18352806568145752,0.17777825891971588,0.17489859461784363]}}}}