{"earlystopping":{"confusion_matrices":{"abs":["[[733, 525, 13, 8, 139], [137, 276, 87, 9, 286], [324, 224, 817, 251, 1000], [8, 3, 50, 1167, 90], [185, 43, 86, 9, 918]]"]},"markov_matrices":{"abs":{"actual":["[[1126, 224, 50, 1, 17], [105, 349, 308, 1, 32], [110, 186, 2216, 66, 37], [28, 7, 32, 1250, 1], [48, 29, 10, 0, 1154]]"],"predicted":["[[905, 275, 60, 10, 137], [196, 657, 100, 9, 108], [67, 60, 741, 65, 120], [29, 11, 47, 1319, 38], [189, 68, 105, 41, 2030]]"]}},"metrics":{"downstream":{"cohen_kappa":[0.417334034369206],"f1_scores":{"N1":[0.2958199356913183],"N2":[0.44535295720904877],"N3":[0.8450398262128892],"REM":[0.49972781709308656],"Wake":[0.5226381461675579],"macro":[0.5217157364747801]},"loss":[5.963388061523437],"precisions":{"N1":[0.25770308123249297],"N2":[0.7758784425451092],"N3":[0.8081717451523546],"REM":[0.37731196054254007],"Wake":[0.528478731074261],"macro":[0.5495087921093516]},"recalls":{"N1":[0.3471698113207547],"N2":[0.31230886850152906],"N3":[0.8854324734446131],"REM":[0.7397260273972602],"Wake":[0.5169252468265162],"macro":[0.5603124854981346]}}}},"test":{"confusion_matrices":{"abs":["[[2375, 1905, 75, 28, 301], [191, 859, 226, 16, 1021], [146, 389, 1783, 472, 2822], [19, 8, 374, 3282, 309], [342, 221, 335, 24, 2017]]"]},"markov_matrices":{"abs":{"actual":["[[4011, 610, 44, 4, 15], [319, 1176, 689, 6, 122], [195, 395, 4680, 248, 94], [57, 20, 176, 3734, 5], [101, 112, 23, 0, 2703]]"],"predicted":["[[2156, 635, 86, 21, 175], [483, 2380, 215, 8, 296], [133, 144, 2076, 187, 253], [52, 29, 140, 3525, 76], [248, 194, 276, 81, 5670]]"]}},"metrics":{"downstream":{"cohen_kappa":[0.4179295801240551],"f1_scores":{"N1":[0.3016681299385426],"N2":[0.4242712671029149],"N3":[0.8400307141028922],"REM":[0.4287384419173132],"Wake":[0.6123501353616089],"macro":[0.5214117376846543]},"loss":[5.8973388671875],"precisions":{"N1":[0.25399172087522176],"N2":[0.6383816684568564],"N3":[0.858712715855573],"REM":[0.31174652241112827],"Wake":[0.7728603970061829],"macro":[0.5671386049209926]},"recalls":{"N1":[0.37137916126242976],"N2":[0.317712045616536],"N3":[0.8221442885771543],"REM":[0.6862878530112283],"Wake":[0.5070452604611443],"macro":[0.5409137217856985]}}}},"train":{},"valid_pretraining":{}}