{"earlystopping":{"confusion_matrices":{"abs":["[[6662, 1110, 96, 17, 73], [188, 683, 804, 135, 136], [172, 325, 5176, 741, 214], [6, 37, 295, 1186, 7], [276, 572, 501, 125, 1308]]"]},"markov_matrices":{"abs":{"actual":["[[7584, 353, 15, 0, 5], [200, 1236, 385, 2, 123], [98, 210, 5964, 245, 111], [13, 14, 220, 1284, 0], [62, 133, 44, 0, 2543]]"],"predicted":["[[7051, 147, 55, 15, 35], [103, 2031, 357, 75, 161], [88, 205, 6230, 136, 213], [25, 91, 87, 1969, 32], [36, 253, 143, 9, 1297]]"]}},"metrics":{"downstream":{"cohen_kappa":[0.6170287499728788],"f1_scores":{"N1":[0.2923175690134817],"N2":[0.7668148148148148],"N3":[0.6350736278447122],"REM":[0.5787610619469027],"Wake":[0.8730179530860962],"macro":[0.6291970053412015]},"loss":[2.4467745525080984],"precisions":{"N1":[0.25045837917125047],"N2":[0.7532013969732246],"N3":[0.5381125226860254],"REM":[0.7525891829689298],"Wake":[0.9121029572836802],"macro":[0.6412928878166222]},"recalls":{"N1":[0.3509763617677287],"N2":[0.7809293904646952],"N3":[0.774657086871326],"REM":[0.4701653486700216],"Wake":[0.8371450113093742],"macro":[0.6427746398166291]}}}},"test":{"confusion_matrices":{"abs":["[[9325, 1518, 1039, 105, 561], [764, 1749, 1599, 230, 150], [912, 1058, 8326, 1562, 307], [30, 23, 484, 2054, 10], [688, 1134, 969, 53, 1728]]"]},"markov_matrices":{"abs":{"actual":["[[11874, 617, 28, 3, 25], [348, 3420, 622, 0, 102], [199, 328, 10935, 568, 135], [29, 16, 522, 2030, 4], [97, 111, 58, 0, 4306]]"],"predicted":["[[10991, 358, 122, 27, 220], [299, 4171, 662, 91, 259], [178, 406, 11316, 243, 274], [37, 153, 152, 3636, 26], [213, 394, 165, 7, 1977]]"]}},"metrics":{"downstream":{"cohen_kappa":[0.5089646187460907],"f1_scores":{"N1":[0.3507118508121115],"N2":[0.6774062322024246],"N3":[0.6219530658591976],"REM":[0.47161572052401746],"Wake":[0.7685333992664936],"macro":[0.578044053732849]},"loss":[3.4346868726942272],"precisions":{"N1":[0.31904414447282015],"N2":[0.6705323347024241],"N3":[0.512987012987013],"REM":[0.6269956458635704],"Wake":[0.7957163580510282],"macro":[0.5850550992153712]},"recalls":{"N1":[0.3893588601959038],"N2":[0.6844225236333744],"N3":[0.7896962706651288],"REM":[0.3779527559055118],"Wake":[0.7431463181383487],"macro":[0.5969153457076535]}}}},"train":{},"valid_pretraining":{}}