{"earlystopping":{"confusion_matrices":{"abs":["[[642, 679, 101, 19, 119], [38, 349, 230, 22, 192], [25, 185, 1681, 322, 218], [1, 3, 119, 1272, 22], [27, 49, 91, 46, 982]]"]},"markov_matrices":{"abs":{"actual":["[[1273, 229, 40, 1, 17], [112, 387, 291, 0, 41], [103, 174, 2054, 62, 37], [22, 5, 35, 1354, 1], [49, 36, 11, 0, 1099]]"],"predicted":["[[526, 136, 35, 4, 32], [100, 887, 187, 11, 80], [50, 149, 1785, 81, 156], [18, 13, 67, 1530, 53], [39, 80, 148, 54, 1212]]"]}},"metrics":{"downstream":{"cohen_kappa":[0.570938388804896],"f1_scores":{"N1":[0.3330152671755725],"N2":[0.7225445948850204],"N3":[0.8211749515816655],"REM":[0.7199413489736071],"Wake":[0.5599651112080244],"macro":[0.631328254764778]},"loss":[1.9933297475179037],"precisions":{"N1":[0.2758893280632411],"N2":[0.7565256525652565],"N3":[0.7566924449732302],"REM":[0.6405740378343118],"Wake":[0.8758526603001364],"macro":[0.6611068247472351]},"recalls":{"N1":[0.41997593261131166],"N2":[0.6914849856026326],"N3":[0.8976711362032463],"REM":[0.8217573221757322],"Wake":[0.4115384615384615],"macro":[0.6484855676262768]}}}},"test":{"confusion_matrices":{"abs":["[[1853, 2118, 459, 90, 336], [96, 940, 988, 100, 606], [147, 332, 4591, 1253, 780], [9, 9, 763, 3335, 14], [119, 182, 461, 238, 1975]]"]},"markov_matrices":{"abs":{"actual":["[[4051, 689, 82, 1, 32], [350, 1373, 861, 3, 143], [263, 497, 5960, 282, 101], [67, 39, 179, 3844, 1], [124, 132, 21, 0, 2698]]"],"predicted":["[[1533, 427, 146, 26, 92], [318, 2504, 486, 30, 242], [183, 365, 5939, 265, 510], [57, 42, 219, 4575, 123], [132, 243, 472, 120, 2744]]"]}},"metrics":{"downstream":{"cohen_kappa":[0.4655227800145705],"f1_scores":{"N1":[0.2978925685311361],"N2":[0.6391924817264184],"N3":[0.7292805598075661],"REM":[0.5907867185163027],"Wake":[0.5234463276836158],"macro":[0.5561197312530078]},"loss":[2.612772032271984],"precisions":{"N1":[0.2624965093549288],"N2":[0.6321949876067199],"N3":[0.664872408293461],"REM":[0.5322015629210456],"Wake":[0.83318345323741],"macro":[0.584989784282713]},"recalls":{"N1":[0.3443223443223443],"N2":[0.6463466141067155],"N3":[0.8075060532687651],"REM":[0.6638655462184874],"Wake":[0.38158978583196046],"macro":[0.5687260687496545]}}}},"train":{},"valid_pretraining":{}}