{
    "earlystopping": {
        "confusion_matrices": {
            "abs": [
                "[[622, 0, 270, 70, 146], [55, 0, 251, 10, 112], [20, 0, 3599, 330, 148], [0, 0, 212, 696, 0], [80, 0, 278, 5, 890]]"
            ]
        },
        "markov_matrices": {
            "abs": {
                "actual": [
                    "[[862, 210, 21, 0, 14], [64, 148, 206, 0, 10], [130, 65, 3781, 89, 32], [11, 1, 77, 819, 0], [40, 4, 12, 0, 1197]]"
                ],
                "predicted": [
                    "[[624, 0, 74, 14, 65], [0, 0, 0, 0, 0], [75, 0, 4281, 108, 145], [19, 0, 103, 984, 5], [58, 0, 152, 5, 1081]]"
                ]
            }
        },
        "metrics": {
            "downstream": {
                "cohen_kappa": [
                    0.5963402597853487
                ],
                "f1_scores": {
                    "N1": [
                        0.0
                    ],
                    "N2": [
                        0.8266911680257265
                    ],
                    "N3": [
                        0.689450222882615
                    ],
                    "REM": [
                        0.6983130639466458
                    ],
                    "Wake": [
                        0.6599469496021221
                    ],
                    "macro": [
                        0.5748802808914218
                    ]
                },
                "loss": [
                    1.0896375179290771
                ],
                "precisions": {
                    "N1": [
                        0.0
                    ],
                    "N2": [
                        0.7806941431670282
                    ],
                    "N3": [
                        0.6264626462646264
                    ],
                    "REM": [
                        0.6867283950617284
                    ],
                    "Wake": [
                        0.8005148005148005
                    ],
                    "macro": [
                        0.5788799970016367
                    ]
                },
                "recalls": {
                    "N1": [
                        0.0
                    ],
                    "N2": [
                        0.8784476446180132
                    ],
                    "N3": [
                        0.7665198237885462
                    ],
                    "REM": [
                        0.7102952913008779
                    ],
                    "Wake": [
                        0.5613718411552346
                    ],
                    "macro": [
                        0.5833269201725344
                    ]
                }
            }
        }
    },
    "test": {
        "confusion_matrices": {
            "abs": [
                "[[1681, 0, 239, 94, 357], [301, 0, 240, 27, 186], [304, 0, 5431, 239, 510], [0, 0, 272, 1154, 15], [93, 0, 519, 42, 1470]]"
            ]
        },
        "markov_matrices": {
            "abs": {
                "actual": [
                    "[[1925, 362, 71, 0, 13], [125, 270, 344, 1, 14], [256, 108, 5893, 174, 52], [18, 2, 155, 1266, 0], [46, 12, 21, 0, 2045]]"
                ],
                "predicted": [
                    "[[2091, 0, 108, 17, 163], [0, 0, 0, 0, 0], [98, 0, 6112, 169, 321], [15, 0, 161, 1353, 27], [175, 0, 320, 17, 2026]]"
                ]
            }
        },
        "metrics": {
            "downstream": {
                "cohen_kappa": [
                    0.6123286811195356
                ],
                "f1_scores": {
                    "N1": [
                        0.0
                    ],
                    "N2": [
                        0.8238149412210847
                    ],
                    "N3": [
                        0.7701034367701033
                    ],
                    "REM": [
                        0.6306306306306307
                    ],
                    "Wake": [
                        0.7077894736842105
                    ],
                    "macro": [
                        0.5864676964612059
                    ]
                },
                "loss": [
                    0.9402653620793269
                ],
                "precisions": {
                    "N1": [
                        0.0
                    ],
                    "N2": [
                        0.8104760483509924
                    ],
                    "N3": [
                        0.7416452442159382
                    ],
                    "REM": [
                        0.5791962174940898
                    ],
                    "Wake": [
                        0.7065994115174443
                    ],
                    "macro": [
                        0.567583384315693
                    ]
                },
                "recalls": {
                    "N1": [
                        0.0
                    ],
                    "N2": [
                        0.8376002467612584
                    ],
                    "N3": [
                        0.8008327550312283
                    ],
                    "REM": [
                        0.692090395480226
                    ],
                    "Wake": [
                        0.7089835512442008
                    ],
                    "macro": [
                        0.6079013897033827
                    ]
                }
            }
        }
    },
    "train": {},
    "valid_pretraining": {}
}
