{"earlystopping":{"confusion_matrices":{"abs":["[[1139, 39, 34, 17, 22], [185, 257, 350, 8, 41], [89, 195, 2242, 107, 88], [6, 6, 347, 1146, 15], [91, 55, 243, 13, 669]]"]},"markov_matrices":{"abs":{"actual":["[[981, 212, 41, 1, 16], [91, 401, 312, 1, 36], [102, 188, 2320, 72, 38], [30, 5, 38, 1446, 1], [46, 35, 10, 0, 980]]"],"predicted":["[[1221, 144, 97, 7, 41], [63, 209, 246, 7, 26], [137, 156, 2650, 121, 152], [19, 13, 100, 1150, 9], [69, 30, 123, 6, 607]]"]}},"metrics":{"downstream":{"cohen_kappa":[0.6464589503031097],"f1_scores":{"N1":[0.36898779612347454],"N2":[0.7552636011453596],"N3":[0.8153681963713981],"REM":[0.70199370409234],"Wake":[0.8250633828323072],"macro":[0.6933353361129758]},"loss":[1.1088237762451172],"precisions":{"N1":[0.46557971014492755],"N2":[0.697139303482587],"N3":[0.8876839659178931],"REM":[0.8011976047904191],"Wake":[0.7543046357615895],"macro":[0.7211810440194832]},"recalls":{"N1":[0.3055885850178359],"N2":[0.8239617787578096],"N3":[0.7539473684210526],"REM":[0.6246498599439776],"Wake":[0.9104716227018386],"macro":[0.6837238429685029]}}}},"test":{"confusion_matrices":{"abs":["[[2801, 136, 191, 19, 64], [712, 652, 1009, 14, 212], [498, 877, 4923, 282, 342], [12, 81, 1416, 2764, 23], [283, 150, 839, 2, 1537]]"]},"markov_matrices":{"abs":{"actual":["[[2639, 499, 37, 1, 34], [225, 1407, 847, 6, 114], [206, 561, 5876, 194, 85], [45, 19, 132, 4095, 5], [95, 113, 30, 0, 2573]]"],"predicted":["[[3525, 428, 243, 11, 98], [264, 851, 638, 36, 107], [341, 448, 6945, 281, 363], [25, 55, 247, 2746, 8], [150, 114, 305, 7, 1602]]"]}},"metrics":{"downstream":{"cohen_kappa":[0.5223660904422535],"f1_scores":{"N1":[0.29010011123470525],"N2":[0.6435294117647059],"N3":[0.7493561068184899],"REM":[0.6161555421928242],"Wake":[0.745244113343089],"macro":[0.6088770570707629]},"loss":[1.7132730728540666],"precisions":{"N1":[0.3438818565400844],"N2":[0.5876104082119837],"N3":[0.8971113274910744],"REM":[0.7056932966023876],"Wake":[0.6504876915931259],"macro":[0.6369569160877313]},"recalls":{"N1":[0.25086571758368603],"N2":[0.7112106327650968],"N3":[0.6433891992551211],"REM":[0.5467805051583067],"Wake":[0.8723139208969168],"macro":[0.6049119951318255]}}}},"train":{},"valid_pretraining":{}}