{"earlystopping":{"confusion_matrices":{"abs":["[[6971, 451, 213, 125, 198], [287, 271, 927, 58, 403], [49, 29, 6054, 204, 292], [3, 0, 1322, 201, 5], [31, 28, 450, 137, 2136]]"]},"markov_matrices":{"abs":{"actual":["[[7584, 353, 15, 0, 5], [200, 1236, 385, 2, 123], [98, 210, 5964, 245, 111], [13, 14, 220, 1284, 0], [62, 133, 44, 0, 2543]]"],"predicted":["[[6784, 228, 172, 44, 112], [179, 448, 62, 30, 60], [181, 29, 8135, 234, 387], [44, 27, 227, 382, 45], [152, 47, 370, 35, 2430]]"]}},"metrics":{"downstream":{"cohen_kappa":[0.6444904689870952],"f1_scores":{"N1":[0.19889908256880734],"N2":[0.7764524817237399],"N3":[0.17819148936170212],"REM":[0.734525447042641],"Wake":[0.9113013922478593],"macro":[0.5598739785889499]},"loss":[1.227276127512862],"precisions":{"N1":[0.3478818998716303],"N2":[0.6752174882890921],"N3":[0.2772413793103448],"REM":[0.7040210942649967],"Wake":[0.9495981473913636],"macro":[0.5907920018254855]},"recalls":{"N1":[0.13926002055498457],"N2":[0.9133977066988533],"N3":[0.13128674069235793],"REM":[0.7677929547088426],"Wake":[0.8759738627795929],"macro":[0.5655422570869263]}}}},"test":{"confusion_matrices":{"abs":["[[9776, 934, 551, 267, 1020], [763, 998, 1859, 71, 801], [755, 371, 9612, 367, 1060], [67, 3, 2323, 202, 6], [147, 80, 616, 26, 3703]]"]},"markov_matrices":{"abs":{"actual":["[[11874, 617, 28, 3, 25], [348, 3420, 622, 0, 102], [199, 328, 10935, 568, 135], [29, 16, 522, 2030, 4], [97, 111, 58, 0, 4306]]"],"predicted":["[[10294, 443, 314, 117, 339], [361, 1536, 170, 14, 305], [328, 114, 13559, 327, 633], [122, 20, 304, 432, 55], [402, 273, 614, 43, 5258]]"]}},"metrics":{"downstream":{"cohen_kappa":[0.5389438265578328],"f1_scores":{"N1":[0.2902006397208491],"N2":[0.7086927670869276],"N3":[0.1143180531975099],"REM":[0.6635011646658305],"Wake":[0.8127702028599934],"macro":[0.5178965655062221]},"loss":[1.6495847702026367],"precisions":{"N1":[0.41827326068734283],"N2":[0.6424704231000602],"N3":[0.2165058949624866],"REM":[0.5619119878603945],"Wake":[0.8494960027806743],"macro":[0.5377315138781917]},"recalls":{"N1":[0.22217275155832591],"N2":[0.7901356350184957],"N3":[0.07766243752402922],"REM":[0.8099300087489064],"Wake":[0.7790883009244501],"macro":[0.5357978267548414]}}}},"train":{},"valid_pretraining":{}}