{"earlystopping":{"confusion_matrices":{"abs":["[[1180, 58, 182, 65, 221], [250, 120, 413, 69, 58], [66, 98, 1695, 472, 24], [24, 3, 60, 1295, 0], [73, 71, 71, 19, 859]]"]},"markov_matrices":{"abs":{"actual":["[[1401, 259, 37, 0, 9], [125, 439, 301, 1, 44], [114, 165, 1969, 73, 33], [25, 5, 43, 1308, 1], [40, 42, 5, 0, 1006]]"],"predicted":["[[1367, 76, 88, 17, 45], [44, 134, 105, 15, 52], [93, 72, 2098, 119, 38], [29, 8, 104, 1762, 17], [59, 60, 26, 7, 1010]]"]}},"metrics":{"downstream":{"cohen_kappa":[0.6002163723978214],"f1_scores":{"N1":[0.19047619047619047],"N2":[0.7097989949748744],"N3":[0.7843731072077529],"REM":[0.7618625277161862],"Wake":[0.7153682934222492],"macro":[0.6323758227594507]},"loss":[1.508340835571289],"precisions":{"N1":[0.34285714285714286],"N2":[0.7001239157372986],"N3":[0.6744791666666666],"REM":[0.7392426850258176],"Wake":[0.7407407407407407],"macro":[0.6394887302055332]},"recalls":{"N1":[0.13186813186813187],"N2":[0.7197452229299363],"N3":[0.9370477568740955],"REM":[0.7859103385178408],"Wake":[0.6916764361078547],"macro":[0.6532495772595718]}}}},"test":{"confusion_matrices":{"abs":["[[4290, 87, 391, 102, 170], [1211, 403, 1369, 171, 253], [689, 244, 5306, 821, 49], [141, 17, 530, 3112, 1], [467, 119, 149, 46, 1653]]"]},"markov_matrices":{"abs":{"actual":["[[4102, 786, 104, 4, 43], [364, 1729, 1099, 3, 212], [382, 681, 5745, 228, 73], [56, 29, 147, 3566, 3], [135, 182, 14, 0, 2103]]"],"predicted":["[[5954, 248, 405, 62, 129], [179, 265, 307, 40, 79], [429, 248, 6710, 284, 73], [77, 25, 267, 3844, 39], [158, 84, 56, 22, 1806]]"]}},"metrics":{"downstream":{"cohen_kappa":[0.5760953345735729],"f1_scores":{"N1":[0.1884498480243161],"N2":[0.7144203581526861],"N3":[0.7728796721718614],"REM":[0.725],"Wake":[0.7247845919918905],"macro":[0.6251068940681509]},"loss":[1.665343351142351],"precisions":{"N1":[0.4632183908045977],"N2":[0.6850871530019368],"N3":[0.7318908748824082],"REM":[0.7775164628410159],"Wake":[0.6310679611650486],"macro":[0.6577561685390014]},"recalls":{"N1":[0.11828588200763135],"N2":[0.7463778309185539],"N3":[0.8187319126545646],"REM":[0.6791290057518488],"Wake":[0.8511904761904762],"macro":[0.642743021504615]}}}},"train":{},"valid_pretraining":{}}