{"earlystopping":{"confusion_matrices":{"abs":["[[5868, 0, 64, 33, 121], [676, 0, 666, 169, 249], [238, 0, 4900, 1213, 146], [4, 0, 265, 1278, 2], [270, 0, 377, 181, 1924]]"]},"markov_matrices":{"abs":{"actual":["[[5819, 253, 12, 0, 1], [157, 1185, 319, 2, 97], [66, 186, 5820, 317, 108], [7, 16, 296, 1230, 0], [36, 120, 50, 0, 2546]]"],"predicted":["[[6673, 0, 202, 46, 134], [0, 0, 0, 0, 0], [176, 0, 5644, 229, 223], [65, 0, 202, 2582, 25], [141, 0, 224, 17, 2060]]"]}},"metrics":{"downstream":{"cohen_kappa":[0.6552031992653033],"f1_scores":{"N1":[0.0],"N2":[0.7674837497063199],"N3":[0.5778883111010626],"REM":[0.7408548324990374],"Wake":[0.8930147618322934],"macro":[0.5958483310277426]},"loss":[0.8300316784832928],"precisions":{"N1":[0.0],"N2":[0.78125],"N3":[0.44467640918580376],"REM":[0.7878787878787878],"Wake":[0.8316326530612245],"macro":[0.5690875700251633]},"recalls":{"N1":[0.0],"N2":[0.7541942434969986],"N3":[0.8250484183344093],"REM":[0.6991279069767442],"Wake":[0.9641800854419981],"macro":[0.6485101308500301]}}}},"test":{"confusion_matrices":{"abs":["[[9330, 0, 157, 71, 124], [1442, 0, 798, 158, 601], [402, 0, 9531, 1792, 1041], [2, 0, 359, 1807, 6], [816, 0, 497, 53, 3271]]"]},"markov_matrices":{"abs":{"actual":["[[9241, 410, 25, 0, 5], [217, 2136, 559, 2, 85], [152, 323, 11813, 339, 139], [16, 13, 311, 1833, 1], [55, 117, 58, 0, 4407]]"],"predicted":["[[11217, 0, 327, 69, 378], [0, 0, 0, 0, 0], [299, 0, 10188, 326, 529], [101, 0, 290, 3437, 53], [374, 0, 537, 49, 4083]]"]}},"metrics":{"downstream":{"cohen_kappa":[0.6411696181032076],"f1_scores":{"N1":[0.0],"N2":[0.7906918865107019],"N3":[0.5968620974401321],"REM":[0.6758264462809918],"Wake":[0.8609393743655993],"macro":[0.584863960919485]},"loss":[0.815264880657196],"precisions":{"N1":[0.0],"N2":[0.8403279844824546],"N3":[0.46560164905952073],"REM":[0.6486218520721793],"Wake":[0.7780186791194129],"macro":[0.5465140329467135]},"recalls":{"N1":[0.0],"N2":[0.7465925113582955],"N3":[0.8311867525298988],"REM":[0.7054129825318094],"Wake":[0.96364387523239],"macro":[0.6493672243304788]}}}},"train":{},"valid_pretraining":{}}