{
    "earlystopping": {
        "confusion_matrices": {
            "abs": [
                "[[1217, 26, 204, 3, 36], [89, 53, 315, 2, 2], [152, 27, 3396, 250, 3], [13, 0, 311, 702, 0], [123, 87, 641, 0, 356]]"
            ]
        },
        "markov_matrices": {
            "abs": {
                "actual": [
                    "[[1212, 234, 24, 0, 15], [70, 143, 236, 0, 12], [144, 80, 3479, 94, 31], [13, 1, 80, 932, 0], [46, 3, 9, 0, 1149]]"
                ],
                "predicted": [
                    "[[1241, 60, 235, 11, 46], [29, 81, 76, 1, 6], [248, 40, 4415, 102, 62], [19, 2, 93, 842, 1], [56, 10, 48, 1, 282]]"
                ]
            }
        },
        "metrics": {
            "downstream": {
                "cohen_kappa": [
                    0.5601023318077842
                ],
                "f1_scores": {
                    "N1": [
                        0.1620795107033639
                    ],
                    "N2": [
                        0.7811385853939045
                    ],
                    "N3": [
                        0.7080181543116492
                    ],
                    "REM": [
                        0.44389027431421446
                    ],
                    "Wake": [
                        0.7902597402597402
                    ],
                    "macro": [
                        0.5770772529965745
                    ]
                },
                "loss": [
                    2.866004467010498
                ],
                "precisions": {
                    "N1": [
                        0.27461139896373055
                    ],
                    "N2": [
                        0.6977604273679885
                    ],
                    "N3": [
                        0.7335423197492164
                    ],
                    "REM": [
                        0.8967254408060453
                    ],
                    "Wake": [
                        0.7634880803011292
                    ],
                    "macro": [
                        0.673225533437622
                    ]
                },
                "recalls": {
                    "N1": [
                        0.11496746203904555
                    ],
                    "N2": [
                        0.8871473354231975
                    ],
                    "N3": [
                        0.6842105263157895
                    ],
                    "REM": [
                        0.29494614747307374
                    ],
                    "Wake": [
                        0.8189771197846568
                    ],
                    "macro": [
                        0.5600497182071525
                    ]
                }
            }
        }
    },
    "test": {
        "confusion_matrices": {
            "abs": [
                "[[1683, 46, 380, 11, 93], [283, 198, 261, 14, 78], [394, 191, 5329, 533, 151], [26, 0, 296, 1192, 1], [299, 220, 1481, 0, 649]]"
            ]
        },
        "markov_matrices": {
            "abs": {
                "actual": [
                    "[[1846, 336, 22, 0, 8], [106, 332, 383, 0, 13], [188, 148, 6049, 144, 69], [24, 1, 119, 1371, 0], [48, 17, 25, 0, 2559]]"
                ],
                "predicted": [
                    "[[1913, 179, 460, 32, 100], [68, 361, 214, 1, 11], [547, 106, 6852, 134, 108], [52, 0, 118, 1560, 20], [105, 8, 103, 23, 733]]"
                ]
            }
        },
        "metrics": {
            "downstream": {
                "cohen_kappa": [
                    0.48612961340493666
                ],
                "f1_scores": {
                    "N1": [
                        0.2659503022162525
                    ],
                    "N2": [
                        0.7429766469153015
                    ],
                    "N3": [
                        0.7301684532924961
                    ],
                    "REM": [
                        0.35846451256558964
                    ],
                    "Wake": [
                        0.6872192731727236
                    ],
                    "macro": [
                        0.5569558376324727
                    ]
                },
                "loss": [
                    3.890322932490596
                ],
                "precisions": {
                    "N1": [
                        0.30229007633587784
                    ],
                    "N2": [
                        0.6878791790370467
                    ],
                    "N3": [
                        0.6811428571428572
                    ],
                    "REM": [
                        0.6676954732510288
                    ],
                    "Wake": [
                        0.6268156424581005
                    ],
                    "macro": [
                        0.5931646456449822
                    ]
                },
                "recalls": {
                    "N1": [
                        0.23741007194244604
                    ],
                    "N2": [
                        0.8076689906032131
                    ],
                    "N3": [
                        0.7867986798679868
                    ],
                    "REM": [
                        0.24499811249528125
                    ],
                    "Wake": [
                        0.7605061003163127
                    ],
                    "macro": [
                        0.567476391045048
                    ]
                }
            }
        }
    },
    "train": {},
    "valid_pretraining": {}
}
