{
    "earlystopping": {
        "confusion_matrices": {
            "abs": [
                "[[1197, 69, 57, 1, 48], [50, 135, 123, 0, 104], [155, 20, 1920, 303, 1547], [10, 1, 16, 821, 57], [27, 17, 47, 0, 1218]]"
            ]
        },
        "markov_matrices": {
            "abs": {
                "actual": [
                    "[[1122, 217, 18, 0, 15], [56, 131, 215, 0, 10], [138, 60, 3629, 84, 34], [13, 1, 70, 821, 0], [42, 3, 13, 0, 1250]]"
                ],
                "predicted": [
                    "[[1155, 168, 68, 1, 47], [43, 61, 112, 1, 25], [142, 12, 1896, 26, 86], [22, 0, 15, 1067, 21], [76, 1, 72, 30, 2795]]"
                ]
            }
        },
        "metrics": {
            "downstream": {
                "cohen_kappa": [
                    0.5572112994670456
                ],
                "f1_scores": {
                    "N1": [
                        0.41284403669724773
                    ],
                    "N2": [
                        0.6286836935166995
                    ],
                    "N3": [
                        0.8088669950738916
                    ],
                    "REM": [
                        0.5687602148027083
                    ],
                    "Wake": [
                        0.8516542155816437
                    ],
                    "macro": [
                        0.6541618311344382
                    ]
                },
                "loss": [
                    2.1355369091033936
                ],
                "precisions": {
                    "N1": [
                        0.5578512396694215
                    ],
                    "N2": [
                        0.8876560332871013
                    ],
                    "N3": [
                        0.7297777777777777
                    ],
                    "REM": [
                        0.40954942837928715
                    ],
                    "Wake": [
                        0.8318276580959
                    ],
                    "macro": [
                        0.6833324274418976
                    ]
                },
                "recalls": {
                    "N1": [
                        0.3276699029126214
                    ],
                    "N2": [
                        0.4866920152091255
                    ],
                    "N3": [
                        0.907182320441989
                    ],
                    "REM": [
                        0.93048128342246
                    ],
                    "Wake": [
                        0.8724489795918368
                    ],
                    "macro": [
                        0.7048949003156065
                    ]
                }
            }
        }
    },
    "test": {
        "confusion_matrices": {
            "abs": [
                "[[2391, 108, 119, 9, 129], [207, 236, 173, 6, 159], [449, 58, 4074, 708, 1816], [13, 0, 44, 1403, 54], [137, 19, 159, 7, 1896]]"
            ]
        },
        "markov_matrices": {
            "abs": {
                "actual": [
                    "[[2267, 413, 59, 2, 15], [177, 247, 342, 0, 14], [239, 108, 6570, 128, 60], [22, 0, 108, 1384, 0], [50, 13, 26, 0, 2129]]"
                ],
                "predicted": [
                    "[[2627, 299, 150, 31, 90], [94, 96, 182, 5, 44], [283, 16, 4093, 57, 119], [58, 1, 40, 2010, 24], [134, 9, 104, 30, 3777]]"
                ]
            }
        },
        "metrics": {
            "downstream": {
                "cohen_kappa": [
                    0.5885032373952492
                ],
                "f1_scores": {
                    "N1": [
                        0.3926788685524127
                    ],
                    "N2": [
                        0.6979612814802124
                    ],
                    "N3": [
                        0.7693995064436524
                    ],
                    "REM": [
                        0.604591836734694
                    ],
                    "Wake": [
                        0.8032924575844114
                    ],
                    "macro": [
                        0.6535847901590766
                    ]
                },
                "loss": [
                    1.990892870672818
                ],
                "precisions": {
                    "N1": [
                        0.5605700712589073
                    ],
                    "N2": [
                        0.891661195009849
                    ],
                    "N3": [
                        0.6577590248476325
                    ],
                    "REM": [
                        0.46768623581647756
                    ],
                    "Wake": [
                        0.7478886456052549
                    ],
                    "macro": [
                        0.6651130345076242
                    ]
                },
                "recalls": {
                    "N1": [
                        0.30217669654289375
                    ],
                    "N2": [
                        0.5733990147783251
                    ],
                    "N3": [
                        0.9266842800528402
                    ],
                    "REM": [
                        0.8548241659152389
                    ],
                    "Wake": [
                        0.8675616835994194
                    ],
                    "macro": [
                        0.7049291681777434
                    ]
                }
            }
        }
    },
    "train": {},
    "valid_pretraining": {}
}
