{"earlystopping":{"confusion_matrices":{"abs":["[[6498, 283, 95, 0, 240], [192, 743, 563, 0, 314], [267, 1202, 4886, 0, 500], [12, 4, 892, 0, 522], [189, 605, 409, 0, 1552]]"]},"markov_matrices":{"abs":{"actual":["[[6823, 271, 17, 0, 4], [151, 1184, 365, 3, 109], [78, 212, 6189, 261, 115], [11, 15, 238, 1166, 0], [52, 130, 46, 0, 2527]]"],"predicted":["[[6745, 226, 78, 0, 109], [183, 2117, 383, 0, 154], [110, 318, 6067, 0, 350], [0, 0, 0, 0, 0], [119, 176, 317, 0, 2515]]"]}},"metrics":{"downstream":{"cohen_kappa":[0.5626017765127338],"f1_scores":{"N1":[0.3196386319638632],"N2":[0.7132846715328467],"N3":[0.0],"REM":[0.5276219615842257],"Wake":[0.9104665825977302],"macro":[0.49420236953573315]},"loss":[3.675899016551482],"precisions":{"N1":[0.26189636940430033],"N2":[0.7138056975894814],"N3":[0.0],"REM":[0.4961636828644501],"Wake":[0.9077954735959766],"macro":[0.4759322446908417]},"recalls":{"N1":[0.41004415011037526],"N2":[0.7127644055433989],"N3":[0.0],"REM":[0.5633393829401089],"Wake":[0.9131534569983136],"macro":[0.5198602791184394]}}}},"test":{"confusion_matrices":{"abs":["[[12313, 1865, 234, 0, 1010], [629, 1787, 1083, 0, 515], [598, 2636, 7686, 0, 793], [17, 14, 1663, 0, 559], [118, 1478, 381, 0, 1966]]"]},"markov_matrices":{"abs":{"actual":["[[14659, 720, 37, 1, 4], [431, 2829, 660, 3, 91], [229, 338, 10472, 535, 139], [24, 14, 498, 1714, 3], [78, 113, 46, 0, 3706]]"],"predicted":["[[12733, 552, 196, 0, 193], [459, 6210, 820, 0, 291], [243, 680, 9599, 0, 525], [0, 0, 0, 0, 0], [239, 338, 432, 0, 3834]]"]}},"metrics":{"downstream":{"cohen_kappa":[0.49440936954779535],"f1_scores":{"N1":[0.3030354417500424],"N2":[0.6753954305799649],"N3":[0.0],"REM":[0.4475301616207603],"Wake":[0.8463415472385469],"macro":[0.45446051623786293]},"loss":[4.340467061081978],"precisions":{"N1":[0.22969151670951157],"N2":[0.695754503485109],"N3":[0.0],"REM":[0.4059467272351848],"Wake":[0.9004021937842779],"macro":[0.4463589882428166]},"recalls":{"N1":[0.44519182859990036],"N2":[0.6561939725091779],"N3":[0.0],"REM":[0.49860512300278975],"Wake":[0.7984048761509532],"macro":[0.4796791600525642]}}}},"train":{},"valid_pretraining":{}}