{
    "earlystopping": {
        "confusion_matrices": {
            "abs": [
                "[[1279, 13, 140, 6, 48], [155, 32, 268, 2, 4], [335, 192, 3163, 117, 21], [68, 49, 365, 542, 2], [159, 52, 596, 0, 400]]"
            ]
        },
        "markov_matrices": {
            "abs": {
                "actual": [
                    "[[1212, 234, 24, 0, 15], [70, 143, 236, 0, 12], [144, 80, 3479, 94, 31], [13, 1, 80, 932, 0], [46, 3, 9, 0, 1149]]"
                ],
                "predicted": [
                    "[[1669, 108, 185, 15, 19], [88, 203, 33, 2, 12], [169, 15, 4171, 73, 104], [22, 1, 64, 573, 7], [48, 11, 79, 4, 332]]"
                ]
            }
        },
        "metrics": {
            "downstream": {
                "cohen_kappa": [
                    0.5104546513614249
                ],
                "f1_scores": {
                    "N1": [
                        0.08010012515644556
                    ],
                    "N2": [
                        0.7566985645933014
                    ],
                    "N3": [
                        0.6402835203780273
                    ],
                    "REM": [
                        0.47562425683709864
                    ],
                    "Wake": [
                        0.7346352670878804
                    ],
                    "macro": [
                        0.5374683468105507
                    ]
                },
                "loss": [
                    2.942446708679199
                ],
                "precisions": {
                    "N1": [
                        0.09467455621301775
                    ],
                    "N2": [
                        0.6979258605472197
                    ],
                    "N3": [
                        0.8125937031484258
                    ],
                    "REM": [
                        0.8421052631578947
                    ],
                    "Wake": [
                        0.6407815631262525
                    ],
                    "macro": [
                        0.6176161892385621
                    ]
                },
                "recalls": {
                    "N1": [
                        0.06941431670281996
                    ],
                    "N2": [
                        0.8262800417972832
                    ],
                    "N3": [
                        0.5282651072124757
                    ],
                    "REM": [
                        0.33140016570008285
                    ],
                    "Wake": [
                        0.860699865410498
                    ],
                    "macro": [
                        0.523211899364632
                    ]
                }
            }
        }
    },
    "test": {
        "confusion_matrices": {
            "abs": [
                "[[1473, 34, 345, 63, 298], [247, 114, 306, 26, 141], [292, 142, 5501, 250, 413], [16, 0, 593, 882, 24], [135, 488, 1221, 0, 805]]"
            ]
        },
        "markov_matrices": {
            "abs": {
                "actual": [
                    "[[1846, 336, 22, 0, 8], [106, 332, 383, 0, 13], [188, 148, 6049, 144, 69], [24, 1, 119, 1371, 0], [48, 17, 25, 0, 2559]]"
                ],
                "predicted": [
                    "[[1537, 131, 349, 19, 127], [65, 505, 159, 0, 49], [354, 99, 7108, 95, 309], [28, 0, 80, 1061, 52], [179, 43, 269, 46, 1144]]"
                ]
            }
        },
        "metrics": {
            "downstream": {
                "cohen_kappa": [
                    0.45000194555826356
                ],
                "f1_scores": {
                    "N1": [
                        0.141439205955335
                    ],
                    "N2": [
                        0.7554243339741828
                    ],
                    "N3": [
                        0.644736842105263
                    ],
                    "REM": [
                        0.371824480369515
                    ],
                    "Wake": [
                        0.673217550274223
                    ],
                    "macro": [
                        0.5173284825357038
                    ]
                },
                "loss": [
                    3.125309979474103
                ],
                "precisions": {
                    "N1": [
                        0.14652956298200515
                    ],
                    "N2": [
                        0.6905598794878233
                    ],
                    "N3": [
                        0.7223587223587223
                    ],
                    "REM": [
                        0.47888161808447355
                    ],
                    "Wake": [
                        0.680998613037448
                    ],
                    "macro": [
                        0.5438656791900944
                    ]
                },
                "recalls": {
                    "N1": [
                        0.1366906474820144
                    ],
                    "N2": [
                        0.833737496210973
                    ],
                    "N3": [
                        0.5821782178217821
                    ],
                    "REM": [
                        0.3038882597206493
                    ],
                    "Wake": [
                        0.6656122910076819
                    ],
                    "macro": [
                        0.5044213824486201
                    ]
                }
            }
        }
    },
    "train": {},
    "valid_pretraining": {}
}
