{"earlystopping":{"confusion_matrices":{"abs":["[[6657, 245, 93, 63, 58], [250, 615, 767, 90, 90], [79, 184, 6044, 517, 31], [5, 4, 587, 833, 1], [83, 183, 820, 110, 1559]]"]},"markov_matrices":{"abs":{"actual":["[[6823, 271, 17, 0, 4], [151, 1184, 365, 3, 109], [78, 212, 6189, 261, 115], [11, 15, 238, 1166, 0], [52, 130, 46, 0, 2527]]"],"predicted":["[[6706, 217, 91, 24, 35], [112, 784, 232, 18, 85], [141, 106, 7595, 274, 195], [32, 21, 265, 1293, 2], [82, 103, 128, 4, 1422]]"]}},"metrics":{"downstream":{"cohen_kappa":[0.6984438888905196],"f1_scores":{"N1":[0.40420637528754516],"N2":[0.797046024001055],"N3":[0.547486033519553],"REM":[0.693813974187806],"Wake":[0.9382663847780127],"macro":[0.6761637583547944]},"loss":[1.1034224094488683],"precisions":{"N1":[0.49959382615759546],"N2":[0.7272289736493803],"N3":[0.5164290142591444],"REM":[0.8964922369177688],"Wake":[0.9410517387616624],"macro":[0.7161591579491102]},"recalls":{"N1":[0.3394039735099338],"N2":[0.8816921954777535],"N3":[0.5825174825174825],"REM":[0.565880217785844],"Wake":[0.9354974704890388],"macro":[0.6609982679560105]}}}},"test":{"confusion_matrices":{"abs":["[[12352, 1283, 1110, 496, 181], [528, 1196, 1914, 246, 130], [120, 375, 10127, 1005, 86], [1, 1, 985, 1266, 0], [96, 373, 1155, 193, 2126]]"]},"markov_matrices":{"abs":{"actual":["[[14659, 720, 37, 1, 4], [431, 2829, 660, 3, 91], [229, 338, 10472, 535, 139], [24, 14, 498, 1714, 3], [78, 113, 46, 0, 3706]]"],"predicted":["[[12165, 496, 271, 98, 66], [302, 2166, 559, 60, 141], [377, 321, 13724, 590, 279], [131, 75, 546, 2422, 32], [121, 170, 191, 36, 2005]]"]}},"metrics":{"downstream":{"cohen_kappa":[0.6097028604253338],"f1_scores":{"N1":[0.3302954984810826],"N2":[0.7500370315508813],"N3":[0.4638212126763143],"REM":[0.6575935663470461],"Wake":[0.8662295311897331],"macro":[0.6135953680490115]},"loss":[1.3619084815456444],"precisions":{"N1":[0.3705080545229244],"N2":[0.6622850042508666],"N3":[0.3948845913911416],"REM":[0.8426476416963932],"Wake":[0.9431167442925861],"macro":[0.6426884072307824]},"recalls":{"N1":[0.2979571499750872],"N2":[0.8645948945615982],"N3":[0.5619174434087882],"REM":[0.5391833629216333],"Wake":[0.8009337310335883],"macro":[0.612917316380139]}}}},"train":{},"valid_pretraining":{}}