{
    "earlystopping": {
        "confusion_matrices": {
            "abs": [
                "[[1099, 208, 102, 5, 72], [34, 153, 220, 1, 53], [95, 258, 3322, 44, 109], [4, 12, 339, 593, 78], [20, 46, 315, 0, 826]]"
            ]
        },
        "markov_matrices": {
            "abs": {
                "actual": [
                    "[[1212, 234, 24, 0, 15], [70, 143, 236, 0, 12], [144, 80, 3479, 94, 31], [13, 1, 80, 932, 0], [46, 3, 9, 0, 1149]]"
                ],
                "predicted": [
                    "[[969, 141, 75, 2, 64], [74, 461, 104, 0, 38], [132, 49, 3951, 53, 113], [6, 0, 47, 588, 2], [70, 26, 121, 0, 921]]"
                ]
            }
        },
        "metrics": {
            "downstream": {
                "cohen_kappa": [
                    0.6287941602780638
                ],
                "f1_scores": {
                    "N1": [
                        0.2688927943760984
                    ],
                    "N2": [
                        0.817622446468127
                    ],
                    "N3": [
                        0.7106051527860994
                    ],
                    "REM": [
                        0.7044776119402986
                    ],
                    "Wake": [
                        0.8027757487216947
                    ],
                    "macro": [
                        0.6608747508584636
                    ]
                },
                "loss": [
                    1.6373531818389893
                ],
                "precisions": {
                    "N1": [
                        0.2259970457902511
                    ],
                    "N2": [
                        0.7729176361098186
                    ],
                    "N3": [
                        0.9222395023328149
                    ],
                    "REM": [
                        0.7258347978910369
                    ],
                    "Wake": [
                        0.8777955271565495
                    ],
                    "macro": [
                        0.7049569018560942
                    ]
                },
                "recalls": {
                    "N1": [
                        0.3318872017353579
                    ],
                    "N2": [
                        0.867816091954023
                    ],
                    "N3": [
                        0.5779727095516569
                    ],
                    "REM": [
                        0.6843413421706711
                    ],
                    "Wake": [
                        0.7395693135935397
                    ],
                    "macro": [
                        0.6403173318010498
                    ]
                }
            }
        }
    },
    "test": {
        "confusion_matrices": {
            "abs": [
                "[[1256, 108, 344, 21, 484], [150, 154, 247, 4, 279], [156, 86, 5719, 153, 484], [1, 1, 782, 731, 0], [36, 18, 961, 0, 1634]]"
            ]
        },
        "markov_matrices": {
            "abs": {
                "actual": [
                    "[[1846, 336, 22, 0, 8], [106, 332, 383, 0, 13], [188, 148, 6049, 144, 69], [24, 1, 119, 1371, 0], [48, 17, 25, 0, 2559]]"
                ],
                "predicted": [
                    "[[1116, 149, 168, 1, 165], [59, 131, 149, 0, 28], [267, 66, 7356, 90, 273], [15, 0, 75, 814, 5], [142, 21, 304, 4, 2410]]"
                ]
            }
        },
        "metrics": {
            "downstream": {
                "cohen_kappa": [
                    0.5221711868123052
                ],
                "f1_scores": {
                    "N1": [
                        0.25645295587010825
                    ],
                    "N2": [
                        0.780697563306259
                    ],
                    "N3": [
                        0.6031353135313532
                    ],
                    "REM": [
                        0.5909584086799277
                    ],
                    "Wake": [
                        0.6589716684155298
                    ],
                    "macro": [
                        0.5780431819606356
                    ]
                },
                "loss": [
                    2.677434002911603
                ],
                "precisions": {
                    "N1": [
                        0.4196185286103542
                    ],
                    "N2": [
                        0.7101701229355519
                    ],
                    "N3": [
                        0.8041804180418042
                    ],
                    "REM": [
                        0.5671641791044776
                    ],
                    "Wake": [
                        0.7854909318323953
                    ],
                    "macro": [
                        0.6573248361049167
                    ]
                },
                "recalls": {
                    "N1": [
                        0.18465227817745802
                    ],
                    "N2": [
                        0.8667778114580176
                    ],
                    "N3": [
                        0.48250825082508253
                    ],
                    "REM": [
                        0.6168365420913552
                    ],
                    "Wake": [
                        0.5675553547220967
                    ],
                    "macro": [
                        0.5436660474548021
                    ]
                }
            }
        }
    },
    "train": {},
    "valid_pretraining": {}
}
