{"earlystopping":{"confusion_matrices":{"abs":["[[1117, 275, 19, 21, 128], [29, 457, 173, 44, 128], [15, 205, 1551, 458, 202], [1, 5, 98, 1299, 14], [46, 47, 32, 9, 1061]]"]},"markov_matrices":{"abs":{"actual":["[[1273, 229, 40, 1, 17], [112, 387, 291, 0, 41], [103, 174, 2054, 62, 37], [22, 5, 35, 1354, 1], [49, 36, 11, 0, 1099]]"],"predicted":["[[967, 203, 10, 8, 20], [111, 547, 226, 20, 84], [46, 145, 1518, 98, 66], [22, 29, 75, 1684, 21], [61, 65, 44, 21, 1342]]"]}},"metrics":{"downstream":{"cohen_kappa":[0.6675210217050269],"f1_scores":{"N1":[0.5021978021978022],"N2":[0.720724907063197],"N3":[0.7998768472906403],"REM":[0.7778592375366569],"Wake":[0.8070809248554913],"macro":[0.7215479437887576]},"loss":[1.5699606577555338],"precisions":{"N1":[0.4620829120323559],"N2":[0.8280832888414309],"N3":[0.7094483888585472],"REM":[0.6921069797782127],"Wake":[0.9246688741721855],"macro":[0.7232780887365464]},"recalls":{"N1":[0.5499398315282792],"N2":[0.6380090497737556],"N3":[0.9167254763585039],"REM":[0.8878661087866109],"Wake":[0.716025641025641],"macro":[0.7417132214945582]}}}},"test":{"confusion_matrices":{"abs":["[[3454, 1060, 125, 30, 187], [180, 1370, 612, 99, 469], [147, 482, 4322, 1443, 709], [34, 8, 444, 3607, 37], [220, 302, 127, 130, 2196]]"]},"markov_matrices":{"abs":{"actual":["[[4051, 689, 82, 1, 32], [350, 1373, 861, 3, 143], [263, 497, 5960, 282, 101], [67, 39, 179, 3844, 1], [124, 132, 21, 0, 2698]]"],"predicted":["[[3133, 753, 58, 37, 53], [478, 1919, 518, 35, 272], [182, 294, 4643, 291, 220], [93, 57, 227, 4842, 90], [149, 199, 183, 104, 2963]]"]}},"metrics":{"downstream":{"cohen_kappa":[0.6010893768093812],"f1_scores":{"N1":[0.4603494623655914],"N2":[0.6788659388989241],"N3":[0.7642758766818519],"REM":[0.668188041989959],"Wake":[0.7769654707007085],"macro":[0.669728958127407]},"loss":[1.976626196572947],"precisions":{"N1":[0.42520173805090006],"N2":[0.7676731793960924],"N3":[0.6794123187040874],"REM":[0.6103390772651474],"Wake":[0.8560099132589839],"macro":[0.6677272453350421]},"recalls":{"N1":[0.5018315018315018],"N2":[0.6084752921300859],"N3":[0.873365617433414],"REM":[0.7381512605042017],"Wake":[0.7112850082372323],"macro":[0.686621736027287]}}}},"train":{},"valid_pretraining":{}}