{"earlystopping":{"confusion_matrices":{"abs":["[[6353, 182, 205, 0, 376], [140, 90, 1161, 0, 421], [12, 3, 6620, 0, 220], [2, 0, 1427, 0, 1], [29, 2, 940, 0, 1784]]"]},"markov_matrices":{"abs":{"actual":["[[6823, 271, 17, 0, 4], [151, 1184, 365, 3, 109], [78, 212, 6189, 261, 115], [11, 15, 238, 1166, 0], [52, 130, 46, 0, 2527]]"],"predicted":["[[6290, 87, 51, 0, 108], [64, 120, 44, 0, 49], [80, 11, 9899, 0, 363], [0, 0, 0, 0, 0], [101, 59, 359, 0, 2282]]"]}},"metrics":{"downstream":{"cohen_kappa":[0.6254623170844229],"f1_scores":{"N1":[0.0861656294877932],"N2":[0.7694095769409577],"N3":[0.0],"REM":[0.642073061004139],"Wake":[0.9307061236448873],"macro":[0.4856708782155554]},"loss":[1.5583882454114082],"precisions":{"N1":[0.3249097472924188],"N2":[0.6394281850671303],"N3":[0.0],"REM":[0.6366880799428979],"Wake":[0.972001223990208],"macro":[0.514605447258531]},"recalls":{"N1":[0.04966887417218543],"N2":[0.9657184536834428],"N3":[0.0],"REM":[0.6475499092558984],"Wake":[0.8927768409218663],"macro":[0.5111428156066785]}}}},"test":{"confusion_matrices":{"abs":["[[11032, 356, 2289, 0, 1745], [217, 103, 3068, 0, 626], [31, 8, 11389, 0, 285], [3, 0, 2247, 0, 3], [167, 4, 1618, 0, 2154]]"]},"markov_matrices":{"abs":{"actual":["[[14659, 720, 37, 1, 4], [431, 2829, 660, 3, 91], [229, 338, 10472, 535, 139], [24, 14, 498, 1714, 3], [78, 113, 46, 0, 3706]]"],"predicted":["[[10782, 83, 307, 0, 277], [68, 238, 87, 0, 78], [364, 40, 19562, 0, 645], [0, 0, 0, 0, 0], [235, 110, 655, 0, 3813]]"]}},"metrics":{"downstream":{"cohen_kappa":[0.5050660070391411],"f1_scores":{"N1":[0.04593088071348941],"N2":[0.7046776389060759],"N3":[0.0],"REM":[0.4920054819552307],"Wake":[0.8210777016969336],"macro":[0.41273834065434595]},"loss":[1.9290758942904538],"precisions":{"N1":[0.21868365180467092],"N2":[0.5525690165445636],"N3":[0.0],"REM":[0.44753791813837523],"Wake":[0.9634934497816594],"macro":[0.43645680725385383]},"recalls":{"N1":[0.02566018933731938],"N2":[0.9723384273883718],"N3":[0.0],"REM":[0.5462845549074309],"Wake":[0.7153417196213202],"macro":[0.45192497825088845]}}}},"train":{},"valid_pretraining":{}}