{
    "earlystopping": {
        "confusion_matrices": {
            "abs": [
                "[[1238, 112, 46, 32, 30], [88, 165, 123, 1, 31], [33, 102, 3069, 290, 208], [0, 0, 144, 875, 31], [44, 83, 313, 11, 614]]"
            ]
        },
        "markov_matrices": {
            "abs": {
                "actual": [
                    "[[1259, 184, 13, 0, 1], [48, 150, 197, 0, 13], [112, 70, 3412, 84, 24], [12, 1, 71, 966, 0], [26, 3, 9, 0, 1027]]"
                ],
                "predicted": [
                    "[[1188, 177, 23, 3, 11], [83, 225, 132, 0, 22], [84, 37, 3437, 57, 80], [18, 2, 40, 1147, 2], [29, 21, 63, 2, 799]]"
                ]
            }
        },
        "metrics": {
            "downstream": {
                "cohen_kappa": [
                    0.6763087333494174
                ],
                "f1_scores": {
                    "N1": [
                        0.3793103448275862
                    ],
                    "N2": [
                        0.8297958631877789
                    ],
                    "N3": [
                        0.7746790615316512
                    ],
                    "REM": [
                        0.6205154118241536
                    ],
                    "Wake": [
                        0.8654316672492136
                    ],
                    "macro": [
                        0.6939464697240767
                    ]
                },
                "loss": [
                    1.221566081047058
                ],
                "precisions": {
                    "N1": [
                        0.35714285714285715
                    ],
                    "N2": [
                        0.8305818673883627
                    ],
                    "N3": [
                        0.7237386269644334
                    ],
                    "REM": [
                        0.6717724288840262
                    ],
                    "Wake": [
                        0.8823948681397007
                    ],
                    "macro": [
                        0.693126129703876
                    ]
                },
                "recalls": {
                    "N1": [
                        0.40441176470588236
                    ],
                    "N2": [
                        0.8290113452188006
                    ],
                    "N3": [
                        0.8333333333333334
                    ],
                    "REM": [
                        0.5765258215962441
                    ],
                    "Wake": [
                        0.8491083676268861
                    ],
                    "macro": [
                        0.6984781264962294
                    ]
                }
            }
        }
    },
    "test": {
        "confusion_matrices": {
            "abs": [
                "[[1564, 173, 113, 8, 151], [100, 226, 184, 2, 72], [142, 137, 5228, 494, 641], [1, 0, 136, 1720, 3], [75, 160, 666, 12, 1257]]"
            ]
        },
        "markov_matrices": {
            "abs": {
                "actual": [
                    "[[1680, 283, 29, 0, 17], [67, 196, 302, 0, 18], [192, 88, 6163, 147, 52], [23, 1, 123, 1713, 0], [46, 16, 25, 0, 2083]]"
                ],
                "predicted": [
                    "[[1473, 273, 96, 6, 34], [115, 298, 215, 0, 68], [196, 75, 5827, 120, 108], [19, 5, 98, 2099, 15], [78, 45, 91, 11, 1899]]"
                ]
            }
        },
        "metrics": {
            "downstream": {
                "cohen_kappa": [
                    0.6414593684988936
                ],
                "f1_scores": {
                    "N1": [
                        0.353125
                    ],
                    "N2": [
                        0.8062302413447452
                    ],
                    "N3": [
                        0.83984375
                    ],
                    "REM": [
                        0.5854680950163018
                    ],
                    "Wake": [
                        0.8039064507838601
                    ],
                    "macro": [
                        0.6777147074289814
                    ]
                },
                "loss": [
                    1.4804421938382661
                ],
                "precisions": {
                    "N1": [
                        0.32471264367816094
                    ],
                    "N2": [
                        0.8262999841947211
                    ],
                    "N3": [
                        0.7692307692307693
                    ],
                    "REM": [
                        0.5918079096045198
                    ],
                    "Wake": [
                        0.8310308182784272
                    ],
                    "macro": [
                        0.6686164249973197
                    ]
                },
                "recalls": {
                    "N1": [
                        0.386986301369863
                    ],
                    "N2": [
                        0.7871123155676001
                    ],
                    "N3": [
                        0.9247311827956989
                    ],
                    "REM": [
                        0.5792626728110599
                    ],
                    "Wake": [
                        0.7784967645594824
                    ],
                    "macro": [
                        0.6913178474207408
                    ]
                }
            }
        }
    },
    "train": {},
    "valid_pretraining": {}
}
