{"earlystopping":{"confusion_matrices":{"abs":["[[998, 149, 142, 10, 78], [148, 313, 348, 9, 57], [67, 201, 1887, 242, 60], [3, 1, 145, 1393, 1], [132, 126, 116, 1, 853]]"]},"markov_matrices":{"abs":{"actual":["[[1107, 224, 32, 1, 13], [103, 420, 304, 1, 47], [91, 183, 2069, 75, 39], [26, 6, 44, 1466, 0], [49, 42, 8, 0, 1129]]"],"predicted":["[[1091, 174, 38, 0, 45], [66, 444, 229, 0, 51], [98, 129, 2289, 85, 37], [11, 3, 68, 1570, 2], [81, 40, 14, 0, 914]]"]}},"metrics":{"downstream":{"cohen_kappa":[0.6464847091837145],"f1_scores":{"N1":[0.375975975975976],"N2":[0.7407262021589794],"N3":[0.8711694809255784],"REM":[0.7492314448836188],"Wake":[0.7324770642201834],"macro":[0.6939160336328672]},"loss":[0.7058306376139323],"precisions":{"N1":[0.3962025316455696],"N2":[0.7153146322971948],"N3":[0.8416918429003021],"REM":[0.8131553860819828],"Wake":[0.7403560830860534],"macro":[0.7013440952022205]},"recalls":{"N1":[0.3577142857142857],"N2":[0.7680097680097681],"N3":[0.9027867790019443],"REM":[0.6946254071661238],"Wake":[0.7247639796659404],"macro":[0.6895800439116124]}}}},"test":{"confusion_matrices":{"abs":["[[4342, 319, 317, 45, 138], [646, 886, 765, 56, 230], [201, 434, 3775, 972, 124], [3, 2, 370, 3346, 2], [347, 226, 307, 31, 1382]]"]},"markov_matrices":{"abs":{"actual":["[[4415, 676, 55, 1, 13], [385, 1308, 745, 5, 140], [218, 440, 4532, 223, 93], [51, 23, 150, 3494, 5], [91, 136, 24, 0, 2042]]"],"predicted":["[[4862, 466, 100, 4, 106], [231, 1030, 510, 2, 94], [244, 268, 4710, 223, 89], [35, 5, 184, 4221, 5], [166, 98, 30, 0, 1582]]"]}},"metrics":{"downstream":{"cohen_kappa":[0.6277024035732757],"f1_scores":{"N1":[0.3982022471910112],"N2":[0.6838768115942029],"N3":[0.8187935886455402],"REM":[0.6629887263132646],"Wake":[0.8115887850467289],"macro":[0.6750900317581496]},"loss":[0.7402286529541016],"precisions":{"N1":[0.47455811462238884],"N2":[0.6821467293097218],"N3":[0.7519101123595505],"REM":[0.7366737739872068],"Wake":[0.7838960101101282],"macro":[0.6858369480777993]},"recalls":{"N1":[0.3430120015485869],"N2":[0.6856156919723938],"N3":[0.8987375772226699],"REM":[0.6027038813781073],"Wake":[0.8413098236775819],"macro":[0.674275795159868]}}}},"train":{},"valid_pretraining":{}}