{"earlystopping":{"confusion_matrices":{"abs":["[[1280, 164, 36, 18, 62], [82, 448, 193, 22, 86], [34, 214, 1565, 509, 109], [0, 5, 61, 1345, 6], [52, 55, 39, 4, 1045]]"]},"markov_matrices":{"abs":{"actual":["[[1273, 229, 40, 1, 17], [112, 387, 291, 0, 41], [103, 174, 2054, 62, 37], [22, 5, 35, 1354, 1], [49, 36, 11, 0, 1099]]"],"predicted":["[[1141, 250, 27, 9, 21], [150, 426, 231, 16, 62], [70, 141, 1523, 105, 55], [26, 27, 78, 1752, 15], [60, 42, 35, 16, 1155]]"]}},"metrics":{"downstream":{"cohen_kappa":[0.7001561075794756],"f1_scores":{"N1":[0.5218404193360513],"N2":[0.7236994219653179],"N3":[0.8114630467571644],"REM":[0.8349980023971234],"Wake":[0.851063829787234],"macro":[0.7486129440485783]},"loss":[1.214993667602539],"precisions":{"N1":[0.5056433408577878],"N2":[0.8262935586061246],"N3":[0.7086406743940991],"REM":[0.7989296636085627],"Wake":[0.8839779005524862],"macro":[0.7446970276038121]},"recalls":{"N1":[0.5391095066185319],"N2":[0.6437679967091732],"N3":[0.9491884262526464],"REM":[0.8744769874476988],"Wake":[0.8205128205128205],"macro":[0.7654111475081742]}}}},"test":{"confusion_matrices":{"abs":["[[4144, 471, 113, 55, 73], [366, 1330, 644, 95, 295], [135, 467, 4595, 1507, 399], [8, 6, 376, 3723, 17], [246, 292, 195, 128, 2114]]"]},"markov_matrices":{"abs":{"actual":["[[4051, 689, 82, 1, 32], [350, 1373, 861, 3, 143], [263, 497, 5960, 282, 101], [67, 39, 179, 3844, 1], [124, 132, 21, 0, 2698]]"],"predicted":["[[3975, 773, 58, 34, 58], [471, 1269, 612, 37, 177], [209, 315, 4871, 333, 195], [97, 55, 246, 5023, 87], [146, 154, 136, 81, 2381]]"]}},"metrics":{"downstream":{"cohen_kappa":[0.6538759904963074],"f1_scores":{"N1":[0.5022658610271903],"N2":[0.705512052817442],"N3":[0.7725669225980494],"REM":[0.7199046483909416],"Wake":[0.8496155817529472],"macro":[0.7099730133173141]},"loss":[1.469472929488781],"precisions":{"N1":[0.5183164458300857],"N2":[0.7757892959648827],"N3":[0.6759259259259259],"REM":[0.7294685990338164],"Wake":[0.8458869156970811],"macro":[0.7090774364903585]},"recalls":{"N1":[0.48717948717948717],"N2":[0.6469097564409404],"N3":[0.901452784503632],"REM":[0.7105882352941176],"Wake":[0.8533772652388797],"macro":[0.7199015057314113]}}}},"train":{},"valid_pretraining":{}}