{
    "earlystopping": {
        "confusion_matrices": {
            "abs": [
                "[[1311, 63, 77, 3, 32], [57, 212, 153, 0, 39], [44, 70, 3370, 272, 72], [0, 0, 168, 858, 0], [13, 36, 38, 0, 1120]]"
            ]
        },
        "markov_matrices": {
            "abs": {
                "actual": [
                    "[[1212, 234, 24, 0, 15], [70, 143, 236, 0, 12], [144, 80, 3479, 94, 31], [13, 1, 80, 932, 0], [46, 3, 9, 0, 1149]]"
                ],
                "predicted": [
                    "[[1202, 179, 34, 0, 9], [57, 175, 126, 0, 23], [118, 19, 3582, 46, 41], [9, 1, 35, 1087, 1], [38, 7, 29, 0, 1189]]"
                ]
            }
        },
        "metrics": {
            "downstream": {
                "cohen_kappa": [
                    0.7957518904920445
                ],
                "f1_scores": {
                    "N1": [
                        0.503562945368171
                    ],
                    "N2": [
                        0.882892323814514
                    ],
                    "N3": [
                        0.7948124131542381
                    ],
                    "REM": [
                        0.9068825910931174
                    ],
                    "Wake": [
                        0.900721401580213
                    ],
                    "macro": [
                        0.7977743350020507
                    ]
                },
                "loss": [
                    0.43614810705184937
                ],
                "precisions": {
                    "N1": [
                        0.5564304461942258
                    ],
                    "N2": [
                        0.8854440357330531
                    ],
                    "N3": [
                        0.7572815533980582
                    ],
                    "REM": [
                        0.8867775138558986
                    ],
                    "Wake": [
                        0.92
                    ],
                    "macro": [
                        0.8011867098362473
                    ]
                },
                "recalls": {
                    "N1": [
                        0.4598698481561822
                    ],
                    "N2": [
                        0.880355276907001
                    ],
                    "N3": [
                        0.8362573099415205
                    ],
                    "REM": [
                        0.927920463960232
                    ],
                    "Wake": [
                        0.8822341857335128
                    ],
                    "macro": [
                        0.7973274169396898
                    ]
                }
            }
        }
    },
    "test": {
        "confusion_matrices": {
            "abs": [
                "[[1536, 72, 74, 4, 527], [135, 372, 200, 1, 126], [66, 141, 5766, 312, 313], [1, 0, 299, 1215, 0], [7, 27, 99, 0, 2516]]"
            ]
        },
        "markov_matrices": {
            "abs": {
                "actual": [
                    "[[1846, 336, 22, 0, 8], [106, 332, 383, 0, 13], [188, 148, 6049, 144, 69], [24, 1, 119, 1371, 0], [48, 17, 25, 0, 2559]]"
                ],
                "predicted": [
                    "[[1414, 254, 45, 0, 31], [77, 291, 215, 0, 29], [171, 45, 6036, 97, 89], [22, 0, 75, 1435, 0], [61, 21, 67, 0, 3333]]"
                ]
            }
        },
        "metrics": {
            "downstream": {
                "cohen_kappa": [
                    0.7490670792961471
                ],
                "f1_scores": {
                    "N1": [
                        0.5145228215767634
                    ],
                    "N2": [
                        0.8846271862534519
                    ],
                    "N3": [
                        0.7975057433541188
                    ],
                    "REM": [
                        0.8207470233240907
                    ],
                    "Wake": [
                        0.7761495704901465
                    ],
                    "macro": [
                        0.7587104689997142
                    ]
                },
                "loss": [
                    0.655509524875217
                ],
                "precisions": {
                    "N1": [
                        0.6078431372549019
                    ],
                    "N2": [
                        0.8956197576887233
                    ],
                    "N3": [
                        0.7930809399477807
                    ],
                    "REM": [
                        0.7225732337736933
                    ],
                    "Wake": [
                        0.8802292263610315
                    ],
                    "macro": [
                        0.7798692590052262
                    ]
                },
                "recalls": {
                    "N1": [
                        0.4460431654676259
                    ],
                    "N2": [
                        0.8739011821764171
                    ],
                    "N3": [
                        0.801980198019802
                    ],
                    "REM": [
                        0.9497923744809362
                    ],
                    "Wake": [
                        0.6940804338002712
                    ],
                    "macro": [
                        0.7531594707890106
                    ]
                }
            }
        }
    },
    "train": {},
    "valid_pretraining": {}
}
