{"earlystopping":{"confusion_matrices":{"abs":["[[743, 494, 67, 50, 352], [95, 373, 232, 101, 109], [20, 311, 1015, 920, 89], [38, 16, 5, 1311, 12], [19, 79, 45, 35, 915]]"]},"markov_matrices":{"abs":{"actual":["[[1401, 259, 37, 0, 9], [125, 439, 301, 1, 44], [114, 165, 1969, 73, 33], [25, 5, 43, 1308, 1], [40, 42, 5, 0, 1006]]"],"predicted":["[[748, 107, 29, 8, 23], [45, 755, 280, 57, 136], [36, 198, 931, 126, 72], [36, 55, 86, 2211, 29], [50, 158, 38, 15, 1216]]"]}},"metrics":{"downstream":{"cohen_kappa":[0.48378729167995027],"f1_scores":{"N1":[0.3417315620705451],"N2":[0.5458456574347943],"N3":[0.69018162674388],"REM":[0.7120622568093385],"Wake":[0.566959175887066],"macro":[0.5713560557891249]},"loss":[2.230029296875],"precisions":{"N1":[0.29300864100549884],"N2":[0.7441348973607038],"N3":[0.542407943731899],"REM":[0.6194989844278944],"Wake":[0.8120218579234972],"macro":[0.6022144648898987]},"recalls":{"N1":[0.4098901098901099],"N2":[0.4309978768577495],"N3":[0.9486251808972503],"REM":[0.8371454711802379],"Wake":[0.43552168815943726],"macro":[0.612436065396957]}}}},"test":{"confusion_matrices":{"abs":["[[2270, 1194, 239, 120, 1217], [320, 1347, 730, 309, 701], [266, 1063, 2782, 2099, 899], [104, 32, 41, 3470, 154], [84, 263, 51, 78, 1958]]"]},"markov_matrices":{"abs":{"actual":["[[4102, 786, 104, 4, 43], [364, 1729, 1099, 3, 212], [382, 681, 5745, 228, 73], [56, 29, 147, 3566, 3], [135, 182, 14, 0, 2103]]"],"predicted":["[[2330, 441, 86, 30, 157], [287, 2207, 842, 99, 464], [125, 673, 2465, 303, 277], [67, 114, 229, 5486, 179], [234, 464, 221, 158, 3852]]"]}},"metrics":{"downstream":{"cohen_kappa":[0.434289155288181],"f1_scores":{"N1":[0.368738023542294],"N2":[0.5080350620891162],"N3":[0.7026425027842462],"REM":[0.5318484313459187],"Wake":[0.5616031667491341],"macro":[0.5345734373021418]},"loss":[2.179343290107195],"precisions":{"N1":[0.34547319825596307],"N2":[0.7239136091595108],"N3":[0.5710994075049375],"REM":[0.397240819638872],"Wake":[0.7457293035479632],"macro":[0.5566912676214493]},"recalls":{"N1":[0.3953624889932492],"N2":[0.39133492755661836],"N3":[0.912917653249145],"REM":[0.8044371405094495],"Wake":[0.4503968253968254],"macro":[0.5908898071410574]}}}},"train":{},"valid_pretraining":{}}