{"earlystopping":{"confusion_matrices":{"abs":["[[7392, 9, 347, 18, 192], [765, 29, 665, 85, 402], [488, 2, 4965, 622, 551], [15, 0, 272, 1238, 6], [448, 10, 260, 137, 1927]]"]},"markov_matrices":{"abs":{"actual":["[[7584, 353, 15, 0, 5], [200, 1236, 385, 2, 123], [98, 210, 5964, 245, 111], [13, 14, 220, 1284, 0], [62, 133, 44, 0, 2543]]"],"predicted":["[[8398, 30, 401, 52, 226], [15, 8, 8, 1, 18], [386, 4, 5539, 173, 407], [69, 0, 154, 1853, 24], [239, 8, 407, 21, 2403]]"]}},"metrics":{"downstream":{"cohen_kappa":[0.6405607360954428],"f1_scores":{"N1":[0.02905811623246493],"N2":[0.7558803379767071],"N3":[0.6819058110713302],"REM":[0.657679180887372],"Wake":[0.8662838392124692],"macro":[0.5981614570760687]},"loss":[1.194056627227039],"precisions":{"N1":[0.58],"N2":[0.7627899831003226],"N3":[0.5895238095238096],"REM":[0.6260558804418453],"Wake":[0.8115942028985508],"macro":[0.6739927751929057]},"recalls":{"N1":[0.014902363823227132],"N2":[0.7490947495473748],"N3":[0.8086218158066623],"REM":[0.692667145938174],"Wake":[0.928876602161347],"macro":[0.638832535455357]}}}},"test":{"confusion_matrices":{"abs":["[[10651, 48, 1150, 86, 613], [2232, 38, 1174, 328, 720], [1449, 7, 7722, 1852, 1135], [37, 0, 651, 1904, 9], [911, 30, 819, 34, 2778]]"]},"markov_matrices":{"abs":{"actual":["[[11874, 617, 28, 3, 25], [348, 3420, 622, 0, 102], [199, 328, 10935, 568, 135], [29, 16, 522, 2030, 4], [97, 111, 58, 0, 4306]]"],"predicted":["[[13810, 65, 813, 113, 478], [38, 29, 12, 1, 43], [765, 5, 9573, 418, 755], [154, 0, 361, 3639, 50], [512, 24, 757, 33, 3929]]"]}},"metrics":{"downstream":{"cohen_kappa":[0.4944859247573904],"f1_scores":{"N1":[0.016468039003250272],"N2":[0.6521684050504624],"N3":[0.5595885378398237],"REM":[0.5653810929072962],"Wake":[0.7654879977001581],"macro":[0.5118188145001981]},"loss":[1.9289800855848525],"precisions":{"N1":[0.3089430894308943],"N2":[0.6705453282389718],"N3":[0.45290199809705045],"REM":[0.528639391056137],"Wake":[0.6970549738219896],"macro":[0.5316169561290086]},"recalls":{"N1":[0.008459483526268923],"N2":[0.6347718865598028],"N3":[0.7320261437908496],"REM":[0.6076115485564304],"Wake":[0.8488205291679949],"macro":[0.5663379183202693]}}}},"train":{},"valid_pretraining":{}}