{"earlystopping":{"confusion_matrices":{"abs":["[[1357, 52, 40, 1, 38], [158, 189, 79, 0, 45], [223, 206, 2851, 55, 505], [22, 0, 274, 566, 57], [237, 69, 68, 0, 792]]"]},"markov_matrices":{"abs":{"actual":["[[1224, 231, 17, 0, 15], [74, 164, 222, 0, 11], [132, 73, 3531, 73, 31], [11, 0, 62, 846, 0], [46, 3, 8, 0, 1109]]"],"predicted":["[[1641, 247, 52, 2, 54], [91, 213, 182, 1, 29], [169, 52, 2993, 28, 70], [11, 0, 24, 579, 8], [84, 4, 61, 12, 1276]]"]}},"metrics":{"downstream":{"cohen_kappa":[0.6183279850098382],"f1_scores":{"N1":[0.3829787234042553],"N2":[0.7972595078299777],"N3":[0.7345879299156391],"REM":[0.6085286208221283],"Wake":[0.7787661406025825],"macro":[0.6604241845149165]},"loss":[1.1613860130310059],"precisions":{"N1":[0.36627906976744184],"N2":[0.8608091787439613],"N3":[0.909967845659164],"REM":[0.5511482254697286],"Wake":[0.6795192789183776],"macro":[0.6735447197117347]},"recalls":{"N1":[0.4012738853503185],"N2":[0.7424479166666667],"N3":[0.6158868335146899],"REM":[0.6792452830188679],"Wake":[0.9119623655913979],"macro":[0.6701632568283882]}}}},"test":{"confusion_matrices":{"abs":["[[2078, 49, 134, 22, 233], [305, 203, 95, 5, 98], [646, 335, 4249, 505, 796], [6, 0, 442, 985, 94], [416, 49, 158, 0, 1548]]"]},"markov_matrices":{"abs":{"actual":["[[2107, 335, 57, 1, 15], [101, 257, 328, 0, 20], [233, 100, 5972, 176, 50], [18, 3, 155, 1350, 1], [56, 11, 19, 0, 2085]]"],"predicted":["[[2914, 310, 67, 13, 146], [91, 257, 229, 0, 59], [234, 52, 4616, 78, 98], [26, 2, 62, 1417, 10], [185, 15, 104, 9, 2456]]"]}},"metrics":{"downstream":{"cohen_kappa":[0.5470407483754325],"f1_scores":{"N1":[0.3025335320417288],"N2":[0.7320182616935138],"N3":[0.6471747700394218],"REM":[0.6267206477732793],"Wake":[0.6964974023797554],"macro":[0.6009889227855398]},"loss":[1.5792496292679399],"precisions":{"N1":[0.3191823899371069],"N2":[0.8367467506892478],"N3":[0.6493078444297956],"REM":[0.5590465872156013],"Wake":[0.6021443059982614],"macro":[0.5932855756540026]},"recalls":{"N1":[0.28753541076487255],"N2":[0.6505894962486602],"N3":[0.6450556647020301],"REM":[0.7130354675264855],"Wake":[0.8259141494435612],"macro":[0.6244260377371219]}}}},"train":{},"valid_pretraining":{}}