{"earlystopping":{"confusion_matrices":{"abs":["[[1318, 87, 68, 0, 15], [90, 192, 153, 0, 36], [37, 58, 3527, 83, 135], [5, 1, 249, 647, 17], [68, 43, 53, 0, 1002]]"]},"markov_matrices":{"abs":{"actual":["[[1224, 231, 17, 0, 15], [74, 164, 222, 0, 11], [132, 73, 3531, 73, 31], [11, 0, 62, 846, 0], [46, 3, 8, 0, 1109]]"],"predicted":["[[1234, 212, 37, 1, 33], [67, 144, 146, 1, 23], [133, 22, 3790, 50, 55], [10, 0, 40, 672, 8], [73, 3, 37, 6, 1086]]"]}},"metrics":{"downstream":{"cohen_kappa":[0.7756061873182835],"f1_scores":{"N1":[0.4507042253521127],"N2":[0.89404309252218],"N3":[0.7847180109157065],"REM":[0.8452129902994517],"Wake":[0.8769128409846974],"macro":[0.7703182320148296]},"loss":[0.6857892274856567],"precisions":{"N1":[0.5039370078740157],"N2":[0.8708641975308642],"N3":[0.8863013698630137],"REM":[0.8315352697095436],"Wake":[0.8682476943346509],"macro":[0.7921771078624176]},"recalls":{"N1":[0.40764331210191085],"N2":[0.9184895833333333],"N3":[0.7040261153427638],"REM":[0.8593481989708405],"Wake":[0.885752688172043],"macro":[0.7550519795841784]}}}},"test":{"confusion_matrices":{"abs":["[[2146, 84, 185, 1, 100], [133, 328, 166, 2, 77], [181, 171, 5444, 361, 374], [2, 0, 477, 1035, 13], [74, 41, 154, 0, 1902]]"]},"markov_matrices":{"abs":{"actual":["[[2107, 335, 57, 1, 15], [101, 257, 328, 0, 20], [233, 100, 5972, 176, 50], [18, 3, 155, 1350, 1], [56, 11, 19, 0, 2085]]"],"predicted":["[[2047, 322, 105, 3, 58], [130, 221, 227, 0, 46], [226, 64, 5952, 80, 104], [16, 1, 65, 1314, 3], [116, 16, 77, 2, 2255]]"]}},"metrics":{"downstream":{"cohen_kappa":[0.719865515407944],"f1_scores":{"N1":[0.4932330827067669],"N2":[0.8403179748398548],"N3":[0.7074504442925496],"REM":[0.820357990079793],"Wake":[0.8495645288994458],"macro":[0.742184804163682]},"loss":[0.861235088772244],"precisions":{"N1":[0.5256410256410257],"N2":[0.8471833177715531],"N3":[0.7398141529664046],"REM":[0.7712895377128953],"Wake":[0.8462145110410094],"macro":[0.7460285090265777]},"recalls":{"N1":[0.46458923512747874],"N2":[0.8335630071964477],"N3":[0.6777996070726916],"REM":[0.8760939659143252],"Wake":[0.8529411764705882],"macro":[0.7409973983563063]}}}},"train":{},"valid_pretraining":{}}