{"earlystopping":{"confusion_matrices":{"abs":["[[965, 51, 138, 6, 91], [257, 335, 218, 3, 28], [65, 802, 1539, 78, 237], [5, 86, 302, 1115, 12], [78, 399, 371, 3, 220]]"]},"markov_matrices":{"abs":{"actual":["[[981, 212, 41, 1, 16], [91, 401, 312, 1, 36], [102, 188, 2320, 72, 38], [30, 5, 38, 1446, 1], [46, 35, 10, 0, 980]]"],"predicted":["[[1117, 132, 79, 5, 37], [87, 1187, 298, 18, 83], [73, 258, 1972, 70, 194], [11, 12, 64, 1107, 11], [82, 84, 155, 5, 262]]"]}},"metrics":{"downstream":{"cohen_kappa":[0.43395938368657205],"f1_scores":{"N1":[0.26650755767700873],"N2":[0.5819625638116847],"N3":[0.818348623853211],"REM":[0.2652200120554551],"Wake":[0.7363601678748569],"macro":[0.5336797850544432]},"loss":[2.4147977193196613],"precisions":{"N1":[0.20023909145248056],"N2":[0.5992990654205608],"N3":[0.9253112033195021],"REM":[0.3741496598639456],"Wake":[0.7043795620437956],"macro":[0.560675716420057]},"recalls":{"N1":[0.3983353151010702],"N2":[0.565600882028666],"N3":[0.7335526315789473],"REM":[0.20541549953314658],"Wake":[0.771382893685052],"macro":[0.5348574443853764]}}}},"test":{"confusion_matrices":{"abs":["[[2024, 726, 290, 11, 160], [664, 1043, 796, 7, 89], [586, 2203, 3685, 157, 291], [13, 396, 1173, 2653, 61], [210, 1033, 1140, 9, 419]]"]},"markov_matrices":{"abs":{"actual":["[[2639, 499, 37, 1, 34], [225, 1407, 847, 6, 114], [206, 561, 5876, 194, 85], [45, 19, 132, 4095, 5], [95, 113, 30, 0, 2573]]"],"predicted":["[[2890, 374, 152, 1, 80], [301, 4089, 805, 61, 145], [163, 715, 5766, 155, 284], [13, 46, 150, 2597, 31], [129, 177, 211, 23, 480]]"]}},"metrics":{"downstream":{"cohen_kappa":[0.3469153140951007],"f1_scores":{"N1":[0.26075],"N2":[0.5262030558332144],"N3":[0.7438665358194309],"REM":[0.21874184286087184],"Wake":[0.6034585569469291],"macro":[0.4706039982920892]},"loss":[3.132535885541867],"precisions":{"N1":[0.193112386595075],"N2":[0.5201863354037267],"N3":[0.9351427564328516],"REM":[0.4107843137254902],"Wake":[0.5787818129825565],"macro":[0.5276015210279399]},"recalls":{"N1":[0.40130819545979224],"N2":[0.5323605894250216],"N3":[0.6175512104283054],"REM":[0.14905727499110638],"Wake":[0.6303332295235129],"macro":[0.46612209996554765]}}}},"train":{},"valid_pretraining":{}}