{
    "earlystopping": {
        "confusion_matrices": {
            "abs": [
                "[[930, 48, 113, 3, 278], [43, 50, 184, 4, 131], [288, 48, 2154, 214, 1241], [4, 0, 115, 391, 395], [29, 21, 148, 0, 1111]]"
            ]
        },
        "markov_matrices": {
            "abs": {
                "actual": [
                    "[[1122, 217, 18, 0, 15], [56, 131, 215, 0, 10], [138, 60, 3629, 84, 34], [13, 1, 70, 821, 0], [42, 3, 13, 0, 1250]]"
                ],
                "predicted": [
                    "[[1043, 59, 57, 15, 120], [13, 66, 62, 12, 14], [84, 15, 2400, 68, 147], [18, 7, 67, 481, 39], [135, 20, 128, 36, 2836]]"
                ]
            }
        },
        "metrics": {
            "downstream": {
                "cohen_kappa": [
                    0.4271652188909182
                ],
                "f1_scores": {
                    "N1": [
                        0.17271157167530224
                    ],
                    "N2": [
                        0.6469439855834209
                    ],
                    "N3": [
                        0.5154911008569544
                    ],
                    "REM": [
                        0.4976483762597984
                    ],
                    "Wake": [
                        0.6976744186046512
                    ],
                    "macro": [
                        0.5060938905960254
                    ]
                },
                "loss": [
                    4.51051139831543
                ],
                "precisions": {
                    "N1": [
                        0.2994011976047904
                    ],
                    "N2": [
                        0.793662490788504
                    ],
                    "N3": [
                        0.6388888888888888
                    ],
                    "REM": [
                        0.3520278833967047
                    ],
                    "Wake": [
                        0.7187017001545595
                    ],
                    "macro": [
                        0.5605364321666895
                    ]
                },
                "recalls": {
                    "N1": [
                        0.12135922330097088
                    ],
                    "N2": [
                        0.5460076045627377
                    ],
                    "N3": [
                        0.4320441988950276
                    ],
                    "REM": [
                        0.8487394957983193
                    ],
                    "Wake": [
                        0.6778425655976676
                    ],
                    "macro": [
                        0.5251986176309446
                    ]
                }
            }
        }
    },
    "test": {
        "confusion_matrices": {
            "abs": [
                "[[1958, 44, 100, 5, 649], [118, 93, 235, 9, 326], [263, 79, 4248, 331, 2184], [2, 0, 182, 683, 647], [37, 31, 636, 0, 1514]]"
            ]
        },
        "markov_matrices": {
            "abs": {
                "actual": [
                    "[[2267, 413, 59, 2, 15], [177, 247, 342, 0, 14], [239, 108, 6570, 128, 60], [22, 0, 108, 1384, 0], [50, 13, 26, 0, 2129]]"
                ],
                "predicted": [
                    "[[1993, 104, 122, 2, 157], [27, 91, 108, 0, 21], [171, 33, 4903, 102, 192], [9, 0, 83, 884, 52], [178, 19, 185, 40, 4897]]"
                ]
            }
        },
        "metrics": {
            "downstream": {
                "cohen_kappa": [
                    0.42963915387850693
                ],
                "f1_scores": {
                    "N1": [
                        0.18093385214007782
                    ],
                    "N2": [
                        0.679353910123141
                    ],
                    "N3": [
                        0.5373721479150275
                    ],
                    "REM": [
                        0.40169806314672335
                    ],
                    "Wake": [
                        0.7627580833657966
                    ],
                    "macro": [
                        0.5124232113381534
                    ]
                },
                "loss": [
                    5.68518119022764
                ],
                "precisions": {
                    "N1": [
                        0.3765182186234818
                    ],
                    "N2": [
                        0.7865210146269209
                    ],
                    "N3": [
                        0.664396887159533
                    ],
                    "REM": [
                        0.28458646616541355
                    ],
                    "Wake": [
                        0.8233809924306139
                    ],
                    "macro": [
                        0.5870807158011926
                    ]
                },
                "recalls": {
                    "N1": [
                        0.11907810499359796
                    ],
                    "N2": [
                        0.5978888106966924
                    ],
                    "N3": [
                        0.4511228533685601
                    ],
                    "REM": [
                        0.6825969341749324
                    ],
                    "Wake": [
                        0.7104499274310595
                    ],
                    "macro": [
                        0.5122273261329685
                    ]
                }
            }
        }
    },
    "train": {},
    "valid_pretraining": {}
}
