{"earlystopping":{"confusion_matrices":{"abs":["[[1106, 54, 102, 14, 101], [291, 22, 355, 40, 167], [124, 5, 1698, 305, 325], [28, 1, 173, 1335, 6], [104, 1, 258, 5, 860]]"]},"markov_matrices":{"abs":{"actual":["[[1107, 224, 32, 1, 13], [103, 420, 304, 1, 47], [91, 183, 2069, 75, 39], [26, 6, 44, 1466, 0], [49, 42, 8, 0, 1129]]"],"predicted":["[[1395, 21, 131, 22, 84], [17, 54, 7, 1, 4], [92, 2, 2262, 96, 134], [44, 3, 57, 1577, 17], [104, 3, 129, 3, 1220]]"]}},"metrics":{"downstream":{"cohen_kappa":[0.570596496760573],"f1_scores":{"N1":[0.04592901878914405],"N2":[0.6734086853063652],"N3":[0.8235657001850709],"REM":[0.6401190919240789],"Wake":[0.73003300330033],"macro":[0.5826110999009978]},"loss":[2.1153305053710936],"precisions":{"N1":[0.26506024096385544],"N2":[0.6566125290023201],"N3":[0.7857563272513243],"REM":[0.5894448252227553],"Wake":[0.6690865093768905],"macro":[0.5931920863634291]},"recalls":{"N1":[0.025142857142857144],"N2":[0.6910866910866911],"N3":[0.8651976668826961],"REM":[0.7003257328990228],"Wake":[0.8031953522149601],"macro":[0.6169896600452454]}}}},"test":{"confusion_matrices":{"abs":["[[3649, 212, 932, 22, 346], [748, 126, 1102, 74, 533], [373, 29, 3985, 596, 523], [116, 0, 874, 2715, 18], [275, 7, 597, 7, 1407]]"]},"markov_matrices":{"abs":{"actual":["[[4415, 676, 55, 1, 13], [385, 1308, 745, 5, 140], [218, 440, 4532, 223, 93], [51, 23, 150, 3494, 5], [91, 136, 24, 0, 2042]]"],"predicted":["[[4429, 79, 420, 47, 185], [55, 279, 13, 9, 18], [348, 4, 6607, 225, 306], [93, 8, 164, 3114, 35], [235, 4, 286, 19, 2283]]"]}},"metrics":{"downstream":{"cohen_kappa":[0.4975700227961567],"f1_scores":{"N1":[0.08522150828542442],"N2":[0.613265620190828],"N3":[0.7608238755779739],"REM":[0.549609375],"Wake":[0.7070335206355357],"macro":[0.5431907799379523]},"loss":[2.4776253951223275],"precisions":{"N1":[0.33689839572192515],"N2":[0.5320427236315087],"N3":[0.7952548330404218],"REM":[0.4977007428369296],"Wake":[0.7070335206355357],"macro":[0.5737860431732642]},"recalls":{"N1":[0.04878048780487805],"N2":[0.7237559026516528],"N3":[0.7292506043513296],"REM":[0.6136066288704753],"Wake":[0.7070335206355357],"macro":[0.5644854288627743]}}}},"train":{},"valid_pretraining":{}}