{"earlystopping":{"confusion_matrices":{"abs":["[[7290, 469, 102, 3, 94], [210, 742, 778, 34, 182], [61, 137, 5847, 479, 104], [2, 1, 512, 1015, 1], [48, 108, 486, 14, 2126]]"]},"markov_matrices":{"abs":{"actual":["[[7584, 353, 15, 0, 5], [200, 1236, 385, 2, 123], [98, 210, 5964, 245, 111], [13, 14, 220, 1284, 0], [62, 133, 44, 0, 2543]]"],"predicted":["[[7267, 226, 75, 5, 37], [129, 831, 383, 4, 110], [140, 238, 6867, 344, 136], [19, 12, 318, 1192, 4], [55, 150, 82, 0, 2220]]"]}},"metrics":{"downstream":{"cohen_kappa":[0.7432709810666478],"f1_scores":{"N1":[0.43608580664119895],"N2":[0.8147425625304814],"N3":[0.6599479843953185],"REM":[0.8039326904896956],"Wake":[0.9364763311709166],"macro":[0.7302370750455223]},"loss":[1.0843201614007718],"precisions":{"N1":[0.5092656142759094],"N2":[0.7568932038834951],"N3":[0.656957928802589],"REM":[0.8480255285201436],"Wake":[0.9578242018131652],"macro":[0.7457932954590605]},"recalls":{"N1":[0.381294964028777],"N2":[0.882166566083283],"N3":[0.6629653821032006],"REM":[0.7641984184040259],"Wake":[0.91605931138477],"macro":[0.7213369284008113]}}}},"test":{"confusion_matrices":{"abs":["[[10647, 564, 728, 16, 593], [755, 1273, 2101, 85, 278], [376, 362, 10517, 660, 250], [47, 12, 948, 1592, 2], [314, 135, 783, 16, 3324]]"]},"markov_matrices":{"abs":{"actual":["[[11874, 617, 28, 3, 25], [348, 3420, 622, 0, 102], [199, 328, 10935, 568, 135], [29, 16, 522, 2030, 4], [97, 111, 58, 0, 4306]]"],"predicted":["[[11484, 397, 132, 10, 115], [241, 1428, 533, 1, 143], [239, 319, 13627, 636, 256], [28, 20, 600, 1721, 0], [146, 182, 185, 1, 3933]]"]}},"metrics":{"downstream":{"cohen_kappa":[0.6546254306098931],"f1_scores":{"N1":[0.3723310909622697],"N2":[0.7721165846854122],"N3":[0.6406438631790744],"REM":[0.7371105444062535],"Wake":[0.8625592417061612],"macro":[0.6769522649878341]},"loss":[1.5609188079833984],"precisions":{"N1":[0.5426257459505541],"N2":[0.6975525635073291],"N3":[0.6720135078092022],"REM":[0.7474702046323364],"Wake":[0.8770903698821979],"macro":[0.707350478356324]},"recalls":{"N1":[0.2833926981300089],"N2":[0.8645293875873408],"N3":[0.6120722798923491],"REM":[0.7270341207349081],"Wake":[0.848501753267453],"macro":[0.667106047922412]}}}},"train":{},"valid_pretraining":{}}