{
    "earlystopping": {
        "confusion_matrices": {
            "abs": [
                "[[1238, 31, 66, 10, 141], [199, 17, 212, 6, 27], [692, 8, 2679, 330, 119], [124, 0, 121, 767, 14], [215, 16, 405, 0, 571]]"
            ]
        },
        "markov_matrices": {
            "abs": {
                "actual": [
                    "[[1212, 234, 24, 0, 15], [70, 143, 236, 0, 12], [144, 80, 3479, 94, 31], [13, 1, 80, 932, 0], [46, 3, 9, 0, 1149]]"
                ],
                "predicted": [
                    "[[2138, 28, 193, 41, 68], [22, 20, 27, 1, 2], [170, 16, 3083, 68, 146], [52, 1, 49, 984, 26], [86, 7, 131, 18, 630]]"
                ]
            }
        },
        "metrics": {
            "downstream": {
                "cohen_kappa": [
                    0.5120298508300368
                ],
                "f1_scores": {
                    "N1": [
                        0.06378986866791744
                    ],
                    "N2": [
                        0.7328682806729584
                    ],
                    "N3": [
                        0.7171575502571295
                    ],
                    "REM": [
                        0.5493025493025494
                    ],
                    "Wake": [
                        0.6262013151239251
                    ],
                    "macro": [
                        0.537863912804896
                    ]
                },
                "loss": [
                    2.6204757690429688
                ],
                "precisions": {
                    "N1": [
                        0.2361111111111111
                    ],
                    "N2": [
                        0.7691645133505599
                    ],
                    "N3": [
                        0.6891284815813118
                    ],
                    "REM": [
                        0.6548165137614679
                    ],
                    "Wake": [
                        0.5016207455429498
                    ],
                    "macro": [
                        0.5701682730694801
                    ]
                },
                "recalls": {
                    "N1": [
                        0.0368763557483731
                    ],
                    "N2": [
                        0.6998432601880877
                    ],
                    "N3": [
                        0.7475633528265108
                    ],
                    "REM": [
                        0.4730737365368683
                    ],
                    "Wake": [
                        0.8331090174966352
                    ],
                    "macro": [
                        0.5580931445592949
                    ]
                }
            }
        }
    },
    "test": {
        "confusion_matrices": {
            "abs": [
                "[[1628, 45, 245, 81, 214], [309, 18, 211, 31, 265], [1277, 18, 4002, 491, 810], [116, 2, 124, 1189, 84], [407, 10, 1073, 5, 1154]]"
            ]
        },
        "markov_matrices": {
            "abs": {
                "actual": [
                    "[[1846, 336, 22, 0, 8], [106, 332, 383, 0, 13], [188, 148, 6049, 144, 69], [24, 1, 119, 1371, 0], [48, 17, 25, 0, 2559]]"
                ],
                "predicted": [
                    "[[2927, 44, 480, 57, 229], [34, 24, 24, 6, 5], [462, 12, 4846, 65, 270], [82, 1, 37, 1583, 93], [232, 12, 267, 86, 1930]]"
                ]
            }
        },
        "metrics": {
            "downstream": {
                "cohen_kappa": [
                    0.4075722957358662
                ],
                "f1_scores": {
                    "N1": [
                        0.03883495145631068
                    ],
                    "N2": [
                        0.6532277809516036
                    ],
                    "N3": [
                        0.7179951690821257
                    ],
                    "REM": [
                        0.44590417310664604
                    ],
                    "Wake": [
                        0.5472268907563026
                    ],
                    "macro": [
                        0.48063779307059773
                    ]
                },
                "loss": [
                    3.233000296133536
                ],
                "precisions": {
                    "N1": [
                        0.1935483870967742
                    ],
                    "N2": [
                        0.7076923076923077
                    ],
                    "N3": [
                        0.6616583194212576
                    ],
                    "REM": [
                        0.4566679857538583
                    ],
                    "Wake": [
                        0.43564356435643564
                    ],
                    "macro": [
                        0.4910421128641267
                    ]
                },
                "recalls": {
                    "N1": [
                        0.02158273381294964
                    ],
                    "N2": [
                        0.606547438617763
                    ],
                    "N3": [
                        0.7848184818481848
                    ],
                    "REM": [
                        0.4356360890902227
                    ],
                    "Wake": [
                        0.7356529597830999
                    ],
                    "macro": [
                        0.516847540630444
                    ]
                }
            }
        }
    },
    "train": {},
    "valid_pretraining": {}
}
