{
    "earlystopping": {
        "confusion_matrices": {
            "abs": [
                "[[1281, 99, 53, 0, 25], [75, 135, 153, 0, 45], [47, 47, 3111, 189, 308], [42, 27, 139, 810, 32], [25, 9, 162, 0, 869]]"
            ]
        },
        "markov_matrices": {
            "abs": {
                "actual": [
                    "[[1259, 184, 13, 0, 1], [48, 150, 197, 0, 13], [112, 70, 3412, 84, 24], [12, 1, 71, 966, 0], [26, 3, 9, 0, 1027]]"
                ],
                "predicted": [
                    "[[1232, 160, 51, 0, 26], [69, 107, 124, 0, 17], [117, 39, 3313, 52, 97], [5, 0, 47, 947, 0], [46, 11, 83, 0, 1139]]"
                ]
            }
        },
        "metrics": {
            "downstream": {
                "cohen_kappa": [
                    0.7228932441457068
                ],
                "f1_scores": {
                    "N1": [
                        0.3724137931034483
                    ],
                    "N2": [
                        0.8500000000000001
                    ],
                    "N3": [
                        0.7906295754026355
                    ],
                    "REM": [
                        0.7414675767918087
                    ],
                    "Wake": [
                        0.8750000000000001
                    ],
                    "macro": [
                        0.7259021890595785
                    ]
                },
                "loss": [
                    0.6721853017807007
                ],
                "precisions": {
                    "N1": [
                        0.42586750788643535
                    ],
                    "N2": [
                        0.8598673300165838
                    ],
                    "N3": [
                        0.8108108108108109
                    ],
                    "REM": [
                        0.6794370602032838
                    ],
                    "Wake": [
                        0.8714285714285714
                    ],
                    "macro": [
                        0.7294822560691371
                    ]
                },
                "recalls": {
                    "N1": [
                        0.33088235294117646
                    ],
                    "N2": [
                        0.8403565640194489
                    ],
                    "N3": [
                        0.7714285714285715
                    ],
                    "REM": [
                        0.815962441314554
                    ],
                    "Wake": [
                        0.8786008230452675
                    ],
                    "macro": [
                        0.7274461505498037
                    ]
                }
            }
        }
    },
    "test": {
        "confusion_matrices": {
            "abs": [
                "[[1466, 167, 245, 5, 126], [76, 178, 275, 2, 53], [131, 86, 5785, 334, 306], [11, 0, 351, 1498, 0], [83, 72, 524, 0, 1491]]"
            ]
        },
        "markov_matrices": {
            "abs": {
                "actual": [
                    "[[1680, 283, 29, 0, 17], [67, 196, 302, 0, 18], [192, 88, 6163, 147, 52], [23, 1, 123, 1713, 0], [46, 16, 25, 0, 2083]]"
                ],
                "predicted": [
                    "[[1330, 239, 155, 4, 39], [84, 167, 214, 0, 38], [263, 63, 6535, 108, 210], [21, 0, 91, 1727, 0], [68, 34, 185, 0, 1689]]"
                ]
            }
        },
        "metrics": {
            "downstream": {
                "cohen_kappa": [
                    0.6764399917579511
                ],
                "f1_scores": {
                    "N1": [
                        0.32750689972401104
                    ],
                    "N2": [
                        0.8370713355520186
                    ],
                    "N3": [
                        0.8099486347661531
                    ],
                    "REM": [
                        0.7192474674384949
                    ],
                    "Wake": [
                        0.7764830508474575
                    ],
                    "macro": [
                        0.6940514776656269
                    ]
                },
                "loss": [
                    0.7671875586876502
                ],
                "precisions": {
                    "N1": [
                        0.3538767395626243
                    ],
                    "N2": [
                        0.8057103064066853
                    ],
                    "N3": [
                        0.8145731375747689
                    ],
                    "REM": [
                        0.7545546558704453
                    ],
                    "Wake": [
                        0.8296547821165817
                    ],
                    "macro": [
                        0.711673924306221
                    ]
                },
                "recalls": {
                    "N1": [
                        0.3047945205479452
                    ],
                    "N2": [
                        0.8709725986148751
                    ],
                    "N3": [
                        0.8053763440860215
                    ],
                    "REM": [
                        0.6870967741935484
                    ],
                    "Wake": [
                        0.7297162767546043
                    ],
                    "macro": [
                        0.679591302839399
                    ]
                }
            }
        }
    },
    "train": {},
    "valid_ssl": {}
}
