{"earlystopping":{"confusion_matrices":{"abs":["[[1044, 92, 179, 66, 37], [243, 124, 283, 88, 57], [144, 102, 1883, 409, 78], [2, 2, 118, 1195, 1], [175, 295, 224, 180, 367]]"]},"markov_matrices":{"abs":{"actual":["[[1126, 224, 50, 1, 17], [105, 349, 308, 1, 32], [110, 186, 2216, 66, 37], [28, 7, 32, 1250, 1], [48, 29, 10, 0, 1154]]"],"predicted":["[[1253, 103, 148, 42, 62], [59, 278, 168, 27, 83], [164, 116, 2130, 177, 100], [68, 31, 149, 1663, 26], [64, 87, 92, 28, 269]]"]}},"metrics":{"downstream":{"cohen_kappa":[0.5066946690074188],"f1_scores":{"N1":[0.17588652482269504],"N2":[0.7101640580803319],"N3":[0.734029484029484],"REM":[0.41212801796743403],"Wake":[0.6900198281559815],"macro":[0.5444455826111853]},"loss":[1.1340428670247396],"precisions":{"N1":[0.2016260162601626],"N2":[0.7007815407517678],"N3":[0.6166150670794633],"REM":[0.6796296296296296],"Wake":[0.6492537313432836],"macro":[0.5695811970128614]},"recalls":{"N1":[0.1559748427672956],"N2":[0.7198012232415902],"N3":[0.9066767830045523],"REM":[0.29572925060435135],"Wake":[0.7362482369534555],"macro":[0.562886067314249]}}}},"test":{"confusion_matrices":{"abs":["[[3827, 264, 351, 183, 59], [669, 457, 900, 107, 180], [200, 318, 4269, 696, 129], [8, 14, 651, 3318, 1], [524, 626, 799, 315, 675]]"]},"markov_matrices":{"abs":{"actual":["[[4011, 610, 44, 4, 15], [319, 1176, 689, 6, 122], [195, 395, 4680, 248, 94], [57, 20, 176, 3734, 5], [101, 112, 23, 0, 2703]]"],"predicted":["[[4347, 327, 288, 106, 160], [212, 782, 454, 64, 167], [353, 319, 5711, 346, 241], [150, 83, 292, 4033, 60], [166, 168, 225, 69, 416]]"]}},"metrics":{"downstream":{"cohen_kappa":[0.5332828852351552],"f1_scores":{"N1":[0.22895791583166333],"N2":[0.6785884597043396],"N3":[0.7706422018348624],"REM":[0.3389404971127291],"Wake":[0.7721953188054883],"macro":[0.5578648786578166]},"loss":[1.1027829096867487],"precisions":{"N1":[0.2721858248957713],"N2":[0.6124820659971305],"N3":[0.718337302446417],"REM":[0.646551724137931],"Wake":[0.7320198928844682],"macro":[0.5963153620723436]},"recalls":{"N1":[0.1975789018590575],"N2":[0.7606913756236636],"N3":[0.8311623246492986],"REM":[0.22966995576726779],"Wake":[0.8170367207514945],"macro":[0.5672278557301564]}}}},"train":{},"valid_pretraining":{}}