{"earlystopping":{"confusion_matrices":{"abs":["[[6749, 203, 35, 3, 126], [361, 602, 460, 19, 370], [236, 748, 5510, 135, 226], [27, 18, 857, 526, 2], [245, 112, 417, 14, 1967]]"]},"markov_matrices":{"abs":{"actual":["[[6823, 271, 17, 0, 4], [151, 1184, 365, 3, 109], [78, 212, 6189, 261, 115], [11, 15, 238, 1166, 0], [52, 130, 46, 0, 2527]]"],"predicted":["[[7269, 192, 85, 4, 67], [94, 1118, 365, 1, 105], [138, 254, 6491, 213, 183], [19, 8, 192, 478, 0], [97, 111, 146, 1, 2336]]"]}},"metrics":{"downstream":{"cohen_kappa":[0.6746207943965996],"f1_scores":{"N1":[0.34449213161659514],"N2":[0.7796802037639734],"N3":[0.49459332393041844],"REM":[0.7223650385604113],"Wake":[0.9161123931043844],"macro":[0.6514486181951565]},"loss":[1.1070691622220552],"precisions":{"N1":[0.35769459298871065],"N2":[0.7569721115537849],"N3":[0.7546628407460545],"REM":[0.7309550353028614],"Wake":[0.8859280651089525],"macro":[0.6972425291400728]},"recalls":{"N1":[0.3322295805739514],"N2":[0.8037928519328957],"N3":[0.3678321678321678],"REM":[0.7139745916515426],"Wake":[0.9484260820685778],"macro":[0.6332510548118271]}}}},"test":{"confusion_matrices":{"abs":["[[13556, 899, 505, 15, 447], [819, 1101, 1324, 8, 762], [267, 919, 9831, 146, 550], [9, 8, 1762, 473, 1], [422, 142, 572, 5, 2802]]"]},"markov_matrices":{"abs":{"actual":["[[14659, 720, 37, 1, 4], [431, 2829, 660, 3, 91], [229, 338, 10472, 535, 139], [24, 14, 498, 1714, 3], [78, 113, 46, 0, 3706]]"],"predicted":["[[14401, 397, 137, 8, 129], [229, 2058, 620, 0, 162], [286, 395, 12751, 270, 292], [12, 10, 255, 365, 5], [144, 209, 231, 4, 3974]]"]}},"metrics":{"downstream":{"cohen_kappa":[0.6297635358200688],"f1_scores":{"N1":[0.3108852181279119],"N2":[0.764850040844906],"N3":[0.32620689655172413],"REM":[0.6589065255731923],"Wake":[0.8890637809476963],"macro":[0.5899824924090862]},"loss":[1.4052286017430973],"precisions":{"N1":[0.3587487781036168],"N2":[0.7025153637273117],"N3":[0.7310664605873262],"REM":[0.6142042963612451],"Wake":[0.8993564652026803],"macro":[0.661178272796436]},"recalls":{"N1":[0.2742899850523169],"N2":[0.8393238282250491],"N3":[0.20994229915667997],"REM":[0.7106264265787472],"Wake":[0.879004020230839],"macro":[0.5826373118487265]}}}},"train":{},"valid_pretraining":{}}