{
    "earlystopping": {
        "confusion_matrices": {
            "abs": [
                "[[876, 0, 315, 35, 262], [56, 0, 229, 0, 186], [143, 0, 2589, 90, 1018], [90, 0, 219, 530, 80], [94, 0, 119, 0, 953]]"
            ]
        },
        "markov_matrices": {
            "abs": {
                "actual": [
                    "[[1224, 231, 17, 0, 15], [74, 164, 222, 0, 11], [132, 73, 3531, 73, 31], [11, 0, 62, 846, 0], [46, 3, 8, 0, 1109]]"
                ],
                "predicted": [
                    "[[915, 0, 127, 14, 202], [0, 0, 0, 0, 0], [128, 0, 3056, 74, 213], [18, 0, 67, 545, 25], [197, 0, 221, 22, 2059]]"
                ]
            }
        },
        "metrics": {
            "downstream": {
                "cohen_kappa": [
                    0.46713597682485664
                ],
                "f1_scores": {
                    "N1": [
                        0.0
                    ],
                    "N2": [
                        0.7082478457119409
                    ],
                    "N3": [
                        0.673443456162643
                    ],
                    "REM": [
                        0.5200545702592088
                    ],
                    "Wake": [
                        0.6377866763742264
                    ],
                    "macro": [
                        0.5079065097016038
                    ]
                },
                "loss": [
                    3.7603919506073
                ],
                "precisions": {
                    "N1": [
                        0.0
                    ],
                    "N2": [
                        0.7458945548833189
                    ],
                    "N3": [
                        0.8091603053435115
                    ],
                    "REM": [
                        0.3813525410164066
                    ],
                    "Wake": [
                        0.6957903097696585
                    ],
                    "macro": [
                        0.526439542202579
                    ]
                },
                "recalls": {
                    "N1": [
                        0.0
                    ],
                    "N2": [
                        0.67421875
                    ],
                    "N3": [
                        0.5767138193688792
                    ],
                    "REM": [
                        0.8173241852487135
                    ],
                    "Wake": [
                        0.5887096774193549
                    ],
                    "macro": [
                        0.5313932864073896
                    ]
                }
            }
        }
    },
    "test": {
        "confusion_matrices": {
            "abs": [
                "[[1526, 0, 527, 10, 453], [78, 0, 344, 5, 279], [139, 0, 4899, 538, 955], [5, 0, 619, 847, 56], [147, 0, 508, 12, 1504]]"
            ]
        },
        "markov_matrices": {
            "abs": {
                "actual": [
                    "[[2107, 335, 57, 1, 15], [101, 257, 328, 0, 20], [233, 100, 5972, 176, 50], [18, 3, 155, 1350, 1], [56, 11, 19, 0, 2085]]"
                ],
                "predicted": [
                    "[[1408, 0, 179, 19, 288], [0, 0, 0, 0, 0], [182, 0, 6237, 143, 335], [26, 0, 139, 1225, 22], [278, 0, 342, 25, 2602]]"
                ]
            }
        },
        "metrics": {
            "downstream": {
                "cohen_kappa": [
                    0.4841896624163383
                ],
                "f1_scores": {
                    "N1": [
                        0.0
                    ],
                    "N2": [
                        0.7296693476318141
                    ],
                    "N3": [
                        0.5763865260292617
                    ],
                    "REM": [
                        0.5551864156515319
                    ],
                    "Wake": [
                        0.6919065971435049
                    ],
                    "macro": [
                        0.5106297772912225
                    ]
                },
                "loss": [
                    4.019373010706018
                ],
                "precisions": {
                    "N1": [
                        0.0
                    ],
                    "N2": [
                        0.7103088299260548
                    ],
                    "N3": [
                        0.5998583569405099
                    ],
                    "REM": [
                        0.4631967970434247
                    ],
                    "Wake": [
                        0.8052770448548813
                    ],
                    "macro": [
                        0.5157282057529742
                    ]
                },
                "recalls": {
                    "N1": [
                        0.0
                    ],
                    "N2": [
                        0.7501148369315572
                    ],
                    "N3": [
                        0.5546823837590046
                    ],
                    "REM": [
                        0.6927683095347766
                    ],
                    "Wake": [
                        0.6065182829888712
                    ],
                    "macro": [
                        0.5208167626428419
                    ]
                }
            }
        }
    },
    "train": {},
    "valid_pretraining": {}
}
