{"earlystopping":{},"train":{"metrics":{"freq":{"acc_freq":[0.01184,0.04574,0.04875,0.04983,0.05004,0.0514,0.05603,0.04988,0.06485,0.07711,0.08228,0.09144,0.10226,0.11469,0.12738,0.1378,0.14766,0.15841,0.16451,0.17011],"hamming_freq":[0.512582,0.535714,0.6219795,0.6639875,0.6813085,0.716458,0.7432810000000001,0.758859,0.7782135,0.796862,0.8153845,0.829427,0.8424754999999999,0.8548815,0.865302,0.874321,0.882045,0.888995,0.891938,0.8936485],"loss":[0.934940859375,0.691636796875,0.65303453125,0.6223016015625,0.606146171875,0.5744056640625,0.5414355859375,0.505764609375,0.46113171875,0.4240882421875,0.38648078125,0.3557978515625,0.3304430078125,0.30611037109375,0.2841174609375,0.26464068359375,0.2478834375,0.2332569921875,0.226623046875,0.2222337890625]}}},"valid_pretraining":{"metrics":{"freq":{"acc_freq":[0.0,0.056,0.002,0.019,0.053,0.057,0.057,0.068,0.039,0.101,0.109,0.115,0.135,0.149,0.156,0.169,0.188,0.195,0.204,0.209,0.215],"hamming_freq":[0.5009,0.5206,0.46630000000000005,0.54355,0.64615,0.7026,0.73665,0.76495,0.7759,0.80555,0.827,0.8455,0.8573,0.86985,0.87935,0.88795,0.89605,0.90305,0.9069,0.9082,0.909],"loss":[1.63629345703125,0.69267041015625,0.9449283447265625,0.7475367431640625,0.6303515625,0.5853922119140625,0.5455415649414063,0.5090216369628906,0.4829636840820313,0.43292510986328125,0.3905298156738281,0.34298583984375,0.30923077392578124,0.279435791015625,0.2547768249511719,0.23756689453125,0.21839944458007812,0.20112405395507812,0.19461929321289062,0.1902783203125,0.18777175903320312]}}}}