{
    "earlystopping": {
        "confusion_matrices": {
            "abs": [
                "[[1308, 99, 30, 10, 11], [89, 203, 95, 0, 21], [117, 123, 3256, 101, 105], [51, 0, 225, 733, 41], [38, 86, 191, 12, 738]]"
            ]
        },
        "markov_matrices": {
            "abs": {
                "actual": [
                    "[[1259, 184, 13, 0, 1], [48, 150, 197, 0, 13], [112, 70, 3412, 84, 24], [12, 1, 71, 966, 0], [26, 3, 9, 0, 1027]]"
                ],
                "predicted": [
                    "[[1332, 220, 34, 3, 13], [107, 242, 135, 0, 27], [111, 35, 3505, 70, 76], [14, 0, 61, 780, 1], [38, 14, 62, 3, 799]]"
                ]
            }
        },
        "metrics": {
            "downstream": {
                "cohen_kappa": [
                    0.7262296084929784
                ],
                "f1_scores": {
                    "N1": [
                        0.44178454842219805
                    ],
                    "N2": [
                        0.8683824509934658
                    ],
                    "N3": [
                        0.7691500524658972
                    ],
                    "REM": [
                        0.7450782433114589
                    ],
                    "Wake": [
                        0.8546226723293041
                    ],
                    "macro": [
                        0.7358035935044648
                    ]
                },
                "loss": [
                    0.5875767469406128
                ],
                "precisions": {
                    "N1": [
                        0.3972602739726027
                    ],
                    "N2": [
                        0.857519094021596
                    ],
                    "N3": [
                        0.8563084112149533
                    ],
                    "REM": [
                        0.8056768558951966
                    ],
                    "Wake": [
                        0.8159700561447286
                    ],
                    "macro": [
                        0.7465469382498154
                    ]
                },
                "recalls": {
                    "N1": [
                        0.49754901960784315
                    ],
                    "N2": [
                        0.8795245813074014
                    ],
                    "N3": [
                        0.6980952380952381
                    ],
                    "REM": [
                        0.6929577464788732
                    ],
                    "Wake": [
                        0.897119341563786
                    ],
                    "macro": [
                        0.7330491854106284
                    ]
                }
            }
        }
    },
    "test": {
        "confusion_matrices": {
            "abs": [
                "[[1645, 86, 153, 4, 121], [95, 274, 156, 1, 58], [190, 145, 5895, 227, 185], [13, 0, 421, 1426, 0], [115, 41, 636, 3, 1375]]"
            ]
        },
        "markov_matrices": {
            "abs": {
                "actual": [
                    "[[1680, 283, 29, 0, 17], [67, 196, 302, 0, 18], [192, 88, 6163, 147, 52], [23, 1, 123, 1713, 0], [46, 16, 25, 0, 2083]]"
                ],
                "predicted": [
                    "[[1669, 244, 100, 2, 43], [64, 196, 263, 0, 23], [239, 83, 6682, 115, 141], [22, 2, 92, 1544, 1], [63, 21, 124, 0, 1531]]"
                ]
            }
        },
        "metrics": {
            "downstream": {
                "cohen_kappa": [
                    0.6980467157887588
                ],
                "f1_scores": {
                    "N1": [
                        0.4849557522123894
                    ],
                    "N2": [
                        0.8480184132920953
                    ],
                    "N3": [
                        0.8099971598977563
                    ],
                    "REM": [
                        0.7035047326682016
                    ],
                    "Wake": [
                        0.8089500860585198
                    ],
                    "macro": [
                        0.7310852288257925
                    ]
                },
                "loss": [
                    0.7201321675227239
                ],
                "precisions": {
                    "N1": [
                        0.5018315018315018
                    ],
                    "N2": [
                        0.8118716430243768
                    ],
                    "N3": [
                        0.8585189644792294
                    ],
                    "REM": [
                        0.7906843013225991
                    ],
                    "Wake": [
                        0.7993197278911565
                    ],
                    "macro": [
                        0.7524452277097727
                    ]
                },
                "recalls": {
                    "N1": [
                        0.4691780821917808
                    ],
                    "N2": [
                        0.8875338753387534
                    ],
                    "N3": [
                        0.7666666666666667
                    ],
                    "REM": [
                        0.6336405529953917
                    ],
                    "Wake": [
                        0.818815331010453
                    ],
                    "macro": [
                        0.715166901640609
                    ]
                }
            }
        }
    },
    "train": {},
    "valid_pretraining": {}
}
