{"earlystopping":{"confusion_matrices":{"abs":["[[941, 212, 81, 4, 180], [110, 247, 277, 6, 155], [68, 147, 2167, 113, 121], [8, 10, 245, 1050, 5], [10, 62, 55, 0, 1114]]"]},"markov_matrices":{"abs":{"actual":["[[1126, 224, 50, 1, 17], [105, 349, 308, 1, 32], [110, 186, 2216, 66, 37], [28, 7, 32, 1250, 1], [48, 29, 10, 0, 1154]]"],"predicted":["[[851, 157, 71, 2, 56], [81, 299, 184, 7, 106], [106, 105, 2424, 106, 84], [18, 6, 90, 1057, 2], [80, 111, 56, 1, 1327]]"]}},"metrics":{"downstream":{"cohen_kappa":[0.667597188756538],"f1_scores":{"N1":[0.33536999321113375],"N2":[0.7965447528027936],"N3":[0.8430349257326375],"REM":[0.7911931818181818],"Wake":[0.7365949119373777],"macro":[0.7005475531004248]},"loss":[1.7838310241699218],"precisions":{"N1":[0.36430678466076694],"N2":[0.7670796460176991],"N3":[0.8951406649616368],"REM":[0.7073015873015873],"Wake":[0.8276165347405453],"macro":[0.7122890435364472]},"recalls":{"N1":[0.31069182389937106],"N2":[0.8283639143730887],"N3":[0.7966616084977238],"REM":[0.8976631748589847],"Wake":[0.6636107193229901],"macro":[0.6993982481904316]}}}},"test":{"confusion_matrices":{"abs":["[[3134, 478, 158, 12, 902], [283, 787, 718, 9, 516], [135, 269, 4636, 188, 384], [4, 29, 1093, 2845, 21], [26, 110, 198, 0, 2605]]"]},"markov_matrices":{"abs":{"actual":["[[4011, 610, 44, 4, 15], [319, 1176, 689, 6, 122], [195, 395, 4680, 248, 94], [57, 20, 176, 3734, 5], [101, 112, 23, 0, 2703]]"],"predicted":["[[2948, 358, 93, 13, 170], [185, 811, 415, 17, 245], [166, 225, 5901, 265, 245], [38, 16, 242, 2750, 8], [244, 263, 152, 9, 3760]]"]}},"metrics":{"downstream":{"cohen_kappa":[0.6369305125216835],"f1_scores":{"N1":[0.3948820873055695],"N2":[0.7468385018123238],"N3":[0.8075503831961397],"REM":[0.7072078186507398],"Wake":[0.7582869586256956],"macro":[0.6829531499180936]},"loss":[2.1881600404397035],"precisions":{"N1":[0.47041243275552896],"N2":[0.6814640599735411],"N3":[0.9315651604453176],"REM":[0.5883017163504969],"Wake":[0.8749302065884981],"macro":[0.7093347152226764]},"recalls":{"N1":[0.34025075659316906],"N2":[0.8260869565217391],"N3":[0.7126753507014028],"REM":[0.8863559033684927],"Wake":[0.6690862510674637],"macro":[0.6868910436504535]}}}},"train":{},"valid_pretraining":{}}