{"earlystopping":{"confusion_matrices":{"abs":["[[6586, 832, 63, 11, 168], [266, 659, 573, 46, 383], [108, 334, 5329, 745, 590], [13, 32, 238, 831, 14], [161, 89, 116, 29, 2446]]"]},"markov_matrices":{"abs":{"actual":["[[7290, 345, 19, 0, 5], [197, 1257, 361, 3, 109], [94, 200, 6433, 271, 108], [13, 13, 248, 854, 0], [65, 112, 45, 0, 2619]]"],"predicted":["[[6707, 288, 57, 15, 66], [251, 1327, 265, 19, 84], [67, 207, 5690, 182, 173], [28, 33, 146, 1441, 14], [80, 91, 161, 5, 3264]]"]}},"metrics":{"downstream":{"cohen_kappa":[0.6808974133931904],"f1_scores":{"N1":[0.3403046733798089],"N2":[0.7938919925512105],"N3":[0.5956989247311828],"REM":[0.7593914933250543],"Wake":[0.8903609571447885],"macro":[0.675929608226409]},"loss":[1.3128177363698075],"precisions":{"N1":[0.3386433710174717],"N2":[0.843329640765944],"N3":[0.5],"REM":[0.6792557622882532],"Wake":[0.9231847490888702],"macro":[0.6568827046321078]},"recalls":{"N1":[0.3419823559937727],"N2":[0.7499296369265409],"N3":[0.7367021276595744],"REM":[0.8609644491376276],"Wake":[0.8597911227154047],"macro":[0.7098739384865841]}}}},"test":{"confusion_matrices":{"abs":["[[8684, 1105, 183, 23, 786], [961, 1188, 690, 7, 859], [761, 511, 9789, 589, 1270], [88, 46, 542, 1309, 51], [342, 267, 390, 18, 3823]]"]},"markov_matrices":{"abs":{"actual":["[[10118, 616, 19, 0, 27], [361, 2625, 600, 0, 119], [180, 332, 11792, 467, 149], [22, 6, 436, 1569, 3], [99, 126, 73, 0, 4542]]"],"predicted":["[[9717, 535, 331, 23, 229], [499, 2033, 371, 23, 191], [322, 314, 10445, 232, 281], [50, 38, 179, 1656, 23], [247, 197, 268, 12, 6065]]"]}},"metrics":{"downstream":{"cohen_kappa":[0.621860181619716],"f1_scores":{"N1":[0.3482849604221636],"N2":[0.7986456718609773],"N3":[0.6574585635359116],"REM":[0.6574941955456187],"Wake":[0.8034417356709996],"macro":[0.6530650254071342]},"loss":[1.572422995496152],"precisions":{"N1":[0.3811357074109721],"N2":[0.8443160255304468],"N3":[0.6726618705035972],"REM":[0.56311680659891],"Wake":[0.8014027316352897],"macro":[0.6525266283358431]},"recalls":{"N1":[0.32064777327935223],"N2":[0.7576625386996904],"N3":[0.6429273084479371],"REM":[0.7898760330578513],"Wake":[0.8054911418235785],"macro":[0.663320959061682]}}}},"train":{},"valid_pretraining":{}}