{
    "earlystopping": {
        "confusion_matrices": {
            "abs": [
                "[[1107, 151, 83, 7, 24], [13, 253, 120, 0, 26], [38, 102, 3472, 227, 106], [1, 0, 59, 845, 0], [9, 45, 25, 0, 1230]]"
            ]
        },
        "markov_matrices": {
            "abs": {
                "actual": [
                    "[[1122, 217, 18, 0, 15], [56, 131, 215, 0, 10], [138, 60, 3629, 84, 34], [13, 1, 70, 821, 0], [42, 3, 13, 0, 1250]]"
                ],
                "predicted": [
                    "[[955, 187, 12, 1, 13], [65, 311, 149, 0, 26], [92, 42, 3517, 73, 34], [16, 0, 58, 1005, 0], [39, 11, 23, 0, 1313]]"
                ]
            }
        },
        "metrics": {
            "downstream": {
                "cohen_kappa": [
                    0.8114430740660364
                ],
                "f1_scores": {
                    "N1": [
                        0.5254413291796469
                    ],
                    "N2": [
                        0.90134994807892
                    ],
                    "N3": [
                        0.8518145161290323
                    ],
                    "REM": [
                        0.9128014842300557
                    ],
                    "Wake": [
                        0.8716535433070867
                    ],
                    "macro": [
                        0.8126121641849483
                    ]
                },
                "loss": [
                    0.37237903475761414
                ],
                "precisions": {
                    "N1": [
                        0.4591651542649728
                    ],
                    "N2": [
                        0.9236499068901304
                    ],
                    "N3": [
                        0.7831325301204819
                    ],
                    "REM": [
                        0.8874458874458875
                    ],
                    "Wake": [
                        0.9477739726027398
                    ],
                    "macro": [
                        0.8002334902648425
                    ]
                },
                "recalls": {
                    "N1": [
                        0.6140776699029126
                    ],
                    "N2": [
                        0.8801013941698352
                    ],
                    "N3": [
                        0.9337016574585635
                    ],
                    "REM": [
                        0.9396485867074102
                    ],
                    "Wake": [
                        0.8068513119533528
                    ],
                    "macro": [
                        0.8348761240384149
                    ]
                }
            }
        }
    },
    "test": {
        "confusion_matrices": {
            "abs": [
                "[[2095, 258, 257, 18, 128], [51, 407, 226, 10, 87], [69, 204, 5936, 515, 381], [2, 0, 115, 1397, 0], [52, 30, 61, 15, 2060]]"
            ]
        },
        "markov_matrices": {
            "abs": {
                "actual": [
                    "[[2267, 413, 59, 2, 15], [177, 247, 342, 0, 14], [239, 108, 6570, 128, 60], [22, 0, 108, 1384, 0], [50, 13, 26, 0, 2129]]"
                ],
                "predicted": [
                    "[[1858, 326, 52, 7, 26], [132, 439, 282, 0, 46], [184, 109, 6114, 96, 92], [22, 0, 81, 1847, 5], [72, 25, 66, 5, 2487]]"
                ]
            }
        },
        "metrics": {
            "downstream": {
                "cohen_kappa": [
                    0.7524582759167823
                ],
                "f1_scores": {
                    "N1": [
                        0.4845238095238095
                    ],
                    "N2": [
                        0.8665693430656934
                    ],
                    "N3": [
                        0.8054194292303257
                    ],
                    "REM": [
                        0.8453016003282725
                    ],
                    "Wake": [
                        0.8338308457711443
                    ],
                    "macro": [
                        0.7671290055838491
                    ]
                },
                "loss": [
                    0.5352752948629445
                ],
                "precisions": {
                    "N1": [
                        0.45272525027808674
                    ],
                    "N2": [
                        0.9000758150113722
                    ],
                    "N3": [
                        0.7145780051150895
                    ],
                    "REM": [
                        0.7756024096385542
                    ],
                    "Wake": [
                        0.9233142353459673
                    ],
                    "macro": [
                        0.753259143077814
                    ]
                },
                "recalls": {
                    "N1": [
                        0.5211267605633803
                    ],
                    "N2": [
                        0.8354679802955665
                    ],
                    "N3": [
                        0.9227212681638045
                    ],
                    "REM": [
                        0.9287646528403968
                    ],
                    "Wake": [
                        0.7601596516690856
                    ],
                    "macro": [
                        0.7936480627064467
                    ]
                }
            }
        }
    },
    "train": {},
    "valid_pretraining": {}
}
