{"earlystopping":{"confusion_matrices":{"abs":["[[1047, 41, 6, 3, 280], [274, 134, 80, 32, 355], [145, 67, 961, 557, 727], [20, 0, 20, 1371, 132], [17, 3, 9, 0, 1199]]"]},"markov_matrices":{"abs":{"actual":["[[1107, 224, 32, 1, 13], [103, 420, 304, 1, 47], [91, 183, 2069, 75, 39], [26, 6, 44, 1466, 0], [49, 42, 8, 0, 1129]]"],"predicted":["[[1179, 118, 46, 35, 125], [45, 79, 81, 7, 33], [77, 37, 787, 58, 117], [59, 5, 48, 1775, 75], [142, 6, 114, 88, 2343]]"]}},"metrics":{"downstream":{"cohen_kappa":[0.5366715981061858],"f1_scores":{"N1":[0.2392857142857143],"N2":[0.5440135861873762],"N3":[0.7820878494010268],"REM":[0.6115786789084418],"Wake":[0.7270833333333333],"macro":[0.5808098324231785]},"loss":[2.6161237080891926],"precisions":{"N1":[0.5469387755102041],"N2":[0.8931226765799256],"N3":[0.6984207845134998],"REM":[0.44522836984775344],"Wake":[0.6966067864271457],"macro":[0.6560634785757058]},"recalls":{"N1":[0.15314285714285714],"N2":[0.39112739112739114],"N3":[0.8885288399222294],"REM":[0.9763843648208469],"Wake":[0.7603485838779956],"macro":[0.633906407378264]}}}},"test":{"confusion_matrices":{"abs":["[[3610, 221, 68, 32, 1230], [488, 465, 257, 86, 1287], [257, 174, 2065, 927, 2083], [90, 4, 98, 3070, 461], [120, 20, 23, 18, 2112]]"]},"markov_matrices":{"abs":{"actual":["[[4415, 676, 55, 1, 13], [385, 1308, 745, 5, 140], [218, 440, 4532, 223, 93], [51, 23, 150, 3494, 5], [91, 136, 24, 0, 2042]]"],"predicted":["[[3730, 326, 103, 35, 371], [191, 378, 187, 4, 124], [142, 99, 1858, 154, 258], [84, 3, 134, 3725, 187], [417, 78, 229, 215, 6233]]"]}},"metrics":{"downstream":{"cohen_kappa":[0.4892830518180854],"f1_scores":{"N1":[0.268243438130949],"N2":[0.515155294998129],"N3":[0.7815682281059063],"REM":[0.4462286076484259],"Wake":[0.7423401192679416],"macro":[0.5507071376302703]},"loss":[3.4646718878495064],"precisions":{"N1":[0.5260180995475113],"N2":[0.8223815213062525],"N3":[0.7428018388579725],"REM":[0.2944374738603095],"Wake":[0.7907995618838992],"macro":[0.635287699091189]},"recalls":{"N1":[0.1800232288037166],"N2":[0.3750454050127134],"N3":[0.8246038141283911],"REM":[0.9210641081552551],"Wake":[0.6994768455725635],"macro":[0.6000426803345279]}}}},"train":{},"valid_pretraining":{}}