{"earlystopping":{"confusion_matrices":{"abs":["[[0, 120, 368, 14, 606], [0, 79, 267, 1, 81], [0, 91, 3502, 147, 357], [0, 4, 279, 617, 8], [0, 147, 644, 1, 461]]"]},"markov_matrices":{"abs":{"actual":["[[862, 210, 21, 0, 14], [64, 148, 206, 0, 10], [130, 65, 3781, 89, 32], [11, 1, 77, 819, 0], [40, 4, 12, 0, 1197]]"],"predicted":["[[0, 0, 0, 0, 0], [0, 216, 167, 0, 58], [0, 141, 4635, 62, 221], [0, 1, 53, 704, 22], [0, 83, 205, 14, 1211]]"]}},"metrics":{"downstream":{"cohen_kappa":[0.34356995177073946],"f1_scores":{"N1":[0.18181818181818182],"N2":[0.7648793272905974],"N3":[0.731042654028436],"REM":[0.3333333333333333],"Wake":[0.0],"macro":[0.40221469929410975]},"loss":[3.3527045249938965],"precisions":{"N1":[0.17913832199546487],"N2":[0.692094861660079],"N3":[0.791025641025641],"REM":[0.30469266358228686],"Wake":[0.0],"macro":[0.39339029765269434]},"recalls":{"N1":[0.18457943925233644],"N2":[0.8547717842323651],"N3":[0.6795154185022027],"REM":[0.3679169992019154],"Wake":[0.0],"macro":[0.417356728237764]}}}},"test":{"confusion_matrices":{"abs":["[[0, 228, 717, 75, 1351], [0, 94, 332, 3, 325], [0, 198, 5354, 152, 780], [0, 0, 366, 1009, 66], [0, 147, 865, 7, 1105]]"]},"markov_matrices":{"abs":{"actual":["[[1925, 362, 71, 0, 13], [125, 270, 344, 1, 14], [256, 108, 5893, 174, 52], [18, 2, 155, 1266, 0], [46, 12, 21, 0, 2045]]"],"predicted":["[[0, 0, 0, 0, 0], [0, 343, 214, 4, 106], [0, 183, 6808, 113, 529], [0, 7, 93, 1083, 63], [0, 134, 519, 46, 2928]]"]}},"metrics":{"downstream":{"cohen_kappa":[0.3517722964325757],"f1_scores":{"N1":[0.13230119634060522],"N2":[0.7584643717240402],"N3":[0.751023446222553],"REM":[0.3842809946096331],"Wake":[0.0],"macro":[0.4052140017793663]},"loss":[3.3462500939002404],"precisions":{"N1":[0.1409295352323838],"N2":[0.7013361278490962],"N3":[0.8097913322632424],"REM":[0.3046594982078853],"Wake":[0.0],"macro":[0.39134329871052154]},"recalls":{"N1":[0.1246684350132626],"N2":[0.8257248611967921],"N3":[0.7002081887578071],"REM":[0.5202448210922788],"Wake":[0.0],"macro":[0.43416926121202815]}}}},"train":{},"valid_pretraining":{}}