{"earlystopping":{"confusion_matrices":{"abs":["[[1157, 66, 167, 1, 97], [55, 139, 187, 0, 90], [50, 63, 3452, 112, 163], [8, 11, 327, 568, 5], [108, 81, 216, 0, 761]]"]},"markov_matrices":{"abs":{"actual":["[[1224, 231, 17, 0, 15], [74, 164, 222, 0, 11], [132, 73, 3531, 73, 31], [11, 0, 62, 846, 0], [46, 3, 8, 0, 1109]]"],"predicted":["[[1101, 108, 95, 1, 72], [30, 156, 147, 0, 27], [167, 63, 3961, 68, 90], [5, 0, 59, 612, 5], [74, 33, 87, 0, 922]]"]}},"metrics":{"downstream":{"cohen_kappa":[0.6551361181531612],"f1_scores":{"N1":[0.33453670276774966],"N2":[0.8430821834167785],"N3":[0.71],"REM":[0.6669588080631026],"Wake":[0.8073970690858339],"macro":[0.672394952666693]},"loss":[1.7543891668319702],"precisions":{"N1":[0.3861111111111111],"N2":[0.7937456886640607],"N3":[0.8340675477239354],"REM":[0.681899641577061],"Wake":[0.839622641509434],"macro":[0.7070893261171205]},"recalls":{"N1":[0.2951167728237792],"N2":[0.8989583333333333],"N3":[0.6180631120783461],"REM":[0.6526586620926244],"Wake":[0.7775537634408602],"macro":[0.6484701287537886]}}}},"test":{"confusion_matrices":{"abs":["[[1895, 116, 411, 5, 89], [149, 177, 260, 3, 117], [216, 130, 5285, 294, 606], [3, 0, 417, 1047, 60], [345, 101, 771, 14, 940]]"]},"markov_matrices":{"abs":{"actual":["[[2107, 335, 57, 1, 15], [101, 257, 328, 0, 20], [233, 100, 5972, 176, 50], [18, 3, 155, 1350, 1], [56, 11, 19, 0, 2085]]"],"predicted":["[[2086, 175, 245, 2, 99], [67, 240, 161, 0, 56], [315, 74, 6508, 104, 143], [13, 0, 96, 1236, 18], [127, 35, 133, 21, 1496]]"]}},"metrics":{"downstream":{"cohen_kappa":[0.544667578794405],"f1_scores":{"N1":[0.28780487804878047],"N2":[0.772943327239488],"N3":[0.7245674740484428],"REM":[0.47200602560883753],"Wake":[0.739656518345043],"macro":[0.5993956446581183]},"loss":[2.670673229076244],"precisions":{"N1":[0.3377862595419847],"N2":[0.7397816349384099],"N3":[0.7681584739545121],"REM":[0.5187637969094923],"Wake":[0.7266104294478528],"macro":[0.6182201189584504]},"recalls":{"N1":[0.2507082152974504],"N2":[0.8092175777063236],"N3":[0.6856581532416502],"REM":[0.4329801934592354],"Wake":[0.7531796502384738],"macro":[0.5863487579886267]}}}},"train":{},"valid_pretraining":{}}