{"earlystopping":{"confusion_matrices":{"abs":["[[7479, 105, 15, 14, 47], [653, 516, 496, 60, 202], [404, 339, 5264, 866, 233], [16, 9, 188, 898, 17], [272, 76, 136, 72, 2285]]"]},"markov_matrices":{"abs":{"actual":["[[7290, 345, 19, 0, 5], [197, 1257, 361, 3, 109], [94, 200, 6433, 271, 108], [13, 13, 248, 854, 0], [65, 112, 45, 0, 2619]]"],"predicted":["[[8389, 266, 91, 11, 66], [132, 596, 266, 22, 29], [157, 99, 5448, 266, 129], [35, 32, 221, 1605, 17], [110, 52, 73, 6, 2543]]"]}},"metrics":{"downstream":{"cohen_kappa":[0.7130932826681412],"f1_scores":{"N1":[0.3472409152086137],"N2":[0.7972737599394168],"N3":[0.5911784068466096],"REM":[0.8124444444444444],"Wake":[0.9074253821887891],"macro":[0.6911125817255748]},"loss":[1.2100986387671493],"precisions":{"N1":[0.4937799043062201],"N2":[0.8630923102147893],"N3":[0.4701570680628272],"REM":[0.8207614942528736],"Wake":[0.8475747960108794],"macro":[0.6990731145695179]},"recalls":{"N1":[0.2677737415672029],"N2":[0.7407824373768647],"N3":[0.7960992907801419],"REM":[0.8042942625835974],"Wake":[0.9763707571801566],"macro":[0.7170640978975926]}}}},"test":{"confusion_matrices":{"abs":["[[10454, 79, 48, 33, 167], [2593, 407, 282, 16, 407], [3777, 570, 6762, 978, 833], [163, 3, 407, 1438, 25], [1462, 177, 155, 47, 2999]]"]},"markov_matrices":{"abs":{"actual":["[[10118, 616, 19, 0, 27], [361, 2625, 600, 0, 119], [180, 332, 11792, 467, 149], [22, 6, 436, 1569, 3], [99, 126, 73, 0, 4542]]"],"predicted":["[[17660, 312, 221, 33, 222], [163, 713, 257, 22, 81], [276, 120, 6694, 347, 217], [75, 22, 294, 2084, 37], [274, 69, 188, 26, 3874]]"]}},"metrics":{"downstream":{"cohen_kappa":[0.5049260580235337],"f1_scores":{"N1":[0.16474397895162923],"N2":[0.6573344998541849],"N3":[0.6323658751099385],"REM":[0.6469636500916838],"Wake":[0.715292507697571],"macro":[0.5633401023410014]},"loss":[3.0285239148495804],"precisions":{"N1":[0.32928802588996764],"N2":[0.8834596289521819],"N3":[0.572452229299363],"REM":[0.6768223877228616],"Wake":[0.5666431784920591],"macro":[0.6057330900712866]},"recalls":{"N1":[0.10985155195681512],"N2":[0.523374613003096],"N3":[0.706286836935167],"REM":[0.6196280991735538],"Wake":[0.9696688618866525],"macro":[0.5857619925910569]}}}},"train":{},"valid_pretraining":{}}