{"earlystopping":{"confusion_matrices":{"abs":["[[1089, 43, 470, 32, 72], [310, 55, 482, 19, 44], [64, 56, 2046, 128, 61], [1, 6, 352, 1009, 14], [63, 94, 145, 18, 773]]"]},"markov_matrices":{"abs":{"actual":["[[1401, 259, 37, 0, 9], [125, 439, 301, 1, 44], [114, 165, 1969, 73, 33], [25, 5, 43, 1308, 1], [40, 42, 5, 0, 1006]]"],"predicted":["[[1233, 50, 184, 9, 51], [30, 79, 91, 3, 51], [177, 68, 3043, 77, 130], [19, 4, 69, 1092, 21], [68, 53, 108, 24, 711]]"]}},"metrics":{"downstream":{"cohen_kappa":[0.5577693251418865],"f1_scores":{"N1":[0.09450171821305842],"N2":[0.6994871794871795],"N3":[0.7797527047913446],"REM":[0.7515799708313077],"Wake":[0.673677698731828],"macro":[0.5997998544109436]},"loss":[1.8225212097167969],"precisions":{"N1":[0.21653543307086615],"N2":[0.5854077253218885],"N3":[0.8366500829187397],"REM":[0.8018672199170125],"Wake":[0.7131630648330058],"macro":[0.6307247052123024]},"recalls":{"N1":[0.06043956043956044],"N2":[0.8687898089171975],"N3":[0.7301013024602026],"REM":[0.707227813357731],"Wake":[0.638335287221571],"macro":[0.6009787544792525]}}}},"test":{"confusion_matrices":{"abs":["[[4118, 86, 640, 33, 163], [1358, 214, 1533, 15, 287], [701, 178, 5872, 117, 241], [33, 7, 1415, 2295, 51], [501, 203, 367, 16, 1347]]"]},"markov_matrices":{"abs":{"actual":["[[4102, 786, 104, 4, 43], [364, 1729, 1099, 3, 212], [382, 681, 5745, 228, 73], [56, 29, 147, 3566, 3], [135, 182, 14, 0, 2103]]"],"predicted":["[[5660, 191, 616, 29, 215], [117, 231, 203, 6, 131], [597, 144, 8662, 165, 258], [57, 7, 133, 2245, 34], [279, 115, 213, 31, 1451]]"]}},"metrics":{"downstream":{"cohen_kappa":[0.5113810889225794],"f1_scores":{"N1":[0.10451770451770452],"N2":[0.6934341048653755],"N3":[0.7312410387127609],"REM":[0.5956223745301791],"Wake":[0.7008765211471364],"macro":[0.5651383487546313]},"loss":[2.154539418774982],"precisions":{"N1":[0.311046511627907],"N2":[0.5975373969675384],"N3":[0.9268982229402262],"REM":[0.6448061273336525],"Wake":[0.6136194307852779],"macro":[0.6187815379309204]},"recalls":{"N1":[0.06281185793953625],"N2":[0.8259952173301449],"N3":[0.6037884767166535],"REM":[0.5534100246507806],"Wake":[0.817063492063492],"macro":[0.5726138137401214]}}}},"train":{},"valid_pretraining":{}}