{"earlystopping":{"confusion_matrices":{"abs":["[[6445, 555, 15, 0, 101], [320, 802, 524, 30, 136], [194, 434, 5831, 321, 75], [29, 2, 593, 799, 7], [110, 273, 326, 43, 2003]]"]},"markov_matrices":{"abs":{"actual":["[[6823, 271, 17, 0, 4], [151, 1184, 365, 3, 109], [78, 212, 6189, 261, 115], [11, 15, 238, 1166, 0], [52, 130, 46, 0, 2527]]"],"predicted":["[[6558, 349, 122, 17, 51], [211, 1392, 355, 1, 107], [168, 200, 6591, 181, 149], [46, 3, 143, 992, 9], [114, 122, 78, 2, 2006]]"]}},"metrics":{"downstream":{"cohen_kappa":[0.7149807738940477],"f1_scores":{"N1":[0.4136152656008252],"N2":[0.8245192307692307],"N3":[0.609226077011056],"REM":[0.7890486507780186],"Wake":[0.9068523990431968],"macro":[0.7086523246404655]},"loss":[1.609572483943059],"precisions":{"N1":[0.38818973862536305],"N2":[0.7999725613938812],"N3":[0.6697401508801342],"REM":[0.8626184323858742],"Wake":[0.9080022541561004],"macro":[0.7257046274882706]},"recalls":{"N1":[0.44260485651214126],"N2":[0.8506199854121079],"N3":[0.5587412587412588],"REM":[0.7270417422867513],"Wake":[0.9057054525014053],"macro":[0.6969426590907329]}}}},"test":{"confusion_matrices":{"abs":["[[11223, 2918, 427, 11, 843], [618, 1843, 1284, 13, 256], [245, 1241, 9562, 386, 279], [12, 13, 1211, 1016, 1], [84, 549, 456, 22, 2832]]"]},"markov_matrices":{"abs":{"actual":["[[14659, 720, 37, 1, 4], [431, 2829, 660, 3, 91], [229, 338, 10472, 535, 139], [24, 14, 498, 1714, 3], [78, 113, 46, 0, 3706]]"],"predicted":["[[10868, 1018, 152, 2, 141], [737, 4660, 844, 1, 322], [296, 573, 11568, 252, 251], [30, 6, 214, 1188, 10], [250, 307, 162, 5, 3487]]"]}},"metrics":{"downstream":{"cohen_kappa":[0.5977168534684637],"f1_scores":{"N1":[0.3484590659860087],"N2":[0.7757270920374802],"N3":[0.5490407997838422],"REM":[0.6946284032376747],"Wake":[0.813143022750326],"macro":[0.6361996767590663]},"loss":[2.213632243953339],"precisions":{"N1":[0.2807739183424741],"N2":[0.7389489953632148],"N3":[0.7016574585635359],"REM":[0.6725243410116362],"Wake":[0.9212772943687407],"macro":[0.6630364015299204]},"recalls":{"N1":[0.4591429995017439],"N2":[0.8163578929394689],"N3":[0.4509542831779849],"REM":[0.7182348465635303],"Wake":[0.7277266243029439],"macro":[0.6344833292971344]}}}},"train":{},"valid_pretraining":{}}