{
    "earlystopping": {
        "confusion_matrices": {
            "abs": [
                "[[861, 52, 37, 8, 150], [87, 127, 84, 2, 128], [111, 355, 2538, 145, 948], [31, 25, 137, 592, 123], [81, 102, 46, 1, 1023]]"
            ]
        },
        "markov_matrices": {
            "abs": {
                "actual": [
                    "[[862, 210, 21, 0, 14], [64, 148, 206, 0, 10], [130, 65, 3781, 89, 32], [11, 1, 77, 819, 0], [40, 4, 12, 0, 1197]]"
                ],
                "predicted": [
                    "[[890, 126, 30, 3, 122], [80, 446, 96, 7, 32], [58, 51, 2419, 90, 224], [10, 10, 79, 616, 33], [132, 28, 218, 32, 1961]]"
                ]
            }
        },
        "metrics": {
            "downstream": {
                "cohen_kappa": [
                    0.5286763131416441
                ],
                "f1_scores": {
                    "N1": [
                        0.23324150596877868
                    ],
                    "N2": [
                        0.7315175097276264
                    ],
                    "N3": [
                        0.714975845410628
                    ],
                    "REM": [
                        0.5644137931034483
                    ],
                    "Wake": [
                        0.7555945590171128
                    ],
                    "macro": [
                        0.5999486426455188
                    ]
                },
                "loss": [
                    2.112567901611328
                ],
                "precisions": {
                    "N1": [
                        0.19213313161875945
                    ],
                    "N2": [
                        0.8930330752990852
                    ],
                    "N3": [
                        0.7914438502673797
                    ],
                    "REM": [
                        0.43128161888701516
                    ],
                    "Wake": [
                        0.735269000853971
                    ],
                    "macro": [
                        0.6086321353852421
                    ]
                },
                "recalls": {
                    "N1": [
                        0.2967289719626168
                    ],
                    "N2": [
                        0.6194776665853063
                    ],
                    "N3": [
                        0.6519823788546255
                    ],
                    "REM": [
                        0.816440542697526
                    ],
                    "Wake": [
                        0.7770758122743683
                    ],
                    "macro": [
                        0.6323410744748885
                    ]
                }
            }
        }
    },
    "test": {
        "confusion_matrices": {
            "abs": [
                "[[1697, 144, 102, 129, 299], [276, 187, 60, 7, 224], [336, 328, 3447, 458, 1915], [43, 0, 103, 1173, 122], [134, 103, 74, 4, 1809]]"
            ]
        },
        "markov_matrices": {
            "abs": {
                "actual": [
                    "[[1925, 362, 71, 0, 13], [125, 270, 344, 1, 14], [256, 108, 5893, 174, 52], [18, 2, 155, 1266, 0], [46, 12, 21, 0, 2045]]"
                ],
                "predicted": [
                    "[[1958, 207, 65, 50, 205], [113, 406, 151, 13, 79], [139, 76, 3159, 144, 268], [75, 8, 134, 1485, 69], [201, 65, 276, 79, 3748]]"
                ]
            }
        },
        "metrics": {
            "downstream": {
                "cohen_kappa": [
                    0.5100516367244705
                ],
                "f1_scores": {
                    "N1": [
                        0.24670184696569922
                    ],
                    "N2": [
                        0.6712755598831548
                    ],
                    "N3": [
                        0.7303860523038606
                    ],
                    "REM": [
                        0.5572154628060989
                    ],
                    "Wake": [
                        0.6987852583899526
                    ],
                    "macro": [
                        0.5808728360697533
                    ]
                },
                "loss": [
                    2.5142986591045675
                ],
                "precisions": {
                    "N1": [
                        0.24540682414698162
                    ],
                    "N2": [
                        0.910459587955626
                    ],
                    "N3": [
                        0.6623376623376623
                    ],
                    "REM": [
                        0.4140535591668574
                    ],
                    "Wake": [
                        0.6826226870474658
                    ],
                    "macro": [
                        0.5829760641309186
                    ]
                },
                "recalls": {
                    "N1": [
                        0.2480106100795756
                    ],
                    "N2": [
                        0.5316162862430598
                    ],
                    "N3": [
                        0.8140180430256766
                    ],
                    "REM": [
                        0.8516949152542372
                    ],
                    "Wake": [
                        0.7157317587515816
                    ],
                    "macro": [
                        0.6322143226708261
                    ]
                }
            }
        }
    },
    "train": {},
    "valid_pretraining": {}
}
