{"earlystopping":{"confusion_matrices":{"abs":["[[947, 45, 103, 1, 12], [143, 59, 170, 1, 55], [237, 14, 3488, 196, 162], [14, 0, 223, 671, 0], [124, 22, 137, 0, 970]]"]},"markov_matrices":{"abs":{"actual":["[[862, 210, 21, 0, 14], [64, 148, 206, 0, 10], [130, 65, 3781, 89, 32], [11, 1, 77, 819, 0], [40, 4, 12, 0, 1197]]"],"predicted":["[[1188, 77, 158, 4, 38], [23, 60, 34, 1, 22], [156, 2, 3812, 63, 87], [18, 0, 49, 800, 2], [79, 1, 68, 1, 1050]]"]}},"metrics":{"downstream":{"cohen_kappa":[0.6758374916265879],"f1_scores":{"N1":[0.2077464788732394],"N2":[0.8488683377950839],"N3":[0.7552054023635341],"REM":[0.7911908646003263],"Wake":[0.7361057131752817],"macro":[0.6678233593614931]},"loss":[1.578697681427002],"precisions":{"N1":[0.42142857142857143],"N2":[0.8463965057024994],"N3":[0.7721518987341772],"REM":[0.8090075062552127],"Wake":[0.6464163822525597],"macro":[0.6990801728746041]},"recalls":{"N1":[0.1378504672897196],"N2":[0.8513546497437149],"N3":[0.7389867841409692],"REM":[0.7741420590582602],"Wake":[0.8546931407942239],"macro":[0.6714054202053775]}}}},"test":{"confusion_matrices":{"abs":["[[1991, 57, 102, 59, 162], [329, 172, 113, 2, 138], [616, 85, 5026, 138, 619], [10, 0, 362, 1048, 21], [149, 34, 313, 4, 1624]]"]},"markov_matrices":{"abs":{"actual":["[[1925, 362, 71, 0, 13], [125, 270, 344, 1, 14], [256, 108, 5893, 174, 52], [18, 2, 155, 1266, 0], [46, 12, 21, 0, 2045]]"],"predicted":["[[2580, 172, 252, 12, 79], [55, 155, 52, 2, 84], [268, 7, 5288, 118, 234], [36, 2, 90, 1109, 14], [155, 12, 234, 10, 2153]]"]}},"metrics":{"downstream":{"cohen_kappa":[0.6373325045650999],"f1_scores":{"N1":[0.3121597096188748],"N2":[0.8106451612903226],"N3":[0.7786032689450222],"REM":[0.6928327645051194],"Wake":[0.7285034760336627],"macro":[0.6645488760786004]},"loss":[1.9084892272949219],"precisions":{"N1":[0.4942528735632184],"N2":[0.8495605138607167],"N3":[0.8377298161470823],"REM":[0.6333853354134166],"Wake":[0.6432956381260097],"macro":[0.6916448354220888]},"recalls":{"N1":[0.22811671087533156],"N2":[0.7751388032078964],"N3":[0.7272727272727273],"REM":[0.7645951035781544],"Wake":[0.8397300716997048],"macro":[0.666970683326763]}}}},"train":{},"valid_pretraining":{}}