{"earlystopping":{"confusion_matrices":{"abs":["[[793, 342, 495, 24, 52], [116, 140, 638, 7, 9], [39, 48, 2183, 73, 12], [10, 0, 410, 962, 0], [42, 73, 631, 37, 310]]"]},"markov_matrices":{"abs":{"actual":["[[1401, 259, 37, 0, 9], [125, 439, 301, 1, 44], [114, 165, 1969, 73, 33], [25, 5, 43, 1308, 1], [40, 42, 5, 0, 1006]]"],"predicted":["[[714, 110, 143, 5, 27], [87, 293, 198, 4, 21], [151, 166, 3877, 83, 80], [12, 9, 75, 996, 11], [35, 25, 64, 15, 244]]"]}},"metrics":{"downstream":{"cohen_kappa":[0.44442714250460524],"f1_scores":{"N1":[0.18506278916060806],"N2":[0.650476758045292],"N3":[0.7742454728370222],"REM":[0.42005420054200543],"Wake":[0.5861049519586105],"macro":[0.5231888345087077]},"loss":[2.278675842285156],"precisions":{"N1":[0.23217247097844113],"N2":[0.5010328207482213],"N3":[0.8721668177697189],"REM":[0.8093994778067886],"Wake":[0.793],"macro":[0.641554317460634]},"recalls":{"N1":[0.15384615384615385],"N2":[0.926963906581741],"N3":[0.6960926193921853],"REM":[0.2836230558096981],"Wake":[0.46483001172332944],"macro":[0.5050711494706215]}}}},"test":{"confusion_matrices":{"abs":["[[1986, 1538, 1190, 32, 294], [213, 638, 2435, 54, 67], [152, 136, 6564, 236, 21], [99, 0, 1273, 2429, 0], [173, 306, 1228, 43, 684]]"]},"markov_matrices":{"abs":{"actual":["[[4102, 786, 104, 4, 43], [364, 1729, 1099, 3, 212], [382, 681, 5745, 228, 73], [56, 29, 147, 3566, 3], [135, 182, 14, 0, 2103]]"],"predicted":["[[1779, 372, 345, 21, 106], [264, 1605, 641, 8, 100], [380, 521, 11393, 217, 178], [48, 9, 193, 2524, 20], [151, 111, 118, 24, 662]]"]}},"metrics":{"downstream":{"cohen_kappa":[0.4079352929713743],"f1_scores":{"N1":[0.21178423236514524],"N2":[0.6630637911005607],"N3":[0.7366186504927976],"REM":[0.39085714285714285],"Wake":[0.5183348558006002],"macro":[0.5041317345232493]},"loss":[2.3637526756109195],"precisions":{"N1":[0.24369747899159663],"N2":[0.51725768321513],"N3":[0.8693629205440229],"REM":[0.6416510318949343],"Wake":[0.75714830346931],"macro":[0.6058234836229988]},"recalls":{"N1":[0.18726152039917815],"N2":[0.9233366155577437],"N3":[0.6390423572744015],"REM":[0.2810188989317995],"Wake":[0.39404761904761904],"macro":[0.48494140224214843]}}}},"train":{},"valid_pretraining":{}}