{
    "earlystopping": {
        "confusion_matrices": {
            "abs": [
                "[[1059, 85, 189, 21, 18], [55, 88, 213, 5, 51], [209, 43, 2906, 479, 308], [3, 1, 41, 860, 0], [35, 22, 128, 13, 1111]]"
            ]
        },
        "markov_matrices": {
            "abs": {
                "actual": [
                    "[[1122, 217, 18, 0, 15], [56, 131, 215, 0, 10], [138, 60, 3629, 84, 34], [13, 1, 70, 821, 0], [42, 3, 13, 0, 1250]]"
                ],
                "predicted": [
                    "[[1131, 110, 68, 22, 30], [19, 102, 88, 3, 27], [126, 16, 3084, 132, 119], [34, 6, 122, 1203, 13], [50, 5, 115, 18, 1299]]"
                ]
            }
        },
        "metrics": {
            "downstream": {
                "cohen_kappa": [
                    0.6552523754891059
                ],
                "f1_scores": {
                    "N1": [
                        0.27035330261136714
                    ],
                    "N2": [
                        0.7830773376448397
                    ],
                    "N3": [
                        0.7533946561541832
                    ],
                    "REM": [
                        0.7944225956381837
                    ],
                    "Wake": [
                        0.7749725576289791
                    ],
                    "macro": [
                        0.6752440899355105
                    ]
                },
                "loss": [
                    1.736633539199829
                ],
                "precisions": {
                    "N1": [
                        0.3682008368200837
                    ],
                    "N2": [
                        0.8357779695139488
                    ],
                    "N3": [
                        0.6240928882438317
                    ],
                    "REM": [
                        0.7466397849462365
                    ],
                    "Wake": [
                        0.778104335047759
                    ],
                    "macro": [
                        0.670563162914372
                    ]
                },
                "recalls": {
                    "N1": [
                        0.21359223300970873
                    ],
                    "N2": [
                        0.7366286438529784
                    ],
                    "N3": [
                        0.9502762430939227
                    ],
                    "REM": [
                        0.8487394957983193
                    ],
                    "Wake": [
                        0.771865889212828
                    ],
                    "macro": [
                        0.7042205009935514
                    ]
                }
            }
        }
    },
    "test": {
        "confusion_matrices": {
            "abs": [
                "[[2044, 163, 332, 67, 150], [127, 165, 260, 54, 175], [315, 94, 4604, 967, 1125], [109, 6, 64, 1324, 11], [211, 45, 252, 24, 1686]]"
            ]
        },
        "markov_matrices": {
            "abs": {
                "actual": [
                    "[[2267, 413, 59, 2, 15], [177, 247, 342, 0, 14], [239, 108, 6570, 128, 60], [22, 0, 108, 1384, 0], [50, 13, 26, 0, 2129]]"
                ],
                "predicted": [
                    "[[2309, 220, 111, 45, 121], [64, 188, 147, 10, 64], [210, 29, 4813, 244, 216], [57, 12, 232, 2087, 48], [166, 23, 209, 50, 2698]]"
                ]
            }
        },
        "metrics": {
            "downstream": {
                "cohen_kappa": [
                    0.5600157486419144
                ],
                "f1_scores": {
                    "N1": [
                        0.2631578947368421
                    ],
                    "N2": [
                        0.729808987873504
                    ],
                    "N3": [
                        0.670379746835443
                    ],
                    "REM": [
                        0.6285181733457595
                    ],
                    "Wake": [
                        0.7349874145990652
                    ],
                    "macro": [
                        0.6053704434781227
                    ]
                },
                "loss": [
                    2.2604893651501885
                ],
                "precisions": {
                    "N1": [
                        0.3488372093023256
                    ],
                    "N2": [
                        0.8352685050798259
                    ],
                    "N3": [
                        0.5435139573070608
                    ],
                    "REM": [
                        0.5357483317445186
                    ],
                    "Wake": [
                        0.7284390591589451
                    ],
                    "macro": [
                        0.5983614125185351
                    ]
                },
                "recalls": {
                    "N1": [
                        0.2112676056338028
                    ],
                    "N2": [
                        0.6479943701618578
                    ],
                    "N3": [
                        0.8745046235138706
                    ],
                    "REM": [
                        0.7601442741208295
                    ],
                    "Wake": [
                        0.7416545718432511
                    ],
                    "macro": [
                        0.6471130890547224
                    ]
                }
            }
        }
    },
    "train": {},
    "valid_pretraining": {}
}
