{"earlystopping":{"confusion_matrices":{"abs":["[[1256, 94, 108, 0, 0], [65, 142, 201, 0, 0], [302, 185, 3215, 0, 0], [330, 217, 503, 0, 0], [183, 186, 696, 0, 0]]"]},"markov_matrices":{"abs":{"actual":["[[1259, 184, 13, 0, 1], [48, 150, 197, 0, 13], [112, 70, 3412, 84, 24], [12, 1, 71, 966, 0], [26, 3, 9, 0, 1027]]"],"predicted":["[[1701, 313, 121, 0, 0], [164, 292, 368, 0, 0], [270, 219, 4234, 0, 0], [0, 0, 0, 0, 0], [0, 0, 0, 0, 0]]"]}},"metrics":{"downstream":{"cohen_kappa":[0.38081738591211833],"f1_scores":{"N1":[0.23051948051948049],"N2":[0.7632047477744808],"N3":[0.0],"REM":[0.0],"Wake":[0.6989426822481913],"macro":[0.33853338210843054]},"loss":[3.5104479789733887],"precisions":{"N1":[0.17233009708737865],"N2":[0.6807114122379844],"N3":[0.0],"REM":[0.0],"Wake":[0.5880149812734082],"macro":[0.28821129811975427]},"recalls":{"N1":[0.3480392156862745],"N2":[0.8684494867639114],"N3":[0.0],"REM":[0.0],"Wake":[0.8614540466392319],"macro":[0.41558854981788357]}}}},"test":{"confusion_matrices":{"abs":["[[1290, 184, 535, 0, 0], [138, 199, 247, 0, 0], [1033, 498, 5111, 0, 0], [958, 216, 686, 0, 0], [293, 392, 1485, 0, 0]]"]},"markov_matrices":{"abs":{"actual":["[[1680, 283, 29, 0, 17], [67, 196, 302, 0, 18], [192, 88, 6163, 147, 52], [23, 1, 123, 1713, 0], [46, 16, 25, 0, 2083]]"],"predicted":["[[2866, 532, 314, 0, 0], [276, 453, 760, 0, 0], [569, 504, 6990, 0, 0], [0, 0, 0, 0, 0], [0, 0, 0, 0, 0]]"]}},"metrics":{"downstream":{"cohen_kappa":[0.22495348185459418],"f1_scores":{"N1":[0.1919922817173179],"N2":[0.6950904392764858],"N3":[0.0],"REM":[0.0],"Wake":[0.4509701101206083],"macro":[0.2676105662228824]},"loss":[4.723904536320613],"precisions":{"N1":[0.13364674278038952],"N2":[0.6338045634920635],"N3":[0.0],"REM":[0.0],"Wake":[0.34752155172413796],"macro":[0.22299457159931818]},"recalls":{"N1":[0.3407534246575342],"N2":[0.7694971394158386],"N3":[0.0],"REM":[0.0],"Wake":[0.6421105027376804],"macro":[0.3504722133622106]}}}},"train":{},"valid_pretraining":{}}