{"earlystopping":{"confusion_matrices":{"abs":["[[7278, 48, 470, 29, 133], [1301, 53, 454, 52, 86], [3401, 178, 2525, 362, 162], [757, 18, 374, 382, 0], [1836, 38, 349, 28, 531]]"]},"markov_matrices":{"abs":{"actual":["[[7584, 353, 15, 0, 5], [200, 1236, 385, 2, 123], [98, 210, 5964, 245, 111], [13, 14, 220, 1284, 0], [62, 133, 44, 0, 2543]]"],"predicted":["[[12819, 98, 1083, 269, 303], [141, 109, 63, 12, 10], [1050, 84, 2782, 152, 104], [257, 25, 148, 417, 6], [305, 19, 96, 3, 489]]"]}},"metrics":{"downstream":{"cohen_kappa":[0.2666275873117606],"f1_scores":{"N1":[0.046470846120122755],"N2":[0.4675925925925926],"N3":[0.32046979865771813],"REM":[0.28749323226854356],"Wake":[0.6460432293284808],"macro":[0.35361393979349154]},"loss":[2.8787884595917492],"precisions":{"N1":[0.1582089552238806],"N2":[0.6052253116011506],"N3":[0.447831184056272],"REM":[0.5822368421052632],"Wake":[0.4994167295683799],"macro":[0.45858380451098923]},"recalls":{"N1":[0.02723535457348407],"N2":[0.3809595654797827],"N3":[0.2495101241018942],"REM":[0.19086987778576564],"Wake":[0.9145513948228198],"macro":[0.35262526335274924]}}}},"test":{"confusion_matrices":{"abs":["[[11193, 104, 955, 51, 245], [3148, 97, 942, 161, 144], [6388, 341, 4319, 889, 228], [1458, 29, 591, 516, 7], [3074, 74, 620, 42, 762]]"]},"markov_matrices":{"abs":{"actual":["[[11874, 617, 28, 3, 25], [348, 3420, 622, 0, 102], [199, 328, 10935, 568, 135], [29, 16, 522, 2030, 4], [97, 111, 58, 0, 4306]]"],"predicted":["[[22212, 187, 1849, 521, 491], [261, 228, 122, 22, 12], [1811, 160, 4974, 304, 178], [461, 37, 336, 808, 17], [515, 33, 146, 4, 688]]"]}},"metrics":{"downstream":{"cohen_kappa":[0.21434324890487688],"f1_scores":{"N1":[0.03776523262604633],"N2":[0.44089424254797877],"N3":[0.24225352112676057],"REM":[0.25579053373615307],"Wake":[0.5920812504959136],"macro":[0.31375695610657045]},"loss":[3.264854007297092],"precisions":{"N1":[0.15038759689922482],"N2":[0.5815268614514609],"N3":[0.31103074141048825],"REM":[0.5497835497835498],"Wake":[0.44309409762083846],"macro":[0.4071645694331124]},"recalls":{"N1":[0.021593944790739093],"N2":[0.3550349362926428],"N3":[0.19838523644752018],"REM":[0.16666666666666666],"Wake":[0.8920146636914249],"macro":[0.32673908957779874]}}}},"train":{},"valid_pretraining":{}}