{"earlystopping":{"confusion_matrices":{"abs":["[[7407, 168, 235, 45, 103], [349, 285, 928, 95, 289], [36, 85, 5668, 671, 168], [0, 0, 455, 1076, 0], [54, 91, 561, 118, 1958]]"]},"markov_matrices":{"abs":{"actual":["[[7584, 353, 15, 0, 5], [200, 1236, 385, 2, 123], [98, 210, 5964, 245, 111], [13, 14, 220, 1284, 0], [62, 133, 44, 0, 2543]]"],"predicted":["[[7393, 159, 178, 21, 94], [90, 298, 151, 15, 75], [182, 87, 7019, 323, 236], [51, 18, 295, 1625, 16], [129, 67, 204, 21, 2097]]"]}},"metrics":{"downstream":{"cohen_kappa":[0.6995108536188965],"f1_scores":{"N1":[0.22135922330097088],"N2":[0.7831433506044905],"N3":[0.6085972850678733],"REM":[0.7388679245283019],"Wake":[0.9373576309794989],"macro":[0.6578650828962271]},"loss":[1.210831153683546],"precisions":{"N1":[0.45310015898251194],"N2":[0.7223142602268383],"N3":[0.5366583541147132],"REM":[0.7776012708498808],"Wake":[0.9440479225082845],"macro":[0.6867443933364458]},"recalls":{"N1":[0.14645426515930113],"N2":[0.8551599275799638],"N3":[0.7028086218158066],"REM":[0.7038102084831057],"Wake":[0.9307614978637849],"macro":[0.6677989041803924]}}}},"test":{"confusion_matrices":{"abs":["[[10592, 436, 1108, 104, 308], [848, 896, 1797, 241, 710], [332, 707, 9224, 1314, 588], [26, 6, 707, 1860, 2], [419, 173, 1000, 122, 2858]]"]},"markov_matrices":{"abs":{"actual":["[[11874, 617, 28, 3, 25], [348, 3420, 622, 0, 102], [199, 328, 10935, 568, 135], [29, 16, 522, 2030, 4], [97, 111, 58, 0, 4306]]"],"predicted":["[[11234, 463, 297, 57, 165], [301, 1317, 351, 17, 232], [348, 239, 12206, 637, 406], [99, 24, 596, 2903, 19], [234, 175, 386, 27, 3644]]"]}},"metrics":{"downstream":{"cohen_kappa":[0.5859556596264541],"f1_scores":{"N1":[0.2670640834575261],"N2":[0.7095111726472059],"N3":[0.5959628324255046],"REM":[0.6324408054879398],"Wake":[0.8554007672117908],"macro":[0.6120759322459934]},"loss":[1.8907330830891926],"precisions":{"N1":[0.40396753832281335],"N2":[0.6666666666666666],"N3":[0.5108486679483658],"REM":[0.6399462606359158],"Wake":[0.866988622411394],"macro":[0.617683551197031]},"recalls":{"N1":[0.19946571682991987],"N2":[0.7582408549116317],"N3":[0.7151095732410612],"REM":[0.6251093613298337],"Wake":[0.8441185846350016],"macro":[0.6284088181894896]}}}},"train":{},"valid_pretraining":{}}