{"earlystopping":{"confusion_matrices":{"abs":["[[921, 266, 84, 59, 88], [60, 342, 266, 87, 40], [10, 215, 1697, 666, 28], [0, 3, 33, 1282, 0], [9, 164, 99, 50, 919]]"]},"markov_matrices":{"abs":{"actual":["[[1126, 224, 50, 1, 17], [105, 349, 308, 1, 32], [110, 186, 2216, 66, 37], [28, 7, 32, 1250, 1], [48, 29, 10, 0, 1154]]"],"predicted":["[[840, 103, 33, 10, 14], [67, 574, 227, 27, 95], [46, 177, 1758, 142, 55], [20, 36, 114, 1955, 19], [26, 100, 47, 10, 892]]"]}},"metrics":{"downstream":{"cohen_kappa":[0.6130268944478048],"f1_scores":{"N1":[0.3831932773109244],"N2":[0.7078206465067779],"N3":[0.7406123627960717],"REM":[0.7936096718480138],"Wake":[0.7617866004962779],"macro":[0.6774045117916131]},"loss":[1.3214004516601563],"precisions":{"N1":[0.34545454545454546],"N2":[0.778797613584213],"N3":[0.5979477611940298],"REM":[0.8548837209302326],"Wake":[0.921],"macro":[0.6996167282326042]},"recalls":{"N1":[0.43018867924528303],"N2":[0.6487003058103975],"N3":[0.9726858877086495],"REM":[0.7405318291700241],"Wake":[0.6495063469675599],"macro":[0.6883226097803827]}}}},"test":{"confusion_matrices":{"abs":["[[3537, 705, 147, 114, 181], [251, 982, 670, 189, 221], [45, 405, 3561, 1503, 98], [2, 2, 261, 3727, 0], [84, 353, 345, 210, 1947]]"]},"markov_matrices":{"abs":{"actual":["[[4011, 610, 44, 4, 15], [319, 1176, 689, 6, 122], [195, 395, 4680, 248, 94], [57, 20, 176, 3734, 5], [101, 112, 23, 0, 2703]]"],"predicted":["[[3409, 359, 60, 33, 58], [229, 1386, 564, 68, 200], [123, 415, 4012, 285, 148], [60, 96, 226, 5327, 34], [97, 191, 122, 30, 2007]]"]}},"metrics":{"downstream":{"cohen_kappa":[0.6227702263012151],"f1_scores":{"N1":[0.4126050420168067],"N2":[0.6721404303510758],"N3":[0.7656908063687725],"REM":[0.7229855180096547],"Wake":[0.822271300709055],"macro":[0.6791386194910729]},"loss":[1.3175967289851263],"precisions":{"N1":[0.4013077237433592],"N2":[0.7144863563402889],"N3":[0.6489639561204945],"REM":[0.7956681651001226],"Wake":[0.9025261546312835],"macro":[0.6925904711871097]},"recalls":{"N1":[0.42455685257241677],"N2":[0.6345331432644333],"N3":[0.9336172344689379],"REM":[0.6624702279686968],"Wake":[0.7551238257899231],"macro":[0.6820602568128816]}}}},"train":{},"valid_pretraining":{}}