{"earlystopping":{"confusion_matrices":{"abs":["[[5894, 76, 38, 11, 67], [567, 435, 453, 94, 211], [126, 372, 4484, 1228, 287], [2, 0, 140, 1404, 3], [25, 68, 184, 83, 2392]]"]},"markov_matrices":{"abs":{"actual":["[[5819, 253, 12, 0, 1], [157, 1185, 319, 2, 97], [66, 186, 5820, 317, 108], [7, 16, 296, 1230, 0], [36, 120, 50, 0, 2546]]"],"predicted":["[[6322, 219, 39, 9, 24], [86, 565, 230, 7, 63], [119, 111, 4592, 335, 142], [18, 7, 331, 2443, 21], [68, 49, 107, 26, 2710]]"]}},"metrics":{"downstream":{"cohen_kappa":[0.7092397339564982],"f1_scores":{"N1":[0.3209147915898193],"N2":[0.7602577144794845],"N3":[0.6427100022888533],"REM":[0.8375350140056023],"Wake":[0.9281889763779527],"macro":[0.6979212997483424]},"loss":[1.2452586405986064],"precisions":{"N1":[0.45741324921135645],"N2":[0.8461973957350444],"N3":[0.4978723404255319],"REM":[0.8081081081081081],"Wake":[0.8911400060477774],"macro":[0.7001462199055637]},"recalls":{"N1":[0.2471590909090909],"N2":[0.690164691396029],"N3":[0.9063912201420271],"REM":[0.8691860465116279],"Wake":[0.9684521853434112],"macro":[0.7362706468604372]}}}},"test":{"confusion_matrices":{"abs":["[[9405, 89, 88, 28, 72], [1274, 640, 502, 84, 499], [292, 762, 8483, 1904, 1325], [2, 1, 227, 1943, 1], [388, 75, 190, 21, 3963]]"]},"markov_matrices":{"abs":{"actual":["[[9241, 410, 25, 0, 5], [217, 2136, 559, 2, 85], [152, 323, 11813, 339, 139], [16, 13, 311, 1833, 1], [55, 117, 58, 0, 4407]]"],"predicted":["[[10786, 381, 63, 24, 106], [131, 845, 427, 14, 150], [200, 203, 8132, 510, 445], [46, 12, 485, 3401, 36], [197, 126, 383, 31, 5123]]"]}},"metrics":{"downstream":{"cohen_kappa":[0.6717593801746042],"f1_scores":{"N1":[0.2803328953131844],"N2":[0.7623112868439971],"N3":[0.631459213519662],"REM":[0.7550728779651329],"Wake":[0.893883951907998],"macro":[0.6646120451099948]},"loss":[1.2472938299179077],"precisions":{"N1":[0.408423739629866],"N2":[0.8938883034773446],"N3":[0.48819095477386937],"REM":[0.6762798634812287],"Wake":[0.8278320570372326],"macro":[0.6589229836799083]},"recalls":{"N1":[0.21340446815605202],"N2":[0.6644994516684944],"N3":[0.8937442502299908],"REM":[0.8546474013370714],"Wake":[0.9713902086345796],"macro":[0.7195371560052377]}}}},"train":{},"valid_pretraining":{}}