{"earlystopping":{"confusion_matrices":{"abs":["[[6616, 321, 103, 22, 54], [209, 696, 700, 81, 126], [38, 478, 5172, 1074, 93], [0, 18, 114, 1291, 7], [31, 478, 608, 95, 1543]]"]},"markov_matrices":{"abs":{"actual":["[[6823, 271, 17, 0, 4], [151, 1184, 365, 3, 109], [78, 212, 6189, 261, 115], [11, 15, 238, 1166, 0], [52, 130, 46, 0, 2527]]"],"predicted":["[[6676, 148, 44, 5, 20], [73, 1313, 437, 42, 126], [92, 304, 5921, 182, 198], [16, 54, 144, 2332, 17], [36, 172, 151, 2, 1462]]"]}},"metrics":{"downstream":{"cohen_kappa":[0.6814275571956405],"f1_scores":{"N1":[0.36602682093084404],"N2":[0.7632821723730815],"N3":[0.6466316053092913],"REM":[0.6740934906072521],"Wake":[0.9444682369735903],"macro":[0.6789004652388119]},"loss":[1.1775010915902944],"precisions":{"N1":[0.3495730788548468],"N2":[0.772286098252949],"N3":[0.5037065938353492],"REM":[0.8464070213933077],"Wake":[0.9596750797795184],"macro":[0.6863295744231942]},"recalls":{"N1":[0.3841059602649007],"N2":[0.7544857768052516],"N3":[0.9027972027972028],"REM":[0.5600725952813067],"Wake":[0.9297358066329399],"macro":[0.7062394683563203]}}}},"test":{"confusion_matrices":{"abs":["[[12522, 1398, 1005, 94, 403], [428, 1589, 1719, 65, 213], [110, 816, 9360, 1280, 147], [5, 30, 666, 1549, 3], [87, 932, 862, 20, 2042]]"]},"markov_matrices":{"abs":{"actual":["[[14659, 720, 37, 1, 4], [431, 2829, 660, 3, 91], [229, 338, 10472, 535, 139], [24, 14, 498, 1714, 3], [78, 113, 46, 0, 3706]]"],"predicted":["[[12415, 467, 171, 8, 90], [312, 3227, 912, 46, 268], [275, 680, 12116, 282, 259], [17, 75, 233, 2644, 39], [132, 316, 180, 28, 2152]]"]}},"metrics":{"downstream":{"cohen_kappa":[0.6142089820374543],"f1_scores":{"N1":[0.36200022781637997],"N2":[0.7391905231984205],"N3":[0.5888614331876069],"REM":[0.6049474151977485],"Wake":[0.8764611184993351],"macro":[0.6342921435798982]},"loss":[1.369219531751659],"precisions":{"N1":[0.3334732423924449],"N2":[0.6876285630326183],"N3":[0.5149601063829787],"REM":[0.7272079772079773],"Wake":[0.9520985401459854],"macro":[0.6430736858324009]},"recalls":{"N1":[0.39586447433981065],"N2":[0.7991120976692564],"N3":[0.6875277407900577],"REM":[0.5178797869642404],"Wake":[0.8119569446245624],"macro":[0.6424682088775855]}}}},"train":{},"valid_pretraining":{}}