{"earlystopping":{"confusion_matrices":{"abs":["[[6894, 596, 247, 19, 202], [196, 486, 791, 73, 400], [19, 115, 5591, 686, 217], [1, 2, 268, 1259, 1], [17, 120, 369, 61, 2215]]"]},"markov_matrices":{"abs":{"actual":["[[7584, 353, 15, 0, 5], [200, 1236, 385, 2, 123], [98, 210, 5964, 245, 111], [13, 14, 220, 1284, 0], [62, 133, 44, 0, 2543]]"],"predicted":["[[6652, 337, 88, 14, 35], [238, 700, 246, 9, 126], [135, 139, 6526, 254, 212], [28, 7, 245, 1810, 8], [73, 136, 161, 11, 2654]]"]}},"metrics":{"downstream":{"cohen_kappa":[0.709215884771701],"f1_scores":{"N1":[0.29770290964777946],"N2":[0.8048078307182956],"N3":[0.693855056489391],"REM":[0.7615609420663573],"Wake":[0.9140205502154458],"macro":[0.6943894578274539]},"loss":[1.2406207759205887],"precisions":{"N1":[0.3684609552691433],"N2":[0.7694742636939169],"N3":[0.600095328884652],"REM":[0.729818780889621],"Wake":[0.9673074224779009],"macro":[0.6870313502430468]},"recalls":{"N1":[0.249743062692703],"N2":[0.8435425467712734],"N3":[0.8223383409536251],"REM":[0.7961897915168943],"Wake":[0.8662980648404122],"macro":[0.7156223613549816]}}}},"test":{"confusion_matrices":{"abs":["[[9640, 895, 997, 46, 970], [587, 979, 1561, 213, 1152], [139, 559, 8568, 1589, 1310], [21, 3, 433, 2139, 5], [113, 203, 550, 60, 3646]]"]},"markov_matrices":{"abs":{"actual":["[[11874, 617, 28, 3, 25], [348, 3420, 622, 0, 102], [199, 328, 10935, 568, 135], [29, 16, 522, 2030, 4], [97, 111, 58, 0, 4306]]"],"predicted":["[[9677, 494, 173, 35, 120], [346, 1627, 320, 6, 340], [234, 219, 10624, 503, 529], [42, 14, 490, 3469, 32], [200, 285, 502, 34, 6062]]"]}},"metrics":{"downstream":{"cohen_kappa":[0.5806843043500962],"f1_scores":{"N1":[0.27457579582106295],"N2":[0.7059405124824916],"N3":[0.6435018050541517],"REM":[0.6256542256542257],"Wake":[0.8365150989239847],"macro":[0.6172374875871833]},"loss":[2.0769415961371527],"precisions":{"N1":[0.37097385373247443],"N2":[0.7075728796762738],"N3":[0.5285396590066717],"REM":[0.5147536354651984],"Wake":[0.9180952380952381],"macro":[0.6079870531951713]},"recalls":{"N1":[0.21794300979519146],"N2":[0.7043156596794081],"N3":[0.8223760092272203],"REM":[0.7974628171478565],"Wake":[0.7682499203060249],"macro":[0.6620694832311402]}}}},"train":{},"valid_pretraining":{}}