{"earlystopping":{"confusion_matrices":{"abs":["[[1262, 121, 56, 2, 17], [30, 223, 123, 1, 31], [76, 90, 3292, 177, 67], [0, 0, 276, 774, 0], [6, 33, 119, 0, 907]]"]},"markov_matrices":{"abs":{"actual":["[[1259, 184, 13, 0, 1], [48, 150, 197, 0, 13], [112, 70, 3412, 84, 24], [12, 1, 71, 966, 0], [26, 3, 9, 0, 1027]]"],"predicted":["[[1130, 201, 35, 0, 7], [81, 187, 178, 0, 21], [136, 59, 3551, 70, 50], [7, 3, 60, 884, 0], [19, 17, 42, 0, 944]]"]}},"metrics":{"downstream":{"cohen_kappa":[0.767225574591433],"f1_scores":{"N1":[0.5097142857142858],"N2":[0.8699788583509513],"N3":[0.7724550898203593],"REM":[0.8691902252036415],"Wake":[0.8912429378531074],"macro":[0.7825162793884691]},"loss":[0.7560092806816101],"precisions":{"N1":[0.47751605995717344],"N2":[0.851526125193999],"N3":[0.8113207547169812],"REM":[0.8874755381604696],"Wake":[0.9184861717612809],"macro":[0.7892649299579808]},"recalls":{"N1":[0.5465686274509803],"N2":[0.8892490545651],"N3":[0.7371428571428571],"REM":[0.8516431924882629],"Wake":[0.8655692729766804],"macro":[0.7780346009247762]}}}},"test":{"confusion_matrices":{"abs":["[[1500, 157, 109, 4, 239], [66, 265, 160, 1, 92], [209, 122, 5614, 238, 459], [23, 1, 217, 1619, 0], [46, 37, 309, 8, 1770]]"]},"markov_matrices":{"abs":{"actual":["[[1680, 283, 29, 0, 17], [67, 196, 302, 0, 18], [192, 88, 6163, 147, 52], [23, 1, 123, 1713, 0], [46, 16, 25, 0, 2083]]"],"predicted":["[[1417, 263, 69, 13, 82], [77, 214, 268, 1, 21], [198, 90, 5814, 129, 178], [43, 1, 99, 1727, 0], [108, 14, 159, 0, 2279]]"]}},"metrics":{"downstream":{"cohen_kappa":[0.7246972900348899],"f1_scores":{"N1":[0.4545454545454546],"N2":[0.8603172170714888],"N3":[0.8680965147453082],"REM":[0.7484143763213532],"Wake":[0.7786140669608098],"macro":[0.7419975259288829]},"loss":[0.9656793154202975],"precisions":{"N1":[0.45532646048109965],"N2":[0.8759556873147137],"N3":[0.8657754010695187],"REM":[0.69140625],"Wake":[0.8134490238611713],"macro":[0.7403825645453007]},"recalls":{"N1":[0.4537671232876712],"N2":[0.8452273411623005],"N3":[0.8704301075268818],"REM":[0.815668202764977],"Wake":[0.7466401194624191],"macro":[0.74634657884085]}}}},"train":{},"valid_pretraining":{}}