{
    "earlystopping": {
        "confusion_matrices": {
            "abs": [
                "[[1217, 51, 199, 13, 8], [131, 95, 235, 4, 6], [79, 13, 3515, 212, 21], [0, 0, 206, 708, 5], [118, 45, 637, 0, 366]]"
            ]
        },
        "markov_matrices": {
            "abs": {
                "actual": [
                    "[[1224, 231, 17, 0, 15], [74, 164, 222, 0, 11], [132, 73, 3531, 73, 31], [11, 0, 62, 846, 0], [46, 3, 8, 0, 1109]]"
                ],
                "predicted": [
                    "[[1214, 114, 190, 2, 24], [23, 56, 116, 0, 9], [258, 26, 4384, 58, 66], [8, 1, 48, 877, 3], [41, 7, 54, 0, 304]]"
                ]
            }
        },
        "metrics": {
            "downstream": {
                "cohen_kappa": [
                    0.6094107640780078
                ],
                "f1_scores": {
                    "N1": [
                        0.2814814814814815
                    ],
                    "N2": [
                        0.8144114921223354
                    ],
                    "N3": [
                        0.7629310344827586
                    ],
                    "REM": [
                        0.465648854961832
                    ],
                    "Wake": [
                        0.8025057698648204
                    ],
                    "macro": [
                        0.6253957265826455
                    ]
                },
                "loss": [
                    1.3548693656921387
                ],
                "precisions": {
                    "N1": [
                        0.46568627450980393
                    ],
                    "N2": [
                        0.7335141903171953
                    ],
                    "N3": [
                        0.7556029882604055
                    ],
                    "REM": [
                        0.9014778325123153
                    ],
                    "Wake": [
                        0.7877022653721683
                    ],
                    "macro": [
                        0.7287967101943778
                    ]
                },
                "recalls": {
                    "N1": [
                        0.20169851380042464
                    ],
                    "N2": [
                        0.9153645833333334
                    ],
                    "N3": [
                        0.7704026115342764
                    ],
                    "REM": [
                        0.313893653516295
                    ],
                    "Wake": [
                        0.8178763440860215
                    ],
                    "macro": [
                        0.6038471412540701
                    ]
                }
            }
        }
    },
    "test": {
        "confusion_matrices": {
            "abs": [
                "[[1601, 134, 680, 18, 83], [170, 200, 312, 7, 17], [173, 48, 5651, 584, 75], [0, 1, 292, 1227, 7], [243, 160, 1337, 2, 429]]"
            ]
        },
        "markov_matrices": {
            "abs": {
                "actual": [
                    "[[2107, 335, 57, 1, 15], [101, 257, 328, 0, 20], [233, 100, 5972, 176, 50], [18, 3, 155, 1350, 1], [56, 11, 19, 0, 2085]]"
                ],
                "predicted": [
                    "[[1596, 278, 272, 1, 39], [112, 164, 240, 1, 26], [391, 72, 7573, 118, 118], [15, 2, 98, 1697, 26], [72, 27, 89, 21, 402]]"
                ]
            }
        },
        "metrics": {
            "downstream": {
                "cohen_kappa": [
                    0.500216561413696
                ],
                "f1_scores": {
                    "N1": [
                        0.3202562049639711
                    ],
                    "N2": [
                        0.7634938863743835
                    ],
                    "N3": [
                        0.7292719167904904
                    ],
                    "REM": [
                        0.308411214953271
                    ],
                    "Wake": [
                        0.6808420157346374
                    ],
                    "macro": [
                        0.5604550477633508
                    ]
                },
                "loss": [
                    2.0631657353153936
                ],
                "precisions": {
                    "N1": [
                        0.3683241252302026
                    ],
                    "N2": [
                        0.6831479690522244
                    ],
                    "N3": [
                        0.6675734494015234
                    ],
                    "REM": [
                        0.7021276595744681
                    ],
                    "Wake": [
                        0.732053040695016
                    ],
                    "macro": [
                        0.6306452487906868
                    ]
                },
                "recalls": {
                    "N1": [
                        0.28328611898017
                    ],
                    "N2": [
                        0.8652580003062318
                    ],
                    "N3": [
                        0.8035363457760314
                    ],
                    "REM": [
                        0.19760479041916168
                    ],
                    "Wake": [
                        0.6363275039745628
                    ],
                    "macro": [
                        0.5572025518912315
                    ]
                }
            }
        }
    },
    "train": {},
    "valid_pretraining": {}
}
