{"earlystopping":{"confusion_matrices":{"abs":["[[1105, 53, 74, 1, 139], [32, 107, 103, 2, 168], [52, 27, 1703, 289, 1874], [5, 0, 65, 768, 67], [13, 14, 50, 5, 1227]]"]},"markov_matrices":{"abs":{"actual":["[[1122, 217, 18, 0, 15], [56, 131, 215, 0, 10], [138, 60, 3629, 84, 34], [13, 1, 70, 821, 0], [42, 3, 13, 0, 1250]]"],"predicted":["[[998, 106, 27, 3, 73], [18, 61, 104, 1, 17], [81, 29, 1751, 82, 51], [23, 2, 67, 949, 24], [86, 3, 46, 30, 3310]]"]}},"metrics":{"downstream":{"cohen_kappa":[0.49778317740597067],"f1_scores":{"N1":[0.34910277324632955],"N2":[0.5734006734006735],"N3":[0.7796954314720811],"REM":[0.5129598662207357],"Wake":[0.856921287320667],"macro":[0.6144160063320973]},"loss":[3.6503524780273438],"precisions":{"N1":[0.5323383084577115],"N2":[0.8536340852130326],"N3":[0.7211267605633803],"REM":[0.3530935251798561],"Wake":[0.9154929577464789],"macro":[0.6751371274320918]},"recalls":{"N1":[0.25970873786407767],"N2":[0.43168567807351077],"N3":[0.8486187845303867],"REM":[0.9373567608861727],"Wake":[0.8053935860058309],"macro":[0.6565527094719957]}}}},"test":{"confusion_matrices":{"abs":["[[2360, 62, 85, 17, 232], [218, 160, 147, 28, 228], [268, 57, 4158, 629, 1993], [6, 0, 169, 1309, 30], [80, 11, 331, 26, 1770]]"]},"markov_matrices":{"abs":{"actual":["[[2267, 413, 59, 2, 15], [177, 247, 342, 0, 14], [239, 108, 6570, 128, 60], [22, 0, 108, 1384, 0], [50, 13, 26, 0, 2129]]"],"predicted":["[[2483, 164, 116, 38, 131], [41, 75, 143, 5, 26], [193, 38, 4359, 139, 160], [67, 3, 108, 1812, 19], [147, 10, 164, 15, 3917]]"]}},"metrics":{"downstream":{"cohen_kappa":[0.5607501008494706],"f1_scores":{"N1":[0.2987861811391223],"N2":[0.6932888703626511],"N3":[0.74311666193585],"REM":[0.5470560964302272],"Wake":[0.8298171589310829],"macro":[0.6224129937597866]},"loss":[2.2110298419820853],"precisions":{"N1":[0.5517241379310345],"N2":[0.8503067484662576],"N3":[0.6515679442508711],"REM":[0.4161768163649189],"Wake":[0.8049113233287858],"macro":[0.6549373940683736]},"recalls":{"N1":[0.20486555697823303],"N2":[0.5852216748768473],"N3":[0.8645970937912814],"REM":[0.7980162308385933],"Wake":[0.8563134978229318],"macro":[0.6618028108615773]}}}},"train":{},"valid_pretraining":{}}