{"earlystopping":{"confusion_matrices":{"abs":["[[533, 8, 152, 252, 163], [100, 10, 200, 39, 79], [26, 12, 2278, 1181, 600], [0, 0, 14, 791, 103], [52, 18, 174, 31, 978]]"]},"markov_matrices":{"abs":{"actual":["[[862, 210, 21, 0, 14], [64, 148, 206, 0, 10], [130, 65, 3781, 89, 32], [11, 1, 77, 819, 0], [40, 4, 12, 0, 1197]]"],"predicted":["[[628, 8, 34, 13, 28], [7, 29, 6, 0, 6], [3, 3, 2566, 80, 165], [22, 0, 73, 2154, 45], [51, 8, 139, 46, 1679]]"]}},"metrics":{"downstream":{"cohen_kappa":[0.43116599670521516],"f1_scores":{"N1":[0.04201680672268908],"N2":[0.6588575560375994],"N3":[0.49406620861961276],"REM":[0.6158690176322418],"Wake":[0.5860362836723474],"macro":[0.4793691745368981]},"loss":[2.228407382965088],"precisions":{"N1":[0.20833333333333334],"N2":[0.808374733853797],"N3":[0.34481255448997383],"REM":[0.5085803432137286],"Wake":[0.749648382559775],"macro":[0.5239498694901215]},"recalls":{"N1":[0.02336448598130841],"N2":[0.5560165975103735],"N3":[0.8711453744493393],"REM":[0.7805267358339985],"Wake":[0.48104693140794225],"macro":[0.5424200250365925]}}}},"test":{"confusion_matrices":{"abs":["[[1085, 11, 322, 588, 365], [255, 15, 247, 92, 145], [174, 8, 3174, 2290, 838], [0, 0, 30, 1410, 1], [70, 1, 575, 176, 1302]]"]},"markov_matrices":{"abs":{"actual":["[[1925, 362, 71, 0, 13], [125, 270, 344, 1, 14], [256, 108, 5893, 174, 52], [18, 2, 155, 1266, 0], [46, 12, 21, 0, 2045]]"],"predicted":["[[1420, 6, 29, 67, 62], [6, 18, 8, 1, 2], [8, 9, 3939, 184, 207], [69, 0, 206, 4155, 126], [81, 2, 166, 148, 2254]]"]}},"metrics":{"downstream":{"cohen_kappa":[0.36993141417086994],"f1_scores":{"N1":[0.03802281368821293],"N2":[0.5860413589364845],"N3":[0.4702351175587794],"REM":[0.5453403141361256],"Wake":[0.5486725663716814],"macro":[0.43766243413825673]},"loss":[2.4131378760704627],"precisions":{"N1":[0.42857142857142855],"N2":[0.7299908003679852],"N3":[0.3094820017559263],"REM":[0.4911354205960015],"Wake":[0.6849747474747475],"macro":[0.5288308797532177]},"recalls":{"N1":[0.01989389920424403],"N2":[0.4895126465144972],"N3":[0.9784871616932685],"REM":[0.6129943502824858],"Wake":[0.45761282159426403],"macro":[0.511700175857752]}}}},"train":{},"valid_pretraining":{}}