{"earlystopping":{"confusion_matrices":{"abs":["[[1217, 89, 15, 11, 228], [191, 238, 166, 46, 190], [92, 92, 1644, 363, 240], [1, 1, 118, 1295, 2], [24, 22, 28, 42, 1079]]"]},"markov_matrices":{"abs":{"actual":["[[1273, 229, 40, 1, 17], [112, 387, 291, 0, 41], [103, 174, 2054, 62, 37], [22, 5, 35, 1354, 1], [49, 36, 11, 0, 1099]]"],"predicted":["[[1297, 111, 27, 25, 65], [57, 177, 135, 7, 66], [57, 81, 1638, 98, 97], [48, 18, 71, 1592, 27], [65, 55, 100, 35, 1484]]"]}},"metrics":{"downstream":{"cohen_kappa":[0.6622222792725438],"f1_scores":{"N1":[0.3739198743126473],"N2":[0.7469332121762835],"N3":[0.8160050409577819],"REM":[0.7355146557600545],"Wake":[0.7889789303079416],"macro":[0.6922703427029419]},"loss":[1.7390571594238282],"precisions":{"N1":[0.5384615384615384],"N2":[0.8340943683409436],"N3":[0.7370517928286853],"REM":[0.6204715353651524],"Wake":[0.7980327868852459],"macro":[0.7056224043763132]},"recalls":{"N1":[0.28640192539109505],"N2":[0.6762649115590292],"N3":[0.9139026111503176],"REM":[0.902928870292887],"Wake":[0.7801282051282051],"macro":[0.7119253047043068]}}}},"test":{"confusion_matrices":{"abs":["[[4092, 299, 95, 86, 284], [669, 562, 658, 222, 619], [265, 242, 4545, 1351, 700], [20, 7, 747, 3313, 43], [153, 67, 123, 213, 2419]]"]},"markov_matrices":{"abs":{"actual":["[[4051, 689, 82, 1, 32], [350, 1373, 861, 3, 143], [263, 497, 5960, 282, 101], [67, 39, 179, 3844, 1], [124, 132, 21, 0, 2698]]"],"predicted":["[[4501, 319, 90, 70, 218], [171, 436, 357, 45, 168], [166, 219, 5203, 286, 294], [123, 56, 213, 4694, 99], [237, 147, 305, 90, 3286]]"]}},"metrics":{"downstream":{"cohen_kappa":[0.5948749728714224],"f1_scores":{"N1":[0.2876887637573586],"N2":[0.6849521513073619],"N3":[0.7113258185721953],"REM":[0.6872159090909091],"Wake":[0.8139234211834908],"macro":[0.6370212127822631]},"loss":[2.4895773599314137],"precisions":{"N1":[0.47748513169073914],"N2":[0.7368677042801557],"N3":[0.6389585342333655],"REM":[0.595079950799508],"Wake":[0.7870744373918062],"macro":[0.647093151679115]},"recalls":{"N1":[0.20586080586080585],"N2":[0.6398704772631283],"N3":[0.8021791767554479],"REM":[0.813109243697479],"Wake":[0.842668863261944],"macro":[0.660737713367761]}}}},"train":{},"valid_pretraining":{}}