{"earlystopping":{"confusion_matrices":{"abs":["[[741, 729, 87, 12, 137], [121, 442, 310, 2, 35], [81, 317, 1906, 31, 20], [5, 0, 470, 892, 15], [98, 328, 174, 3, 490]]"]},"markov_matrices":{"abs":{"actual":["[[1401, 259, 37, 0, 9], [125, 439, 301, 1, 44], [114, 165, 1969, 73, 33], [25, 5, 43, 1308, 1], [40, 42, 5, 0, 1006]]"],"predicted":["[[675, 172, 130, 1, 68], [125, 1434, 198, 1, 57], [149, 150, 2527, 61, 60], [17, 3, 44, 869, 7], [79, 57, 48, 8, 505]]"]}},"metrics":{"downstream":{"cohen_kappa":[0.4848981255438638],"f1_scores":{"N1":[0.32428466617754953],"N2":[0.7189739720860053],"N3":[0.768303186907838],"REM":[0.547486033519553],"Wake":[0.5385174418604651],"macro":[0.5795130601102823]},"loss":[4.228584798177083],"precisions":{"N1":[0.2433920704845815],"N2":[0.6467594163556158],"N3":[0.948936170212766],"REM":[0.703012912482066],"Wake":[0.7084130019120459],"macro":[0.650102714289415]},"recalls":{"N1":[0.4857142857142857],"N2":[0.8093418259023355],"N3":[0.6454413892908828],"REM":[0.44830741079597436],"Wake":[0.4343493552168816],"macro":[0.5646308533840719]}}}},"test":{"confusion_matrices":{"abs":["[[1998, 2500, 278, 15, 249], [182, 1836, 1259, 11, 119], [108, 961, 5790, 87, 163], [16, 14, 1532, 2150, 89], [203, 933, 382, 6, 910]]"]},"markov_matrices":{"abs":{"actual":["[[4102, 786, 104, 4, 43], [364, 1729, 1099, 3, 212], [382, 681, 5745, 228, 73], [56, 29, 147, 3566, 3], [135, 182, 14, 0, 2103]]"],"predicted":["[[1598, 525, 192, 16, 176], [408, 5065, 589, 7, 175], [262, 457, 8224, 139, 159], [48, 5, 115, 2062, 38], [190, 192, 121, 45, 982]]"]}},"metrics":{"downstream":{"cohen_kappa":[0.45314786108269733],"f1_scores":{"N1":[0.38047870686975443],"N2":[0.708256880733945],"N3":[0.7084019769357496],"REM":[0.4591321897073663],"Wake":[0.5294819133430502],"macro":[0.557150333517973]},"loss":[4.50013094170149],"precisions":{"N1":[0.29404228058936577],"N2":[0.6265555675792663],"N3":[0.9475539885412075],"REM":[0.5947712418300654],"Wake":[0.7969684882329477],"macro":[0.6519783133545707]},"recalls":{"N1":[0.5388905195186381],"N2":[0.8144605429736953],"N3":[0.5656406208892397],"REM":[0.37387017255546423],"Wake":[0.3964285714285714],"macro":[0.5378580854731217]}}}},"train":{},"valid_pretraining":{}}