{
    "earlystopping": {
        "confusion_matrices": {
            "abs": [
                "[[1058, 77, 242, 46, 35], [91, 53, 198, 6, 60], [23, 32, 2957, 539, 151], [0, 0, 189, 861, 0], [84, 117, 272, 73, 519]]"
            ]
        },
        "markov_matrices": {
            "abs": {
                "actual": [
                    "[[1259, 184, 13, 0, 1], [48, 150, 197, 0, 13], [112, 70, 3412, 84, 24], [12, 1, 71, 966, 0], [26, 3, 9, 0, 1027]]"
                ],
                "predicted": [
                    "[[1062, 58, 81, 5, 50], [33, 95, 92, 19, 40], [115, 62, 3344, 220, 117], [13, 15, 218, 1258, 21], [33, 49, 122, 23, 537]]"
                ]
            }
        },
        "metrics": {
            "downstream": {
                "cohen_kappa": [
                    0.57480612041297
                ],
                "f1_scores": {
                    "N1": [
                        0.15429403202328967
                    ],
                    "N2": [
                        0.7822751322751323
                    ],
                    "N3": [
                        0.6687378640776698
                    ],
                    "REM": [
                        0.5672131147540984
                    ],
                    "Wake": [
                        0.7796610169491526
                    ],
                    "macro": [
                        0.5904362320158686
                    ]
                },
                "loss": [
                    1.7564188241958618
                ],
                "precisions": {
                    "N1": [
                        0.18996415770609318
                    ],
                    "N2": [
                        0.7664593053395542
                    ],
                    "N3": [
                        0.5645901639344262
                    ],
                    "REM": [
                        0.6784313725490196
                    ],
                    "Wake": [
                        0.8423566878980892
                    ],
                    "macro": [
                        0.6083603374854365
                    ]
                },
                "recalls": {
                    "N1": [
                        0.12990196078431374
                    ],
                    "N2": [
                        0.7987574284170719
                    ],
                    "N3": [
                        0.82
                    ],
                    "REM": [
                        0.48732394366197185
                    ],
                    "Wake": [
                        0.7256515775034293
                    ],
                    "macro": [
                        0.5923269820733573
                    ]
                }
            }
        }
    },
    "test": {
        "confusion_matrices": {
            "abs": [
                "[[1341, 176, 264, 38, 190], [82, 109, 281, 35, 77], [100, 155, 5078, 1021, 288], [0, 0, 186, 1674, 0], [125, 282, 561, 178, 1024]]"
            ]
        },
        "markov_matrices": {
            "abs": {
                "actual": [
                    "[[1680, 283, 29, 0, 17], [67, 196, 302, 0, 18], [192, 88, 6163, 147, 52], [23, 1, 123, 1713, 0], [46, 16, 25, 0, 2083]]"
                ],
                "predicted": [
                    "[[1325, 96, 129, 7, 91], [72, 369, 182, 37, 62], [160, 136, 5490, 380, 203], [10, 44, 362, 2478, 52], [81, 77, 206, 44, 1171]]"
                ]
            }
        },
        "metrics": {
            "downstream": {
                "cohen_kappa": [
                    0.557256802546751
                ],
                "f1_scores": {
                    "N1": [
                        0.16692189892802448
                    ],
                    "N2": [
                        0.7805102981862896
                    ],
                    "N3": [
                        0.6966292134831461
                    ],
                    "REM": [
                        0.5462790077353961
                    ],
                    "Wake": [
                        0.7333880229696472
                    ],
                    "macro": [
                        0.5847456882605007
                    ]
                },
                "loss": [
                    1.4755967947152944
                ],
                "precisions": {
                    "N1": [
                        0.15096952908587258
                    ],
                    "N2": [
                        0.7971742543171114
                    ],
                    "N3": [
                        0.5682281059063137
                    ],
                    "REM": [
                        0.6485117162761241
                    ],
                    "Wake": [
                        0.8137135922330098
                    ],
                    "macro": [
                        0.5957194395636864
                    ]
                },
                "recalls": {
                    "N1": [
                        0.18664383561643835
                    ],
                    "N2": [
                        0.7645287563986751
                    ],
                    "N3": [
                        0.9
                    ],
                    "REM": [
                        0.471889400921659
                    ],
                    "Wake": [
                        0.6674962667994027
                    ],
                    "macro": [
                        0.598111651947235
                    ]
                }
            }
        }
    },
    "train": {},
    "valid_pretraining": {}
}
