{"earlystopping":{"confusion_matrices":{"abs":["[[1217, 126, 10, 6, 18], [89, 552, 164, 3, 67], [24, 204, 1935, 200, 94], [2, 2, 88, 1451, 0], [12, 63, 14, 0, 1139]]"]},"markov_matrices":{"abs":{"actual":["[[1107, 224, 32, 1, 13], [103, 420, 304, 1, 47], [91, 183, 2069, 75, 39], [26, 6, 44, 1466, 0], [49, 42, 8, 0, 1129]]"],"predicted":["[[1110, 209, 16, 0, 9], [84, 523, 282, 1, 57], [74, 171, 1876, 59, 31], [25, 6, 27, 1600, 1], [50, 38, 10, 0, 1220]]"]}},"metrics":{"downstream":{"cohen_kappa":[0.7968041980837942],"f1_scores":{"N1":[0.605927552140505],"N2":[0.8290488431876607],"N3":[0.9060256009990634],"REM":[0.8947368421052632],"Wake":[0.8945240720323411],"macro":[0.8260525820929667]},"loss":[0.39490219751993816],"precisions":{"N1":[0.5828933474128828],"N2":[0.8751696065128901],"N3":[0.8740963855421687],"REM":[0.8641881638846738],"Wake":[0.9055059523809523],"macro":[0.8203706911467135]},"recalls":{"N1":[0.6308571428571429],"N2":[0.7875457875457875],"N3":[0.9403758911211925],"REM":[0.9275244299674267],"Wake":[0.8838053740014524],"macro":[0.8340217250986004]}}}},"test":{"confusion_matrices":{"abs":["[[4772, 260, 43, 8, 78], [298, 1675, 306, 24, 280], [81, 766, 3682, 646, 331], [26, 3, 397, 3294, 3], [50, 104, 51, 4, 2084]]"]},"markov_matrices":{"abs":{"actual":["[[4415, 676, 55, 1, 13], [385, 1308, 745, 5, 140], [218, 440, 4532, 223, 93], [51, 23, 150, 3494, 5], [91, 136, 24, 0, 2042]]"],"predicted":["[[4558, 606, 34, 0, 28], [349, 1727, 605, 1, 126], [165, 355, 3704, 161, 94], [54, 12, 87, 3812, 11], [100, 108, 49, 2, 2517]]"]}},"metrics":{"downstream":{"cohen_kappa":[0.7512333232074889],"f1_scores":{"N1":[0.621406047115563],"N2":[0.7375062593890837],"N3":[0.8556955448759579],"REM":[0.8222529098441507],"Wake":[0.9187524066230266],"macro":[0.7911226335695565]},"loss":[0.5053212517186215],"precisions":{"N1":[0.5965099715099715],"N2":[0.8220584951998214],"N3":[0.8284708249496981],"REM":[0.7507204610951008],"Wake":[0.9129519801033097],"macro":[0.7821423465715803]},"recalls":{"N1":[0.64847077042199],"N2":[0.6687250272430076],"N3":[0.8847703464947623],"REM":[0.9088530309638029],"Wake":[0.9246270102693277],"macro":[0.8070892370785782]}}}},"train":{},"valid_pretraining":{}}