{"earlystopping":{"confusion_matrices":{"abs":["[[1109, 132, 73, 32, 112], [34, 115, 149, 19, 91], [10, 34, 2684, 575, 399], [0, 0, 101, 865, 84], [17, 14, 135, 32, 867]]"]},"markov_matrices":{"abs":{"actual":["[[1259, 184, 13, 0, 1], [48, 150, 197, 0, 13], [112, 70, 3412, 84, 24], [12, 1, 71, 966, 0], [26, 3, 9, 0, 1027]]"],"predicted":["[[1013, 109, 33, 4, 11], [37, 138, 88, 6, 26], [80, 32, 2816, 73, 141], [16, 4, 64, 1398, 41], [23, 12, 141, 42, 1334]]"]}},"metrics":{"downstream":{"cohen_kappa":[0.6290808126852514],"f1_scores":{"N1":[0.3271692745376956],"N2":[0.7843366452367037],"N3":[0.6723668869024485],"REM":[0.6623376623376623],"Wake":[0.8439878234398782],"macro":[0.6580396584908776]},"loss":[1.9921224117279053],"precisions":{"N1":[0.3898305084745763],"N2":[0.8542329726288987],"N3":[0.5679579776756402],"REM":[0.5582743077913715],"Wake":[0.9478632478632478],"macro":[0.663631802886747]},"recalls":{"N1":[0.2818627450980392],"N2":[0.7250135062128579],"N3":[0.8238095238095238],"REM":[0.8140845070422535],"Wake":[0.7606310013717421],"macro":[0.6810802567068833]}}}},"test":{"confusion_matrices":{"abs":["[[1346, 166, 179, 56, 262], [51, 173, 183, 32, 145], [65, 151, 4302, 1028, 1096], [0, 1, 42, 1700, 117], [52, 165, 378, 201, 1374]]"]},"markov_matrices":{"abs":{"actual":["[[1680, 283, 29, 0, 17], [67, 196, 302, 0, 18], [192, 88, 6163, 147, 52], [23, 1, 123, 1713, 0], [46, 16, 25, 0, 2083]]"],"predicted":["[[1234, 160, 97, 9, 13], [83, 292, 180, 17, 84], [137, 109, 4466, 158, 214], [16, 24, 138, 2736, 103], [43, 71, 203, 97, 2580]]"]}},"metrics":{"downstream":{"cohen_kappa":[0.5423296796665016],"f1_scores":{"N1":[0.2790322580645162],"N2":[0.7337540508272216],"N3":[0.6971498872257534],"REM":[0.5321456235476375],"Wake":[0.7641214873687198],"macro":[0.6012406614067697]},"loss":[2.2800106635460486],"precisions":{"N1":[0.26371951219512196],"N2":[0.8461841070023604],"N3":[0.563473649320517],"REM":[0.4589178356713427],"Wake":[0.8890356671070013],"macro":[0.6042661542592687]},"recalls":{"N1":[0.2962328767123288],"N2":[0.6476964769647696],"N3":[0.9139784946236559],"REM":[0.6331797235023041],"Wake":[0.6699850671976108],"macro":[0.6322145278001339]}}}},"train":{},"valid_pretraining":{}}