{"earlystopping":{"confusion_matrices":{"abs":["[[7363, 0, 191, 37, 367], [277, 0, 1010, 151, 508], [49, 0, 5551, 953, 75], [1, 0, 418, 1110, 2], [37, 0, 877, 125, 1743]]"]},"markov_matrices":{"abs":{"actual":["[[7584, 353, 15, 0, 5], [200, 1236, 385, 2, 123], [98, 210, 5964, 245, 111], [13, 14, 220, 1284, 0], [62, 133, 44, 0, 2543]]"],"predicted":["[[7453, 0, 124, 28, 121], [0, 0, 0, 0, 0], [121, 0, 7344, 272, 310], [35, 0, 261, 2062, 18], [117, 0, 318, 14, 2246]]"]}},"metrics":{"downstream":{"cohen_kappa":[0.6569429291176907],"f1_scores":{"N1":[0.0],"N2":[0.7565247018739353],"N3":[0.5682109035065267],"REM":[0.636479824721563],"Wake":[0.9388587822760599],"macro":[0.580014842475617]},"loss":[0.7954727731099943],"precisions":{"N1":[0.0],"N2":[0.6898222940226171],"N3":[0.4671717171717172],"REM":[0.6467532467532467],"Wake":[0.9528924550278245],"macro":[0.551327942595081]},"recalls":{"N1":[0.0],"N2":[0.8375075437537719],"N3":[0.7250163291966035],"REM":[0.6265276779295471],"Wake":[0.9252324704699674],"macro":[0.622856804269978]}}}},"test":{"confusion_matrices":{"abs":["[[10568, 0, 845, 85, 1050], [968, 0, 2256, 321, 947], [717, 0, 9492, 1620, 336], [28, 0, 715, 1857, 1], [331, 0, 1349, 49, 2843]]"]},"markov_matrices":{"abs":{"actual":["[[11874, 617, 28, 3, 25], [348, 3420, 622, 0, 102], [199, 328, 10935, 568, 135], [29, 16, 522, 2030, 4], [97, 111, 58, 0, 4306]]"],"predicted":["[[12096, 0, 199, 32, 284], [0, 0, 0, 0, 0], [215, 0, 13548, 398, 496], [53, 0, 370, 3466, 43], [247, 0, 540, 36, 4354]]"]}},"metrics":{"downstream":{"cohen_kappa":[0.5564723397578444],"f1_scores":{"N1":[0.0],"N2":[0.7077771978226829],"N3":[0.5684983927751416],"REM":[0.5832393065955482],"Wake":[0.8400635930047695],"macro":[0.5399156980396285]},"loss":[1.0791018803914387],"precisions":{"N1":[0.0],"N2":[0.6476086511564441],"N3":[0.4722787385554425],"REM":[0.5491597450260769],"Wake":[0.8379321281319378],"macro":[0.5013958525739802]},"recalls":{"N1":[0.0],"N2":[0.7802712700369914],"N3":[0.7139561707035755],"REM":[0.6218285214348207],"Wake":[0.8422059292317501],"macro":[0.5916523782814276]}}}},"train":{},"valid_pretraining":{}}