{
    "earlystopping": {
        "confusion_matrices": {
            "abs": [
                "[[1037, 33, 252, 0, 50], [54, 31, 287, 0, 40], [63, 3, 3744, 48, 87], [4, 0, 464, 437, 0], [36, 36, 292, 1, 944]]"
            ]
        },
        "markov_matrices": {
            "abs": {
                "actual": [
                    "[[1122, 217, 18, 0, 15], [56, 131, 215, 0, 10], [138, 60, 3629, 84, 34], [13, 1, 70, 821, 0], [42, 3, 13, 0, 1250]]"
                ],
                "predicted": [
                    "[[983, 42, 141, 2, 26], [18, 46, 16, 0, 23], [140, 5, 4693, 127, 73], [9, 0, 120, 356, 1], [43, 10, 69, 1, 998]]"
                ]
            }
        },
        "metrics": {
            "downstream": {
                "cohen_kappa": [
                    0.6492012493964918
                ],
                "f1_scores": {
                    "N1": [
                        0.12038834951456312
                    ],
                    "N2": [
                        0.8334817453250223
                    ],
                    "N3": [
                        0.6283249460819554
                    ],
                    "REM": [
                        0.776954732510288
                    ],
                    "Wake": [
                        0.8082618862042088
                    ],
                    "macro": [
                        0.6334823319272076
                    ]
                },
                "loss": [
                    2.0610344409942627
                ],
                "precisions": {
                    "N1": [
                        0.30097087378640774
                    ],
                    "N2": [
                        0.7430045643976979
                    ],
                    "N3": [
                        0.8991769547325102
                    ],
                    "REM": [
                        0.8421052631578947
                    ],
                    "Wake": [
                        0.8685092127303182
                    ],
                    "macro": [
                        0.7307533737609657
                    ]
                },
                "recalls": {
                    "N1": [
                        0.07524271844660194
                    ],
                    "N2": [
                        0.9490494296577947
                    ],
                    "N3": [
                        0.48287292817679556
                    ],
                    "REM": [
                        0.721161191749427
                    ],
                    "Wake": [
                        0.7558309037900874
                    ],
                    "macro": [
                        0.5968314343641412
                    ]
                }
            }
        }
    },
    "test": {
        "confusion_matrices": {
            "abs": [
                "[[2010, 66, 424, 16, 240], [159, 55, 401, 10, 156], [123, 132, 5841, 347, 662], [1, 0, 445, 1066, 2], [30, 170, 841, 6, 1171]]"
            ]
        },
        "markov_matrices": {
            "abs": {
                "actual": [
                    "[[2267, 413, 59, 2, 15], [177, 247, 342, 0, 14], [239, 108, 6570, 128, 60], [22, 0, 108, 1384, 0], [50, 13, 26, 0, 2129]]"
                ],
                "predicted": [
                    "[[1937, 59, 253, 7, 67], [21, 223, 70, 5, 104], [246, 44, 7313, 130, 219], [17, 5, 121, 1285, 16], [102, 91, 195, 18, 1825]]"
                ]
            }
        },
        "metrics": {
            "downstream": {
                "cohen_kappa": [
                    0.5536223954566546
                ],
                "f1_scores": {
                    "N1": [
                        0.09136212624584718
                    ],
                    "N2": [
                        0.7758517632994619
                    ],
                    "N3": [
                        0.7205136870564378
                    ],
                    "REM": [
                        0.5264104293099572
                    ],
                    "Wake": [
                        0.791494388659185
                    ],
                    "macro": [
                        0.5811264789141778
                    ]
                },
                "loss": [
                    2.589251288052263
                ],
                "precisions": {
                    "N1": [
                        0.13002364066193853
                    ],
                    "N2": [
                        0.7345321931589537
                    ],
                    "N3": [
                        0.7377162629757785
                    ],
                    "REM": [
                        0.5248767368892873
                    ],
                    "Wake": [
                        0.865260439087387
                    ],
                    "macro": [
                        0.598481854554669
                    ]
                },
                "recalls": {
                    "N1": [
                        0.07042253521126761
                    ],
                    "N2": [
                        0.8220971147079521
                    ],
                    "N3": [
                        0.7040951122853368
                    ],
                    "REM": [
                        0.5279531109107304
                    ],
                    "Wake": [
                        0.7293178519593614
                    ],
                    "macro": [
                        0.5707771450149297
                    ]
                }
            }
        }
    },
    "train": {},
    "valid_pretraining": {}
}
