{
    "earlystopping": {
        "confusion_matrices": {
            "abs": [
                "[[1004, 84, 206, 0, 194], [116, 82, 137, 0, 136], [322, 215, 1825, 62, 1416], [26, 15, 194, 338, 346], [301, 48, 102, 0, 715]]"
            ]
        },
        "markov_matrices": {
            "abs": {
                "actual": [
                    "[[1224, 231, 17, 0, 15], [74, 164, 222, 0, 11], [132, 73, 3531, 73, 31], [11, 0, 62, 846, 0], [46, 3, 8, 0, 1109]]"
                ],
                "predicted": [
                    "[[1401, 162, 47, 0, 158], [79, 152, 179, 0, 34], [112, 100, 2146, 46, 60], [4, 0, 41, 346, 9], [173, 30, 50, 8, 2546]]"
                ]
            }
        },
        "metrics": {
            "downstream": {
                "cohen_kappa": [
                    0.3312534034792858
                ],
                "f1_scores": {
                    "N1": [
                        0.1792349726775956
                    ],
                    "N2": [
                        0.5789974619289341
                    ],
                    "N3": [
                        0.5125094768764216
                    ],
                    "REM": [
                        0.35992952428895036
                    ],
                    "Wake": [
                        0.6165182683451028
                    ],
                    "macro": [
                        0.4494379408234009
                    ]
                },
                "loss": [
                    4.547192573547363
                ],
                "precisions": {
                    "N1": [
                        0.18468468468468469
                    ],
                    "N2": [
                        0.7406655844155844
                    ],
                    "N3": [
                        0.845
                    ],
                    "REM": [
                        0.2547203420021375
                    ],
                    "Wake": [
                        0.567552289429056
                    ],
                    "macro": [
                        0.5185245801062924
                    ]
                },
                "recalls": {
                    "N1": [
                        0.1740976645435244
                    ],
                    "N2": [
                        0.4752604166666667
                    ],
                    "N3": [
                        0.367791077257889
                    ],
                    "REM": [
                        0.6132075471698113
                    ],
                    "Wake": [
                        0.6747311827956989
                    ],
                    "macro": [
                        0.461017577686718
                    ]
                }
            }
        }
    },
    "test": {
        "confusion_matrices": {
            "abs": [
                "[[1548, 155, 424, 13, 376], [211, 105, 190, 3, 197], [621, 430, 3389, 565, 1526], [6, 9, 323, 896, 293], [499, 103, 297, 2, 1270]]"
            ]
        },
        "markov_matrices": {
            "abs": {
                "actual": [
                    "[[2107, 335, 57, 1, 15], [101, 257, 328, 0, 20], [233, 100, 5972, 176, 50], [18, 3, 155, 1350, 1], [56, 11, 19, 0, 2085]]"
                ],
                "predicted": [
                    "[[2178, 259, 125, 8, 314], [110, 288, 324, 9, 71], [244, 179, 3893, 151, 156], [17, 15, 134, 1284, 29], [335, 61, 147, 27, 3092]]"
                ]
            }
        },
        "metrics": {
            "downstream": {
                "cohen_kappa": [
                    0.3671993719573098
                ],
                "f1_scores": {
                    "N1": [
                        0.1392572944297082
                    ],
                    "N2": [
                        0.6076743769051461
                    ],
                    "N3": [
                        0.5961410512308717
                    ],
                    "REM": [
                        0.43545345448311334
                    ],
                    "Wake": [
                        0.5732271801518237
                    ],
                    "macro": [
                        0.47035067144013265
                    ]
                },
                "loss": [
                    3.7265828450520835
                ],
                "precisions": {
                    "N1": [
                        0.13092269326683292
                    ],
                    "N2": [
                        0.7330737616266494
                    ],
                    "N3": [
                        0.605814739688979
                    ],
                    "REM": [
                        0.346805024576734
                    ],
                    "Wake": [
                        0.5365684575389948
                    ],
                    "macro": [
                        0.47063693533963813
                    ]
                },
                "recalls": {
                    "N1": [
                        0.14872521246458922
                    ],
                    "N2": [
                        0.5189098147297504
                    ],
                    "N3": [
                        0.5867714472822528
                    ],
                    "REM": [
                        0.584983878397052
                    ],
                    "Wake": [
                        0.615262321144674
                    ],
                    "macro": [
                        0.4909305348036638
                    ]
                }
            }
        }
    },
    "train": {},
    "valid_ssl": {}
}
