{
    "earlystopping": {
        "confusion_matrices": {
            "abs": [
                "[[1131, 72, 131, 2, 122], [39, 89, 123, 0, 157], [25, 29, 2899, 102, 647], [1, 20, 250, 683, 96], [6, 18, 143, 0, 898]]"
            ]
        },
        "markov_matrices": {
            "abs": {
                "actual": [
                    "[[1259, 184, 13, 0, 1], [48, 150, 197, 0, 13], [112, 70, 3412, 84, 24], [12, 1, 71, 966, 0], [26, 3, 9, 0, 1027]]"
                ],
                "predicted": [
                    "[[1035, 78, 54, 0, 34], [14, 106, 54, 0, 54], [88, 9, 3254, 75, 120], [9, 0, 65, 712, 1], [55, 35, 119, 0, 1711]]"
                ]
            }
        },
        "metrics": {
            "downstream": {
                "cohen_kappa": [
                    0.6300698949728838
                ],
                "f1_scores": {
                    "N1": [
                        0.279874213836478
                    ],
                    "N2": [
                        0.799944812362031
                    ],
                    "N3": [
                        0.743603701687534
                    ],
                    "REM": [
                        0.6016750418760469
                    ],
                    "Wake": [
                        0.850375939849624
                    ],
                    "macro": [
                        0.6550947419223427
                    ]
                },
                "loss": [
                    1.4522141218185425
                ],
                "precisions": {
                    "N1": [
                        0.39035087719298245
                    ],
                    "N2": [
                        0.8175408911449521
                    ],
                    "N3": [
                        0.8678526048284625
                    ],
                    "REM": [
                        0.46770833333333334
                    ],
                    "Wake": [
                        0.9409317803660566
                    ],
                    "macro": [
                        0.6968768973731574
                    ]
                },
                "recalls": {
                    "N1": [
                        0.2181372549019608
                    ],
                    "N2": [
                        0.7830902215018909
                    ],
                    "N3": [
                        0.6504761904761904
                    ],
                    "REM": [
                        0.8431924882629108
                    ],
                    "Wake": [
                        0.7757201646090535
                    ],
                    "macro": [
                        0.6541232639504012
                    ]
                }
            }
        }
    },
    "test": {
        "confusion_matrices": {
            "abs": [
                "[[1434, 128, 261, 2, 184], [105, 115, 243, 1, 120], [204, 54, 5550, 139, 695], [2, 0, 481, 1377, 0], [42, 88, 491, 0, 1549]]"
            ]
        },
        "markov_matrices": {
            "abs": {
                "actual": [
                    "[[1680, 283, 29, 0, 17], [67, 196, 302, 0, 18], [192, 88, 6163, 147, 52], [23, 1, 123, 1713, 0], [46, 16, 25, 0, 2083]]"
                ],
                "predicted": [
                    "[[1441, 137, 154, 4, 51], [57, 157, 103, 0, 68], [187, 46, 6408, 115, 269], [15, 0, 102, 1400, 2], [86, 45, 259, 0, 2158]]"
                ]
            }
        },
        "metrics": {
            "downstream": {
                "cohen_kappa": [
                    0.6330507868960542
                ],
                "f1_scores": {
                    "N1": [
                        0.23735810113519093
                    ],
                    "N2": [
                        0.8121158911325724
                    ],
                    "N3": [
                        0.8150340337377923
                    ],
                    "REM": [
                        0.6566341670199237
                    ],
                    "Wake": [
                        0.755532139093783
                    ],
                    "macro": [
                        0.6553348664238524
                    ]
                },
                "loss": [
                    1.0142188439002404
                ],
                "precisions": {
                    "N1": [
                        0.2987012987012987
                    ],
                    "N2": [
                        0.7899231426131511
                    ],
                    "N3": [
                        0.9065174456879526
                    ],
                    "REM": [
                        0.6079277864992151
                    ],
                    "Wake": [
                        0.8024622271964186
                    ],
                    "macro": [
                        0.6811063801396072
                    ]
                },
                "recalls": {
                    "N1": [
                        0.1969178082191781
                    ],
                    "N2": [
                        0.8355916892502259
                    ],
                    "N3": [
                        0.7403225806451613
                    ],
                    "REM": [
                        0.7138248847926267
                    ],
                    "Wake": [
                        0.7137879542060727
                    ],
                    "macro": [
                        0.6400889834226529
                    ]
                }
            }
        }
    },
    "train": {},
    "valid_pretraining": {}
}
