{
    "earlystopping": {
        "confusion_matrices": {
            "abs": [
                "[[792, 80, 94, 1, 141], [52, 128, 121, 2, 125], [38, 175, 3086, 212, 586], [3, 66, 158, 662, 19], [42, 109, 40, 1, 1061]]"
            ]
        },
        "markov_matrices": {
            "abs": {
                "actual": [
                    "[[862, 210, 21, 0, 14], [64, 148, 206, 0, 10], [130, 65, 3781, 89, 32], [11, 1, 77, 819, 0], [40, 4, 12, 0, 1197]]"
                ],
                "predicted": [
                    "[[685, 126, 50, 7, 59], [75, 271, 176, 4, 32], [78, 139, 3039, 79, 164], [16, 4, 67, 776, 15], [72, 18, 167, 12, 1662]]"
                ]
            }
        },
        "metrics": {
            "downstream": {
                "cohen_kappa": [
                    0.6161284619129028
                ],
                "f1_scores": {
                    "N1": [
                        0.25963488843813387
                    ],
                    "N2": [
                        0.8125329120589785
                    ],
                    "N3": [
                        0.7413213885778276
                    ],
                    "REM": [
                        0.6662480376766091
                    ],
                    "Wake": [
                        0.7783783783783784
                    ],
                    "macro": [
                        0.6516231210259855
                    ]
                },
                "loss": [
                    1.7686502933502197
                ],
                "precisions": {
                    "N1": [
                        0.22939068100358423
                    ],
                    "N2": [
                        0.8819662760788797
                    ],
                    "N3": [
                        0.7539863325740319
                    ],
                    "REM": [
                        0.5491718426501035
                    ],
                    "Wake": [
                        0.8543689320388349
                    ],
                    "macro": [
                        0.653776812869087
                    ]
                },
                "recalls": {
                    "N1": [
                        0.29906542056074764
                    ],
                    "N2": [
                        0.7532340737124725
                    ],
                    "N3": [
                        0.7290748898678414
                    ],
                    "REM": [
                        0.8467677573822825
                    ],
                    "Wake": [
                        0.7148014440433214
                    ],
                    "macro": [
                        0.6685887171133331
                    ]
                }
            }
        }
    },
    "test": {
        "confusion_matrices": {
            "abs": [
                "[[1639, 132, 78, 54, 468], [214, 183, 98, 10, 249], [227, 162, 4360, 150, 1585], [0, 0, 138, 1085, 218], [58, 76, 81, 0, 1909]]"
            ]
        },
        "markov_matrices": {
            "abs": {
                "actual": [
                    "[[1925, 362, 71, 0, 13], [125, 270, 344, 1, 14], [256, 108, 5893, 174, 52], [18, 2, 155, 1266, 0], [46, 12, 21, 0, 2045]]"
                ],
                "predicted": [
                    "[[1771, 146, 74, 8, 139], [72, 239, 173, 5, 64], [113, 107, 4184, 105, 245], [13, 16, 88, 1147, 35], [168, 45, 236, 34, 3946]]"
                ]
            }
        },
        "metrics": {
            "downstream": {
                "cohen_kappa": [
                    0.5818463129203888
                ],
                "f1_scores": {
                    "N1": [
                        0.28003060443764344
                    ],
                    "N2": [
                        0.7758697393006496
                    ],
                    "N3": [
                        0.791970802919708
                    ],
                    "REM": [
                        0.5826339081336792
                    ],
                    "Wake": [
                        0.7269904635174096
                    ],
                    "macro": [
                        0.631499103661818
                    ]
                },
                "loss": [
                    2.5065689086914062
                ],
                "precisions": {
                    "N1": [
                        0.3309222423146474
                    ],
                    "N2": [
                        0.9169295478443743
                    ],
                    "N3": [
                        0.8352578906851424
                    ],
                    "REM": [
                        0.43102280424475053
                    ],
                    "Wake": [
                        0.7666043030869972
                    ],
                    "macro": [
                        0.6561473576351824
                    ]
                },
                "recalls": {
                    "N1": [
                        0.2427055702917772
                    ],
                    "N2": [
                        0.6724244293645898
                    ],
                    "N3": [
                        0.7529493407356003
                    ],
                    "REM": [
                        0.8987758945386064
                    ],
                    "Wake": [
                        0.691269506537326
                    ],
                    "macro": [
                        0.6516249482935799
                    ]
                }
            }
        }
    },
    "train": {},
    "valid_pretraining": {}
}
