{"earlystopping":{"confusion_matrices":{"abs":["[[1113, 58, 21, 16, 43], [193, 371, 201, 28, 48], [81, 272, 1790, 477, 101], [4, 2, 71, 1427, 16], [53, 70, 14, 9, 925]]"]},"markov_matrices":{"abs":{"actual":["[[981, 212, 41, 1, 16], [91, 401, 312, 1, 36], [102, 188, 2320, 72, 38], [30, 5, 38, 1446, 1], [46, 35, 10, 0, 980]]"],"predicted":["[[1159, 195, 46, 12, 32], [73, 363, 238, 18, 80], [94, 146, 1701, 123, 33], [36, 16, 95, 1791, 19], [81, 53, 17, 13, 969]]"]}},"metrics":{"downstream":{"cohen_kappa":[0.6900228942948257],"f1_scores":{"N1":[0.459727385377943],"N2":[0.7430469074304691],"N3":[0.8208225481737129],"REM":[0.8393829401088929],"Wake":[0.825974025974026],"macro":[0.7377907614130088]},"loss":[1.286251958211263],"precisions":{"N1":[0.4799482535575679],"N2":[0.8536003814973772],"N3":[0.7291773122125702],"REM":[0.8164165931156222],"Wake":[0.7707756232686981],"macro":[0.7299836327303673]},"recalls":{"N1":[0.441141498216409],"N2":[0.6578463800073502],"N3":[0.9388157894736842],"REM":[0.8636788048552755],"Wake":[0.8896882494004796],"macro":[0.7582341443906396]}}}},"test":{"confusion_matrices":{"abs":["[[2877, 184, 58, 29, 63], [618, 1055, 613, 81, 232], [421, 954, 4502, 723, 322], [21, 24, 558, 3684, 9], [209, 469, 209, 11, 1913]]"]},"markov_matrices":{"abs":{"actual":["[[2639, 499, 37, 1, 34], [225, 1407, 847, 6, 114], [206, 561, 5876, 194, 85], [45, 19, 132, 4095, 5], [95, 113, 30, 0, 2573]]"],"predicted":["[[3405, 561, 96, 33, 50], [324, 1437, 692, 29, 204], [231, 499, 4819, 318, 73], [60, 26, 279, 4126, 37], [125, 163, 54, 22, 2175]]"]}},"metrics":{"downstream":{"cohen_kappa":[0.6229379854261959],"f1_scores":{"N1":[0.39924314096499525],"N2":[0.7000466490436946],"N3":[0.8349954669084315],"REM":[0.7151401869158879],"Wake":[0.7821122740247384],"macro":[0.6863075435715495]},"loss":[1.8586773994641426],"precisions":{"N1":[0.39277736411020103],"N2":[0.7579124579124579],"N3":[0.8136042402826855],"REM":[0.7534462386766444],"Wake":[0.6939218523878437],"macro":[0.6823324306739665]},"recalls":{"N1":[0.4059253559061177],"N2":[0.6503900606761052],"N3":[0.8575418994413407],"REM":[0.6805407328352899],"Wake":[0.8959825599501713],"macro":[0.698076121761805]}}}},"train":{},"valid_pretraining":{}}