{"earlystopping":{"confusion_matrices":{"abs":["[[828, 136, 97, 6, 41], [112, 107, 155, 18, 36], [771, 375, 1498, 779, 674], [105, 46, 10, 717, 30], [294, 85, 118, 8, 748]]"]},"markov_matrices":{"abs":{"actual":["[[862, 210, 21, 0, 14], [64, 148, 206, 0, 10], [130, 65, 3781, 89, 32], [11, 1, 77, 819, 0], [40, 4, 12, 0, 1197]]"],"predicted":["[[1490, 291, 114, 67, 148], [239, 308, 100, 30, 72], [126, 57, 1536, 99, 60], [85, 20, 87, 1294, 42], [169, 73, 41, 38, 1207]]"]}},"metrics":{"downstream":{"cohen_kappa":[0.3551695725323444],"f1_scores":{"N1":[0.18181818181818182],"N2":[0.5014225941422594],"N3":[0.5886699507389161],"REM":[0.5377426312005751],"Wake":[0.5146053449347421],"macro":[0.4648517405669349]},"loss":[2.7740225791931152],"precisions":{"N1":[0.14285714285714285],"N2":[0.7976570820021299],"N3":[0.46924083769633507],"REM":[0.4892086330935252],"Wake":[0.3924170616113744],"macro":[0.4582761514521015]},"recalls":{"N1":[0.25],"N2":[0.3656333902855748],"N3":[0.789647577092511],"REM":[0.5969672785315243],"Wake":[0.7472924187725631],"macro":[0.5499081329364347]}}}},"test":{"confusion_matrices":{"abs":["[[1855, 120, 34, 50, 312], [447, 153, 44, 20, 90], [1794, 516, 1875, 1048, 1251], [352, 128, 1, 898, 62], [587, 163, 112, 6, 1256]]"]},"markov_matrices":{"abs":{"actual":["[[1925, 362, 71, 0, 13], [125, 270, 344, 1, 14], [256, 108, 5893, 174, 52], [18, 2, 155, 1266, 0], [46, 12, 21, 0, 2045]]"],"predicted":["[[3904, 503, 148, 95, 385], [411, 392, 149, 33, 95], [183, 71, 1563, 158, 90], [108, 28, 149, 1625, 112], [429, 85, 57, 111, 2289]]"]}},"metrics":{"downstream":{"cohen_kappa":[0.3195720733973585],"f1_scores":{"N1":[0.1668484187568157],"N2":[0.43859649122807015],"N3":[0.5186254692463182],"REM":[0.4930323846908734],"Wake":[0.5009451795841209],"macro":[0.42360958870123966]},"loss":[3.0873195941631613],"precisions":{"N1":[0.14166666666666666],"N2":[0.9075508228460794],"N3":[0.44411473788328387],"REM":[0.4227532817233255],"Wake":[0.3684210526315789],"macro":[0.45690131235018683]},"recalls":{"N1":[0.20291777188328913],"N2":[0.2891733497840839],"N3":[0.6231783483691881],"REM":[0.591337099811676],"Wake":[0.7823703078869675],"macro":[0.4977953755470409]}}}},"train":{},"valid_pretraining":{}}