{"earlystopping":{"confusion_matrices":{"abs":["[[1259, 100, 49, 38, 114], [249, 244, 219, 71, 48], [174, 241, 1632, 338, 46], [9, 19, 103, 1282, 4], [45, 62, 133, 77, 878]]"]},"markov_matrices":{"abs":{"actual":["[[1273, 229, 40, 1, 17], [112, 387, 291, 0, 41], [103, 174, 2054, 62, 37], [22, 5, 35, 1354, 1], [49, 36, 11, 0, 1099]]"],"predicted":["[[1400, 161, 111, 24, 40], [125, 262, 188, 39, 52], [114, 157, 1691, 115, 59], [41, 36, 102, 1605, 22], [56, 50, 44, 23, 916]]"]}},"metrics":{"downstream":{"cohen_kappa":[0.6297581367369398],"f1_scores":{"N1":[0.3259853039412158],"N2":[0.7146923582220276],"N3":[0.7955321129382563],"REM":[0.7684901531728665],"Wake":[0.7639563106796117],"macro":[0.6737312477907956]},"loss":[1.2281941731770833],"precisions":{"N1":[0.3663663663663664],"N2":[0.7640449438202247],"N3":[0.7098560354374308],"REM":[0.8055045871559633],"Wake":[0.7252304147465438],"macro":[0.6742004695053058]},"recalls":{"N1":[0.29362214199759323],"N2":[0.6713286713286714],"N3":[0.9047282992237121],"REM":[0.7347280334728034],"Wake":[0.8070512820512821],"macro":[0.6822916856148125]}}}},"test":{"confusion_matrices":{"abs":["[[3935, 329, 160, 205, 227], [863, 668, 757, 282, 160], [350, 474, 4715, 1378, 186], [3, 20, 889, 3209, 9], [252, 178, 511, 308, 1726]]"]},"markov_matrices":{"abs":{"actual":["[[4051, 689, 82, 1, 32], [350, 1373, 861, 3, 143], [263, 497, 5960, 282, 101], [67, 39, 179, 3844, 1], [124, 132, 21, 0, 2698]]"],"predicted":["[[4495, 480, 253, 62, 112], [360, 707, 417, 103, 82], [287, 297, 5982, 308, 158], [114, 93, 270, 4843, 62], [147, 92, 110, 66, 1893]]"]}},"metrics":{"downstream":{"cohen_kappa":[0.5499061323513499],"f1_scores":{"N1":[0.3037053875880882],"N2":[0.6671383091616555],"N3":[0.674726661059714],"REM":[0.6534166193450691],"Wake":[0.7671312993469149],"macro":[0.6132236553002882]},"loss":[1.785539139148801],"precisions":{"N1":[0.40023966446974235],"N2":[0.6705062571103527],"N3":[0.5962467484206615],"REM":[0.7478336221837089],"Wake":[0.7282990930964279],"macro":[0.6286250770561788]},"recalls":{"N1":[0.24468864468864468],"N2":[0.6638040264676897],"N3":[0.776997578692494],"REM":[0.5801680672268907],"Wake":[0.810337726523888],"macro":[0.6151992087199214]}}}},"train":{},"valid_pretraining":{}}