{"earlystopping":{"confusion_matrices":{"abs":["[[7263, 18, 195, 79, 403], [278, 32, 1160, 87, 389], [21, 31, 6022, 455, 99], [1, 0, 606, 920, 4], [49, 19, 1019, 73, 1622]]"]},"markov_matrices":{"abs":{"actual":["[[7584, 353, 15, 0, 5], [200, 1236, 385, 2, 123], [98, 210, 5964, 245, 111], [13, 14, 220, 1284, 0], [62, 133, 44, 0, 2543]]"],"predicted":["[[7349, 8, 120, 11, 123], [3, 17, 47, 10, 23], [114, 39, 8207, 248, 394], [20, 8, 241, 1323, 22], [125, 28, 387, 22, 1955]]"]}},"metrics":{"downstream":{"cohen_kappa":[0.6587931082906199],"f1_scores":{"N1":[0.03128054740957967],"N2":[0.7705694177863084],"N3":[0.5850556438791733],"REM":[0.6121909794300812],"Wake":[0.9329479768786128],"macro":[0.586408913076751]},"loss":[1.1654950583853372],"precisions":{"N1":[0.32],"N2":[0.6689624527882693],"N3":[0.5700123915737298],"REM":[0.6444179578863727],"Wake":[0.9541513399894903],"macro":[0.6315088284475724]},"recalls":{"N1":[0.01644398766700925],"N2":[0.9085697042848522],"N3":[0.6009144350097975],"REM":[0.5830337886412653],"Wake":[0.912666499120382],"macro":[0.6043256829446613]}}}},"test":{"confusion_matrices":{"abs":["[[10982, 39, 590, 237, 700], [832, 70, 2553, 345, 692], [604, 43, 10368, 861, 289], [29, 7, 1154, 1410, 1], [201, 15, 1518, 48, 2790]]"]},"markov_matrices":{"abs":{"actual":["[[11874, 617, 28, 3, 25], [348, 3420, 622, 0, 102], [199, 328, 10935, 568, 135], [29, 16, 522, 2030, 4], [97, 111, 58, 0, 4306]]"],"predicted":["[[12066, 18, 214, 54, 295], [12, 24, 89, 10, 39], [198, 72, 14898, 433, 582], [56, 14, 424, 2368, 39], [315, 46, 558, 36, 3517]]"]}},"metrics":{"downstream":{"cohen_kappa":[0.5832275637074271],"f1_scores":{"N1":[0.03000428632661809],"N2":[0.7314801749682517],"N3":[0.5125408942202835],"REM":[0.616983635559487],"Wake":[0.8717256707413875],"macro":[0.5525469323632055]},"loss":[1.5783970091078017],"precisions":{"N1":[0.40229885057471265],"N2":[0.6406723104492369],"N3":[0.4860392967942089],"REM":[0.6238819320214669],"Wake":[0.8682795698924731],"macro":[0.6042343919464197]},"recalls":{"N1":[0.015583259127337488],"N2":[0.8522811344019728],"N3":[0.5420991926182238],"REM":[0.610236220472441],"Wake":[0.8751992349378387],"macro":[0.5790798083115627]}}}},"train":{},"valid_pretraining":{}}