{"earlystopping":{"confusion_matrices":{"abs":["[[7797, 73, 47, 5, 36], [690, 315, 681, 31, 229], [156, 210, 5631, 410, 221], [12, 0, 402, 1113, 4], [211, 95, 253, 13, 2210]]"]},"markov_matrices":{"abs":{"actual":["[[7584, 353, 15, 0, 5], [200, 1236, 385, 2, 123], [98, 210, 5964, 245, 111], [13, 14, 220, 1284, 0], [62, 133, 44, 0, 2543]]"],"predicted":["[[8367, 188, 182, 5, 123], [80, 288, 219, 2, 104], [217, 121, 6322, 195, 159], [25, 3, 167, 1368, 9], [176, 93, 124, 2, 2305]]"]}},"metrics":{"downstream":{"cohen_kappa":[0.7427416386771915],"f1_scores":{"N1":[0.23872679045092837],"N2":[0.8255387773053804],"N3":[0.7173702868192072],"REM":[0.8062750820868296],"Wake":[0.9268901569186876],"macro":[0.7029602187162067]},"loss":[1.369935105486614],"precisions":{"N1":[0.45454545454545453],"N2":[0.8028229255774166],"N3":[0.7080152671755725],"REM":[0.8185185185185185],"Wake":[0.8794270245883149],"macro":[0.7326658380810553]},"recalls":{"N1":[0.1618705035971223],"N2":[0.8495775497887749],"N3":[0.7269758327890268],"REM":[0.794392523364486],"Wake":[0.9797687861271677],"macro":[0.7025170391333155]}}}},"test":{"confusion_matrices":{"abs":["[[11652, 260, 429, 5, 202], [1598, 655, 1456, 91, 692], [753, 511, 9471, 704, 726], [44, 0, 784, 1768, 5], [712, 139, 602, 1, 3118]]"]},"markov_matrices":{"abs":{"actual":["[[11874, 617, 28, 3, 25], [348, 3420, 622, 0, 102], [199, 328, 10935, 568, 135], [29, 16, 522, 2030, 4], [97, 111, 58, 0, 4306]]"],"predicted":["[[13871, 405, 229, 4, 249], [197, 745, 366, 0, 257], [308, 201, 11462, 391, 380], [31, 4, 355, 2169, 10], [351, 210, 330, 5, 3847]]"]}},"metrics":{"downstream":{"cohen_kappa":[0.6271460604823833],"f1_scores":{"N1":[0.21627868581806176],"N2":[0.7605090938290441],"N3":[0.6839458413926499],"REM":[0.6694578636607622],"Wake":[0.8534075511773538],"macro":[0.6367198071755743]},"loss":[2.2488494449191623],"precisions":{"N1":[0.4185303514376997],"N2":[0.7432899073928739],"N3":[0.6882055274425847],"REM":[0.6573898376554923],"Wake":[0.7894843824107325],"macro":[0.6593800012678767]},"recalls":{"N1":[0.14581478183437221],"N2":[0.7785450061652281],"N3":[0.6797385620915033],"REM":[0.6819772528433946],"Wake":[0.9285941982786101],"macro":[0.6429339602426217]}}}},"train":{},"valid_pretraining":{}}