{"earlystopping":{"confusion_matrices":{"abs":["[[987, 260, 35, 8, 87], [82, 420, 223, 13, 137], [49, 171, 1461, 498, 278], [25, 0, 26, 1441, 51], [36, 71, 25, 0, 1096]]"]},"markov_matrices":{"abs":{"actual":["[[1107, 224, 32, 1, 13], [103, 420, 304, 1, 47], [91, 183, 2069, 75, 39], [26, 6, 44, 1466, 0], [49, 42, 8, 0, 1129]]"],"predicted":["[[912, 186, 33, 20, 28], [116, 514, 202, 1, 89], [51, 140, 1386, 101, 92], [38, 7, 79, 1811, 24], [61, 75, 70, 27, 1416]]"]}},"metrics":{"downstream":{"cohen_kappa":[0.6482255744154988],"f1_scores":{"N1":[0.4674457429048414],"N2":[0.6912704045422285],"N3":[0.8227233799600343],"REM":[0.7619047619047619],"Wake":[0.7723004694835681],"macro":[0.7031289517590869]},"loss":[1.4913745880126954],"precisions":{"N1":[0.455531453362256],"N2":[0.8254237288135593],"N3":[0.735204081632653],"REM":[0.6646452395391146],"Wake":[0.8371501272264631],"macro":[0.7035909261148092]},"recalls":{"N1":[0.48],"N2":[0.5946275946275946],"N3":[0.9338950097213221],"REM":[0.8925081433224755],"Wake":[0.7167755991285403],"macro":[0.7235612693599865]}}}},"test":{"confusion_matrices":{"abs":["[[3948, 916, 150, 32, 115], [324, 1229, 477, 83, 470], [111, 579, 2798, 1093, 925], [93, 1, 202, 3351, 76], [146, 210, 66, 36, 1835]]"]},"markov_matrices":{"abs":{"actual":["[[4415, 676, 55, 1, 13], [385, 1308, 745, 5, 140], [218, 440, 4532, 223, 93], [51, 23, 150, 3494, 5], [91, 136, 24, 0, 2042]]"],"predicted":["[[3777, 659, 48, 46, 91], [459, 1713, 560, 10, 193], [150, 378, 2778, 255, 132], [93, 13, 211, 4195, 83], [142, 172, 96, 89, 2922]]"]}},"metrics":{"downstream":{"cohen_kappa":[0.6005582970245436],"f1_scores":{"N1":[0.4454512504530627],"N2":[0.6083269920643548],"N3":[0.8057225294541958],"REM":[0.6422821141057052],"Wake":[0.807114382091383],"macro":[0.6617794536337402]},"loss":[1.9286362497430098],"precisions":{"N1":[0.4187393526405451],"N2":[0.7576496073652856],"N3":[0.7292709466811752],"REM":[0.5363928675825782],"Wake":[0.8541756815231502],"macro":[0.6592456911585469]},"recalls":{"N1":[0.47580332946186604],"N2":[0.5081729022884126],"N3":[0.9000805801772764],"REM":[0.8002616659398168],"Wake":[0.7649680294516567],"macro":[0.6898573014638057]}}}},"train":{},"valid_pretraining":{}}