{"earlystopping":{"confusion_matrices":{"abs":["[[1217, 83, 88, 5, 65], [27, 147, 165, 1, 68], [23, 36, 3286, 153, 204], [0, 0, 366, 683, 1], [5, 6, 109, 0, 945]]"]},"markov_matrices":{"abs":{"actual":["[[1259, 184, 13, 0, 1], [48, 150, 197, 0, 13], [112, 70, 3412, 84, 24], [12, 1, 71, 966, 0], [26, 3, 9, 0, 1027]]"],"predicted":["[[1095, 128, 26, 1, 21], [35, 101, 109, 0, 27], [103, 26, 3671, 124, 90], [7, 2, 114, 714, 5], [31, 15, 94, 3, 1140]]"]}},"metrics":{"downstream":{"cohen_kappa":[0.7298145498064281],"f1_scores":{"N1":[0.4323529411764706],"N2":[0.8517366511145672],"N3":[0.7219873150105707],"REM":[0.8049403747870528],"Wake":[0.8915750915750916],"macro":[0.7405184747327506]},"loss":[0.748260498046875],"precisions":{"N1":[0.5404411764705882],"N2":[0.8186347782760339],"N3":[0.8111638954869359],"REM":[0.7365549493374902],"Wake":[0.9567610062893082],"macro":[0.7727111611720712]},"recalls":{"N1":[0.3602941176470588],"N2":[0.8876283090221502],"N3":[0.6504761904761904],"REM":[0.8873239436619719],"Wake":[0.8347050754458162],"macro":[0.7240855272506375]}}}},"test":{"confusion_matrices":{"abs":["[[1454, 96, 227, 0, 232], [48, 214, 224, 4, 94], [105, 69, 5712, 392, 364], [21, 0, 399, 1440, 0], [33, 22, 342, 29, 1744]]"]},"markov_matrices":{"abs":{"actual":["[[1680, 283, 29, 0, 17], [67, 196, 302, 0, 18], [192, 88, 6163, 147, 52], [23, 1, 123, 1713, 0], [46, 16, 25, 0, 2083]]"],"predicted":["[[1310, 189, 81, 14, 67], [50, 135, 187, 2, 27], [191, 49, 6218, 259, 186], [34, 3, 243, 1561, 24], [75, 25, 175, 29, 2130]]"]}},"metrics":{"downstream":{"cohen_kappa":[0.6958045234806758],"f1_scores":{"N1":[0.43451776649746193],"N2":[0.8433485899896649],"N3":[0.7731543624161075],"REM":[0.7576020851433536],"Wake":[0.7923705722070844],"macro":[0.7201986752507344]},"loss":[0.9071972186748798],"precisions":{"N1":[0.5336658354114713],"N2":[0.8273464658169177],"N3":[0.7721179624664879],"REM":[0.7165160230073953],"Wake":[0.8753762793497892],"macro":[0.7450045132104123]},"recalls":{"N1":[0.3664383561643836],"N2":[0.8599819331526649],"N3":[0.7741935483870968],"REM":[0.8036866359447005],"Wake":[0.7237431557989049],"macro":[0.70560872588955]}}}},"train":{},"valid_pretraining":{}}