{"earlystopping":{"confusion_matrices":{"abs":["[[991, 389, 19, 38, 269], [198, 363, 177, 54, 118], [56, 363, 1372, 431, 133], [1, 9, 73, 1295, 4], [7, 92, 19, 12, 963]]"]},"markov_matrices":{"abs":{"actual":["[[1401, 259, 37, 0, 9], [125, 439, 301, 1, 44], [114, 165, 1969, 73, 33], [25, 5, 43, 1308, 1], [40, 42, 5, 0, 1006]]"],"predicted":["[[1014, 135, 61, 10, 33], [64, 855, 172, 39, 86], [91, 103, 1380, 45, 41], [26, 31, 33, 1712, 28], [57, 92, 14, 24, 1299]]"]}},"metrics":{"downstream":{"cohen_kappa":[0.5846376829391998],"f1_scores":{"N1":[0.34148635936030103],"N2":[0.6834371108343711],"N3":[0.8063511830635118],"REM":[0.7465116279069768],"Wake":[0.6698208854342683],"macro":[0.6495214333198858]},"loss":[2.2057418823242188],"precisions":{"N1":[0.29851973684210525],"N2":[0.8265060240963855],"N3":[0.7076502732240437],"REM":[0.6476126429051782],"Wake":[0.790901835594573],"macro":[0.6542381025324571]},"recalls":{"N1":[0.3989010989010989],"N2":[0.5825902335456475],"N3":[0.9370477568740955],"REM":[0.8810612991765783],"Wake":[0.5808909730363423],"macro":[0.6760982723067525]}}}},"test":{"confusion_matrices":{"abs":["[[3610, 812, 179, 37, 402], [753, 1409, 797, 64, 384], [425, 1163, 4784, 439, 298], [11, 29, 679, 2984, 98], [171, 271, 69, 16, 1907]]"]},"markov_matrices":{"abs":{"actual":["[[4102, 786, 104, 4, 43], [364, 1729, 1099, 3, 212], [382, 681, 5745, 228, 73], [56, 29, 147, 3566, 3], [135, 182, 14, 0, 2103]]"],"predicted":["[[4172, 573, 142, 17, 66], [301, 2385, 766, 14, 218], [296, 514, 5377, 169, 151], [46, 22, 112, 3315, 45], [154, 190, 111, 25, 2609]]"]}},"metrics":{"downstream":{"cohen_kappa":[0.582034048430121],"f1_scores":{"N1":[0.3974051614722888],"N2":[0.7026510978923405],"N3":[0.8129682604549788],"REM":[0.690566720984972],"Wake":[0.7212787212787213],"macro":[0.6649739924166603]},"loss":[1.9958595453306687],"precisions":{"N1":[0.38246471226927253],"N2":[0.7350952673632453],"N3":[0.8429378531073446],"REM":[0.6173518938167691],"Wake":[0.7263581488933601],"macro":[0.6608415750899983]},"recalls":{"N1":[0.41356031699442325],"N2":[0.6729497819665213],"N3":[0.7850565640620889],"REM":[0.7834839769926047],"Wake":[0.7162698412698413],"macro":[0.6742640962570959]}}}},"train":{},"valid_pretraining":{}}