{"earlystopping":{},"train":{"metrics":{"freq":{"acc_freq":[0.00766,0.04681,0.04901,0.04989,0.05021,0.05021,0.05296,0.06071,0.0523,0.08635,0.10093,0.11399,0.12669,0.13665,0.1462,0.15738,0.16458,0.17235,0.17684,0.18128],"hamming_freq":[0.512107,0.5244055000000001,0.5250954999999999,0.5252384999999999,0.5254095,0.594043,0.692734,0.7398885,0.7696195,0.8092105,0.837462,0.8549519999999999,0.8657785,0.872073,0.8791805,0.88641,0.8901745,0.8929549999999999,0.8952964999999999,0.897328],"loss":[0.851821328125,0.693873359375,0.69239375,0.692092890625,0.69194671875,0.663310234375,0.5990682421875,0.551668984375,0.4817880859375,0.4056330859375,0.3451637109375,0.3066273828125,0.2832232421875,0.26860947265625,0.25420109375,0.23962560546875,0.23059177734375,0.22445443359375,0.2191083203125,0.2146684765625]}}},"valid_pretraining":{"metrics":{"freq":{"acc_freq":[0.0,0.056,0.056,0.056,0.056,0.056,0.056,0.061,0.087,0.115,0.124,0.141,0.149,0.183,0.188,0.202,0.2,0.206,0.214,0.218,0.233],"hamming_freq":[0.5064,0.5205,0.5205,0.5205,0.5205,0.5205,0.6704,0.7237,0.76295,0.80905,0.84405,0.8696,0.881,0.88895,0.89425,0.9027499999999999,0.90725,0.90905,0.9108,0.9125,0.91365],"loss":[1.04227783203125,0.6926005859375,0.6923406982421875,0.6923021240234375,0.6923198852539062,0.6923397216796875,0.613032958984375,0.561589599609375,0.5024037780761719,0.43316033935546877,0.35642425537109373,0.28925054931640626,0.2601183471679688,0.2391599884033203,0.22539779663085938,0.21103997802734376,0.1972491455078125,0.19075192260742188,0.1861090545654297,0.1825931396484375,0.17789724731445314]}}}}