{
    "earlystopping": {
        "confusion_matrices": {
            "abs": [
                "[[1234, 41, 132, 5, 46], [126, 57, 120, 0, 105], [116, 16, 2712, 56, 802], [12, 0, 341, 613, 84], [34, 28, 134, 0, 869]]"
            ]
        },
        "markov_matrices": {
            "abs": {
                "actual": [
                    "[[1259, 184, 13, 0, 1], [48, 150, 197, 0, 13], [112, 70, 3412, 84, 24], [12, 1, 71, 966, 0], [26, 3, 9, 0, 1027]]"
                ],
                "predicted": [
                    "[[1291, 71, 93, 1, 65], [27, 44, 54, 0, 17], [117, 10, 3115, 56, 141], [9, 1, 48, 612, 4], [77, 16, 129, 5, 1679]]"
                ]
            }
        },
        "metrics": {
            "downstream": {
                "cohen_kappa": [
                    0.5909368738374219
                ],
                "f1_scores": {
                    "N1": [
                        0.20727272727272728
                    ],
                    "N2": [
                        0.759557484946086
                    ],
                    "N3": [
                        0.7111368909512761
                    ],
                    "REM": [
                        0.584988219454729
                    ],
                    "Wake": [
                        0.8281879194630872
                    ],
                    "macro": [
                        0.6182286484175812
                    ]
                },
                "loss": [
                    2.20082688331604
                ],
                "precisions": {
                    "N1": [
                        0.4014084507042254
                    ],
                    "N2": [
                        0.788601337598139
                    ],
                    "N3": [
                        0.9094955489614244
                    ],
                    "REM": [
                        0.4559286463798531
                    ],
                    "Wake": [
                        0.8107752956636005
                    ],
                    "macro": [
                        0.6732418558614486
                    ]
                },
                "recalls": {
                    "N1": [
                        0.13970588235294118
                    ],
                    "N2": [
                        0.7325769854132901
                    ],
                    "N3": [
                        0.5838095238095238
                    ],
                    "REM": [
                        0.815962441314554
                    ],
                    "Wake": [
                        0.8463648834019204
                    ],
                    "macro": [
                        0.6236839432584459
                    ]
                }
            }
        }
    },
    "test": {
        "confusion_matrices": {
            "abs": [
                "[[1640, 17, 236, 2, 114], [178, 83, 209, 3, 111], [358, 22, 5317, 127, 818], [15, 0, 559, 1286, 0], [141, 25, 340, 0, 1664]]"
            ]
        },
        "markov_matrices": {
            "abs": {
                "actual": [
                    "[[1680, 283, 29, 0, 17], [67, 196, 302, 0, 18], [192, 88, 6163, 147, 52], [23, 1, 123, 1713, 0], [46, 16, 25, 0, 2083]]"
                ],
                "predicted": [
                    "[[1913, 85, 207, 6, 120], [12, 38, 82, 1, 14], [267, 9, 6053, 104, 228], [18, 1, 96, 1301, 2], [121, 14, 223, 6, 2343]]"
                ]
            }
        },
        "metrics": {
            "downstream": {
                "cohen_kappa": [
                    0.6331933630258741
                ],
                "f1_scores": {
                    "N1": [
                        0.2270861833105335
                    ],
                    "N2": [
                        0.7993685634819214
                    ],
                    "N3": [
                        0.7846247712019524
                    ],
                    "REM": [
                        0.6823867131433258
                    ],
                    "Wake": [
                        0.755586270444598
                    ],
                    "macro": [
                        0.6498105003164663
                    ]
                },
                "loss": [
                    1.4291285001314604
                ],
                "precisions": {
                    "N1": [
                        0.564625850340136
                    ],
                    "N2": [
                        0.7982284942200871
                    ],
                    "N3": [
                        0.9069111424541608
                    ],
                    "REM": [
                        0.6147026228297008
                    ],
                    "Wake": [
                        0.7032590051457976
                    ],
                    "macro": [
                        0.7175454229979765
                    ]
                },
                "recalls": {
                    "N1": [
                        0.1421232876712329
                    ],
                    "N2": [
                        0.800511894007829
                    ],
                    "N3": [
                        0.6913978494623656
                    ],
                    "REM": [
                        0.7668202764976959
                    ],
                    "Wake": [
                        0.8163265306122449
                    ],
                    "macro": [
                        0.6434359676502737
                    ]
                }
            }
        }
    },
    "train": {},
    "valid_pretraining": {}
}
