{"earlystopping":{"confusion_matrices":{"abs":["[[1043, 25, 120, 29, 34], [511, 78, 205, 5, 42], [342, 524, 1688, 42, 125], [1, 83, 439, 995, 2], [190, 122, 222, 16, 521]]"]},"markov_matrices":{"abs":{"actual":["[[981, 212, 41, 1, 16], [91, 401, 312, 1, 36], [102, 188, 2320, 72, 38], [30, 5, 38, 1446, 1], [46, 35, 10, 0, 980]]"],"predicted":["[[1695, 141, 173, 6, 71], [94, 374, 259, 24, 81], [196, 224, 2078, 88, 88], [17, 15, 87, 965, 3], [85, 78, 77, 3, 481]]"]}},"metrics":{"downstream":{"cohen_kappa":[0.45468536363377376],"f1_scores":{"N1":[0.09324566646742379],"N2":[0.6257645968489342],"N3":[0.7633294975067128],"REM":[0.5805013927576602],"Wake":[0.6249251048532055],"macro":[0.5375532516867872]},"loss":[2.6564547220865884],"precisions":{"N1":[0.09375],"N2":[0.631264023934181],"N3":[0.9153633854645814],"REM":[0.7196132596685083],"Wake":[0.49976042165788215],"macro":[0.5719502181450306]},"recalls":{"N1":[0.09274673008323424],"N2":[0.6203601617052554],"N3":[0.6546052631578947],"REM":[0.4864612511671335],"Wake":[0.8337330135891287],"macro":[0.5375812839405294]}}}},"test":{"confusion_matrices":{"abs":["[[2808, 117, 262, 14, 10], [1502, 477, 533, 8, 79], [2034, 1645, 2786, 140, 317], [122, 324, 1565, 2263, 22], [871, 510, 492, 20, 918]]"]},"markov_matrices":{"abs":{"actual":["[[2639, 499, 37, 1, 34], [225, 1407, 847, 6, 114], [206, 561, 5876, 194, 85], [45, 19, 132, 4095, 5], [95, 113, 30, 0, 2573]]"],"predicted":["[[6286, 604, 275, 20, 151], [463, 1662, 711, 62, 175], [365, 594, 4261, 199, 219], [43, 58, 189, 2145, 10], [179, 155, 202, 19, 791]]"]}},"metrics":{"downstream":{"cohen_kappa":[0.31967137258452283],"f1_scores":{"N1":[0.16819464033850492],"N2":[0.44363057324840766],"N3":[0.6714137368342976],"REM":[0.44166466201587684],"Wake":[0.5324232081911263],"macro":[0.45146536412564264]},"loss":[3.9529610658303285],"precisions":{"N1":[0.15522290920924178],"N2":[0.4941468605888613],"N3":[0.9255623721881391],"REM":[0.6820208023774146],"Wake":[0.38271773204306936],"macro":[0.5279341352813451]},"recalls":{"N1":[0.183532127741439],"N2":[0.402484830973707],"N3":[0.5267690875232774],"REM":[0.3265741728922092],"Wake":[0.8744939271255061],"macro":[0.46277082925122776]}}}},"train":{},"valid_pretraining":{}}