{"earlystopping":{"confusion_matrices":{"abs":["[[879, 303, 39, 16, 140], [64, 502, 262, 22, 25], [25, 204, 1710, 496, 22], [1, 4, 79, 1459, 0], [14, 118, 52, 50, 994]]"]},"markov_matrices":{"abs":{"actual":["[[1107, 224, 32, 1, 13], [103, 420, 304, 1, 47], [91, 183, 2069, 75, 39], [26, 6, 44, 1466, 0], [49, 42, 8, 0, 1129]]"],"predicted":["[[715, 217, 26, 6, 19], [119, 694, 251, 17, 50], [72, 143, 1788, 109, 30], [30, 29, 70, 1904, 9], [46, 48, 7, 7, 1073]]"]}},"metrics":{"downstream":{"cohen_kappa":[0.6689363024592132],"f1_scores":{"N1":[0.5004985044865404],"N2":[0.7436399217221135],"N3":[0.8137200223089793],"REM":[0.8252386882523869],"Wake":[0.7449152542372881],"macro":[0.7256024782014616]},"loss":[1.0970794677734375],"precisions":{"N1":[0.4438549955791335],"N2":[0.7983193277310925],"N3":[0.7141458639255996],"REM":[0.8416596104995766],"Wake":[0.8942014242115972],"macro":[0.7384362443893999]},"recalls":{"N1":[0.5737142857142857],"N2":[0.6959706959706959],"N3":[0.9455605962410888],"REM":[0.8094462540716613],"Wake":[0.6383442265795207],"macro":[0.7326072117154505]}}}},"test":{"confusion_matrices":{"abs":["[[3245, 1018, 125, 371, 402], [235, 1408, 595, 184, 161], [66, 484, 3512, 1365, 79], [4, 18, 387, 3312, 2], [58, 341, 154, 154, 1586]]"]},"markov_matrices":{"abs":{"actual":["[[4415, 676, 55, 1, 13], [385, 1308, 745, 5, 140], [218, 440, 4532, 223, 93], [51, 23, 150, 3494, 5], [91, 136, 24, 0, 2042]]"],"predicted":["[[2751, 662, 36, 74, 85], [421, 2071, 564, 74, 139], [147, 338, 3934, 292, 62], [136, 86, 206, 4908, 49], [152, 112, 33, 38, 1895]]"]}},"metrics":{"downstream":{"cohen_kappa":[0.5916642052635434],"f1_scores":{"N1":[0.48120300751879697],"N2":[0.6833349547621363],"N3":[0.7271928861565484],"REM":[0.7013044439531284],"Wake":[0.7401071958033983],"macro":[0.6666284976388017]},"loss":[1.4377480557090359],"precisions":{"N1":[0.4307127561945549],"N2":[0.7358055730148754],"N3":[0.6149275900482734],"REM":[0.7112107623318386],"Wake":[0.899390243902439],"macro":[0.6784093850983962]},"recalls":{"N1":[0.5451025938830817],"N2":[0.6378496185978932],"N3":[0.8896051571313457],"REM":[0.6916703009158308],"Wake":[0.6287541174191048],"macro":[0.6785963575894512]}}}},"train":{},"valid_pretraining":{}}