{"earlystopping":{"confusion_matrices":{"abs":["[[5850, 121, 74, 7, 34], [584, 235, 660, 49, 232], [232, 125, 5296, 670, 174], [16, 0, 419, 1112, 2], [44, 30, 427, 55, 2196]]"]},"markov_matrices":{"abs":{"actual":["[[5819, 253, 12, 0, 1], [157, 1185, 319, 2, 97], [66, 186, 5820, 317, 108], [7, 16, 296, 1230, 0], [36, 120, 50, 0, 2546]]"],"predicted":["[[6253, 198, 206, 18, 50], [108, 210, 139, 5, 49], [236, 68, 6109, 279, 184], [38, 2, 257, 1587, 9], [90, 33, 165, 4, 2346]]"]}},"metrics":{"downstream":{"cohen_kappa":[0.7061093795968972],"f1_scores":{"N1":[0.2069572875385293],"N2":[0.7920436700815076],"N3":[0.6461359674607786],"REM":[0.8148423005565862],"Wake":[0.9132063690290353],"macro":[0.6746371189332875]},"loss":[1.2451930690456081],"precisions":{"N1":[0.4598825831702544],"N2":[0.7702152414194299],"N3":[0.5874273639725304],"REM":[0.8324488248673237],"Wake":[0.8697591436217663],"macro":[0.7039466314102609]},"recalls":{"N1":[0.13352272727272727],"N2":[0.8151454517469602],"N3":[0.7178825048418335],"REM":[0.7979651162790697],"Wake":[0.9612224778179428],"macro":[0.6851476555917067]}}}},"test":{"confusion_matrices":{"abs":["[[9245, 127, 252, 11, 47], [1037, 508, 892, 32, 530], [455, 322, 10516, 831, 642], [9, 1, 651, 1511, 2], [425, 56, 512, 5, 3639]]"]},"markov_matrices":{"abs":{"actual":["[[9241, 410, 25, 0, 5], [217, 2136, 559, 2, 85], [152, 323, 11813, 339, 139], [16, 13, 311, 1833, 1], [55, 117, 58, 0, 4407]]"],"predicted":["[[10302, 371, 297, 16, 184], [172, 457, 249, 7, 129], [406, 132, 11550, 379, 356], [40, 6, 356, 1980, 8], [250, 48, 371, 8, 4183]]"]}},"metrics":{"downstream":{"cohen_kappa":[0.701046812858117],"f1_scores":{"N1":[0.25317717418390234],"N2":[0.821915666888116],"N3":[0.6621384750219106],"REM":[0.7663472675581763],"Wake":[0.8866829712751163],"macro":[0.6780523109854443]},"loss":[1.13392972946167],"precisions":{"N1":[0.5009861932938856],"N2":[0.820088902752866],"N3":[0.6322175732217573],"REM":[0.7487654320987654],"Wake":[0.8275892937069197],"macro":[0.7059294790148388]},"recalls":{"N1":[0.1693897965988663],"N2":[0.8237505874980416],"N3":[0.6950321987120515],"REM":[0.7847746387750701],"Wake":[0.9548646973765751],"macro":[0.685562383792121]}}}},"train":{},"valid_pretraining":{}}