{
    "earlystopping": {
        "confusion_matrices": {
            "abs": [
                "[[1065, 73, 158, 5, 71], [46, 95, 174, 0, 97], [47, 14, 3290, 61, 533], [1, 0, 363, 487, 54], [9, 23, 176, 0, 1101]]"
            ]
        },
        "markov_matrices": {
            "abs": {
                "actual": [
                    "[[1122, 217, 18, 0, 15], [56, 131, 215, 0, 10], [138, 60, 3629, 84, 34], [13, 1, 70, 821, 0], [42, 3, 13, 0, 1250]]"
                ],
                "predicted": [
                    "[[958, 97, 88, 0, 25], [28, 83, 76, 0, 18], [142, 15, 3778, 72, 153], [3, 0, 64, 474, 12], [36, 10, 155, 7, 1648]]"
                ]
            }
        },
        "metrics": {
            "downstream": {
                "cohen_kappa": [
                    0.6402351315511889
                ],
                "f1_scores": {
                    "N1": [
                        0.3079416531604538
                    ],
                    "N2": [
                        0.8117443868739206
                    ],
                    "N3": [
                        0.6680384087791496
                    ],
                    "REM": [
                        0.6957345971563981
                    ],
                    "Wake": [
                        0.8385826771653543
                    ],
                    "macro": [
                        0.6644083446270553
                    ]
                },
                "loss": [
                    0.8371622562408447
                ],
                "precisions": {
                    "N1": [
                        0.4634146341463415
                    ],
                    "N2": [
                        0.7906753184330689
                    ],
                    "N3": [
                        0.8806509945750453
                    ],
                    "REM": [
                        0.5932112068965517
                    ],
                    "Wake": [
                        0.9118150684931506
                    ],
                    "macro": [
                        0.7279534445088316
                    ]
                },
                "recalls": {
                    "N1": [
                        0.23058252427184467
                    ],
                    "N2": [
                        0.8339670468948035
                    ],
                    "N3": [
                        0.538121546961326
                    ],
                    "REM": [
                        0.841100076394194
                    ],
                    "Wake": [
                        0.7762390670553936
                    ],
                    "macro": [
                        0.6440020523155123
                    ]
                }
            }
        }
    },
    "test": {
        "confusion_matrices": {
            "abs": [
                "[[1977, 113, 491, 4, 171], [139, 143, 304, 3, 192], [206, 24, 5224, 102, 1549], [8, 0, 378, 984, 144], [39, 46, 579, 0, 1554]]"
            ]
        },
        "markov_matrices": {
            "abs": {
                "actual": [
                    "[[2267, 413, 59, 2, 15], [177, 247, 342, 0, 14], [239, 108, 6570, 128, 60], [22, 0, 108, 1384, 0], [50, 13, 26, 0, 2129]]"
                ],
                "predicted": [
                    "[[1902, 144, 239, 4, 80], [45, 138, 104, 0, 39], [323, 21, 6349, 66, 216], [13, 0, 62, 1004, 14], [85, 23, 222, 19, 3261]]"
                ]
            }
        },
        "metrics": {
            "downstream": {
                "cohen_kappa": [
                    0.5407747557354143
                ],
                "f1_scores": {
                    "N1": [
                        0.25835591689250226
                    ],
                    "N2": [
                        0.7419927561962929
                    ],
                    "N3": [
                        0.7548906789413119
                    ],
                    "REM": [
                        0.5332875772134523
                    ],
                    "Wake": [
                        0.7715121951219512
                    ],
                    "macro": [
                        0.6120078248731021
                    ]
                },
                "loss": [
                    1.237023715315194
                ],
                "precisions": {
                    "N1": [
                        0.4386503067484663
                    ],
                    "N2": [
                        0.7488532110091743
                    ],
                    "N3": [
                        0.9002744739249772
                    ],
                    "REM": [
                        0.43047091412742383
                    ],
                    "Wake": [
                        0.8345293372731111
                    ],
                    "macro": [
                        0.6705556486166304
                    ]
                },
                "recalls": {
                    "N1": [
                        0.18309859154929578
                    ],
                    "N2": [
                        0.7352568613652357
                    ],
                    "N3": [
                        0.6499339498018494
                    ],
                    "REM": [
                        0.7006311992786294
                    ],
                    "Wake": [
                        0.717343976777939
                    ],
                    "macro": [
                        0.5972529157545898
                    ]
                }
            }
        }
    },
    "train": {},
    "valid_pretraining": {}
}
