{
    "earlystopping": {
        "confusion_matrices": {
            "abs": [
                "[[987, 128, 236, 9, 128], [57, 81, 233, 1, 99], [39, 43, 3295, 96, 367], [2, 0, 355, 546, 16], [78, 47, 252, 1, 788]]"
            ]
        },
        "markov_matrices": {
            "abs": {
                "actual": [
                    "[[1224, 231, 17, 0, 15], [74, 164, 222, 0, 11], [132, 73, 3531, 73, 31], [11, 0, 62, 846, 0], [46, 3, 8, 0, 1109]]"
                ],
                "predicted": [
                    "[[984, 90, 45, 1, 43], [43, 130, 89, 1, 36], [77, 49, 4034, 71, 140], [3, 2, 67, 576, 4], [55, 28, 136, 4, 1175]]"
                ]
            }
        },
        "metrics": {
            "downstream": {
                "cohen_kappa": [
                    0.5822200568201588
                ],
                "f1_scores": {
                    "N1": [
                        0.21038961038961038
                    ],
                    "N2": [
                        0.8025819023261479
                    ],
                    "N3": [
                        0.6946564885496184
                    ],
                    "REM": [
                        0.6146645865834633
                    ],
                    "Wake": [
                        0.7446246699358733
                    ],
                    "macro": [
                        0.6133834515569426
                    ]
                },
                "loss": [
                    0.8530981540679932
                ],
                "precisions": {
                    "N1": [
                        0.2709030100334448
                    ],
                    "N2": [
                        0.7538320750400366
                    ],
                    "N3": [
                        0.8361408882082695
                    ],
                    "REM": [
                        0.5636623748211731
                    ],
                    "Wake": [
                        0.8486672398968186
                    ],
                    "macro": [
                        0.6546411175999485
                    ]
                },
                "recalls": {
                    "N1": [
                        0.17197452229299362
                    ],
                    "N2": [
                        0.8580729166666666
                    ],
                    "N3": [
                        0.5941240478781284
                    ],
                    "REM": [
                        0.6758147512864494
                    ],
                    "Wake": [
                        0.6633064516129032
                    ],
                    "macro": [
                        0.5926585379474283
                    ]
                }
            }
        }
    },
    "test": {
        "confusion_matrices": {
            "abs": [
                "[[1665, 178, 416, 47, 210], [149, 149, 257, 3, 148], [342, 130, 4784, 628, 647], [10, 0, 451, 1064, 2], [283, 115, 519, 30, 1224]]"
            ]
        },
        "markov_matrices": {
            "abs": {
                "actual": [
                    "[[2107, 335, 57, 1, 15], [101, 257, 328, 0, 20], [233, 100, 5972, 176, 50], [18, 3, 155, 1350, 1], [56, 11, 19, 0, 2085]]"
                ],
                "predicted": [
                    "[[1996, 201, 141, 13, 97], [100, 243, 172, 0, 57], [207, 75, 5730, 164, 251], [23, 0, 155, 1589, 5], [122, 53, 229, 6, 1821]]"
                ]
            }
        },
        "metrics": {
            "downstream": {
                "cohen_kappa": [
                    0.5081391229045756
                ],
                "f1_scores": {
                    "N1": [
                        0.23317683881064163
                    ],
                    "N2": [
                        0.7383855533261305
                    ],
                    "N3": [
                        0.6450439527129433
                    ],
                    "REM": [
                        0.5561108587005906
                    ],
                    "Wake": [
                        0.6706948640483383
                    ],
                    "macro": [
                        0.5686824135197288
                    ]
                },
                "loss": [
                    1.0344329410129123
                ],
                "precisions": {
                    "N1": [
                        0.26048951048951047
                    ],
                    "N2": [
                        0.744359732379026
                    ],
                    "N3": [
                        0.600451467268623
                    ],
                    "REM": [
                        0.5486329000448229
                    ],
                    "Wake": [
                        0.6798693344222132
                    ],
                    "macro": [
                        0.566760588920839
                    ]
                },
                "recalls": {
                    "N1": [
                        0.21104815864022664
                    ],
                    "N2": [
                        0.7325065074261216
                    ],
                    "N3": [
                        0.6967910936476752
                    ],
                    "REM": [
                        0.5637954859511746
                    ],
                    "Wake": [
                        0.6617647058823529
                    ],
                    "macro": [
                        0.5731811903095102
                    ]
                }
            }
        }
    },
    "train": {},
    "valid_pretraining": {}
}
