{"earlystopping":{"confusion_matrices":{"abs":["[[6302, 558, 99, 25, 132], [123, 683, 717, 61, 228], [124, 291, 5946, 311, 183], [7, 5, 835, 582, 1], [350, 526, 515, 153, 1211]]"]},"markov_matrices":{"abs":{"actual":["[[6823, 271, 17, 0, 4], [151, 1184, 365, 3, 109], [78, 212, 6189, 261, 115], [11, 15, 238, 1166, 0], [52, 130, 46, 0, 2527]]"],"predicted":["[[6466, 229, 92, 15, 104], [174, 1406, 233, 36, 213], [125, 218, 7346, 144, 279], [28, 36, 130, 924, 14], [113, 174, 310, 13, 1145]]"]}},"metrics":{"downstream":{"cohen_kappa":[0.6310069553010493],"f1_scores":{"N1":[0.35251612903225804],"N2":[0.7945480056123472],"N3":[0.45433255269320844],"REM":[0.5370288248337028],"Wake":[0.8988731992583083],"macro":[0.607459742285965]},"loss":[1.1450232481345153],"precisions":{"N1":[0.33107125545322347],"N2":[0.7329881656804734],"N3":[0.5141342756183745],"REM":[0.69002849002849],"Wake":[0.912539820445989],"macro":[0.6361524014453102]},"recalls":{"N1":[0.3769315673289183],"N2":[0.8673960612691466],"N3":[0.406993006993007],"REM":[0.4395644283121597],"Wake":[0.8856098931984261],"macro":[0.5952989914203315]}}}},"test":{"confusion_matrices":{"abs":["[[11600, 2551, 655, 85, 531], [342, 1156, 1571, 129, 816], [150, 621, 9562, 497, 883], [6, 33, 1524, 685, 5], [625, 859, 506, 103, 1850]]"]},"markov_matrices":{"abs":{"actual":["[[14659, 720, 37, 1, 4], [431, 2829, 660, 3, 91], [229, 338, 10472, 535, 139], [24, 14, 498, 1714, 3], [78, 113, 46, 0, 3706]]"],"predicted":["[[11720, 447, 179, 41, 335], [331, 3745, 513, 70, 561], [281, 480, 12297, 200, 560], [51, 68, 195, 1151, 34], [339, 480, 634, 37, 2595]]"]}},"metrics":{"downstream":{"cohen_kappa":[0.531681925527627],"f1_scores":{"N1":[0.250379034004765],"N2":[0.7490501742979123],"N3":[0.36513859275053306],"REM":[0.46088689586447434],"Wake":[0.8243027180671523],"macro":[0.5299514829969674]},"loss":[1.4736847550901648],"precisions":{"N1":[0.221455938697318],"N2":[0.6919959473150963],"N3":[0.45697131420947296],"REM":[0.4528763769889841],"Wake":[0.911734653776625],"macro":[0.5470068461974993]},"recalls":{"N1":[0.2879920279023418],"N2":[0.8163578929394689],"N3":[0.30403905903240125],"REM":[0.4691858990616282],"Wake":[0.7521722215017508],"macro":[0.5259494200875181]}}}},"train":{},"valid_pretraining":{}}