{"earlystopping":{"confusion_matrices":{"abs":["[[1264, 123, 118, 27, 174], [285, 204, 327, 7, 87], [426, 101, 1626, 86, 116], [30, 0, 368, 971, 13], [240, 100, 140, 4, 609]]"]},"markov_matrices":{"abs":{"actual":["[[1401, 259, 37, 0, 9], [125, 439, 301, 1, 44], [114, 165, 1969, 73, 33], [25, 5, 43, 1308, 1], [40, 42, 5, 0, 1006]]"],"predicted":["[[1930, 56, 131, 8, 120], [31, 394, 61, 0, 42], [133, 32, 2319, 38, 57], [30, 1, 17, 1043, 4], [120, 45, 51, 6, 776]]"]}},"metrics":{"downstream":{"cohen_kappa":[0.5138162202213403],"f1_scores":{"N1":[0.28372739916550765],"N2":[0.6591001216051885],"N3":[0.7840129188534517],"REM":[0.5822179732313576],"Wake":[0.6398380156922299],"macro":[0.5897792857095471]},"loss":[1.9792668660481771],"precisions":{"N1":[0.38636363636363635],"N2":[0.6304769290422645],"N3":[0.8867579908675799],"REM":[0.6096096096096096],"Wake":[0.5630289532293986],"macro":[0.6152474238224979]},"recalls":{"N1":[0.22417582417582418],"N2":[0.6904458598726114],"N3":[0.7026049204052098],"REM":[0.5571820677035682],"Wake":[0.7409144196951934],"macro":[0.5830646183704814]}}}},"test":{"confusion_matrices":{"abs":["[[3481, 556, 593, 48, 362], [824, 923, 1261, 18, 381], [969, 291, 5382, 97, 370], [97, 0, 1640, 2040, 24], [569, 354, 479, 3, 1029]]"]},"markov_matrices":{"abs":{"actual":["[[4102, 786, 104, 4, 43], [364, 1729, 1099, 3, 212], [382, 681, 5745, 228, 73], [56, 29, 147, 3566, 3], [135, 182, 14, 0, 2103]]"],"predicted":["[[5254, 159, 273, 20, 234], [84, 1693, 188, 1, 158], [282, 104, 8653, 107, 208], [45, 8, 79, 2068, 6], [274, 160, 162, 10, 1560]]"]}},"metrics":{"downstream":{"cohen_kappa":[0.45533451213988785],"f1_scores":{"N1":[0.3337551979750497],"N2":[0.6537900874635568],"N3":[0.6792075911436657],"REM":[0.4473913043478261],"Wake":[0.6340619307832422],"macro":[0.5496412223426682]},"loss":[2.5235556669013444],"precisions":{"N1":[0.4345574387947269],"N2":[0.5753073222875468],"N3":[0.9247506799637353],"REM":[0.47506925207756234],"Wake":[0.586026936026936],"macro":[0.5991423258301014]},"recalls":{"N1":[0.27091282653360726],"N2":[0.7570685047123364],"N3":[0.5367008681925809],"REM":[0.4227608874281019],"Wake":[0.6906746031746032],"macro":[0.5356235380082459]}}}},"train":{},"valid_pretraining":{}}