{
    "earlystopping": {
        "confusion_matrices": {
            "abs": [
                "[[1052, 178, 250, 3, 3], [89, 140, 221, 0, 11], [380, 220, 2978, 222, 28], [93, 17, 98, 818, 0], [148, 169, 735, 9, 146]]"
            ]
        },
        "markov_matrices": {
            "abs": {
                "actual": [
                    "[[1212, 234, 24, 0, 15], [70, 143, 236, 0, 12], [144, 80, 3479, 94, 31], [13, 1, 80, 932, 0], [46, 3, 9, 0, 1149]]"
                ],
                "predicted": [
                    "[[1361, 277, 102, 3, 18], [191, 278, 226, 0, 29], [182, 130, 3847, 89, 34], [13, 3, 75, 958, 3], [14, 36, 32, 2, 104]]"
                ]
            }
        },
        "metrics": {
            "downstream": {
                "cohen_kappa": [
                    0.4706544916160751
                ],
                "f1_scores": {
                    "N1": [
                        0.23628691983122363
                    ],
                    "N2": [
                        0.7344019728729964
                    ],
                    "N3": [
                        0.7872954764196343
                    ],
                    "REM": [
                        0.20931899641577062
                    ],
                    "Wake": [
                        0.6477832512315271
                    ],
                    "macro": [
                        0.5230173233542303
                    ]
                },
                "loss": [
                    2.6145095825195312
                ],
                "precisions": {
                    "N1": [
                        0.19337016574585636
                    ],
                    "N2": [
                        0.6954694068192433
                    ],
                    "N3": [
                        0.7775665399239544
                    ],
                    "REM": [
                        0.776595744680851
                    ],
                    "Wake": [
                        0.5970488081725313
                    ],
                    "macro": [
                        0.6080101330684873
                    ]
                },
                "recalls": {
                    "N1": [
                        0.3036876355748373
                    ],
                    "N2": [
                        0.777951933124347
                    ],
                    "N3": [
                        0.797270955165692
                    ],
                    "REM": [
                        0.12096106048053024
                    ],
                    "Wake": [
                        0.7079407806191117
                    ],
                    "macro": [
                        0.5415624729929036
                    ]
                }
            }
        }
    },
    "test": {
        "confusion_matrices": {
            "abs": [
                "[[1183, 336, 619, 44, 31], [172, 269, 345, 6, 42], [546, 199, 5133, 598, 122], [73, 0, 121, 1321, 0], [79, 123, 2169, 25, 253]]"
            ]
        },
        "markov_matrices": {
            "abs": {
                "actual": [
                    "[[1846, 336, 22, 0, 8], [106, 332, 383, 0, 13], [188, 148, 6049, 144, 69], [24, 1, 119, 1371, 0], [48, 17, 25, 0, 2559]]"
                ],
                "predicted": [
                    "[[1543, 291, 128, 53, 38], [132, 398, 375, 4, 18], [256, 200, 7698, 141, 92], [83, 12, 106, 1786, 6], [39, 26, 79, 10, 294]]"
                ]
            }
        },
        "metrics": {
            "downstream": {
                "cohen_kappa": [
                    0.37993547743406975
                ],
                "f1_scores": {
                    "N1": [
                        0.30550823395797844
                    ],
                    "N2": [
                        0.685085085085085
                    ],
                    "N3": [
                        0.7529210601310915
                    ],
                    "REM": [
                        0.16338391992250564
                    ],
                    "Wake": [
                        0.5546179090482888
                    ],
                    "macro": [
                        0.49230324162898986
                    ]
                },
                "loss": [
                    3.5901884856047452
                ],
                "precisions": {
                    "N1": [
                        0.2901833872707659
                    ],
                    "N2": [
                        0.6120186002146178
                    ],
                    "N3": [
                        0.6624874623871615
                    ],
                    "REM": [
                        0.5647321428571429
                    ],
                    "Wake": [
                        0.5762299074525086
                    ],
                    "macro": [
                        0.5411303000364394
                    ]
                },
                "recalls": {
                    "N1": [
                        0.3225419664268585
                    ],
                    "N2": [
                        0.777963019096696
                    ],
                    "N3": [
                        0.8719471947194719
                    ],
                    "REM": [
                        0.09550773876934693
                    ],
                    "Wake": [
                        0.5345684591052869
                    ],
                    "macro": [
                        0.5205056756235321
                    ]
                }
            }
        }
    },
    "train": {},
    "valid_pretraining": {}
}
