{"earlystopping":{"confusion_matrices":{"abs":["[[825, 114, 39, 5, 125], [66, 115, 72, 2, 173], [269, 275, 2517, 97, 939], [123, 1, 412, 357, 15], [70, 113, 3, 0, 1067]]"]},"markov_matrices":{"abs":{"actual":["[[862, 210, 21, 0, 14], [64, 148, 206, 0, 10], [130, 65, 3781, 89, 32], [11, 1, 77, 819, 0], [40, 4, 12, 0, 1197]]"],"predicted":["[[1010, 157, 61, 4, 121], [113, 419, 34, 0, 52], [78, 10, 2675, 102, 178], [4, 1, 105, 328, 22], [147, 31, 168, 27, 1946]]"]}},"metrics":{"downstream":{"cohen_kappa":[0.4743408991552057],"f1_scores":{"N1":[0.21988527724665394],"N2":[0.7050420168067226],"N3":[0.5215485756026297],"REM":[0.5974244120940649],"Wake":[0.6704591629418936],"macro":[0.5428718889383929]},"loss":[3.5153253078460693],"precisions":{"N1":[0.18608414239482202],"N2":[0.82714426552744],"N3":[0.7744034707158352],"REM":[0.4601121172919362],"Wake":[0.6097560975609756],"macro":[0.5715000186982018]},"recalls":{"N1":[0.26869158878504673],"N2":[0.614351964852331],"N3":[0.3931718061674009],"REM":[0.8515562649640862],"Wake":[0.7445848375451264],"macro":[0.5744712924627983]}}}},"test":{"confusion_matrices":{"abs":["[[1878, 137, 93, 29, 234], [272, 186, 42, 8, 246], [598, 244, 3606, 165, 1871], [46, 1, 395, 772, 227], [261, 79, 23, 0, 1761]]"]},"markov_matrices":{"abs":{"actual":["[[1925, 362, 71, 0, 13], [125, 270, 344, 1, 14], [256, 108, 5893, 174, 52], [18, 2, 155, 1266, 0], [46, 12, 21, 0, 2045]]"],"predicted":["[[2426, 219, 154, 14, 242], [134, 310, 107, 3, 93], [191, 53, 3452, 145, 317], [21, 2, 141, 741, 69], [282, 63, 305, 71, 3618]]"]}},"metrics":{"downstream":{"cohen_kappa":[0.4893189503360381],"f1_scores":{"N1":[0.26552462526766596],"N2":[0.677628488208212],"N3":[0.6393374741200829],"REM":[0.544948166486152],"Wake":[0.6922226317729451],"macro":[0.5639322771710116]},"loss":[3.176442659818209],"precisions":{"N1":[0.2874806800618238],"N2":[0.8670353450348641],"N3":[0.7926078028747433],"REM":[0.40585388338326805],"Wake":[0.6147299509001637],"macro":[0.5935415324509725]},"recalls":{"N1":[0.246684350132626],"N2":[0.5561381863047502],"N3":[0.5357390700902152],"REM":[0.8290960451977402],"Wake":[0.7920708561788276],"macro":[0.5919457015808318]}}}},"train":{},"valid_pretraining":{}}