{"earlystopping":{"confusion_matrices":{"abs":["[[740, 237, 103, 49, 248], [92, 315, 322, 66, 80], [39, 194, 1767, 384, 73], [4, 32, 159, 1338, 10], [10, 96, 95, 8, 1019]]"]},"markov_matrices":{"abs":{"actual":["[[1107, 224, 32, 1, 13], [103, 420, 304, 1, 47], [91, 183, 2069, 75, 39], [26, 6, 44, 1466, 0], [49, 42, 8, 0, 1129]]"],"predicted":["[[630, 160, 50, 19, 26], [103, 413, 253, 17, 88], [62, 198, 1994, 106, 86], [27, 17, 98, 1689, 13], [62, 86, 51, 14, 1217]]"]}},"metrics":{"downstream":{"cohen_kappa":[0.6030041582026866],"f1_scores":{"N1":[0.3602058319039451],"N2":[0.7207831939628798],"N3":[0.7898465171192444],"REM":[0.7667419112114372],"Wake":[0.654288240495137],"macro":[0.6583731389385286]},"loss":[1.2189566294352214],"precisions":{"N1":[0.36041189931350115],"N2":[0.722403924775143],"N3":[0.7252032520325203],"REM":[0.7125874125874125],"Wake":[0.8361581920903954],"macro":[0.6713529361597945]},"recalls":{"N1":[0.36],"N2":[0.7191697191697192],"N3":[0.8671419313026572],"REM":[0.8298045602605864],"Wake":[0.5374001452432825],"macro":[0.6627032711952492]}}}},"test":{"confusion_matrices":{"abs":["[[2656, 612, 384, 163, 1346], [274, 916, 831, 218, 344], [37, 391, 3680, 1052, 346], [0, 22, 472, 3203, 26], [38, 191, 175, 76, 1813]]"]},"markov_matrices":{"abs":{"actual":["[[4415, 676, 55, 1, 13], [385, 1308, 745, 5, 140], [218, 440, 4532, 223, 93], [51, 23, 150, 3494, 5], [91, 136, 24, 0, 2042]]"],"predicted":["[[2247, 485, 143, 20, 110], [330, 1037, 499, 34, 232], [196, 353, 4562, 211, 220], [32, 44, 178, 4379, 78], [199, 213, 160, 68, 3235]]"]}},"metrics":{"downstream":{"cohen_kappa":[0.5401978180304609],"f1_scores":{"N1":[0.3885471898197243],"N2":[0.666183924692252],"N3":[0.7594546532305868],"REM":[0.5878728923476005],"Wake":[0.6505020818025962],"macro":[0.6105121483785519]},"loss":[1.6381498637952303],"precisions":{"N1":[0.42964352720450283],"N2":[0.6640202093107181],"N3":[0.6797538200339559],"REM":[0.4678709677419355],"Wake":[0.8838602329450915],"macro":[0.6250297514472407]},"recalls":{"N1":[0.3546264034068912],"N2":[0.6683617871413003],"N3":[0.860327692720924],"REM":[0.7906672481465329],"Wake":[0.5146289478783181],"macro":[0.6377224158587934]}}}},"train":{},"valid_pretraining":{}}