{"earlystopping":{"confusion_matrices":{"abs":["[[7785, 0, 117, 15, 41], [838, 0, 926, 75, 107], [214, 0, 5594, 767, 53], [7, 0, 284, 1239, 1], [536, 2, 824, 59, 1361]]"]},"markov_matrices":{"abs":{"actual":["[[7584, 353, 15, 0, 5], [200, 1236, 385, 2, 123], [98, 210, 5964, 245, 111], [13, 14, 220, 1284, 0], [62, 133, 44, 0, 2543]]"],"predicted":["[[8886, 1, 352, 26, 114], [1, 0, 0, 0, 1], [281, 0, 6929, 279, 256], [56, 0, 244, 1836, 19], [155, 1, 220, 14, 1173]]"]}},"metrics":{"downstream":{"cohen_kappa":[0.6628859591783325],"f1_scores":{"N1":[0.0],"N2":[0.778403951854171],"N3":[0.6722734671730873],"REM":[0.6264672036823935],"Wake":[0.8980274541469604],"macro":[0.5950344153713225]},"loss":[1.0505737676853086],"precisions":{"N1":[0.0],"N2":[0.7222724338282763],"N3":[0.5749419953596288],"REM":[0.8707613563659629],"Wake":[0.829957356076759],"macro":[0.5995866283261254]},"recalls":{"N1":[0.0],"N2":[0.843995171997586],"N3":[0.8092749836708034],"REM":[0.48921639108555],"Wake":[0.9782608695652174],"macro":[0.6241494832638314]}}}},"test":{"confusion_matrices":{"abs":["[[11830, 3, 616, 27, 72], [1911, 1, 2018, 233, 329], [933, 3, 9305, 1642, 282], [66, 0, 593, 1942, 0], [938, 1, 1210, 70, 2353]]"]},"markov_matrices":{"abs":{"actual":["[[11874, 617, 28, 3, 25], [348, 3420, 622, 0, 102], [199, 328, 10935, 568, 135], [29, 16, 522, 2030, 4], [97, 111, 58, 0, 4306]]"],"predicted":["[[14878, 3, 478, 56, 262], [2, 0, 4, 0, 2], [410, 3, 12356, 553, 420], [91, 1, 508, 3294, 20], [296, 1, 396, 11, 2332]]"]}},"metrics":{"downstream":{"cohen_kappa":[0.5742509196439645],"f1_scores":{"N1":[0.00044444444444444447],"N2":[0.718338672945536],"N3":[0.5961627014581734],"REM":[0.618559411146162],"Wake":[0.8382342521079855],"macro":[0.5543478964204602]},"loss":[1.4445038901435003],"precisions":{"N1":[0.125],"N2":[0.6771212341726095],"N3":[0.4961676034747062],"REM":[0.7750329380764164],"Wake":[0.7545605306799337],"macro":[0.5655764612807331]},"recalls":{"N1":[0.0002226179875333927],"N2":[0.7648993012741472],"N3":[0.746635909265667],"REM":[0.5146544181977253],"Wake":[0.9427797258527255],"macro":[0.5938383945155596]}}}},"train":{},"valid_pretraining":{}}