{"earlystopping":{"confusion_matrices":{"abs":["[[676, 225, 651, 13, 141], [34, 80, 741, 27, 28], [8, 34, 2088, 215, 10], [0, 2, 285, 1094, 1], [16, 442, 298, 39, 298]]"]},"markov_matrices":{"abs":{"actual":["[[1401, 259, 37, 0, 9], [125, 439, 301, 1, 44], [114, 165, 1969, 73, 33], [25, 5, 43, 1308, 1], [40, 42, 5, 0, 1006]]"],"predicted":["[[542, 65, 101, 3, 23], [69, 441, 121, 19, 133], [89, 129, 3658, 138, 49], [4, 25, 122, 1217, 19], [30, 123, 60, 11, 254]]"]}},"metrics":{"downstream":{"cohen_kappa":[0.4236278841231048],"f1_scores":{"N1":[0.09450679267572357],"N2":[0.6506699906512933],"N3":[0.7898916967509025],"REM":[0.37937619350732016],"Wake":[0.5540983606557377],"macro":[0.4937086068481954]},"loss":[1.8031187693277995],"precisions":{"N1":[0.10217113665389528],"N2":[0.5139059808023628],"N3":[0.7881844380403458],"REM":[0.6234309623430963],"Wake":[0.9209809264305178],"macro":[0.5897346888540436]},"recalls":{"N1":[0.08791208791208792],"N2":[0.8866242038216561],"N3":[0.7916063675832128],"REM":[0.27264409881061297],"Wake":[0.3962485345838218],"macro":[0.4870070585422783]}}}},"test":{"confusion_matrices":{"abs":["[[1984, 647, 1974, 98, 337], [185, 369, 2519, 181, 153], [26, 211, 6120, 647, 105], [1, 31, 791, 2932, 46], [158, 913, 614, 108, 641]]"]},"markov_matrices":{"abs":{"actual":["[[4102, 786, 104, 4, 43], [364, 1729, 1099, 3, 212], [382, 681, 5745, 228, 73], [56, 29, 147, 3566, 3], [135, 182, 14, 0, 2103]]"],"predicted":["[[1727, 198, 355, 12, 62], [188, 1146, 421, 88, 328], [322, 454, 10614, 443, 184], [16, 92, 421, 3365, 72], [101, 281, 206, 58, 636]]"]}},"metrics":{"downstream":{"cohen_kappa":[0.3966478456295286],"f1_scores":{"N1":[0.13230548583721763],"N2":[0.6399330788937104],"N3":[0.7549890562636796],"REM":[0.344994617868676],"Wake":[0.5366513389234514],"macro":[0.481774715557347]},"loss":[1.7972600182821585],"precisions":{"N1":[0.16996775679410409],"N2":[0.509236145781328],"N3":[0.7392839132627332],"REM":[0.5],"Wake":[0.842820730671198],"macro":[0.5522617093018727]},"recalls":{"N1":[0.10830642794247139],"N2":[0.8608805739203826],"N3":[0.7713759536963957],"REM":[0.2633525061626952],"Wake":[0.39365079365079364],"macro":[0.4795132510745477]}}}},"train":{},"valid_pretraining":{}}