{"earlystopping":{"confusion_matrices":{"abs":["[[6838, 7, 195, 35, 41], [360, 32, 1207, 130, 83], [54, 1, 6085, 678, 37], [10, 0, 441, 979, 0], [110, 2, 914, 314, 1415]]"]},"markov_matrices":{"abs":{"actual":["[[6823, 271, 17, 0, 4], [151, 1184, 365, 3, 109], [78, 212, 6189, 261, 115], [11, 15, 238, 1166, 0], [52, 130, 46, 0, 2527]]"],"predicted":["[[7034, 15, 218, 43, 62], [7, 9, 21, 4, 1], [173, 10, 8103, 298, 258], [66, 6, 273, 1763, 27], [91, 2, 227, 28, 1228]]"]}},"metrics":{"downstream":{"cohen_kappa":[0.6684412194979192],"f1_scores":{"N1":[0.034519956850053934],"N2":[0.7753073835764795],"N3":[0.5490745933819405],"REM":[0.6534287693373355],"Wake":[0.943953616786306],"macro":[0.5912568639864231]},"loss":[1.222977271446815],"precisions":{"N1":[0.7619047619047619],"N2":[0.6881927165799593],"N3":[0.4583333333333333],"REM":[0.8978426395939086],"Wake":[0.9275637547476939],"macro":[0.7467674412319314]},"recalls":{"N1":[0.017660044150110375],"N2":[0.8876732312180889],"N3":[0.6846153846153846],"REM":[0.5136116152450091],"Wake":[0.9609331084879146],"macro":[0.6128986767433016]}}}},"test":{"confusion_matrices":{"abs":["[[13015, 25, 2097, 137, 148], [702, 68, 2882, 221, 141], [106, 12, 10245, 1235, 115], [6, 0, 897, 1350, 0], [320, 8, 1613, 238, 1764]]"]},"markov_matrices":{"abs":{"actual":["[[14659, 720, 37, 1, 4], [431, 2829, 660, 3, 91], [229, 338, 10472, 535, 139], [24, 14, 498, 1714, 3], [78, 113, 46, 0, 3706]]"],"predicted":["[[13192, 40, 668, 114, 134], [23, 32, 41, 11, 6], [652, 25, 16146, 512, 399], [113, 8, 518, 2482, 60], [168, 8, 361, 62, 1569]]"]}},"metrics":{"downstream":{"cohen_kappa":[0.5725474067295944],"f1_scores":{"N1":[0.0329537194087715],"N2":[0.6958263999728326],"N3":[0.49687154950312845],"REM":[0.5773195876288659],"Wake":[0.8802543032024619],"macro":[0.5366451119432121]},"loss":[1.5356412913701305],"precisions":{"N1":[0.6017699115044248],"N2":[0.5777038457200857],"N3":[0.42439484438855707],"REM":[0.8136531365313653],"Wake":[0.9198529931443918],"macro":[0.6674749462577649]},"recalls":{"N1":[0.016940707523667164],"N2":[0.8746691710065739],"N3":[0.5992010652463382],"REM":[0.4473750951052498],"Wake":[0.8439242640383867],"macro":[0.5564220605840433]}}}},"train":{},"valid_pretraining":{}}