{"earlystopping":{},"train":{"metrics":{"freq":{"acc_freq":[0.02084,0.04699,0.04911,0.04982,0.05209,0.0626,0.06415,0.08344,0.09369,0.10262,0.115,0.12686,0.13827,0.14588,0.15283,0.16033,0.16931,0.1758,0.18229,0.18768],"hamming_freq":[0.5164525,0.5253464999999999,0.5257215,0.56423,0.6688795000000001,0.7255320000000001,0.756332,0.784966,0.809115,0.8305715,0.8469315,0.861346,0.871356,0.877969,0.883276,0.88715,0.8904755,0.893241,0.8957905,0.8976175],"loss":[0.89682359375,0.6939015625,0.69240890625,0.679251875,0.6206792578125,0.5631510546875,0.495118046875,0.4363215625,0.39577796875,0.3581537890625,0.32617958984375,0.298983671875,0.27745359375,0.26206556640625,0.24985072265625,0.238950859375,0.23112833984375,0.2249407421875,0.219090859375,0.2150989453125]}}},"valid_pretraining":{"metrics":{"freq":{"acc_freq":[0.0,0.056,0.056,0.056,0.047,0.066,0.081,0.113,0.109,0.135,0.148,0.164,0.175,0.193,0.204,0.21,0.213,0.227,0.224,0.234,0.238],"hamming_freq":[0.48805,0.5205,0.5205,0.52325,0.6335999999999999,0.71285,0.7625,0.78825,0.81935,0.8509,0.86915,0.8838,0.89385,0.9009,0.9043,0.9082,0.909,0.90935,0.9124,0.9124,0.91465],"loss":[1.4281240234375,0.6925205078125,0.69233935546875,0.6920105590820312,0.66560107421875,0.5708729248046875,0.503502197265625,0.4308232421875,0.3748467407226562,0.3214467163085937,0.2868951416015625,0.259831787109375,0.23429754638671876,0.21619244384765626,0.20795123291015624,0.19532832336425782,0.188994140625,0.18667514038085936,0.18186041259765626,0.17806942749023438,0.17490272521972655]}}}}