{"earlystopping":{"confusion_matrices":{"abs":["[[7321, 349, 30, 7, 251], [382, 658, 421, 68, 417], [86, 356, 5174, 711, 301], [9, 1, 250, 1271, 0], [158, 52, 202, 25, 2345]]"]},"markov_matrices":{"abs":{"actual":["[[7584, 353, 15, 0, 5], [200, 1236, 385, 2, 123], [98, 210, 5964, 245, 111], [13, 14, 220, 1284, 0], [62, 133, 44, 0, 2543]]"],"predicted":["[[7460, 309, 60, 21, 105], [173, 867, 258, 9, 109], [118, 131, 5496, 195, 137], [46, 11, 166, 1857, 2], [158, 98, 97, 0, 2961]]"]}},"metrics":{"downstream":{"cohen_kappa":[0.73092083668379],"f1_scores":{"N1":[0.3914336704342653],"N2":[0.8144824872097599],"N3":[0.7035704400774979],"REM":[0.7693569553805775],"Wake":[0.9200703782832725],"macro":[0.7197827862770747]},"loss":[0.783626370313691],"precisions":{"N1":[0.4646892655367232],"N2":[0.851406944215896],"N3":[0.6104707012487992],"REM":[0.7076041038020519],"Wake":[0.9201860231271995],"macro":[0.710871407586134]},"recalls":{"N1":[0.3381294964028777],"N2":[0.7806276403138201],"N3":[0.8301763553233181],"REM":[0.8429187634795111],"Wake":[0.9199547625031415],"macro":[0.7423614036045337]}}}},"test":{"confusion_matrices":{"abs":["[[10703, 763, 190, 29, 863], [875, 1207, 1019, 232, 1159], [462, 954, 7696, 1742, 1311], [41, 1, 416, 2143, 0], [123, 165, 272, 68, 3944]]"]},"markov_matrices":{"abs":{"actual":["[[11874, 617, 28, 3, 25], [348, 3420, 622, 0, 102], [199, 328, 10935, 568, 135], [29, 16, 522, 2030, 4], [97, 111, 58, 0, 4306]]"],"predicted":["[[11259, 634, 91, 36, 183], [433, 2036, 326, 7, 288], [187, 185, 8548, 370, 303], [60, 12, 344, 3795, 3], [264, 223, 284, 6, 6500]]"]}},"metrics":{"downstream":{"cohen_kappa":[0.6095098561756747],"f1_scores":{"N1":[0.3183856502242152],"N2":[0.70741796120967],"N3":[0.6289068231841526],"REM":[0.6657101865136298],"Wake":[0.8648190045248869],"macro":[0.6370479251313109]},"loss":[1.4705423778957791],"precisions":{"N1":[0.3906148867313916],"N2":[0.802251641822162],"N3":[0.5085429520645467],"REM":[0.5419815858183318],"Wake":[0.8770075385119633],"macro":[0.6240797209896791]},"recalls":{"N1":[0.268699910952805],"N2":[0.6326346074804767],"N3":[0.8239138792772011],"REM":[0.8626421697287839],"Wake":[0.8529646158750398],"macro":[0.6881710366628614]}}}},"train":{},"valid_pretraining":{}}