{"earlystopping":{"confusion_matrices":{"abs":["[[4455, 1, 378, 18, 1234], [145, 0, 820, 52, 743], [131, 0, 5068, 878, 420], [13, 0, 373, 1161, 2], [133, 0, 549, 114, 1956]]"]},"markov_matrices":{"abs":{"actual":["[[5819, 253, 12, 0, 1], [157, 1185, 319, 2, 97], [66, 186, 5820, 317, 108], [7, 16, 296, 1230, 0], [36, 120, 50, 0, 2546]]"],"predicted":["[[4467, 0, 173, 46, 190], [0, 0, 1, 0, 0], [183, 0, 6316, 297, 392], [61, 0, 276, 1868, 18], [165, 1, 422, 12, 3755]]"]}},"metrics":{"downstream":{"cohen_kappa":[0.5623753602762138],"f1_scores":{"N1":[0.0],"N2":[0.7406649616368286],"N3":[0.6155885471898197],"REM":[0.550443224989447],"Wake":[0.8127337407643893],"macro":[0.543886094916097]},"loss":[1.3201249612344277],"precisions":{"N1":[0.0],"N2":[0.7050639955481358],"N3":[0.5222672064777328],"REM":[0.4491389207807118],"Wake":[0.9134713963502153],"macro":[0.5179883038313592]},"recalls":{"N1":[0.0],"N2":[0.7800523318454672],"N3":[0.749515816655907],"REM":[0.7107558139534884],"Wake":[0.7320078869536641],"macro":[0.5944663698817053]}}}},"test":{"confusion_matrices":{"abs":["[[7350, 0, 676, 24, 1632], [296, 0, 1215, 58, 1430], [106, 0, 10293, 1169, 1198], [6, 0, 419, 1743, 6], [221, 0, 694, 17, 3705]]"]},"markov_matrices":{"abs":{"actual":["[[9241, 410, 25, 0, 5], [217, 2136, 559, 2, 85], [152, 323, 11813, 339, 139], [16, 13, 311, 1833, 1], [55, 117, 58, 0, 4407]]"],"predicted":["[[7350, 0, 196, 12, 420], [0, 0, 0, 0, 0], [232, 0, 11903, 389, 773], [35, 0, 358, 2597, 21], [361, 0, 840, 13, 6757]]"]}},"metrics":{"downstream":{"cohen_kappa":[0.6057574590180039],"f1_scores":{"N1":[0.0],"N2":[0.7898553504968729],"N3":[0.6723240115718419],"REM":[0.5877220812182741],"Wake":[0.8323424494649228],"macro":[0.5764487785503823]},"loss":[1.073379397392273],"precisions":{"N1":[0.0],"N2":[0.7740843799353238],"N3":[0.5788774493523746],"REM":[0.4648099360180655],"Wake":[0.921168066173706],"macro":[0.547787966295894]},"recalls":{"N1":[0.0],"N2":[0.806282312392292],"N3":[0.8017479300827967],"REM":[0.7990079792969592],"Wake":[0.7591406734145838],"macro":[0.6332357790373263]}}}},"train":{},"valid_pretraining":{}}