{
    "earlystopping": {
        "confusion_matrices": {
            "abs": [
                "[[1311, 61, 91, 0, 25], [91, 187, 158, 0, 35], [94, 90, 3485, 43, 128], [116, 1, 205, 597, 0], [49, 74, 162, 0, 881]]"
            ]
        },
        "markov_matrices": {
            "abs": {
                "actual": [
                    "[[1224, 231, 17, 0, 15], [74, 164, 222, 0, 11], [132, 73, 3531, 73, 31], [11, 0, 62, 846, 0], [46, 3, 8, 0, 1109]]"
                ],
                "predicted": [
                    "[[1417, 165, 49, 1, 28], [45, 166, 154, 0, 48], [137, 47, 3782, 57, 78], [3, 0, 55, 582, 0], [58, 35, 61, 0, 915]]"
                ]
            }
        },
        "metrics": {
            "downstream": {
                "cohen_kappa": [
                    0.7323019918126721
                ],
                "f1_scores": {
                    "N1": [
                        0.4230769230769231
                    ],
                    "N2": [
                        0.8777232086638962
                    ],
                    "N3": [
                        0.7658755612572161
                    ],
                    "REM": [
                        0.7883668903803132
                    ],
                    "Wake": [
                        0.8326452842172118
                    ],
                    "macro": [
                        0.7375375735191121
                    ]
                },
                "loss": [
                    0.5761178135871887
                ],
                "precisions": {
                    "N1": [
                        0.45278450363196127
                    ],
                    "N2": [
                        0.8497927334796391
                    ],
                    "N3": [
                        0.9328125
                    ],
                    "REM": [
                        0.8241347053320861
                    ],
                    "Wake": [
                        0.7892835641180012
                    ],
                    "macro": [
                        0.7697616013123374
                    ]
                },
                "recalls": {
                    "N1": [
                        0.3970276008492569
                    ],
                    "N2": [
                        0.9075520833333334
                    ],
                    "N3": [
                        0.6496191512513602
                    ],
                    "REM": [
                        0.7555746140651801
                    ],
                    "Wake": [
                        0.8810483870967742
                    ],
                    "macro": [
                        0.718164367319181
                    ]
                }
            }
        }
    },
    "test": {
        "confusion_matrices": {
            "abs": [
                "[[2155, 96, 170, 7, 88], [122, 318, 192, 0, 74], [268, 95, 5599, 345, 224], [18, 0, 455, 1054, 0], [115, 63, 547, 6, 1440]]"
            ]
        },
        "markov_matrices": {
            "abs": {
                "actual": [
                    "[[2107, 335, 57, 1, 15], [101, 257, 328, 0, 20], [233, 100, 5972, 176, 50], [18, 3, 155, 1350, 1], [56, 11, 19, 0, 2085]]"
                ],
                "predicted": [
                    "[[2189, 284, 150, 6, 48], [96, 209, 223, 0, 44], [282, 54, 6403, 88, 136], [20, 0, 73, 1318, 1], [90, 25, 114, 0, 1597]]"
                ]
            }
        },
        "metrics": {
            "downstream": {
                "cohen_kappa": [
                    0.6824167242113515
                ],
                "f1_scores": {
                    "N1": [
                        0.49765258215962443
                    ],
                    "N2": [
                        0.8298503038387431
                    ],
                    "N3": [
                        0.7172507655665192
                    ],
                    "REM": [
                        0.720540405303978
                    ],
                    "Wake": [
                        0.829803619561032
                    ],
                    "macro": [
                        0.7190195352859793
                    ]
                },
                "loss": [
                    0.6633054238778574
                ],
                "precisions": {
                    "N1": [
                        0.5559440559440559
                    ],
                    "N2": [
                        0.8041074249605056
                    ],
                    "N3": [
                        0.7464589235127479
                    ],
                    "REM": [
                        0.7886089813800657
                    ],
                    "Wake": [
                        0.8047050037341299
                    ],
                    "macro": [
                        0.7399648779063009
                    ]
                },
                "recalls": {
                    "N1": [
                        0.45042492917847027
                    ],
                    "N2": [
                        0.8572959730516001
                    ],
                    "N3": [
                        0.6902423051735429
                    ],
                    "REM": [
                        0.6632888070013818
                    ],
                    "Wake": [
                        0.8565182829888712
                    ],
                    "macro": [
                        0.7035540594787733
                    ]
                }
            }
        }
    },
    "train": {},
    "valid_pretraining": {}
}
