{
    "earlystopping": {
        "confusion_matrices": {
            "abs": [
                "[[890, 200, 300, 0, 98], [91, 115, 194, 0, 71], [224, 202, 2700, 109, 605], [58, 16, 288, 529, 28], [171, 136, 287, 0, 572]]"
            ]
        },
        "markov_matrices": {
            "abs": {
                "actual": [
                    "[[1224, 231, 17, 0, 15], [74, 164, 222, 0, 11], [132, 73, 3531, 73, 31], [11, 0, 62, 846, 0], [46, 3, 8, 0, 1109]]"
                ],
                "predicted": [
                    "[[1112, 201, 58, 3, 59], [107, 298, 205, 1, 58], [123, 127, 3281, 69, 169], [4, 1, 67, 562, 4], [88, 42, 157, 3, 1084]]"
                ]
            }
        },
        "metrics": {
            "downstream": {
                "cohen_kappa": [
                    0.4362710567997701
                ],
                "f1_scores": {
                    "N1": [
                        0.20175438596491227
                    ],
                    "N2": [
                        0.7096858982783546
                    ],
                    "N3": [
                        0.6795118818240206
                    ],
                    "REM": [
                        0.4503937007874016
                    ],
                    "Wake": [
                        0.6091718001368926
                    ],
                    "macro": [
                        0.5301035333983164
                    ]
                },
                "loss": [
                    2.109950065612793
                ],
                "precisions": {
                    "N1": [
                        0.17189835575485798
                    ],
                    "N2": [
                        0.716370390023879
                    ],
                    "N3": [
                        0.829153605015674
                    ],
                    "REM": [
                        0.4163027656477438
                    ],
                    "Wake": [
                        0.6206415620641562
                    ],
                    "macro": [
                        0.5508733357012623
                    ]
                },
                "recalls": {
                    "N1": [
                        0.24416135881104034
                    ],
                    "N2": [
                        0.703125
                    ],
                    "N3": [
                        0.5756256800870512
                    ],
                    "REM": [
                        0.49056603773584906
                    ],
                    "Wake": [
                        0.5981182795698925
                    ],
                    "macro": [
                        0.5223192712407665
                    ]
                }
            }
        }
    },
    "test": {
        "confusion_matrices": {
            "abs": [
                "[[1181, 358, 743, 5, 229], [106, 184, 298, 1, 117], [254, 415, 4553, 523, 786], [10, 11, 441, 1055, 10], [208, 223, 588, 2, 1150]]"
            ]
        },
        "markov_matrices": {
            "abs": {
                "actual": [
                    "[[2107, 335, 57, 1, 15], [101, 257, 328, 0, 20], [233, 100, 5972, 176, 50], [18, 3, 155, 1350, 1], [56, 11, 19, 0, 2085]]"
                ],
                "predicted": [
                    "[[1151, 368, 132, 3, 104], [187, 510, 354, 2, 138], [260, 198, 5781, 160, 224], [7, 3, 155, 1421, 0], [154, 112, 201, 0, 1825]]"
                ]
            }
        },
        "metrics": {
            "downstream": {
                "cohen_kappa": [
                    0.4267120167271917
                ],
                "f1_scores": {
                    "N1": [
                        0.19399051133368475
                    ],
                    "N2": [
                        0.692260909229132
                    ],
                    "N3": [
                        0.6778027626084163
                    ],
                    "REM": [
                        0.5153484203450593
                    ],
                    "Wake": [
                        0.552514619883041
                    ],
                    "macro": [
                        0.5263834446798666
                    ]
                },
                "loss": [
                    2.0588092097529658
                ],
                "precisions": {
                    "N1": [
                        0.15449202350965574
                    ],
                    "N2": [
                        0.6874528159444361
                    ],
                    "N3": [
                        0.6651954602774275
                    ],
                    "REM": [
                        0.5017452006980803
                    ],
                    "Wake": [
                        0.671404206935759
                    ],
                    "macro": [
                        0.5360579414730717
                    ]
                },
                "recalls": {
                    "N1": [
                        0.26062322946175637
                    ],
                    "N2": [
                        0.6971367325065074
                    ],
                    "N3": [
                        0.6908971840209561
                    ],
                    "REM": [
                        0.5297098111469369
                    ],
                    "Wake": [
                        0.46939586645469
                    ],
                    "macro": [
                        0.5295525647181692
                    ]
                }
            }
        }
    },
    "train": {},
    "valid_pretraining": {}
}
