{"earlystopping":{"confusion_matrices":{"abs":["[[5877, 53, 80, 62, 14], [700, 70, 702, 222, 66], [287, 9, 4774, 1398, 29], [10, 0, 177, 1361, 1], [528, 12, 723, 291, 1198]]"]},"markov_matrices":{"abs":{"actual":["[[5819, 253, 12, 0, 1], [157, 1185, 319, 2, 97], [66, 186, 5820, 317, 108], [7, 16, 296, 1230, 0], [36, 120, 50, 0, 2546]]"],"predicted":["[[6894, 62, 232, 89, 124], [31, 59, 41, 5, 8], [238, 7, 5636, 413, 162], [85, 3, 396, 2786, 64], [153, 13, 151, 41, 950]]"]}},"metrics":{"downstream":{"cohen_kappa":[0.6024994344923533],"f1_scores":{"N1":[0.07352941176470588],"N2":[0.7371265343935768],"N3":[0.5574441941429449],"REM":[0.5901477832512315],"Wake":[0.87144128113879],"macro":[0.5659378409382498]},"loss":[1.1389303465147276],"precisions":{"N1":[0.4861111111111111],"N2":[0.7394671623296158],"N3":[0.40821835632873427],"REM":[0.9159021406727829],"Wake":[0.7939746014590651],"macro":[0.6687346743802618]},"recalls":{"N1":[0.03977272727272727],"N2":[0.7348006772356472],"N3":[0.8786313750806972],"REM":[0.43531976744186046],"Wake":[0.9656588892540257],"macro":[0.6108366872569916]}}}},"test":{"confusion_matrices":{"abs":["[[9229, 13, 315, 94, 31], [1746, 41, 826, 239, 147], [858, 40, 9245, 2496, 127], [1, 0, 292, 1879, 2], [1631, 24, 958, 214, 1810]]"]},"markov_matrices":{"abs":{"actual":["[[9241, 410, 25, 0, 5], [217, 2136, 559, 2, 85], [152, 323, 11813, 339, 139], [16, 13, 311, 1833, 1], [55, 117, 58, 0, 4407]]"],"predicted":["[[12397, 51, 493, 180, 343], [20, 25, 56, 7, 10], [439, 25, 10219, 704, 249], [200, 6, 656, 3988, 72], [409, 11, 211, 43, 1443]]"]}},"metrics":{"downstream":{"cohen_kappa":[0.5621971174704543],"f1_scores":{"N1":[0.02630734680782804],"N2":[0.757724776657651],"N3":[0.5295941375422774],"REM":[0.5359786793011548],"Wake":[0.7974251522875535],"macro":[0.529406018519293]},"loss":[1.205997109413147],"precisions":{"N1":[0.3474576271186441],"N2":[0.7945170161567549],"N3":[0.3817553839902479],"REM":[0.8549834671705243],"Wake":[0.6854066097289269],"macro":[0.6128240208330196]},"recalls":{"N1":[0.013671223741247083],"N2":[0.724189252702491],"N3":[0.8643054277828887],"REM":[0.3903385809790813],"Wake":[0.9532121462507747],"macro":[0.5891433262912965]}}}},"train":{},"valid_pretraining":{}}