{"earlystopping":{"confusion_matrices":{"abs":["[[7003, 717, 191, 3, 44], [344, 425, 999, 35, 143], [225, 40, 6022, 269, 72], [9, 1, 776, 742, 3], [231, 113, 543, 16, 1879]]"]},"markov_matrices":{"abs":{"actual":["[[7584, 353, 15, 0, 5], [200, 1236, 385, 2, 123], [98, 210, 5964, 245, 111], [13, 14, 220, 1284, 0], [62, 133, 44, 0, 2543]]"],"predicted":["[[7356, 181, 194, 6, 74], [99, 955, 195, 6, 41], [242, 81, 7918, 137, 153], [21, 11, 115, 916, 2], [93, 68, 109, 0, 1871]]"]}},"metrics":{"downstream":{"cohen_kappa":[0.6744650762834405],"f1_scores":{"N1":[0.2621838371375694],"N2":[0.7945115113134111],"N3":[0.5716486902927581],"REM":[0.7633556774324599],"Wake":[0.888142041851617],"macro":[0.6559683516055632]},"loss":[2.030821637409489],"precisions":{"N1":[0.3279320987654321],"N2":[0.7058961434767319],"N3":[0.6967136150234742],"REM":[0.877627276973377],"Wake":[0.8964413722478238],"macro":[0.7009221012973679]},"recalls":{"N1":[0.2183967112024666],"N2":[0.9085697042848522],"N3":[0.4846505551926845],"REM":[0.6754133716750539],"Wake":[0.8799949736114602],"macro":[0.6334050631933035]}}}},"test":{"confusion_matrices":{"abs":["[[10320, 774, 1045, 31, 378], [1017, 1034, 2216, 52, 173], [889, 106, 10409, 435, 326], [33, 2, 1092, 1469, 5], [775, 134, 989, 9, 2665]]"]},"markov_matrices":{"abs":{"actual":["[[11874, 617, 28, 3, 25], [348, 3420, 622, 0, 102], [199, 328, 10935, 568, 135], [29, 16, 522, 2030, 4], [97, 111, 58, 0, 4306]]"],"predicted":["[[12177, 321, 346, 12, 177], [189, 1437, 367, 4, 53], [446, 185, 14675, 241, 204], [38, 12, 208, 1731, 7], [183, 95, 155, 8, 3106]]"]}},"metrics":{"downstream":{"cohen_kappa":[0.5933384740630263],"f1_scores":{"N1":[0.3161112809538367],"N2":[0.7457372116349047],"N3":[0.6391124646508592],"REM":[0.6564847887670895],"Wake":[0.8068172934094285],"macro":[0.6328526078832238]},"loss":[2.746310975816515],"precisions":{"N1":[0.504390243902439],"N2":[0.6608469303536283],"N3":[0.7359719438877755],"REM":[0.7513391598533973],"Wake":[0.791775356759245],"macro":[0.6888647269512971]},"recalls":{"N1":[0.23018699910952806],"N2":[0.8556514591039869],"N3":[0.5647827758554402],"REM":[0.5828958880139983],"Wake":[0.8224418233981511],"macro":[0.6111917890962208]}}}},"train":{},"valid_pretraining":{}}