{"earlystopping":{"confusion_matrices":{"abs":["[[708, 123, 105, 6, 166], [51, 129, 115, 4, 129], [106, 412, 2448, 548, 583], [0, 1, 33, 757, 117], [8, 97, 17, 0, 1131]]"]},"markov_matrices":{"abs":{"actual":["[[862, 210, 21, 0, 14], [64, 148, 206, 0, 10], [130, 65, 3781, 89, 32], [11, 1, 77, 819, 0], [40, 4, 12, 0, 1197]]"],"predicted":["[[693, 103, 38, 9, 30], [51, 392, 252, 7, 60], [59, 209, 2291, 74, 85], [18, 11, 59, 1207, 20], [51, 47, 78, 18, 1931]]"]}},"metrics":{"downstream":{"cohen_kappa":[0.5405236931288793],"f1_scores":{"N1":[0.21680672268907564],"N2":[0.718415260454879],"N3":[0.6810616284300495],"REM":[0.6694288250961823],"Wake":[0.7147905098435134],"macro":[0.60010058930274]},"loss":[1.9069641828536987],"precisions":{"N1":[0.16929133858267717],"N2":[0.9006622516556292],"N3":[0.5756653992395437],"REM":[0.5319849482596425],"Wake":[0.8109965635738832],"macro":[0.5977201002622752]},"recalls":{"N1":[0.3014018691588785],"N2":[0.5975103734439834],"N3":[0.8337004405286343],"REM":[0.902633679169992],"Wake":[0.6389891696750902],"macro":[0.6548471063953156]}}}},"test":{"confusion_matrices":{"abs":["[[1674, 259, 58, 16, 364], [271, 276, 66, 5, 136], [434, 651, 3502, 585, 1312], [5, 1, 49, 1292, 94], [172, 142, 91, 1, 1718]]"]},"markov_matrices":{"abs":{"actual":["[[1925, 362, 71, 0, 13], [125, 270, 344, 1, 14], [256, 108, 5893, 174, 52], [18, 2, 155, 1266, 0], [46, 12, 21, 0, 2045]]"],"predicted":["[[2195, 206, 57, 3, 95], [131, 735, 332, 16, 115], [84, 268, 3157, 126, 130], [8, 35, 102, 1717, 37], [138, 85, 118, 37, 3246]]"]}},"metrics":{"downstream":{"cohen_kappa":[0.5284397435706062],"f1_scores":{"N1":[0.2650024003840615],"N2":[0.6833170731707316],"N3":[0.7736526946107786],"REM":[0.5977731384829506],"Wake":[0.6795210066977876],"macro":[0.599853262669262]},"loss":[2.075044485238882],"precisions":{"N1":[0.2076749435665914],"N2":[0.9298990971853426],"N3":[0.6803580832016851],"REM":[0.47406181015452536],"Wake":[0.6549295774647887],"macro":[0.5893847023145866]},"recalls":{"N1":[0.3660477453580902],"N2":[0.5400987045033929],"N3":[0.8965995836224844],"REM":[0.8088512241054614],"Wake":[0.7060312104597216],"macro":[0.6635256936098302]}}}},"train":{},"valid_pretraining":{}}