{
    "earlystopping": {
        "confusion_matrices": {
            "abs": [
                "[[940, 267, 172, 25, 54], [74, 126, 152, 10, 46], [30, 149, 2867, 445, 211], [0, 0, 234, 816, 0], [111, 78, 82, 1, 793]]"
            ]
        },
        "markov_matrices": {
            "abs": {
                "actual": [
                    "[[1259, 184, 13, 0, 1], [48, 150, 197, 0, 13], [112, 70, 3412, 84, 24], [12, 1, 71, 966, 0], [26, 3, 9, 0, 1027]]"
                ],
                "predicted": [
                    "[[934, 117, 88, 3, 12], [72, 360, 129, 15, 44], [123, 83, 3149, 88, 64], [9, 16, 81, 1186, 5], [16, 44, 60, 5, 979]]"
                ]
            }
        },
        "metrics": {
            "downstream": {
                "cohen_kappa": [
                    0.6043083624491727
                ],
                "f1_scores": {
                    "N1": [
                        0.245136186770428
                    ],
                    "N2": [
                        0.7953946455819115
                    ],
                    "N3": [
                        0.6953557733276524
                    ],
                    "REM": [
                        0.7312125403411711
                    ],
                    "Wake": [
                        0.7194795254496746
                    ],
                    "macro": [
                        0.6373157342941675
                    ]
                },
                "loss": [
                    1.837597131729126
                ],
                "precisions": {
                    "N1": [
                        0.2032258064516129
                    ],
                    "N2": [
                        0.8175078414599373
                    ],
                    "N3": [
                        0.6291441788743254
                    ],
                    "REM": [
                        0.7182971014492754
                    ],
                    "Wake": [
                        0.8138528138528138
                    ],
                    "macro": [
                        0.6364055484175929
                    ]
                },
                "recalls": {
                    "N1": [
                        0.3088235294117647
                    ],
                    "N2": [
                        0.7744462452728255
                    ],
                    "N3": [
                        0.7771428571428571
                    ],
                    "REM": [
                        0.7446009389671362
                    ],
                    "Wake": [
                        0.644718792866941
                    ],
                    "macro": [
                        0.649946472732305
                    ]
                }
            }
        }
    },
    "test": {
        "confusion_matrices": {
            "abs": [
                "[[1253, 199, 380, 23, 154], [37, 189, 267, 23, 68], [39, 281, 5214, 730, 378], [1, 0, 204, 1655, 0], [61, 311, 354, 45, 1399]]"
            ]
        },
        "markov_matrices": {
            "abs": {
                "actual": [
                    "[[1680, 283, 29, 0, 17], [67, 196, 302, 0, 18], [192, 88, 6163, 147, 52], [23, 1, 123, 1713, 0], [46, 16, 25, 0, 2083]]"
                ],
                "predicted": [
                    "[[1127, 136, 84, 13, 31], [57, 576, 203, 35, 109], [142, 131, 5844, 158, 143], [19, 28, 158, 2263, 8], [45, 109, 130, 7, 1708]]"
                ]
            }
        },
        "metrics": {
            "downstream": {
                "cohen_kappa": [
                    0.6103210524020297
                ],
                "f1_scores": {
                    "N1": [
                        0.24168797953964197
                    ],
                    "N2": [
                        0.7984074726284359
                    ],
                    "N3": [
                        0.7633763837638377
                    ],
                    "REM": [
                        0.6711441592708084
                    ],
                    "Wake": [
                        0.7370588235294117
                    ],
                    "macro": [
                        0.6423349637464272
                    ]
                },
                "loss": [
                    1.7207962916447566
                ],
                "precisions": {
                    "N1": [
                        0.19285714285714287
                    ],
                    "N2": [
                        0.8122760554603521
                    ],
                    "N3": [
                        0.6684168012924071
                    ],
                    "REM": [
                        0.6998499249624812
                    ],
                    "Wake": [
                        0.9007907979870596
                    ],
                    "macro": [
                        0.6548381445118886
                    ]
                },
                "recalls": {
                    "N1": [
                        0.3236301369863014
                    ],
                    "N2": [
                        0.7850045167118338
                    ],
                    "N3": [
                        0.8897849462365591
                    ],
                    "REM": [
                        0.6447004608294931
                    ],
                    "Wake": [
                        0.6236933797909407
                    ],
                    "macro": [
                        0.6533626881110256
                    ]
                }
            }
        }
    },
    "train": {},
    "valid_pretraining": {}
}
