{"earlystopping":{"confusion_matrices":{"abs":["[[409, 912, 28, 45, 312], [78, 384, 32, 122, 294], [224, 471, 254, 788, 618], [3, 12, 18, 1335, 14], [68, 233, 4, 41, 747]]"]},"markov_matrices":{"abs":{"actual":["[[1401, 259, 37, 0, 9], [125, 439, 301, 1, 44], [114, 165, 1969, 73, 33], [25, 5, 43, 1308, 1], [40, 42, 5, 0, 1006]]"],"predicted":["[[440, 154, 9, 44, 135], [123, 1501, 48, 72, 267], [12, 33, 218, 49, 24], [58, 51, 31, 2120, 71], [148, 273, 30, 46, 1488]]"]}},"metrics":{"downstream":{"cohen_kappa":[0.30265799688330175],"f1_scores":{"N1":[0.26283367556468173],"N2":[0.18877740616871053],"N3":[0.7190950713708592],"REM":[0.4853801169590643],"Wake":[0.3287781350482315],"macro":[0.3969728810223095]},"loss":[4.424656677246094],"precisions":{"N1":[0.1908548707753479],"N2":[0.7559523809523809],"N3":[0.5727155727155727],"REM":[0.37632241813602013],"Wake":[0.5230179028132992],"macro":[0.4837726290785242]},"recalls":{"N1":[0.421978021978022],"N2":[0.10785562632696391],"N3":[0.9659913169319826],"REM":[0.6834400731930467],"Wake":[0.23974208675263775],"macro":[0.48380142503653056]}}}},"test":{"confusion_matrices":{"abs":["[[1230, 2842, 127, 96, 745], [227, 1808, 294, 218, 860], [221, 1479, 1844, 2038, 1527], [14, 16, 330, 3401, 40], [144, 684, 62, 71, 1473]]"]},"markov_matrices":{"abs":{"actual":["[[4102, 786, 104, 4, 43], [364, 1729, 1099, 3, 212], [382, 681, 5745, 228, 73], [56, 29, 147, 3566, 3], [135, 182, 14, 0, 2103]]"],"predicted":["[[984, 448, 49, 90, 265], [337, 5341, 278, 209, 664], [54, 224, 2033, 224, 122], [121, 172, 182, 5174, 175], [339, 644, 115, 127, 3419]]"]}},"metrics":{"downstream":{"cohen_kappa":[0.32754566004555463],"f1_scores":{"N1":[0.35326299335678],"N2":[0.377636698750768],"N3":[0.7067012987012987],"REM":[0.4161604746433112],"Wake":[0.35776614310645727],"macro":[0.44230552171172305]},"loss":[3.732912995094477],"precisions":{"N1":[0.2647532581637136],"N2":[0.6940158073014678],"N3":[0.5839629120879121],"REM":[0.3171151776103337],"Wake":[0.6699346405228758],"macro":[0.5059563591372606]},"recalls":{"N1":[0.530672145582624],"N2":[0.25938950625967083],"N3":[0.8947645356485135],"REM":[0.6051766639276911],"Wake":[0.24404761904761904],"macro":[0.5068100940932238]}}}},"train":{},"valid_pretraining":{}}