{"earlystopping":{"confusion_matrices":{"abs":["[[1009, 44, 74, 80, 44], [395, 147, 148, 96, 55], [200, 306, 1410, 657, 148], [0, 9, 125, 1378, 8], [267, 269, 61, 101, 373]]"]},"markov_matrices":{"abs":{"actual":["[[981, 212, 41, 1, 16], [91, 401, 312, 1, 36], [102, 188, 2320, 72, 38], [30, 5, 38, 1446, 1], [46, 35, 10, 0, 980]]"],"predicted":["[[1572, 121, 71, 42, 64], [88, 407, 133, 50, 97], [83, 116, 1445, 128, 46], [50, 39, 110, 2044, 69], [78, 92, 59, 47, 352]]"]}},"metrics":{"downstream":{"cohen_kappa":[0.46464213258809695],"f1_scores":{"N1":[0.18193069306930693],"N2":[0.62128222075347],"N3":[0.7192066805845512],"REM":[0.4390818128310771],"Wake":[0.6463805253042921],"macro":[0.5215763865085394]},"loss":[1.10479736328125],"precisions":{"N1":[0.1896774193548387],"N2":[0.7755775577557755],"N3":[0.5960207612456747],"REM":[0.5939490445859873],"Wake":[0.5392838054516301],"macro":[0.5389017176787813]},"recalls":{"N1":[0.17479191438763378],"N2":[0.5181918412348401],"N3":[0.906578947368421],"REM":[0.34827264239028943],"Wake":[0.806554756195044],"macro":[0.5508780203152457]}}}},"test":{"confusion_matrices":{"abs":["[[2488, 337, 197, 102, 87], [926, 683, 660, 169, 161], [675, 952, 3995, 969, 331], [9, 27, 603, 3639, 18], [824, 865, 281, 190, 651]]"]},"markov_matrices":{"abs":{"actual":["[[2639, 499, 37, 1, 34], [225, 1407, 847, 6, 114], [206, 561, 5876, 194, 85], [45, 19, 132, 4095, 5], [95, 113, 30, 0, 2573]]"],"predicted":["[[3994, 480, 193, 44, 210], [407, 1628, 476, 122, 231], [213, 394, 4643, 352, 134], [80, 125, 317, 4459, 88], [227, 237, 107, 92, 585]]"]}},"metrics":{"downstream":{"cohen_kappa":[0.455342899627026],"f1_scores":{"N1":[0.25004576240161086],"N2":[0.6312213619845157],"N3":[0.7771489588894821],"REM":[0.32076866223207684],"Wake":[0.61182835362105],"macro":[0.5182026198257471]},"loss":[1.1105822049654448],"precisions":{"N1":[0.23847765363128492],"N2":[0.6964783821478382],"N3":[0.7178930755573091],"REM":[0.5216346153846154],"Wake":[0.5054855749695246],"macro":[0.5359938603381145]},"recalls":{"N1":[0.26279338207002695],"N2":[0.5771453337185785],"N3":[0.8470670391061452],"REM":[0.23159018143009605],"Wake":[0.7748364995328558],"macro":[0.5386864871715406]}}}},"train":{},"valid_pretraining":{}}