{"earlystopping":{"confusion_matrices":{"abs":["[[5506, 67, 126, 25, 362], [457, 57, 547, 163, 536], [262, 26, 4138, 1749, 322], [5, 0, 113, 1426, 5], [351, 25, 230, 195, 1951]]"]},"markov_matrices":{"abs":{"actual":["[[5819, 253, 12, 0, 1], [157, 1185, 319, 2, 97], [66, 186, 5820, 317, 108], [7, 16, 296, 1230, 0], [36, 120, 50, 0, 2546]]"],"predicted":["[[5959, 43, 143, 23, 412], [24, 67, 41, 0, 43], [196, 12, 4469, 302, 175], [40, 1, 288, 3176, 53], [361, 52, 213, 57, 2493]]"]}},"metrics":{"downstream":{"cohen_kappa":[0.6001083276816649],"f1_scores":{"N1":[0.05891472868217054],"N2":[0.7103252939661832],"N3":[0.558449187389857],"REM":[0.6582321187584346],"Wake":[0.8693455435383279],"macro":[0.5710533744669946]},"loss":[1.5229421048550993],"precisions":{"N1":[0.32571428571428573],"N2":[0.802871556072953],"N3":[0.4007869589657111],"REM":[0.614294710327456],"Wake":[0.8366509648989515],"macro":[0.5960636951958714]},"recalls":{"N1":[0.03238636363636364],"N2":[0.6369093427735878],"N3":[0.920593931568754],"REM":[0.7089389534883721],"Wake":[0.9046993098915543],"macro":[0.6407055802717264]}}}},"test":{"confusion_matrices":{"abs":["[[8728, 52, 294, 38, 570], [991, 67, 473, 226, 1242], [602, 127, 6733, 3785, 1519], [13, 0, 180, 1975, 6], [1218, 27, 162, 91, 3139]]"]},"markov_matrices":{"abs":{"actual":["[[9241, 410, 25, 0, 5], [217, 2136, 559, 2, 85], [152, 323, 11813, 339, 139], [16, 13, 311, 1833, 1], [55, 117, 58, 0, 4407]]"],"predicted":["[[10354, 69, 228, 55, 845], [45, 84, 86, 8, 50], [321, 49, 6455, 617, 400], [91, 2, 598, 5309, 115], [741, 69, 475, 126, 5065]]"]}},"metrics":{"downstream":{"cohen_kappa":[0.52234687926625],"f1_scores":{"N1":[0.04095354523227384],"N2":[0.6534355590062112],"N3":[0.476535167088913],"REM":[0.5649239629263025],"Wake":[0.8220777997551098],"macro":[0.511585206801762]},"loss":[1.7635995149612427],"precisions":{"N1":[0.2454212454212454],"N2":[0.8585819943891865],"N3":[0.32297628781684384],"REM":[0.4847127856701668],"Wake":[0.7555401662049861],"macro":[0.5334464959004858]},"recalls":{"N1":[0.022340780260086696],"N2":[0.5274165752780824],"N3":[0.9084636614535418],"REM":[0.676946301488031],"Wake":[0.9014666391241479],"macro":[0.6073267915207781]}}}},"train":{},"valid_pretraining":{}}