{"earlystopping":{"confusion_matrices":{"abs":["[[938, 137, 78, 36, 188], [98, 188, 366, 45, 178], [58, 45, 1701, 500, 153], [42, 0, 41, 1432, 28], [14, 14, 60, 9, 1131]]"]},"markov_matrices":{"abs":{"actual":["[[1107, 224, 32, 1, 13], [103, 420, 304, 1, 47], [91, 183, 2069, 75, 39], [26, 6, 44, 1466, 0], [49, 42, 8, 0, 1129]]"],"predicted":["[[940, 118, 49, 12, 31], [51, 153, 127, 1, 52], [62, 65, 1913, 125, 81], [34, 2, 94, 1870, 21], [62, 46, 63, 14, 1493]]"]}},"metrics":{"downstream":{"cohen_kappa":[0.6392218960729577],"f1_scores":{"N1":[0.29864972200158857],"N2":[0.7233680629385498],"N3":[0.8033660589060309],"REM":[0.7783895388850653],"Wake":[0.7423822714681441],"macro":[0.6692311308398756]},"loss":[1.5110589345296224],"precisions":{"N1":[0.4895833333333333],"N2":[0.757346393588602],"N3":[0.7082096933728981],"REM":[0.6740166865315852],"Wake":[0.8156521739130435],"macro":[0.6889616561478924]},"recalls":{"N1":[0.21485714285714286],"N2":[0.6923076923076923],"N3":[0.9280622164614387],"REM":[0.9210097719869706],"Wake":[0.6811909949164852],"macro":[0.6874855637059458]}}}},"test":{"confusion_matrices":{"abs":["[[3528, 676, 215, 136, 606], [401, 659, 745, 175, 603], [78, 158, 3452, 1334, 484], [34, 0, 301, 3377, 11], [66, 105, 107, 67, 1948]]"]},"markov_matrices":{"abs":{"actual":["[[4415, 676, 55, 1, 13], [385, 1308, 745, 5, 140], [218, 440, 4532, 223, 93], [51, 23, 150, 3494, 5], [91, 136, 24, 0, 2042]]"],"predicted":["[[3505, 312, 86, 59, 145], [183, 852, 360, 9, 194], [131, 209, 4041, 261, 178], [77, 25, 211, 4697, 78], [211, 199, 122, 63, 3057]]"]}},"metrics":{"downstream":{"cohen_kappa":[0.5841912161468519],"f1_scores":{"N1":[0.31523558957187275],"N2":[0.6686035250823165],"N3":[0.7664548343168407],"REM":[0.655340622371741],"Wake":[0.7613293051359517],"macro":[0.6333927752957446]},"loss":[1.8006619905170642],"precisions":{"N1":[0.4123904881101377],"N2":[0.7161825726141079],"N3":[0.6635881312635096],"REM":[0.5334063526834611],"Wake":[0.8590211833455077],"macro":[0.6369177456033448]},"recalls":{"N1":[0.2551296941540844],"N2":[0.6269524155466764],"N3":[0.9070641955412302],"REM":[0.8495420846053205],"Wake":[0.6835884518504166],"macro":[0.6644553683395455]}}}},"train":{},"valid_pretraining":{}}