{"earlystopping":{"confusion_matrices":{"abs":["[[1352, 108, 31, 4, 65], [124, 344, 226, 24, 113], [49, 126, 1888, 264, 104], [5, 2, 126, 1279, 5], [53, 61, 59, 2, 1020]]"]},"markov_matrices":{"abs":{"actual":["[[1273, 229, 40, 1, 17], [112, 387, 291, 0, 41], [103, 174, 2054, 62, 37], [22, 5, 35, 1354, 1], [49, 36, 11, 0, 1099]]"],"predicted":["[[1294, 206, 42, 10, 31], [100, 281, 192, 5, 63], [103, 94, 2000, 77, 55], [25, 7, 59, 1473, 9], [60, 53, 37, 8, 1149]]"]}},"metrics":{"downstream":{"cohen_kappa":[0.730649462009506],"f1_scores":{"N1":[0.4673913043478261],"N2":[0.793110691031296],"N3":[0.8555183946488294],"REM":[0.815347721822542],"Wake":[0.8603245307031498],"macro":[0.7583385285107287]},"loss":[1.0026682535807292],"precisions":{"N1":[0.5366614664586583],"N2":[0.8103004291845494],"N3":[0.8130959949141767],"REM":[0.7804131599081867],"Wake":[0.8540745420088439],"macro":[0.758909118494883]},"recalls":{"N1":[0.4139590854392298],"N2":[0.7766351295763061],"N3":[0.9026111503175723],"REM":[0.8535564853556485],"Wake":[0.8666666666666667],"macro":[0.7626857034710847]}}}},"test":{"confusion_matrices":{"abs":["[[3983, 649, 151, 11, 62], [332, 1077, 893, 64, 364], [150, 337, 5185, 947, 484], [18, 4, 778, 3314, 16], [206, 289, 516, 14, 1950]]"]},"markov_matrices":{"abs":{"actual":["[[4051, 689, 82, 1, 32], [350, 1373, 861, 3, 143], [263, 497, 5960, 282, 101], [67, 39, 179, 3844, 1], [124, 132, 21, 0, 2698]]"],"predicted":["[[3849, 633, 122, 24, 60], [333, 1304, 511, 13, 195], [319, 259, 6459, 259, 227], [63, 12, 216, 4008, 51], [124, 148, 215, 46, 2343]]"]}},"metrics":{"downstream":{"cohen_kappa":[0.6255657126983263],"f1_scores":{"N1":[0.42351553283523397],"N2":[0.7090113496513059],"N3":[0.7816037735849056],"REM":[0.6665527260297385],"Wake":[0.834573074908329],"macro":[0.6830512914019026]},"loss":[1.5284776909406794],"precisions":{"N1":[0.4571307300509338],"N2":[0.6892197261730693],"N3":[0.7618390804597701],"REM":[0.6780250347705146],"Wake":[0.8494348475154617],"macro":[0.6871298837939499]},"recalls":{"N1":[0.3945054945054945],"N2":[0.7299732507391243],"N3":[0.8024213075060532],"REM":[0.6554621848739496],"Wake":[0.8202224052718287],"macro":[0.68051692857929]}}}},"train":{},"valid_pretraining":{}}