{
    "earlystopping": {
        "confusion_matrices": {
            "abs": [
                "[[1140, 71, 186, 6, 83], [71, 90, 231, 1, 68], [145, 36, 3107, 269, 271], [1, 0, 211, 811, 3], [47, 40, 279, 0, 841]]"
            ]
        },
        "markov_matrices": {
            "abs": {
                "actual": [
                    "[[1212, 234, 24, 0, 15], [70, 143, 236, 0, 12], [144, 80, 3479, 94, 31], [13, 1, 80, 932, 0], [46, 3, 9, 0, 1149]]"
                ],
                "predicted": [
                    "[[1203, 112, 48, 0, 41], [30, 82, 100, 0, 25], [109, 18, 3681, 83, 123], [5, 2, 74, 1004, 1], [56, 23, 111, 0, 1076]]"
                ]
            }
        },
        "metrics": {
            "downstream": {
                "cohen_kappa": [
                    0.6319024053317006
                ],
                "f1_scores": {
                    "N1": [
                        0.25787965616045844
                    ],
                    "N2": [
                        0.7923998979852078
                    ],
                    "N3": [
                        0.767628963558921
                    ],
                    "REM": [
                        0.680145572179539
                    ],
                    "Wake": [
                        0.7889273356401384
                    ],
                    "macro": [
                        0.6573962851048529
                    ]
                },
                "loss": [
                    0.6508165001869202
                ],
                "precisions": {
                    "N1": [
                        0.379746835443038
                    ],
                    "N2": [
                        0.7740408570004983
                    ],
                    "N3": [
                        0.7460901563937442
                    ],
                    "REM": [
                        0.6642969984202212
                    ],
                    "Wake": [
                        0.811965811965812
                    ],
                    "macro": [
                        0.6752281318446627
                    ]
                },
                "recalls": {
                    "N1": [
                        0.19522776572668113
                    ],
                    "N2": [
                        0.8116509926854755
                    ],
                    "N3": [
                        0.7904483430799221
                    ],
                    "REM": [
                        0.6967688483844242
                    ],
                    "Wake": [
                        0.7671601615074024
                    ],
                    "macro": [
                        0.652251222276781
                    ]
                }
            }
        }
    },
    "test": {
        "confusion_matrices": {
            "abs": [
                "[[1217, 54, 381, 18, 543], [194, 135, 238, 3, 264], [214, 92, 4998, 366, 928], [4, 0, 378, 1123, 10], [53, 20, 281, 2, 2293]]"
            ]
        },
        "markov_matrices": {
            "abs": {
                "actual": [
                    "[[1846, 336, 22, 0, 8], [106, 332, 383, 0, 13], [188, 148, 6049, 144, 69], [24, 1, 119, 1371, 0], [48, 17, 25, 0, 2559]]"
                ],
                "predicted": [
                    "[[1327, 132, 91, 0, 132], [43, 106, 118, 0, 34], [133, 31, 5691, 123, 297], [12, 0, 109, 1383, 8], [167, 32, 267, 6, 3566]]"
                ]
            }
        },
        "metrics": {
            "downstream": {
                "cohen_kappa": [
                    0.5780660737748125
                ],
                "f1_scores": {
                    "N1": [
                        0.23788546255506607
                    ],
                    "N2": [
                        0.7764486562063073
                    ],
                    "N3": [
                        0.741988767756855
                    ],
                    "REM": [
                        0.6858082847315687
                    ],
                    "Wake": [
                        0.6249037227214378
                    ],
                    "macro": [
                        0.613406978794247
                    ]
                },
                "loss": [
                    0.7795863681369357
                ],
                "precisions": {
                    "N1": [
                        0.4485049833887043
                    ],
                    "N2": [
                        0.7963671128107075
                    ],
                    "N3": [
                        0.7427248677248677
                    ],
                    "REM": [
                        0.5678553739474987
                    ],
                    "Wake": [
                        0.7235434007134364
                    ],
                    "macro": [
                        0.6557991477170428
                    ]
                },
                "recalls": {
                    "N1": [
                        0.1618705035971223
                    ],
                    "N2": [
                        0.7575022734161867
                    ],
                    "N3": [
                        0.7412541254125412
                    ],
                    "REM": [
                        0.8656096640241601
                    ],
                    "Wake": [
                        0.5499322187076366
                    ],
                    "macro": [
                        0.6152337570315294
                    ]
                }
            }
        }
    },
    "train": {},
    "valid_pretraining": {}
}
