{"earlystopping":{"confusion_matrices":{"abs":["[[1363, 54, 73, 8, 62], [479, 143, 132, 10, 67], [454, 423, 1228, 125, 201], [15, 49, 210, 1131, 12], [204, 96, 279, 54, 562]]"]},"markov_matrices":{"abs":{"actual":["[[1273, 229, 40, 1, 17], [112, 387, 291, 0, 41], [103, 174, 2054, 62, 37], [22, 5, 35, 1354, 1], [49, 36, 11, 0, 1099]]"],"predicted":["[[1985, 246, 167, 28, 89], [163, 281, 220, 22, 79], [216, 144, 1311, 145, 105], [39, 29, 131, 1113, 16], [111, 65, 93, 20, 615]]"]}},"metrics":{"downstream":{"cohen_kappa":[0.4809932380410924],"f1_scores":{"N1":[0.17919799498746866],"N2":[0.5642085917757869],"N3":[0.8240437158469945],"REM":[0.5354930919485469],"Wake":[0.6689570552147239],"macro":[0.5543800899547041]},"loss":[2.6511823018391927],"precisions":{"N1":[0.1869281045751634],"N2":[0.6389177939646202],"N3":[0.8516566265060241],"REM":[0.6216814159292036],"Wake":[0.541948310139165],"macro":[0.5682264502228354]},"recalls":{"N1":[0.17208182912154033],"N2":[0.5051419169066228],"N3":[0.7981651376146789],"REM":[0.4702928870292887],"Wake":[0.8737179487179487],"macro":[0.5638799438780159]}}}},"test":{"confusion_matrices":{"abs":["[[4524, 113, 131, 56, 32], [1506, 542, 437, 67, 178], [1752, 948, 3428, 537, 438], [73, 223, 898, 2889, 47], [584, 209, 689, 244, 1249]]"]},"markov_matrices":{"abs":{"actual":["[[4051, 689, 82, 1, 32], [350, 1373, 861, 3, 143], [263, 497, 5960, 282, 101], [67, 39, 179, 3844, 1], [124, 132, 21, 0, 2698]]"],"predicted":["[[7076, 652, 414, 93, 203], [445, 698, 667, 87, 138], [577, 429, 3969, 358, 250], [146, 102, 294, 3234, 17], [195, 154, 238, 21, 1336]]"]}},"metrics":{"downstream":{"cohen_kappa":[0.45642345206212387],"f1_scores":{"N1":[0.22749213011542496],"N2":[0.5404382784171528],"N3":[0.7292692162059826],"REM":[0.5078267940638341],"Wake":[0.6805566002256488],"macro":[0.5371166038056087]},"loss":[3.2475703039834665],"precisions":{"N1":[0.26633906633906634],"N2":[0.6140068063765001],"N3":[0.7616662272607435],"REM":[0.6424897119341564],"Wake":[0.5360824742268041],"macro":[0.5641168572274541]},"recalls":{"N1":[0.19853479853479852],"N2":[0.48261298043080386],"N3":[0.6995157384987893],"REM":[0.41983193277310926],"Wake":[0.9316309719934102],"macro":[0.5464252844461822]}}}},"train":{},"valid_pretraining":{}}