{"earlystopping":{"confusion_matrices":{"abs":["[[5879, 183, 10, 0, 14], [308, 915, 417, 11, 109], [118, 406, 5503, 344, 126], [19, 12, 390, 1126, 2], [92, 116, 211, 3, 2330]]"]},"markov_matrices":{"abs":{"actual":["[[5819, 253, 12, 0, 1], [157, 1185, 319, 2, 97], [66, 186, 5820, 317, 108], [7, 16, 296, 1230, 0], [36, 120, 50, 0, 2546]]"],"predicted":["[[6098, 259, 39, 8, 11], [119, 1205, 275, 0, 33], [128, 116, 6062, 133, 92], [21, 3, 117, 1343, 0], [49, 49, 38, 0, 2445]]"]}},"metrics":{"downstream":{"cohen_kappa":[0.7876665614647169],"f1_scores":{"N1":[0.5395047169811321],"N2":[0.8447958243782622],"N3":[0.7424991757335971],"REM":[0.8738046127882992],"Wake":[0.9404895216765318],"macro":[0.7882187703115644]},"loss":[0.44511985778808594],"precisions":{"N1":[0.5606617647058824],"N2":[0.8425968458122799],"N3":[0.7587601078167115],"REM":[0.9027508717551337],"Wake":[0.9163029925187033],"macro":[0.7962145165217421]},"recalls":{"N1":[0.5198863636363636],"N2":[0.8470063106048946],"N3":[0.7269205939315687],"REM":[0.846656976744186],"Wake":[0.9659875123233651],"macro":[0.7812915514480757]}}}},"test":{"confusion_matrices":{"abs":["[[9334, 285, 26, 0, 37], [452, 1770, 467, 1, 309], [95, 1249, 10789, 331, 302], [7, 6, 593, 1566, 2], [49, 193, 245, 0, 4150]]"]},"markov_matrices":{"abs":{"actual":["[[9241, 410, 25, 0, 5], [217, 2136, 559, 2, 85], [152, 323, 11813, 339, 139], [16, 13, 311, 1833, 1], [55, 117, 58, 0, 4407]]"],"predicted":["[[9446, 434, 30, 2, 24], [179, 2715, 515, 0, 94], [199, 233, 11385, 152, 151], [26, 1, 127, 1744, 0], [86, 120, 63, 0, 4531]]"]}},"metrics":{"downstream":{"cohen_kappa":[0.8007752987328507],"f1_scores":{"N1":[0.5444478621962473],"N2":[0.8670738567869485],"N3":[0.769155206286837],"REM":[0.8795167955918194],"Wake":[0.9515265813751975],"macro":[0.80234406044741]},"loss":[0.3734186589717865],"precisions":{"N1":[0.5052811875535256],"N2":[0.8901815181518152],"N3":[0.8250790305584826],"REM":[0.8645833333333334],"Wake":[0.9393177015195733],"macro":[0.804888554223346]},"recalls":{"N1":[0.5901967322440813],"N2":[0.845135516214946],"N3":[0.7203311867525299],"REM":[0.894975199482424],"Wake":[0.9640570130138402],"macro":[0.8029391295415642]}}}},"train":{},"valid_pretraining":{}}