{"earlystopping":{"confusion_matrices":{"abs":["[[1395, 145, 86, 8, 72], [194, 478, 190, 6, 42], [101, 482, 1601, 85, 86], [28, 7, 301, 1019, 27], [72, 135, 82, 0, 804]]"]},"markov_matrices":{"abs":{"actual":["[[1401, 259, 37, 0, 9], [125, 439, 301, 1, 44], [114, 165, 1969, 73, 33], [25, 5, 43, 1308, 1], [40, 42, 5, 0, 1006]]"],"predicted":["[[1431, 212, 82, 13, 52], [132, 748, 263, 8, 95], [108, 203, 1791, 87, 71], [27, 5, 74, 1003, 9], [91, 79, 50, 7, 804]]"]}},"metrics":{"downstream":{"cohen_kappa":[0.6301109656423498],"f1_scores":{"N1":[0.4432081594807603],"N2":[0.6938244853737812],"N3":[0.8152],"REM":[0.7570621468926554],"Wake":[0.7980549199084668],"macro":[0.7014699423311328]},"loss":[1.346812947591146],"precisions":{"N1":[0.38331996792301526],"N2":[0.7084070796460177],"N3":[0.9114490161001789],"REM":[0.7798254122211445],"Wake":[0.7793296089385475],"macro":[0.7124662169657807]},"recalls":{"N1":[0.5252747252747253],"N2":[0.6798301486199575],"N3":[0.7373371924746743],"REM":[0.7355901189387009],"Wake":[0.8177022274325909],"macro":[0.6991468825481298]}}}},"test":{"confusion_matrices":{"abs":["[[4323, 367, 204, 26, 120], [744, 1508, 800, 28, 327], [753, 1356, 4175, 302, 523], [250, 33, 795, 2648, 75], [414, 363, 123, 0, 1534]]"]},"markov_matrices":{"abs":{"actual":["[[4102, 786, 104, 4, 43], [364, 1729, 1099, 3, 212], [382, 681, 5745, 228, 73], [56, 29, 147, 3566, 3], [135, 182, 14, 0, 2103]]"],"predicted":["[[5334, 624, 236, 44, 246], [405, 2233, 686, 13, 289], [324, 523, 4765, 228, 257], [79, 18, 187, 2679, 41], [341, 229, 223, 40, 1746]]"]}},"metrics":{"downstream":{"cohen_kappa":[0.5507334016665997],"f1_scores":{"N1":[0.4287745237418254],"N2":[0.6322883537785855],"N3":[0.7782512858192505],"REM":[0.6120087771793338],"Wake":[0.7502603262755988],"macro":[0.6403166533589187]},"loss":[1.6376110343045966],"precisions":{"N1":[0.4157706093189964],"N2":[0.684762998195834],"N3":[0.881491344873502],"REM":[0.5948041876696394],"Wake":[0.6667180752621839],"macro":[0.6487094430640311]},"recalls":{"N1":[0.4426181391253302],"N2":[0.5872837248558166],"N3":[0.6966587740068403],"REM":[0.6302382908792111],"Wake":[0.8577380952380952],"macro":[0.6429074048210587]}}}},"train":{},"valid_pretraining":{}}