{"earlystopping":{},"train":{"metrics":{"freq":{"acc_freq":[0.01237,0.04702,0.04895,0.04982,0.05146,0.05585,0.06297,0.05685,0.08218,0.09691,0.10799,0.12007,0.1292,0.13586,0.14108,0.1453,0.14953,0.15525,0.16051,0.16609],"hamming_freq":[0.514525,0.5251035,0.5268765,0.606232,0.6788235,0.7320065,0.7516214999999999,0.7760075,0.806993,0.8293815,0.8450105,0.857379,0.8639105,0.8684495,0.871592,0.8747655,0.877084,0.88052,0.8852774999999999,0.8886890000000001],"loss":[0.892433984375,0.693933125,0.69232640625,0.657756640625,0.61142015625,0.567541796875,0.5348821875,0.475878203125,0.4061854296875,0.357897578125,0.3227922265625,0.29704673828125,0.28360689453125,0.2743870703125,0.2673637890625,0.26113740234375,0.255949296875,0.24891251953125,0.23922376953125,0.23206681640625]}}},"valid_pretraining":{"metrics":{"freq":{"acc_freq":[0.0,0.056,0.056,0.056,0.051,0.057,0.072,0.081,0.111,0.123,0.137,0.147,0.172,0.173,0.179,0.183,0.185,0.194,0.197,0.208,0.209],"hamming_freq":[0.5065,0.5205,0.5205,0.5655,0.6252,0.735,0.75385,0.7819,0.81305,0.8414,0.85785,0.87475,0.8818,0.8832,0.887,0.88925,0.8933,0.8948,0.89865,0.90305,0.9052],"loss":[1.19855712890625,0.692590087890625,0.692359130859375,0.683023193359375,0.64754736328125,0.5648202514648437,0.5353216552734374,0.491418212890625,0.4111860961914062,0.355600341796875,0.31394659423828125,0.2761937255859375,0.2518617706298828,0.24745419311523437,0.23621533203125,0.23003558349609374,0.22355557250976563,0.22009565734863282,0.21173910522460937,0.2016957702636719,0.19715145874023438]}}}}