{"earlystopping":{"confusion_matrices":{"abs":["[[7514, 333, 49, 15, 47], [390, 600, 508, 104, 344], [26, 327, 5175, 682, 418], [0, 1, 331, 1198, 1], [20, 106, 157, 95, 2404]]"]},"markov_matrices":{"abs":{"actual":["[[7584, 353, 15, 0, 5], [200, 1236, 385, 2, 123], [98, 210, 5964, 245, 111], [13, 14, 220, 1284, 0], [62, 133, 44, 0, 2543]]"],"predicted":["[[7650, 246, 23, 16, 14], [135, 838, 220, 9, 165], [78, 122, 5662, 198, 160], [30, 9, 184, 1862, 9], [56, 152, 131, 9, 2866]]"]}},"metrics":{"downstream":{"cohen_kappa":[0.7385235234918149],"f1_scores":{"N1":[0.3622094778146695],"N2":[0.8055728518057285],"N3":[0.6609655172413793],"REM":[0.8018679119412941],"Wake":[0.9446819210460146],"macro":[0.7150595359698172]},"loss":[0.6678110448325553],"precisions":{"N1":[0.4389173372348208],"N2":[0.8319935691318328],"N3":[0.5721107927411653],"REM":[0.7479775980087119],"Wake":[0.9451572327044026],"macro":[0.7072313059641867]},"recalls":{"N1":[0.30832476875642345],"N2":[0.7807785153892577],"N3":[0.782495101241019],"REM":[0.8641265276779295],"Wake":[0.9442070872078412],"macro":[0.7359864000544942]}}}},"test":{"confusion_matrices":{"abs":["[[10776, 820, 459, 51, 442], [897, 1206, 1011, 245, 1133], [466, 911, 7444, 1734, 1610], [34, 0, 424, 2143, 0], [233, 335, 471, 134, 3399]]"]},"markov_matrices":{"abs":{"actual":["[[11874, 617, 28, 3, 25], [348, 3420, 622, 0, 102], [199, 328, 10935, 568, 135], [29, 16, 522, 2030, 4], [97, 111, 58, 0, 4306]]"],"predicted":["[[11637, 595, 65, 27, 81], [461, 2075, 338, 11, 387], [109, 242, 8684, 388, 386], [57, 18, 365, 3859, 8], [141, 342, 357, 22, 5722]]"]}},"metrics":{"downstream":{"cohen_kappa":[0.581731251007926],"f1_scores":{"N1":[0.3106646058732612],"N2":[0.6775279876217348],"N3":[0.6204400694846555],"REM":[0.6093581929006813],"Wake":[0.8636691512382785],"macro":[0.6163320014237224]},"loss":[1.3201025856865778],"precisions":{"N1":[0.36858190709046457],"N2":[0.7588948924457131],"N3":[0.4975621081959601],"REM":[0.5162515188335358],"Wake":[0.8686119619538932],"macro":[0.6019804777039133]},"recalls":{"N1":[0.2684772929652716],"N2":[0.6119194410193177],"N3":[0.8239138792772011],"REM":[0.7434383202099738],"Wake":[0.8587822760599298],"macro":[0.6613062419063388]}}}},"train":{},"valid_pretraining":{}}