{"earlystopping":{"confusion_matrices":{"abs":["[[102, 466, 626, 124, 388], [20, 115, 549, 151, 75], [70, 94, 1216, 896, 79], [1, 0, 316, 1062, 3], [11, 56, 359, 36, 631]]"]},"markov_matrices":{"abs":{"actual":["[[1401, 259, 37, 0, 9], [125, 439, 301, 1, 44], [114, 165, 1969, 73, 33], [25, 5, 43, 1308, 1], [40, 42, 5, 0, 1006]]"],"predicted":["[[89, 51, 16, 18, 30], [26, 399, 164, 38, 104], [16, 116, 2460, 264, 209], [21, 40, 242, 1913, 53], [51, 125, 184, 36, 780]]"]}},"metrics":{"downstream":{"cohen_kappa":[0.24823255872435268],"f1_scores":{"N1":[0.14015843997562463],"N2":[0.4486257148127652],"N3":[0.581758422350041],"REM":[0.5561921551344204],"Wake":[0.1068062827225131],"macro":[0.3667082029990729]},"loss":[4.4768524169921875],"precisions":{"N1":[0.1573187414500684],"N2":[0.39660795825179385],"N3":[0.46804759806081975],"REM":[0.5365646258503401],"Wake":[0.5],"macro":[0.4117077847226045]},"recalls":{"N1":[0.12637362637362637],"N2":[0.516348195329087],"N3":[0.768451519536903],"REM":[0.5773101555352241],"Wake":[0.059788980070339975],"macro":[0.4096544953690361]}}}},"test":{"confusion_matrices":{"abs":["[[289, 1455, 1735, 190, 1371], [40, 411, 2299, 312, 345], [49, 261, 4652, 1926, 221], [9, 60, 1127, 2599, 6], [28, 140, 715, 72, 1479]]"]},"markov_matrices":{"abs":{"actual":["[[4102, 786, 104, 4, 43], [364, 1729, 1099, 3, 212], [382, 681, 5745, 228, 73], [56, 29, 147, 3566, 3], [135, 182, 14, 0, 2103]]"],"predicted":["[[158, 128, 37, 19, 73], [56, 1358, 583, 89, 241], [74, 455, 8651, 771, 577], [30, 69, 743, 4157, 99], [96, 317, 514, 63, 2432]]"]}},"metrics":{"downstream":{"cohen_kappa":[0.2564783666378171],"f1_scores":{"N1":[0.14335542378793165],"N2":[0.5275273572603051],"N3":[0.5840449438202248],"REM":[0.5051229508196722],"Wake":[0.10595783684692943],"macro":[0.37320170250701257]},"loss":[4.519424793332122],"precisions":{"N1":[0.1766222604211431],"N2":[0.4418693009118541],"N3":[0.5097077858403608],"REM":[0.4322033898305085],"Wake":[0.6963855421686747],"macro":[0.45135765583450826]},"recalls":{"N1":[0.12063398884649251],"N2":[0.6543817695878464],"N3":[0.6837674296237832],"REM":[0.6076417419884963],"Wake":[0.05734126984126984],"macro":[0.42475323997757763]}}}},"train":{},"valid_pretraining":{}}