{
    "earlystopping": {
        "confusion_matrices": {
            "abs": [
                "[[1253, 94, 80, 7, 54], [147, 183, 77, 0, 64], [396, 107, 2955, 57, 325], [53, 1, 385, 367, 113], [160, 53, 44, 9, 900]]"
            ]
        },
        "markov_matrices": {
            "abs": {
                "actual": [
                    "[[1224, 231, 17, 0, 15], [74, 164, 222, 0, 11], [132, 73, 3531, 73, 31], [11, 0, 62, 846, 0], [46, 3, 8, 0, 1109]]"
                ],
                "predicted": [
                    "[[1730, 177, 37, 0, 65], [81, 175, 122, 1, 59], [87, 49, 3229, 90, 85], [9, 2, 81, 333, 15], [101, 35, 72, 16, 1232]]"
                ]
            }
        },
        "metrics": {
            "downstream": {
                "cohen_kappa": [
                    0.5943397329821112
                ],
                "f1_scores": {
                    "N1": [
                        0.40264026402640263
                    ],
                    "N2": [
                        0.8007045115837962
                    ],
                    "N3": [
                        0.540103016924209
                    ],
                    "REM": [
                        0.6864988558352404
                    ],
                    "Wake": [
                        0.7166142407778096
                    ],
                    "macro": [
                        0.6293121778294914
                    ]
                },
                "loss": [
                    1.8091548681259155
                ],
                "precisions": {
                    "N1": [
                        0.4178082191780822
                    ],
                    "N2": [
                        0.834510025416549
                    ],
                    "N3": [
                        0.8340909090909091
                    ],
                    "REM": [
                        0.6181318681318682
                    ],
                    "Wake": [
                        0.6236933797909407
                    ],
                    "macro": [
                        0.6656468803216699
                    ]
                },
                "recalls": {
                    "N1": [
                        0.3885350318471338
                    ],
                    "N2": [
                        0.76953125
                    ],
                    "N3": [
                        0.39934711643090315
                    ],
                    "REM": [
                        0.7718696397941681
                    ],
                    "Wake": [
                        0.8420698924731183
                    ],
                    "macro": [
                        0.6342705861090646
                    ]
                }
            }
        }
    },
    "test": {
        "confusion_matrices": {
            "abs": [
                "[[1993, 154, 242, 31, 96], [152, 292, 131, 2, 129], [585, 269, 4808, 171, 698], [3, 3, 795, 660, 66], [228, 100, 221, 17, 1605]]"
            ]
        },
        "markov_matrices": {
            "abs": {
                "actual": [
                    "[[2107, 335, 57, 1, 15], [101, 257, 328, 0, 20], [233, 100, 5972, 176, 50], [18, 3, 155, 1350, 1], [56, 11, 19, 0, 2085]]"
                ],
                "predicted": [
                    "[[2416, 367, 93, 6, 78], [195, 280, 232, 2, 109], [195, 101, 5588, 183, 130], [19, 1, 169, 677, 15], [135, 69, 115, 13, 2262]]"
                ]
            }
        },
        "metrics": {
            "downstream": {
                "cohen_kappa": [
                    0.5611492676804837
                ],
                "f1_scores": {
                    "N1": [
                        0.3832020997375328
                    ],
                    "N2": [
                        0.7554996857322438
                    ],
                    "N3": [
                        0.5481727574750831
                    ],
                    "REM": [
                        0.6736621196222455
                    ],
                    "Wake": [
                        0.7277706773781266
                    ],
                    "macro": [
                        0.6176614679890464
                    ]
                },
                "loss": [
                    1.5725956669560186
                ],
                "precisions": {
                    "N1": [
                        0.3569682151589242
                    ],
                    "N2": [
                        0.775859286751654
                    ],
                    "N3": [
                        0.7491486946651532
                    ],
                    "REM": [
                        0.6187355435620663
                    ],
                    "Wake": [
                        0.6730834177642688
                    ],
                    "macro": [
                        0.6347590315804134
                    ]
                },
                "recalls": {
                    "N1": [
                        0.41359773371104813
                    ],
                    "N2": [
                        0.7361812892359516
                    ],
                    "N3": [
                        0.43222003929273084
                    ],
                    "REM": [
                        0.7392906494702902
                    ],
                    "Wake": [
                        0.7921303656597775
                    ],
                    "macro": [
                        0.6226840154739597
                    ]
                }
            }
        }
    },
    "train": {},
    "valid_ssl": {}
}
