{"earlystopping":{"confusion_matrices":{"abs":["[[1359, 105, 25, 17, 54], [128, 485, 119, 56, 43], [90, 298, 1298, 701, 44], [1, 3, 47, 1366, 0], [27, 70, 30, 54, 1014]]"]},"markov_matrices":{"abs":{"actual":["[[1273, 229, 40, 1, 17], [112, 387, 291, 0, 41], [103, 174, 2054, 62, 37], [22, 5, 35, 1354, 1], [49, 36, 11, 0, 1099]]"],"predicted":["[[1343, 196, 30, 11, 25], [81, 503, 241, 47, 88], [71, 153, 1160, 112, 23], [46, 39, 79, 2010, 20], [63, 70, 9, 14, 999]]"]}},"metrics":{"downstream":{"cohen_kappa":[0.6753367216418819],"f1_scores":{"N1":[0.5412946428571429],"N2":[0.6572151898734178],"N3":[0.7565771254500139],"REM":[0.8629787234042553],"Wake":[0.8587677725118483],"macro":[0.7353666908193357]},"loss":[1.4206456502278646],"precisions":{"N1":[0.5046826222684704],"N2":[0.8545095457537853],"N3":[0.6226071103008204],"REM":[0.8779220779220779],"Wake":[0.8467289719626169],"macro":[0.7412900656415542]},"recalls":{"N1":[0.5836341756919374],"N2":[0.5339366515837104],"N3":[0.9640084685956246],"REM":[0.8485355648535565],"Wake":[0.8711538461538462],"macro":[0.760253741375735]}}}},"test":{"confusion_matrices":{"abs":["[[4198, 360, 57, 69, 172], [536, 1327, 441, 211, 215], [185, 780, 3586, 2183, 369], [66, 3, 326, 3661, 74], [157, 258, 155, 255, 2150]]"]},"markov_matrices":{"abs":{"actual":["[[4051, 689, 82, 1, 32], [350, 1373, 861, 3, 143], [263, 497, 5960, 282, 101], [67, 39, 179, 3844, 1], [124, 132, 21, 0, 2698]]"],"predicted":["[[4317, 584, 56, 76, 109], [316, 1429, 677, 113, 192], [167, 410, 3564, 305, 119], [150, 106, 214, 5807, 102], [191, 199, 54, 78, 2458]]"]}},"metrics":{"downstream":{"cohen_kappa":[0.6005383032397219],"f1_scores":{"N1":[0.4862587028215464],"N2":[0.6146726088447034],"N3":[0.6967361309353887],"REM":[0.7220822837951302],"Wake":[0.8397679535907181],"macro":[0.6719035359974974]},"loss":[1.885416075240734],"precisions":{"N1":[0.4864369501466276],"N2":[0.7855421686746988],"N3":[0.5739144066468098],"REM":[0.7214765100671141],"Wake":[0.8164138467522365],"macro":[0.6767567764574973]},"recalls":{"N1":[0.4860805860805861],"N2":[0.5048571026326905],"N3":[0.8864406779661017],"REM":[0.7226890756302521],"Wake":[0.8644975288303131],"macro":[0.6929129942279887]}}}},"train":{},"valid_pretraining":{}}