{"earlystopping":{"confusion_matrices":{"abs":["[[321, 2, 846, 0, 317], [10, 0, 369, 0, 82], [14, 0, 3289, 0, 525], [1, 0, 959, 49, 17], [2, 0, 714, 0, 491]]"]},"markov_matrices":{"abs":{"actual":["[[1212, 234, 24, 0, 15], [70, 143, 236, 0, 12], [144, 80, 3479, 94, 31], [13, 1, 80, 932, 0], [46, 3, 9, 0, 1149]]"],"predicted":["[[232, 1, 75, 0, 40], [0, 1, 1, 0, 0], [80, 0, 5850, 10, 237], [1, 0, 6, 39, 3], [35, 0, 245, 0, 1151]]"]}},"metrics":{"downstream":{"cohen_kappa":[0.19093232660551995],"f1_scores":{"N1":[0.0],"N2":[0.6574712643678161],"N3":[0.09116279069767441],"REM":[0.3721106479727169],"Wake":[0.3500545256270447],"macro":[0.29415984573305043]},"loss":[3.831954002380371],"precisions":{"N1":[0.0],"N2":[0.5324591225514004],"N3":[1.0],"REM":[0.34287709497206703],"Wake":[0.9224137931034483],"macro":[0.5595500021253832]},"recalls":{"N1":[0.0],"N2":[0.8591954022988506],"N3":[0.04775828460038986],"REM":[0.4067937033968517],"Wake":[0.21601615074024227],"macro":[0.3059527082072669]}}}},"test":{"confusion_matrices":{"abs":["[[369, 0, 737, 1, 1106], [37, 0, 464, 0, 333], [24, 0, 5148, 0, 1426], [2, 0, 1108, 250, 155], [3, 0, 1457, 0, 1189]]"]},"markov_matrices":{"abs":{"actual":["[[1846, 336, 22, 0, 8], [106, 332, 383, 0, 13], [188, 148, 6049, 144, 69], [24, 1, 119, 1371, 0], [48, 17, 25, 0, 2559]]"],"predicted":["[[271, 0, 83, 0, 81], [0, 0, 0, 0, 0], [94, 0, 8376, 32, 412], [1, 0, 28, 215, 7], [69, 0, 426, 4, 3709]]"]}},"metrics":{"downstream":{"cohen_kappa":[0.20730433534726034],"f1_scores":{"N1":[0.0],"N2":[0.6637441980402269],"N3":[0.28312570781426954],"REM":[0.3467483231262759],"Wake":[0.27870090634441086],"macro":[0.31446382706503667]},"loss":[4.489356994628906],"precisions":{"N1":[0.0],"N2":[0.5775185102086605],"N3":[0.9960159362549801],"REM":[0.28248990258968876],"Wake":[0.8482758620689655],"macro":[0.540860042224459]},"recalls":{"N1":[0.0],"N2":[0.7802364352834192],"N3":[0.16501650165016502],"REM":[0.4488486221215553],"Wake":[0.166741979213737],"macro":[0.3121687076537753]}}}},"train":{},"valid_pretraining":{}}