{"earlystopping":{"confusion_matrices":{"abs":["[[746, 100, 202, 38, 291], [168, 161, 267, 57, 222], [93, 121, 1270, 583, 390], [24, 0, 20, 1445, 54], [56, 92, 598, 39, 443]]"]},"markov_matrices":{"abs":{"actual":["[[1107, 224, 32, 1, 13], [103, 420, 304, 1, 47], [91, 183, 2069, 75, 39], [26, 6, 44, 1466, 0], [49, 42, 8, 0, 1129]]"],"predicted":["[[907, 47, 67, 14, 52], [30, 294, 90, 8, 52], [84, 89, 1932, 104, 148], [21, 2, 107, 2007, 24], [44, 42, 161, 29, 1124]]"]}},"metrics":{"downstream":{"cohen_kappa":[0.4085968927594342],"f1_scores":{"N1":[0.23869532987398073],"N2":[0.5276277523888658],"N3":[0.7800269905533064],"REM":[0.3371385083713851],"Wake":[0.6055194805194806],"macro":[0.49780161234140363]},"loss":[2.247716013590495],"precisions":{"N1":[0.339662447257384],"N2":[0.5388205345778532],"N3":[0.6683626271970398],"REM":[0.31642857142857145],"Wake":[0.6862925482980681],"macro":[0.5099133457517833]},"recalls":{"N1":[0.184],"N2":[0.5168905168905169],"N3":[0.9364873622812703],"REM":[0.36074918566775244],"Wake":[0.541757443718228],"macro":[0.5079769017115535]}}}},"test":{"confusion_matrices":{"abs":["[[2383, 540, 1078, 253, 907], [347, 564, 810, 209, 653], [263, 343, 2857, 1213, 830], [60, 5, 332, 3189, 137], [174, 263, 965, 49, 842]]"]},"markov_matrices":{"abs":{"actual":["[[4415, 676, 55, 1, 13], [385, 1308, 745, 5, 140], [218, 440, 4532, 223, 93], [51, 23, 150, 3494, 5], [91, 136, 24, 0, 2042]]"],"predicted":["[[2694, 104, 206, 37, 186], [58, 1228, 243, 23, 163], [242, 205, 4938, 263, 394], [67, 7, 230, 4545, 63], [165, 171, 425, 45, 2563]]"]}},"metrics":{"downstream":{"cohen_kappa":[0.3752034449218161],"f1_scores":{"N1":[0.2624476500697999],"N2":[0.4948042951160374],"N3":[0.73853635942566],"REM":[0.2974214058636524],"Wake":[0.5681926561754888],"macro":[0.4722804733301277]},"loss":[2.189340089496813],"precisions":{"N1":[0.32886297376093293],"N2":[0.47285666997682885],"N3":[0.6490942397720334],"REM":[0.24992579400415554],"Wake":[0.738456770994732],"macro":[0.4878392897017365]},"recalls":{"N1":[0.2183507549361208],"N2":[0.5188884852887758],"N3":[0.8565672844480258],"REM":[0.36720453554295684],"Wake":[0.4617322224375121],"macro":[0.4845486565306782]}}}},"train":{},"valid_pretraining":{}}