{"earlystopping":{"confusion_matrices":{"abs":["[[1360, 112, 52, 8, 174], [160, 362, 311, 3, 74], [47, 204, 1884, 110, 110], [8, 5, 167, 1174, 28], [12, 57, 61, 0, 963]]"]},"markov_matrices":{"abs":{"actual":["[[1401, 259, 37, 0, 9], [125, 439, 301, 1, 44], [114, 165, 1969, 73, 33], [25, 5, 43, 1308, 1], [40, 42, 5, 0, 1006]]"],"predicted":["[[1351, 125, 75, 2, 34], [58, 342, 282, 0, 58], [103, 201, 2058, 61, 51], [13, 12, 32, 1227, 11], [61, 60, 28, 5, 1195]]"]}},"metrics":{"downstream":{"cohen_kappa":[0.7048932259159221],"f1_scores":{"N1":[0.4387878787878788],"N2":[0.7801242236024845],"N3":[0.8771012327231976],"REM":[0.7886977886977887],"Wake":[0.8259945338597025],"macro":[0.7421411315342105]},"loss":[1.1826056162516276],"precisions":{"N1":[0.4891891891891892],"N2":[0.7612121212121212],"N3":[0.9065637065637066],"REM":[0.7138621200889548],"Wake":[0.856962822936358],"macro":[0.7455579919980659]},"recalls":{"N1":[0.3978021978021978],"N2":[0.8],"N3":[0.849493487698987],"REM":[0.8810612991765783],"Wake":[0.7971864009378663],"macro":[0.7451086771231259]}}}},"test":{"confusion_matrices":{"abs":["[[4146, 307, 194, 25, 368], [737, 1009, 1206, 29, 426], [525, 410, 5519, 370, 285], [17, 23, 664, 3009, 88], [173, 149, 123, 1, 1988]]"]},"markov_matrices":{"abs":{"actual":["[[4102, 786, 104, 4, 43], [364, 1729, 1099, 3, 212], [382, 681, 5745, 228, 73], [56, 29, 147, 3566, 3], [135, 182, 14, 0, 2103]]"],"predicted":["[[4856, 332, 263, 21, 126], [155, 854, 699, 12, 178], [352, 502, 6522, 177, 153], [56, 30, 114, 3197, 36], [178, 180, 108, 27, 2662]]"]}},"metrics":{"downstream":{"cohen_kappa":[0.6342803501002159],"f1_scores":{"N1":[0.3803958529688973],"N2":[0.745055686803915],"N3":[0.8317899101589495],"REM":[0.7113973877258901],"Wake":[0.7794698251551043],"macro":[0.6896217325625512]},"loss":[1.6668427933094114],"precisions":{"N1":[0.5316122233930453],"N2":[0.7161951725927849],"N3":[0.8762376237623762],"REM":[0.6301109350237718],"Wake":[0.7406216505894962],"macro":[0.6989555210722949]},"recalls":{"N1":[0.29615497505136484],"N2":[0.7763398508932339],"N3":[0.7916337805840569],"REM":[0.8167625308134757],"Wake":[0.8226190476190476],"macro":[0.7007020369922358]}}}},"train":{},"valid_pretraining":{}}