{
    "earlystopping": {
        "confusion_matrices": {
            "abs": [
                "[[679, 169, 200, 31, 29], [85, 112, 220, 2, 9], [99, 115, 3692, 141, 50], [12, 0, 380, 440, 76], [122, 93, 638, 18, 382]]"
            ]
        },
        "markov_matrices": {
            "abs": {
                "actual": [
                    "[[862, 210, 21, 0, 14], [64, 148, 206, 0, 10], [130, 65, 3781, 89, 32], [11, 1, 77, 819, 0], [40, 4, 12, 0, 1197]]"
                ],
                "predicted": [
                    "[[744, 116, 103, 9, 25], [57, 248, 147, 9, 28], [152, 82, 4742, 76, 77], [15, 10, 75, 516, 16], [28, 33, 63, 22, 400]]"
                ]
            }
        },
        "metrics": {
            "downstream": {
                "cohen_kappa": [
                    0.47790895378038356
                ],
                "f1_scores": {
                    "N1": [
                        0.24427480916030533
                    ],
                    "N2": [
                        0.8002601062100357
                    ],
                    "N3": [
                        0.5714285714285714
                    ],
                    "REM": [
                        0.424680377987771
                    ],
                    "Wake": [
                        0.6451306413301663
                    ],
                    "macro": [
                        0.53715490122337
                    ]
                },
                "loss": [
                    1.8330888748168945
                ],
                "precisions": {
                    "N1": [
                        0.22903885480572597
                    ],
                    "N2": [
                        0.7196881091617934
                    ],
                    "N3": [
                        0.6962025316455697
                    ],
                    "REM": [
                        0.6996336996336996
                    ],
                    "Wake": [
                        0.6810431293881645
                    ],
                    "macro": [
                        0.6051212649269907
                    ]
                },
                "recalls": {
                    "N1": [
                        0.2616822429906542
                    ],
                    "N2": [
                        0.9011471808640469
                    ],
                    "N3": [
                        0.4845814977973568
                    ],
                    "REM": [
                        0.3048683160415004
                    ],
                    "Wake": [
                        0.6128158844765343
                    ],
                    "macro": [
                        0.5130190244340186
                    ]
                }
            }
        }
    },
    "test": {
        "confusion_matrices": {
            "abs": [
                "[[1520, 242, 425, 106, 78], [164, 213, 301, 12, 64], [149, 145, 5468, 396, 326], [2, 4, 472, 845, 118], [171, 205, 1123, 67, 558]]"
            ]
        },
        "markov_matrices": {
            "abs": {
                "actual": [
                    "[[1925, 362, 71, 0, 13], [125, 270, 344, 1, 14], [256, 108, 5893, 174, 52], [18, 2, 155, 1266, 0], [46, 12, 21, 0, 2045]]"
                ],
                "predicted": [
                    "[[1458, 228, 253, 25, 42], [136, 423, 201, 14, 35], [333, 107, 7055, 147, 146], [40, 15, 142, 1210, 19], [38, 36, 138, 30, 902]]"
                ]
            }
        },
        "metrics": {
            "downstream": {
                "cohen_kappa": [
                    0.46814961123579857
                ],
                "f1_scores": {
                    "N1": [
                        0.272552783109405
                    ],
                    "N2": [
                        0.7662019197085406
                    ],
                    "N3": [
                        0.5894663411231252
                    ],
                    "REM": [
                        0.34149326805385555
                    ],
                    "Wake": [
                        0.6945396390221613
                    ],
                    "macro": [
                        0.5328507902034174
                    ]
                },
                "loss": [
                    1.9999612661508412
                ],
                "precisions": {
                    "N1": [
                        0.26328800988875156
                    ],
                    "N2": [
                        0.7020156631146489
                    ],
                    "N3": [
                        0.5925666199158486
                    ],
                    "REM": [
                        0.48776223776223776
                    ],
                    "Wake": [
                        0.7577268195413759
                    ],
                    "macro": [
                        0.5606718700445725
                    ]
                },
                "recalls": {
                    "N1": [
                        0.28249336870026526
                    ],
                    "N2": [
                        0.8433066008636644
                    ],
                    "N3": [
                        0.5863983344899375
                    ],
                    "REM": [
                        0.2627118644067797
                    ],
                    "Wake": [
                        0.641079713201181
                    ],
                    "macro": [
                        0.5231979763323655
                    ]
                }
            }
        }
    },
    "train": {},
    "valid_pretraining": {}
}
