{
    "earlystopping": {
        "confusion_matrices": {
            "abs": [
                "[[1074, 67, 251, 2, 64], [71, 129, 146, 0, 62], [55, 296, 2953, 143, 255], [2, 44, 256, 715, 33], [47, 116, 92, 0, 810]]"
            ]
        },
        "markov_matrices": {
            "abs": {
                "actual": [
                    "[[1259, 184, 13, 0, 1], [48, 150, 197, 0, 13], [112, 70, 3412, 84, 24], [12, 1, 71, 966, 0], [26, 3, 9, 0, 1027]]"
                ],
                "predicted": [
                    "[[1089, 92, 57, 1, 10], [38, 471, 84, 0, 59], [91, 38, 3436, 74, 58], [5, 0, 70, 785, 0], [25, 51, 51, 0, 1097]]"
                ]
            }
        },
        "metrics": {
            "downstream": {
                "cohen_kappa": [
                    0.6252548947950263
                ],
                "f1_scores": {
                    "N1": [
                        0.24339622641509434
                    ],
                    "N2": [
                        0.7981081081081082
                    ],
                    "N3": [
                        0.74869109947644
                    ],
                    "REM": [
                        0.7077326343381389
                    ],
                    "Wake": [
                        0.7934983376431474
                    ],
                    "macro": [
                        0.6582852811961858
                    ]
                },
                "loss": [
                    2.0219810009002686
                ],
                "precisions": {
                    "N1": [
                        0.19785276073619631
                    ],
                    "N2": [
                        0.798539751216874
                    ],
                    "N3": [
                        0.8313953488372093
                    ],
                    "REM": [
                        0.6617647058823529
                    ],
                    "Wake": [
                        0.8598879103282626
                    ],
                    "macro": [
                        0.669888095400179
                    ]
                },
                "recalls": {
                    "N1": [
                        0.3161764705882353
                    ],
                    "N2": [
                        0.7976769313884386
                    ],
                    "N3": [
                        0.680952380952381
                    ],
                    "REM": [
                        0.7605633802816901
                    ],
                    "Wake": [
                        0.7366255144032922
                    ],
                    "macro": [
                        0.6583989355228075
                    ]
                }
            }
        }
    },
    "test": {
        "confusion_matrices": {
            "abs": [
                "[[1291, 136, 437, 44, 101], [77, 161, 286, 1, 59], [67, 91, 6012, 163, 309], [2, 0, 458, 1399, 1], [45, 180, 542, 1, 1402]]"
            ]
        },
        "markov_matrices": {
            "abs": {
                "actual": [
                    "[[1680, 283, 29, 0, 17], [67, 196, 302, 0, 18], [192, 88, 6163, 147, 52], [23, 1, 123, 1713, 0], [46, 16, 25, 0, 2083]]"
                ],
                "predicted": [
                    "[[1207, 101, 147, 5, 22], [27, 324, 147, 1, 69], [194, 88, 7166, 105, 181], [15, 4, 90, 1497, 2], [38, 51, 185, 0, 1598]]"
                ]
            }
        },
        "metrics": {
            "downstream": {
                "cohen_kappa": [
                    0.6516000810175361
                ],
                "f1_scores": {
                    "N1": [
                        0.27951388888888884
                    ],
                    "N2": [
                        0.8363358141475968
                    ],
                    "N3": [
                        0.8068050749711648
                    ],
                    "REM": [
                        0.6937159821870361
                    ],
                    "Wake": [
                        0.7396161558292753
                    ],
                    "macro": [
                        0.6711973832047924
                    ]
                },
                "loss": [
                    1.7303491739126353
                ],
                "precisions": {
                    "N1": [
                        0.2834507042253521
                    ],
                    "N2": [
                        0.7772462831286361
                    ],
                    "N3": [
                        0.8700248756218906
                    ],
                    "REM": [
                        0.7489316239316239
                    ],
                    "Wake": [
                        0.8711201079622132
                    ],
                    "macro": [
                        0.7101547189739431
                    ]
                },
                "recalls": {
                    "N1": [
                        0.2756849315068493
                    ],
                    "N2": [
                        0.9051490514905149
                    ],
                    "N3": [
                        0.7521505376344086
                    ],
                    "REM": [
                        0.6460829493087558
                    ],
                    "Wake": [
                        0.6426082628173221
                    ],
                    "macro": [
                        0.6443351465515702
                    ]
                }
            }
        }
    },
    "train": {},
    "valid_pretraining": {}
}
