{"earlystopping":{"confusion_matrices":{"abs":["[[347, 21, 570, 130, 420], [24, 12, 271, 18, 146], [136, 9, 2217, 149, 1329], [12, 0, 259, 488, 160], [123, 10, 289, 79, 665]]"]},"markov_matrices":{"abs":{"actual":["[[1224, 231, 17, 0, 15], [74, 164, 222, 0, 11], [132, 73, 3531, 73, 31], [11, 0, 62, 846, 0], [46, 3, 8, 0, 1109]]"],"predicted":["[[311, 32, 122, 42, 135], [6, 10, 25, 4, 7], [157, 6, 3211, 93, 138], [49, 1, 95, 606, 113], [119, 3, 152, 119, 2327]]"]}},"metrics":{"downstream":{"cohen_kappa":[0.24459931965554227],"f1_scores":{"N1":[0.045889101338432124],"N2":[0.5954875100725221],"N3":[0.5473920358945598],"REM":[0.34225424601132265],"Wake":[0.32582159624413143],"macro":[0.37136889791219363]},"loss":[3.8326363563537598],"precisions":{"N1":[0.23076923076923078],"N2":[0.6148086522462562],"N3":[0.5648148148148148],"REM":[0.24448529411764705],"Wake":[0.5404984423676013],"macro":[0.43907528686311004]},"recalls":{"N1":[0.025477707006369428],"N2":[0.57734375],"N3":[0.5310119695321001],"REM":[0.5703259005145798],"Wake":[0.23319892473118278],"macro":[0.3874716503568464]}}}},"test":{"confusion_matrices":{"abs":["[[832, 40, 804, 208, 632], [89, 22, 310, 48, 237], [336, 18, 3910, 895, 1372], [3, 1, 572, 792, 159], [261, 13, 605, 182, 1110]]"]},"markov_matrices":{"abs":{"actual":["[[2107, 335, 57, 1, 15], [101, 257, 328, 0, 20], [233, 100, 5972, 176, 50], [18, 3, 155, 1350, 1], [56, 11, 19, 0, 2085]]"],"predicted":["[[872, 62, 238, 130, 218], [13, 12, 53, 7, 9], [300, 8, 5338, 303, 252], [127, 8, 305, 1580, 105], [208, 4, 267, 105, 2926]]"]}},"metrics":{"downstream":{"cohen_kappa":[0.27378608275795835],"f1_scores":{"N1":[0.055],"N2":[0.6142004398366321],"N3":[0.43373493975903615],"REM":[0.3907762717831368],"Wake":[0.41218726777309883],"macro":[0.3811797838303808]},"loss":[3.3807907104492188],"precisions":{"N1":[0.23404255319148937],"N2":[0.63054346073214],"N3":[0.37270588235294116],"REM":[0.3162393162393162],"Wake":[0.5470085470085471],"macro":[0.4201079519048868]},"recalls":{"N1":[0.031161473087818695],"N2":[0.5986832031848109],"N3":[0.518664047151277],"REM":[0.5112851220635651],"Wake":[0.33068362480127184],"macro":[0.3980954940577487]}}}},"train":{},"valid_pretraining":{}}