{"earlystopping":{"confusion_matrices":{"abs":["[[1057, 1, 182, 40, 92], [116, 1, 214, 40, 41], [880, 2, 2114, 624, 325], [8, 0, 47, 815, 35], [431, 0, 219, 23, 636]]"]},"markov_matrices":{"abs":{"actual":["[[1122, 217, 18, 0, 15], [56, 131, 215, 0, 10], [138, 60, 3629, 84, 34], [13, 1, 70, 821, 0], [42, 3, 13, 0, 1250]]"],"predicted":["[[2159, 1, 168, 69, 95], [0, 0, 4, 0, 0], [169, 2, 2380, 139, 85], [70, 0, 132, 1290, 50], [93, 1, 92, 44, 899]]"]}},"metrics":{"downstream":{"cohen_kappa":[0.42479549855356713],"f1_scores":{"N1":[0.004807692307692307],"N2":[0.6290730546049694],"N3":[0.6661217817736004],"REM":[0.5217391304347826],"Wake":[0.5471014492753623],"macro":[0.4737686216792814]},"loss":[2.1807219982147217],"precisions":{"N1":[0.25],"N2":[0.7615273775216138],"N3":[0.5285343709468223],"REM":[0.5633303808680248],"Wake":[0.4241573033707865],"macro":[0.5055098865414495]},"recalls":{"N1":[0.0024271844660194173],"N2":[0.5358681875792142],"N3":[0.9005524861878453],"REM":[0.48586707410236823],"Wake":[0.7704081632653061],"macro":[0.5390246191201506]}}}},"test":{"confusion_matrices":{"abs":["[[2184, 1, 194, 89, 288], [248, 1, 216, 102, 214], [1500, 0, 3927, 1264, 414], [14, 0, 114, 1349, 37], [473, 0, 215, 60, 1470]]"]},"markov_matrices":{"abs":{"actual":["[[2267, 413, 59, 2, 15], [177, 247, 342, 0, 14], [239, 108, 6570, 128, 60], [22, 0, 108, 1384, 0], [50, 13, 26, 0, 2129]]"],"predicted":["[[3786, 2, 319, 158, 154], [0, 0, 2, 0, 0], [310, 0, 4062, 176, 117], [165, 0, 169, 2419, 111], [158, 0, 113, 111, 2041]]"]}},"metrics":{"downstream":{"cohen_kappa":[0.4838158067751315],"f1_scores":{"N1":[0.0025542784163473816],"N2":[0.6672330303287741],"N3":[0.6162631338510736],"REM":[0.6334841628959276],"Wake":[0.6087804878048781],"macro":[0.5056630186594001]},"loss":[1.996905491269868],"precisions":{"N1":[0.5],"N2":[0.8416202314616373],"N3":[0.4710195530726257],"REM":[0.6066859265373504],"Wake":[0.4942294636795655],"macro":[0.5827110349502358]},"recalls":{"N1":[0.0012804097311139564],"N2":[0.5527093596059113],"N3":[0.8910171730515192],"REM":[0.6627592425608656],"Wake":[0.7924528301886793],"macro":[0.5800438030276178]}}}},"train":{},"valid_pretraining":{}}