{"earlystopping":{"confusion_matrices":{"abs":["[[1068, 217, 45, 7, 81], [65, 369, 250, 3, 108], [28, 207, 2096, 155, 130], [0, 3, 183, 1129, 3], [2, 59, 24, 1, 1155]]"]},"markov_matrices":{"abs":{"actual":["[[1126, 224, 50, 1, 17], [105, 349, 308, 1, 32], [110, 186, 2216, 66, 37], [28, 7, 32, 1250, 1], [48, 29, 10, 0, 1154]]"],"predicted":["[[915, 183, 37, 1, 27], [96, 412, 256, 2, 89], [83, 154, 2201, 107, 53], [14, 14, 80, 1185, 2], [54, 92, 24, 0, 1306]]"]}},"metrics":{"downstream":{"cohen_kappa":[0.7231100577204537],"f1_scores":{"N1":[0.44727272727272727],"N2":[0.8039892596854622],"N3":[0.864140834290088],"REM":[0.8498896247240618],"Wake":[0.8275862068965517],"macro":[0.7585757305737781]},"loss":[0.9620569864908854],"precisions":{"N1":[0.43157894736842106],"N2":[0.806774441878368],"N3":[0.8718146718146718],"REM":[0.7819905213270142],"Wake":[0.9183147033533964],"macro":[0.7620946571483742]},"recalls":{"N1":[0.4641509433962264],"N2":[0.8012232415902141],"N3":[0.8566009104704098],"REM":[0.9307010475423045],"Wake":[0.7531734837799718],"macro":[0.7611699253558253]}}}},"test":{"confusion_matrices":{"abs":["[[3655, 402, 108, 21, 498], [182, 1268, 518, 14, 331], [34, 282, 4578, 443, 275], [1, 5, 709, 3274, 3], [15, 145, 87, 5, 2687]]"]},"markov_matrices":{"abs":{"actual":["[[4011, 610, 44, 4, 15], [319, 1176, 689, 6, 122], [195, 395, 4680, 248, 94], [57, 20, 176, 3734, 5], [101, 112, 23, 0, 2703]]"],"predicted":["[[3241, 516, 23, 6, 101], [266, 1065, 553, 9, 209], [149, 290, 5102, 303, 155], [39, 28, 250, 3434, 6], [191, 203, 72, 5, 3323]]"]}},"metrics":{"downstream":{"cohen_kappa":[0.7334287926498235],"f1_scores":{"N1":[0.5744054360135901],"N2":[0.7884946606958319],"N3":[0.845012259646406],"REM":[0.7981583246695381],"Wake":[0.85287597713219],"macro":[0.7717893316315113]},"loss":[1.0641599801870494],"precisions":{"N1":[0.6032350142721218],"N2":[0.763],"N3":[0.8714399787064147],"REM":[0.7082235108065367],"Wake":[0.9403138667352714],"macro":[0.7772424741040689]},"recalls":{"N1":[0.5482057933419802],"N2":[0.815751960085531],"N3":[0.8201402805611222],"REM":[0.9142565498468866],"Wake":[0.7803159692570453],"macro":[0.7757341106185132]}}}},"train":{},"valid_pretraining":{}}