{"earlystopping":{"confusion_matrices":{"abs":["[[4075, 613, 354, 5, 345], [124, 150, 1279, 2, 172], [8, 1, 6764, 9, 60], [0, 0, 1373, 175, 10], [9, 8, 1068, 0, 1597]]"]},"markov_matrices":{"abs":{"actual":["[[5051, 318, 17, 0, 5], [183, 1134, 318, 2, 90], [88, 164, 6222, 274, 94], [12, 10, 254, 1282, 0], [57, 101, 31, 0, 2493]]"],"predicted":["[[3830, 146, 100, 3, 136], [128, 539, 67, 0, 38], [120, 48, 10193, 97, 380], [2, 0, 96, 90, 3], [135, 39, 382, 1, 1627]]"]}},"metrics":{"downstream":{"cohen_kappa":[0.5636287153144645],"f1_scores":{"N1":[0.12004801920768307],"N2":[0.7651583710407239],"N3":[0.20011435105774728],"REM":[0.6563912864775997],"Wake":[0.8482514571190675],"macro":[0.5179926969805643]},"loss":[3.449356291029188],"precisions":{"N1":[0.19430051813471502],"N2":[0.6241003875253737],"N3":[0.9162303664921466],"REM":[0.7312271062271062],"Wake":[0.9665559772296015],"macro":[0.6864828711217886]},"recalls":{"N1":[0.08685581933989578],"N2":[0.9885998246126864],"N3":[0.1123234916559692],"REM":[0.5954511558538405],"Wake":[0.7557492581602374],"macro":[0.507795909924526]}}}},"test":{"confusion_matrices":{"abs":["[[6302, 770, 923, 27, 943], [431, 245, 2763, 6, 574], [22, 1, 10688, 119, 256], [0, 0, 1694, 446, 36], [85, 8, 1542, 0, 2755]]"]},"markov_matrices":{"abs":{"actual":["[[8369, 557, 27, 1, 10], [330, 3076, 529, 0, 84], [166, 277, 10122, 394, 127], [26, 9, 359, 1780, 2], [73, 100, 49, 1, 4167]]"],"predicted":["[[6207, 132, 205, 8, 288], [92, 700, 122, 0, 110], [224, 98, 16412, 224, 652], [10, 1, 217, 353, 17], [306, 93, 654, 13, 3497]]"]}},"metrics":{"downstream":{"cohen_kappa":[0.5240587654959792],"f1_scores":{"N1":[0.09716438627800912],"N2":[0.7449121828826317],"N3":[0.32155731795241527],"REM":[0.6153674335492517],"Wake":[0.7974691553305916],"macro":[0.5152940951985798]},"loss":[3.948992156982422],"precisions":{"N1":[0.2392578125],"N2":[0.6069278818852925],"N3":[0.745819397993311],"REM":[0.6036371603856266],"Wake":[0.9213450292397661],"macro":[0.6233974564007992]},"recalls":{"N1":[0.06096043791988057],"N2":[0.9640988634313549],"N3":[0.20496323529411764],"REM":[0.6275626423690205],"Wake":[0.7029559397657558],"macro":[0.5121082237560259]}}}},"train":{},"valid_pretraining":{}}