{"earlystopping":{"confusion_matrices":{"abs":["[[525, 457, 218, 60, 158], [64, 256, 325, 26, 124], [24, 369, 1758, 254, 211], [0, 19, 167, 1108, 24], [55, 343, 345, 71, 427]]"]},"markov_matrices":{"abs":{"actual":["[[1126, 224, 50, 1, 17], [105, 349, 308, 1, 32], [110, 186, 2216, 66, 37], [28, 7, 32, 1250, 1], [48, 29, 10, 0, 1154]]"],"predicted":["[[481, 101, 56, 7, 23], [75, 864, 400, 14, 91], [77, 382, 2100, 149, 104], [14, 23, 136, 1329, 17], [21, 74, 121, 19, 709]]"]}},"metrics":{"downstream":{"cohen_kappa":[0.4164261668446272],"f1_scores":{"N1":[0.2286735149620366],"N2":[0.6476330815988212],"N3":[0.7811068029608742],"REM":[0.3908466819221968],"Wake":[0.5033557046979866],"macro":[0.5103231572283831]},"loss":[2.401708221435547],"precisions":{"N1":[0.1772853185595568],"N2":[0.6249555634553857],"N3":[0.7294272547728768],"REM":[0.4523305084745763],"Wake":[0.7859281437125748],"macro":[0.553985357794994]},"recalls":{"N1":[0.3220125786163522],"N2":[0.6720183486238532],"N3":[0.8406676783004552],"REM":[0.3440773569701853],"Wake":[0.3702397743300423],"macro":[0.5098031473681777]}}}},"test":{"confusion_matrices":{"abs":["[[2166, 1323, 493, 246, 456], [186, 650, 617, 57, 803], [35, 765, 3648, 386, 778], [6, 47, 1219, 2709, 11], [234, 648, 667, 103, 1287]]"]},"markov_matrices":{"abs":{"actual":["[[4011, 610, 44, 4, 15], [319, 1176, 689, 6, 122], [195, 395, 4680, 248, 94], [57, 20, 176, 3734, 5], [101, 112, 23, 0, 2703]]"],"predicted":["[[2050, 247, 137, 31, 162], [218, 2167, 774, 40, 234], [169, 754, 4990, 354, 376], [48, 44, 323, 3049, 37], [142, 221, 419, 27, 2526]]"]}},"metrics":{"downstream":{"cohen_kappa":[0.40957832506415137],"f1_scores":{"N1":[0.22624434389140272],"N2":[0.5953002610966057],"N3":[0.7230748698785533],"REM":[0.4102645839974498],"Wake":[0.5925318013951579],"macro":[0.5094831720518338]},"loss":[2.4897447243714943],"precisions":{"N1":[0.18933877075444216],"N2":[0.5490668272125225],"N3":[0.7737789203084833],"REM":[0.3859070464767616],"Wake":[0.824514655500571],"macro":[0.544521244050556]},"recalls":{"N1":[0.28102031993082577],"N2":[0.6500356379187455],"N3":[0.6786072144288577],"REM":[0.43790404899625723],"Wake":[0.4624252775405636],"macro":[0.50199849976305]}}}},"train":{},"valid_pretraining":{}}