{"earlystopping":{"confusion_matrices":{"abs":["[[6986, 571, 193, 4, 204], [284, 692, 727, 23, 220], [115, 331, 5767, 277, 138], [5, 7, 680, 835, 4], [50, 151, 466, 15, 2100]]"]},"markov_matrices":{"abs":{"actual":["[[7584, 353, 15, 0, 5], [200, 1236, 385, 2, 123], [98, 210, 5964, 245, 111], [13, 14, 220, 1284, 0], [62, 133, 44, 0, 2543]]"],"predicted":["[[7106, 232, 51, 4, 46], [147, 1231, 299, 0, 75], [117, 166, 7288, 122, 140], [9, 1, 116, 1027, 1], [60, 122, 79, 1, 2404]]"]}},"metrics":{"downstream":{"cohen_kappa":[0.7005340985236563],"f1_scores":{"N1":[0.37425635478637104],"N2":[0.7975935274185741],"N3":[0.6219739292364991],"REM":[0.7709251101321586],"Wake":[0.9073905702039226],"macro":[0.694427898355505]},"loss":[0.5903372880889148],"precisions":{"N1":[0.3949771689497717],"N2":[0.7362440954934253],"N3":[0.7235701906412478],"REM":[0.7876969242310577],"Wake":[0.9389784946236559],"macro":[0.7162933747878316]},"recalls":{"N1":[0.355601233299075],"N2":[0.8700965600482801],"N3":[0.5453951665578054],"REM":[0.7548526240115025],"Wake":[0.8778587584820307],"macro":[0.6807608684797387]}}}},"test":{"confusion_matrices":{"abs":["[[10309, 1077, 785, 21, 356], [589, 1401, 1952, 126, 424], [216, 920, 9781, 801, 447], [15, 6, 1160, 1413, 7], [162, 267, 694, 4, 3445]]"]},"markov_matrices":{"abs":{"actual":["[[11874, 617, 28, 3, 25], [348, 3420, 622, 0, 102], [199, 328, 10935, 568, 135], [29, 16, 522, 2030, 4], [97, 111, 58, 0, 4306]]"],"predicted":["[[10611, 449, 116, 4, 110], [313, 2731, 482, 0, 145], [203, 275, 13382, 282, 230], [13, 2, 266, 2078, 6], [150, 214, 126, 1, 4188]]"]}},"metrics":{"downstream":{"cohen_kappa":[0.6210727923661037],"f1_scores":{"N1":[0.3432561558250643],"N2":[0.7371594377661378],"N3":[0.5690696737817157],"REM":[0.7447843476380932],"Wake":[0.8648852720332229],"macro":[0.6518309774088468]},"loss":[0.7141354348924425],"precisions":{"N1":[0.3816398801416508],"N2":[0.6805594210965766],"N3":[0.5974630021141649],"REM":[0.7362684334259457],"Wake":[0.9130280754583296],"macro":[0.6617917624473335]},"recalls":{"N1":[0.31188780053428317],"N2":[0.8040279490341142],"N3":[0.5432525951557093],"REM":[0.7534995625546806],"Wake":[0.8215651896716608],"macro":[0.6468466193900897]}}}},"train":{},"valid_pretraining":{}}