{
    "earlystopping": {
        "confusion_matrices": {
            "abs": [
                "[[819, 125, 79, 1, 84], [38, 154, 139, 1, 96], [129, 94, 3090, 435, 349], [58, 28, 27, 763, 32], [28, 24, 60, 0, 1141]]"
            ]
        },
        "markov_matrices": {
            "abs": {
                "actual": [
                    "[[862, 210, 21, 0, 14], [64, 148, 206, 0, 10], [130, 65, 3781, 89, 32], [11, 1, 77, 819, 0], [40, 4, 12, 0, 1197]]"
                ],
                "predicted": [
                    "[[780, 175, 55, 6, 56], [81, 188, 117, 5, 34], [103, 47, 3039, 84, 122], [20, 2, 75, 1100, 3], [87, 13, 109, 5, 1487]]"
                ]
            }
        },
        "metrics": {
            "downstream": {
                "cohen_kappa": [
                    0.6629291646332028
                ],
                "f1_scores": {
                    "N1": [
                        0.3610785463071512
                    ],
                    "N2": [
                        0.8248798718633209
                    ],
                    "N3": [
                        0.7239089184060721
                    ],
                    "REM": [
                        0.7722504230118443
                    ],
                    "Wake": [
                        0.7513761467889909
                    ],
                    "macro": [
                        0.6866987812754759
                    ]
                },
                "loss": [
                    1.3116540908813477
                ],
                "precisions": {
                    "N1": [
                        0.3623529411764706
                    ],
                    "N2": [
                        0.9101620029455081
                    ],
                    "N3": [
                        0.6358333333333334
                    ],
                    "REM": [
                        0.6703877790834313
                    ],
                    "Wake": [
                        0.7639925373134329
                    ],
                    "macro": [
                        0.6685457187704352
                    ]
                },
                "recalls": {
                    "N1": [
                        0.3598130841121495
                    ],
                    "N2": [
                        0.7542103978520869
                    ],
                    "N3": [
                        0.8403083700440529
                    ],
                    "REM": [
                        0.9106145251396648
                    ],
                    "Wake": [
                        0.7391696750902527
                    ],
                    "macro": [
                        0.7208232104476414
                    ]
                }
            }
        }
    },
    "test": {
        "confusion_matrices": {
            "abs": [
                "[[1837, 156, 40, 28, 310], [229, 253, 98, 12, 162], [411, 157, 4407, 418, 1091], [25, 3, 31, 1260, 122], [105, 163, 119, 1, 1736]]"
            ]
        },
        "markov_matrices": {
            "abs": {
                "actual": [
                    "[[1925, 362, 71, 0, 13], [125, 270, 344, 1, 14], [256, 108, 5893, 174, 52], [18, 2, 155, 1266, 0], [46, 12, 21, 0, 2045]]"
                ],
                "predicted": [
                    "[[2053, 268, 133, 13, 140], [121, 352, 182, 6, 71], [222, 57, 4110, 146, 159], [34, 5, 123, 1524, 33], [176, 50, 147, 30, 3018]]"
                ]
            }
        },
        "metrics": {
            "downstream": {
                "cohen_kappa": [
                    0.6170623672252125
                ],
                "f1_scores": {
                    "N1": [
                        0.3405114401076716
                    ],
                    "N2": [
                        0.7884426156185707
                    ],
                    "N3": [
                        0.7974683544303797
                    ],
                    "REM": [
                        0.6261496844003606
                    ],
                    "Wake": [
                        0.7380474085978305
                    ],
                    "macro": [
                        0.6581239006309626
                    ]
                },
                "loss": [
                    1.9463013869065504
                ],
                "precisions": {
                    "N1": [
                        0.34562841530054644
                    ],
                    "N2": [
                        0.9386581469648563
                    ],
                    "N3": [
                        0.7329842931937173
                    ],
                    "REM": [
                        0.5074539608301666
                    ],
                    "Wake": [
                        0.7046413502109705
                    ],
                    "macro": [
                        0.6458732333000514
                    ]
                },
                "recalls": {
                    "N1": [
                        0.33554376657824936
                    ],
                    "N2": [
                        0.6796730413325108
                    ],
                    "N3": [
                        0.8743927827897293
                    ],
                    "REM": [
                        0.8173258003766478
                    ],
                    "Wake": [
                        0.774778574441164
                    ],
                    "macro": [
                        0.6963427931036603
                    ]
                }
            }
        }
    },
    "train": {},
    "valid_pretraining": {}
}
