{"earlystopping":{"confusion_matrices":{"abs":["[[836, 133, 98, 44, 595], [183, 65, 274, 118, 270], [94, 103, 1118, 889, 151], [1, 1, 25, 1355, 0], [80, 32, 55, 21, 905]]"]},"markov_matrices":{"abs":{"actual":["[[1401, 259, 37, 0, 9], [125, 439, 301, 1, 44], [114, 165, 1969, 73, 33], [25, 5, 43, 1308, 1], [40, 42, 5, 0, 1006]]"],"predicted":["[[852, 77, 83, 37, 145], [79, 102, 81, 9, 63], [71, 76, 1205, 150, 68], [53, 17, 130, 2188, 39], [138, 62, 71, 43, 1606]]"]}},"metrics":{"downstream":{"cohen_kappa":[0.46345843469171677],"f1_scores":{"N1":[0.1045016077170418],"N2":[0.5696815286624204],"N3":[0.7114728275137832],"REM":[0.6005308560053085],"Wake":[0.576551724137931],"macro":[0.5125477088072969]},"loss":[2.4157127380371093],"precisions":{"N1":[0.19461077844311378],"N2":[0.7121019108280254],"N3":[0.5583024309847548],"REM":[0.4711087975013014],"Wake":[0.7001675041876047],"macro":[0.52725828438896]},"recalls":{"N1":[0.07142857142857142],"N2":[0.47473460721868366],"N3":[0.9804630969609262],"REM":[0.827996340347667],"Wake":[0.4900351699882767],"macro":[0.568931557188825]}}}},"test":{"confusion_matrices":{"abs":["[[2283, 500, 514, 76, 1667], [489, 291, 1093, 260, 1274], [515, 120, 4078, 1816, 580], [84, 6, 239, 3448, 24], [378, 77, 111, 111, 1757]]"]},"markov_matrices":{"abs":{"actual":["[[4102, 786, 104, 4, 43], [364, 1729, 1099, 3, 212], [382, 681, 5745, 228, 73], [56, 29, 147, 3566, 3], [135, 182, 14, 0, 2103]]"],"predicted":["[[2651, 270, 264, 130, 434], [245, 333, 195, 19, 202], [271, 168, 4990, 440, 166], [164, 45, 364, 5023, 114], [417, 178, 222, 99, 4386]]"]}},"metrics":{"downstream":{"cohen_kappa":[0.42282002360059157],"f1_scores":{"N1":[0.13224267211997273],"N2":[0.6205112598904443],"N3":[0.7249789739276703],"REM":[0.4542399172699069],"Wake":[0.5195130276481966],"macro":[0.49029717017123814]},"loss":[2.692023698673692],"precisions":{"N1":[0.29275653923541245],"N2":[0.6757249378624689],"N3":[0.603747154613903],"REM":[0.3313843832516032],"Wake":[0.6089623899706589],"macro":[0.5025150809868093]},"recalls":{"N1":[0.08541238626357499],"N2":[0.5736390490926994],"N3":[0.9071297027098132],"REM":[0.7218570254724733],"Wake":[0.4529761904761905],"macro":[0.5482028708029503]}}}},"train":{},"valid_pretraining":{}}