{
    "earlystopping": {
        "confusion_matrices": {
            "abs": [
                "[[1150, 162, 88, 4, 82], [30, 218, 162, 5, 46], [56, 101, 3094, 486, 91], [1, 0, 145, 880, 0], [17, 144, 51, 0, 995]]"
            ]
        },
        "markov_matrices": {
            "abs": {
                "actual": [
                    "[[1212, 234, 24, 0, 15], [70, 143, 236, 0, 12], [144, 80, 3479, 94, 31], [13, 1, 80, 932, 0], [46, 3, 9, 0, 1149]]"
                ],
                "predicted": [
                    "[[1014, 196, 31, 3, 9], [69, 369, 158, 0, 29], [121, 37, 3274, 67, 41], [13, 0, 53, 1305, 4], [36, 23, 24, 0, 1131]]"
                ]
            }
        },
        "metrics": {
            "downstream": {
                "cohen_kappa": [
                    0.7062224871072189
                ],
                "f1_scores": {
                    "N1": [
                        0.40147329650092073
                    ],
                    "N2": [
                        0.8398479913137894
                    ],
                    "N3": [
                        0.7330279050395668
                    ],
                    "REM": [
                        0.8219743907476249
                    ],
                    "Wake": [
                        0.8394160583941606
                    ],
                    "macro": [
                        0.7271479283992124
                    ]
                },
                "loss": [
                    0.8022797703742981
                ],
                "precisions": {
                    "N1": [
                        0.3488
                    ],
                    "N2": [
                        0.8740112994350282
                    ],
                    "N3": [
                        0.64
                    ],
                    "REM": [
                        0.8196046128500823
                    ],
                    "Wake": [
                        0.9170653907496013
                    ],
                    "macro": [
                        0.7198962606069423
                    ]
                },
                "recalls": {
                    "N1": [
                        0.47288503253796094
                    ],
                    "N2": [
                        0.8082549634273772
                    ],
                    "N3": [
                        0.8576998050682261
                    ],
                    "REM": [
                        0.824357912178956
                    ],
                    "Wake": [
                        0.7738896366083445
                    ],
                    "macro": [
                        0.7474174699641729
                    ]
                }
            }
        }
    },
    "test": {
        "confusion_matrices": {
            "abs": [
                "[[1144, 253, 234, 16, 566], [99, 375, 158, 4, 198], [133, 194, 5150, 580, 541], [1, 0, 456, 1049, 9], [27, 24, 112, 1, 2485]]"
            ]
        },
        "markov_matrices": {
            "abs": {
                "actual": [
                    "[[1846, 336, 22, 0, 8], [106, 332, 383, 0, 13], [188, 148, 6049, 144, 69], [24, 1, 119, 1371, 0], [48, 17, 25, 0, 2559]]"
                ],
                "predicted": [
                    "[[1002, 307, 46, 1, 48], [120, 438, 237, 0, 51], [187, 54, 5604, 115, 149], [16, 0, 93, 1531, 10], [79, 46, 130, 3, 3541]]"
                ]
            }
        },
        "metrics": {
            "downstream": {
                "cohen_kappa": [
                    0.6283902546458929
                ],
                "f1_scores": {
                    "N1": [
                        0.4464285714285714
                    ],
                    "N2": [
                        0.8105130626377085
                    ],
                    "N3": [
                        0.6628751974723539
                    ],
                    "REM": [
                        0.7707816377171216
                    ],
                    "Wake": [
                        0.6325684268730993
                    ],
                    "macro": [
                        0.6646333792257709
                    ]
                },
                "loss": [
                    1.217230337637442
                ],
                "precisions": {
                    "N1": [
                        0.4432624113475177
                    ],
                    "N2": [
                        0.8428805237315876
                    ],
                    "N3": [
                        0.6357575757575757
                    ],
                    "REM": [
                        0.6541195051329297
                    ],
                    "Wake": [
                        0.8148148148148148
                    ],
                    "macro": [
                        0.6781669661568851
                    ]
                },
                "recalls": {
                    "N1": [
                        0.44964028776978415
                    ],
                    "N2": [
                        0.7805395574416489
                    ],
                    "N3": [
                        0.6924092409240924
                    ],
                    "REM": [
                        0.938089845224613
                    ],
                    "Wake": [
                        0.516945323090827
                    ],
                    "macro": [
                        0.6755248508901931
                    ]
                }
            }
        }
    },
    "train": {},
    "valid_pretraining": {}
}
