{"earlystopping":{"confusion_matrices":{"abs":["[[817, 323, 104, 14, 119], [65, 428, 328, 15, 39], [16, 252, 2027, 138, 24], [4, 12, 256, 1270, 1], [9, 171, 149, 2, 897]]"]},"markov_matrices":{"abs":{"actual":["[[1107, 224, 32, 1, 13], [103, 420, 304, 1, 47], [91, 183, 2069, 75, 39], [26, 6, 44, 1466, 0], [49, 42, 8, 0, 1129]]"],"predicted":["[[681, 156, 50, 7, 17], [101, 691, 306, 11, 77], [72, 225, 2388, 88, 91], [14, 18, 69, 1332, 5], [42, 96, 51, 1, 890]]"]}},"metrics":{"downstream":{"cohen_kappa":[0.6455769504622408],"f1_scores":{"N1":[0.4153323629306162],"N2":[0.7618868633715467],"N3":[0.85177733065057],"REM":[0.7772963604852686],"Wake":[0.7141608391608392],"macro":[0.7040907513197682]},"loss":[1.890561548868815],"precisions":{"N1":[0.3608768971332209],"N2":[0.7077513966480447],"N3":[0.8825573314801946],"REM":[0.8305555555555556],"Wake":[0.8968166849615807],"macro":[0.7357115731557193]},"recalls":{"N1":[0.48914285714285716],"N2":[0.824989824989825],"N3":[0.8230719377835386],"REM":[0.7304560260586319],"Wake":[0.5933188090050835],"macro":[0.6921958909959872]}}}},"test":{"confusion_matrices":{"abs":["[[3011, 936, 877, 53, 284], [265, 1138, 936, 72, 172], [17, 541, 4341, 546, 61], [4, 7, 862, 2840, 10], [43, 294, 419, 37, 1500]]"]},"markov_matrices":{"abs":{"actual":["[[4415, 676, 55, 1, 13], [385, 1308, 745, 5, 140], [218, 440, 4532, 223, 93], [51, 23, 150, 3494, 5], [91, 136, 24, 0, 2042]]"],"predicted":["[[2614, 466, 176, 12, 72], [340, 1802, 591, 26, 157], [231, 426, 6308, 252, 218], [27, 45, 214, 3236, 25], [127, 177, 146, 22, 1555]]"]}},"metrics":{"downstream":{"cohen_kappa":[0.5688817406080091],"f1_scores":{"N1":[0.4138934351700309],"N2":[0.6708909666950004],"N3":[0.7811855315637464],"REM":[0.6944444444444444],"Wake":[0.708387248558993],"macro":[0.653760325286443]},"loss":[2.418747149015728],"precisions":{"N1":[0.39026063100137176],"N2":[0.5838601210490921],"N3":[0.8004509582863585],"REM":[0.740009866798224],"Wake":[0.901497005988024],"macro":[0.6832157166246141]},"recalls":{"N1":[0.44057297715834304],"N2":[0.7884126407555394],"N3":[0.762825678216492],"REM":[0.6541648495420846],"Wake":[0.5834140670412711],"macro":[0.6458780425427462]}}}},"train":{},"valid_pretraining":{}}