{"earlystopping":{"confusion_matrices":{"abs":["[[7680, 167, 38, 11, 62], [422, 473, 507, 68, 476], [86, 457, 5248, 325, 512], [1, 40, 523, 965, 2], [43, 395, 266, 50, 2028]]"]},"markov_matrices":{"abs":{"actual":["[[7584, 353, 15, 0, 5], [200, 1236, 385, 2, 123], [98, 210, 5964, 245, 111], [13, 14, 220, 1284, 0], [62, 133, 44, 0, 2543]]"],"predicted":["[[7875, 170, 33, 6, 147], [79, 799, 351, 13, 290], [107, 254, 5814, 195, 212], [13, 42, 156, 1169, 39], [157, 267, 228, 36, 2392]]"]}},"metrics":{"downstream":{"cohen_kappa":[0.7022964124234021],"f1_scores":{"N1":[0.2719953996549741],"N2":[0.794549583648751],"N3":[0.6542372881355932],"REM":[0.691914022517912],"Wake":[0.948733786287832],"macro":[0.6722860160490125]},"loss":[1.5088376301090891],"precisions":{"N1":[0.3087467362924282],"N2":[0.7973260407171072],"N3":[0.6800563777307963],"REM":[0.6584415584415585],"Wake":[0.9329446064139941],"macro":[0.6755030639191769]},"recalls":{"N1":[0.24306269270298048],"N2":[0.791792395896198],"N3":[0.6303069888961463],"REM":[0.7289719626168224],"Wake":[0.9650665996481528],"macro":[0.6718401279520599]}}}},"test":{"confusion_matrices":{"abs":["[[10988, 426, 359, 41, 734], [952, 894, 925, 170, 1551], [679, 1116, 7433, 972, 1965], [29, 63, 796, 1654, 59], [218, 778, 664, 40, 2872]]"]},"markov_matrices":{"abs":{"actual":["[[11874, 617, 28, 3, 25], [348, 3420, 622, 0, 102], [199, 328, 10935, 568, 135], [29, 16, 522, 2030, 4], [97, 111, 58, 0, 4306]]"],"predicted":["[[12059, 378, 105, 21, 302], [267, 1780, 582, 26, 622], [209, 474, 8693, 354, 447], [26, 77, 291, 2394, 89], [304, 568, 506, 82, 5721]]"]}},"metrics":{"downstream":{"cohen_kappa":[0.5360786378444609],"f1_scores":{"N1":[0.23014544986484747],"N2":[0.6653835824903769],"N3":[0.6038700255567725],"REM":[0.48872628265123796],"Wake":[0.8647202329424727],"macro":[0.5705691147011415]},"loss":[2.931301964653863],"precisions":{"N1":[0.2728104974061642],"N2":[0.7303724083718188],"N3":[0.5749044143204727],"REM":[0.3999442974516084],"Wake":[0.8540338877662055],"macro":[0.5664131010632538]},"recalls":{"N1":[0.19902048085485308],"N2":[0.6110152075626798],"N3":[0.6359092656670511],"REM":[0.6281714785651793],"Wake":[0.8756773987886516],"macro":[0.589958766287683]}}}},"train":{},"valid_pretraining":{}}