{
    "earlystopping": {},
    "train": {
        "metrics": {
            "freq": {
                "acc_freq": [
                    0.00011,
                    1e-05,
                    2e-05,
                    2e-05,
                    0.00125,
                    0.00462,
                    0.01123,
                    0.05714,
                    0.08007,
                    0.0886,
                    0.09873,
                    0.11229,
                    0.1274,
                    0.13844,
                    0.14798,
                    0.15343,
                    0.15812,
                    0.16298,
                    0.166,
                    0.16997
                ],
                "hamming_freq": [
                    0.4807815,
                    0.475144,
                    0.47469950000000005,
                    0.4746,
                    0.472905,
                    0.47736900000000004,
                    0.5123215,
                    0.722789,
                    0.7812265,
                    0.8095865,
                    0.834414,
                    0.8530785,
                    0.8661035,
                    0.874039,
                    0.879162,
                    0.882361,
                    0.8849615,
                    0.8871855,
                    0.889268,
                    0.8911215
                ],
                "loss": [
                    0.90743015625,
                    0.69408,
                    0.692492890625,
                    0.692048984375,
                    0.660027734375,
                    0.6120840234375,
                    0.5591505859375,
                    0.4869225390625,
                    0.43184953125,
                    0.384811640625,
                    0.336357734375,
                    0.296337734375,
                    0.268586015625,
                    0.2512509375,
                    0.24082580078125,
                    0.233454296875,
                    0.2278080859375,
                    0.22324005859375,
                    0.21886009765625,
                    0.2151269921875
                ]
            }
        }
    },
    "valid_pretraining": {
        "metrics": {
            "freq": {
                "acc_freq": [
                    0.0,
                    0.0,
                    0.0,
                    0.0,
                    0.001,
                    0.0,
                    0.008,
                    0.028,
                    0.102,
                    0.118,
                    0.125,
                    0.146,
                    0.156,
                    0.182,
                    0.187,
                    0.202,
                    0.197,
                    0.199,
                    0.199,
                    0.202,
                    0.207
                ],
                "hamming_freq": [
                    0.4917,
                    0.47950000000000004,
                    0.47950000000000004,
                    0.47950000000000004,
                    0.47675,
                    0.47940000000000005,
                    0.48624999999999996,
                    0.7235,
                    0.7951,
                    0.82945,
                    0.85465,
                    0.88,
                    0.8916,
                    0.9011,
                    0.90425,
                    0.9052,
                    0.9057,
                    0.9077500000000001,
                    0.90655,
                    0.9084,
                    0.90935
                ],
                "loss": [
                    1.2562229633331299,
                    0.6926192045211792,
                    0.6923784613609314,
                    0.6923434734344482,
                    0.688112735748291,
                    0.6354092359542847,
                    0.5642787218093872,
                    0.5152177810668945,
                    0.4643498659133911,
                    0.39860206842422485,
                    0.33290648460388184,
                    0.27962565422058105,
                    0.23657172918319702,
                    0.21959346532821655,
                    0.20495861768722534,
                    0.19560086727142334,
                    0.19356924295425415,
                    0.1887122541666031,
                    0.18590866029262543,
                    0.18258696794509888,
                    0.17929917573928833
                ]
            }
        }
    }
}
