{
    "earlystopping": {
        "confusion_matrices": {
            "abs": [
                "[[444, 389, 411, 6, 122], [37, 58, 165, 1, 151], [20, 173, 2462, 88, 1202], [1, 2, 376, 438, 88], [8, 9, 182, 2, 1108]]"
            ]
        },
        "markov_matrices": {
            "abs": {
                "actual": [
                    "[[1122, 217, 18, 0, 15], [56, 131, 215, 0, 10], [138, 60, 3629, 84, 34], [13, 1, 70, 821, 0], [42, 3, 13, 0, 1250]]"
                ],
                "predicted": [
                    "[[371, 54, 52, 0, 33], [39, 439, 109, 7, 37], [80, 94, 2914, 126, 382], [2, 20, 111, 384, 18], [18, 24, 410, 17, 2201]]"
                ]
            }
        },
        "metrics": {
            "downstream": {
                "cohen_kappa": [
                    0.379769617177806
                ],
                "f1_scores": {
                    "N1": [
                        0.1112176414189837
                    ],
                    "N2": [
                        0.6529637979047871
                    ],
                    "N3": [
                        0.6083333333333334
                    ],
                    "REM": [
                        0.55678391959799
                    ],
                    "Wake": [
                        0.4718384697130712
                    ],
                    "macro": [
                        0.4802274323936331
                    ]
                },
                "loss": [
                    2.990386724472046
                ],
                "precisions": {
                    "N1": [
                        0.0919175911251981
                    ],
                    "N2": [
                        0.6846496106785317
                    ],
                    "N3": [
                        0.8186915887850468
                    ],
                    "REM": [
                        0.41482590789966306
                    ],
                    "Wake": [
                        0.8705882352941177
                    ],
                    "macro": [
                        0.5761345867565114
                    ]
                },
                "recalls": {
                    "N1": [
                        0.1407766990291262
                    ],
                    "N2": [
                        0.6240811153358682
                    ],
                    "N3": [
                        0.4839779005524862
                    ],
                    "REM": [
                        0.8464476699770818
                    ],
                    "Wake": [
                        0.3236151603498542
                    ],
                    "macro": [
                        0.48377970904888334
                    ]
                }
            }
        }
    },
    "test": {
        "confusion_matrices": {
            "abs": [
                "[[837, 920, 651, 23, 325], [34, 160, 338, 18, 231], [25, 299, 4983, 344, 1454], [0, 9, 353, 1068, 84], [5, 50, 516, 7, 1640]]"
            ]
        },
        "markov_matrices": {
            "abs": {
                "actual": [
                    "[[2267, 413, 59, 2, 15], [177, 247, 342, 0, 14], [239, 108, 6570, 128, 60], [22, 0, 108, 1384, 0], [50, 13, 26, 0, 2129]]"
                ],
                "predicted": [
                    "[[658, 144, 76, 2, 21], [105, 911, 301, 24, 97], [119, 245, 5683, 136, 657], [1, 43, 111, 1255, 50], [18, 95, 670, 42, 2909]]"
                ]
            }
        },
        "metrics": {
            "downstream": {
                "cohen_kappa": [
                    0.4320633369047151
                ],
                "f1_scores": {
                    "N1": [
                        0.1442091031996395
                    ],
                    "N2": [
                        0.7146135092499641
                    ],
                    "N3": [
                        0.7182246133154002
                    ],
                    "REM": [
                        0.5510752688172044
                    ],
                    "Wake": [
                        0.457752255947498
                    ],
                    "macro": [
                        0.5171749501059413
                    ]
                },
                "loss": [
                    2.8976461476293105
                ],
                "precisions": {
                    "N1": [
                        0.11126564673157163
                    ],
                    "N2": [
                        0.7284022803683672
                    ],
                    "N3": [
                        0.7315068493150685
                    ],
                    "REM": [
                        0.4392072844134976
                    ],
                    "Wake": [
                        0.9289678135405105
                    ],
                    "macro": [
                        0.5878699748738031
                    ]
                },
                "recalls": {
                    "N1": [
                        0.20486555697823303
                    ],
                    "N2": [
                        0.7013370865587615
                    ],
                    "N3": [
                        0.7054161162483488
                    ],
                    "REM": [
                        0.739404869251578
                    ],
                    "Wake": [
                        0.3037010159651669
                    ],
                    "macro": [
                        0.5309449290004176
                    ]
                }
            }
        }
    },
    "train": {},
    "valid_pretraining": {}
}
