{
    "earlystopping": {
        "confusion_matrices": {
            "abs": [
                "[[702, 0, 613, 1, 170], [22, 0, 358, 0, 81], [18, 0, 3560, 0, 250], [0, 0, 1018, 0, 8], [11, 0, 573, 0, 623]]"
            ]
        },
        "markov_matrices": {
            "abs": {
                "actual": [
                    "[[1212, 234, 24, 0, 15], [70, 143, 236, 0, 12], [144, 80, 3479, 94, 31], [13, 1, 80, 932, 0], [46, 3, 9, 0, 1149]]"
                ],
                "predicted": [
                    "[[580, 0, 138, 0, 35], [0, 0, 0, 0, 0], [136, 0, 5637, 1, 348], [0, 0, 0, 0, 1], [37, 0, 347, 0, 747]]"
                ]
            }
        },
        "metrics": {
            "downstream": {
                "cohen_kappa": [
                    0.34543004715921866
                ],
                "f1_scores": {
                    "N1": [
                        0.0
                    ],
                    "N2": [
                        0.7155778894472362
                    ],
                    "N3": [
                        0.0
                    ],
                    "REM": [
                        0.5327062847370673
                    ],
                    "Wake": [
                        0.6270656543099599
                    ],
                    "macro": [
                        0.37506996569885265
                    ]
                },
                "loss": [
                    2.2432610988616943
                ],
                "precisions": {
                    "N1": [
                        0.0
                    ],
                    "N2": [
                        0.5815093106827834
                    ],
                    "N3": [
                        0.0
                    ],
                    "REM": [
                        0.5503533568904594
                    ],
                    "Wake": [
                        0.9322709163346613
                    ],
                    "macro": [
                        0.41282671678158084
                    ]
                },
                "recalls": {
                    "N1": [
                        0.0
                    ],
                    "N2": [
                        0.9299895506792059
                    ],
                    "N3": [
                        0.0
                    ],
                    "REM": [
                        0.5161557580778791
                    ],
                    "Wake": [
                        0.47240915208613726
                    ],
                    "macro": [
                        0.3837108921686444
                    ]
                }
            }
        }
    },
    "test": {
        "confusion_matrices": {
            "abs": [
                "[[528, 0, 970, 2, 713], [49, 0, 649, 0, 136], [34, 0, 6038, 0, 526], [0, 0, 1491, 0, 24], [12, 0, 1247, 0, 1390]]"
            ]
        },
        "markov_matrices": {
            "abs": {
                "actual": [
                    "[[1846, 336, 22, 0, 8], [106, 332, 383, 0, 13], [188, 148, 6049, 144, 69], [24, 1, 119, 1371, 0], [48, 17, 25, 0, 2559]]"
                ],
                "predicted": [
                    "[[388, 0, 183, 0, 52], [0, 0, 0, 0, 0], [185, 0, 9627, 1, 581], [0, 0, 1, 1, 0], [50, 0, 583, 0, 2156]]"
                ]
            }
        },
        "metrics": {
            "downstream": {
                "cohen_kappa": [
                    0.2868410160367
                ],
                "f1_scores": {
                    "N1": [
                        0.0
                    ],
                    "N2": [
                        0.7106455599364444
                    ],
                    "N3": [
                        0.0
                    ],
                    "REM": [
                        0.5112173593232805
                    ],
                    "Wake": [
                        0.3723554301833568
                    ],
                    "macro": [
                        0.31884366988861634
                    ]
                },
                "loss": [
                    2.3731152569806135
                ],
                "precisions": {
                    "N1": [
                        0.0
                    ],
                    "N2": [
                        0.5808561808561808
                    ],
                    "N3": [
                        0.0
                    ],
                    "REM": [
                        0.4983865184653998
                    ],
                    "Wake": [
                        0.8475120385232745
                    ],
                    "macro": [
                        0.38535094756897104
                    ]
                },
                "recalls": {
                    "N1": [
                        0.0
                    ],
                    "N2": [
                        0.9151257956956653
                    ],
                    "N3": [
                        0.0
                    ],
                    "REM": [
                        0.5247263118157796
                    ],
                    "Wake": [
                        0.2385901491188432
                    ],
                    "macro": [
                        0.3356884513260576
                    ]
                }
            }
        }
    },
    "train": {},
    "valid_pretraining": {}
}
