{
    "earlystopping": {
        "confusion_matrices": {
            "abs": [
                "[[916, 0, 337, 4, 115], [72, 0, 253, 1, 86], [128, 0, 3673, 29, 115], [8, 0, 545, 348, 4], [118, 0, 490, 5, 696]]"
            ]
        },
        "markov_matrices": {
            "abs": {
                "actual": [
                    "[[1122, 217, 18, 0, 15], [56, 131, 215, 0, 10], [138, 60, 3629, 84, 34], [13, 1, 70, 821, 0], [42, 3, 13, 0, 1250]]"
                ],
                "predicted": [
                    "[[972, 0, 175, 7, 88], [0, 0, 0, 0, 0], [187, 0, 4842, 65, 203], [8, 0, 64, 312, 3], [74, 0, 217, 3, 722]]"
                ]
            }
        },
        "metrics": {
            "downstream": {
                "cohen_kappa": [
                    0.5271833259823191
                ],
                "f1_scores": {
                    "N1": [
                        0.0
                    ],
                    "N2": [
                        0.7947636048901872
                    ],
                    "N3": [
                        0.5386996904024768
                    ],
                    "REM": [
                        0.5987096774193548
                    ],
                    "Wake": [
                        0.7008416220351951
                    ],
                    "macro": [
                        0.5266029189494428
                    ]
                },
                "loss": [
                    0.9583305716514587
                ],
                "precisions": {
                    "N1": [
                        0.0
                    ],
                    "N2": [
                        0.693280483201208
                    ],
                    "N3": [
                        0.8992248062015504
                    ],
                    "REM": [
                        0.6850393700787402
                    ],
                    "Wake": [
                        0.7375201288244766
                    ],
                    "macro": [
                        0.6030129576611951
                    ]
                },
                "recalls": {
                    "N1": [
                        0.0
                    ],
                    "N2": [
                        0.9310519645120405
                    ],
                    "N3": [
                        0.38453038674033146
                    ],
                    "REM": [
                        0.5317035905271199
                    ],
                    "Wake": [
                        0.6676384839650146
                    ],
                    "macro": [
                        0.5029848851489013
                    ]
                }
            }
        }
    },
    "test": {
        "confusion_matrices": {
            "abs": [
                "[[1742, 0, 528, 37, 449], [180, 0, 305, 31, 265], [494, 0, 5636, 430, 545], [20, 0, 843, 648, 3], [278, 0, 645, 27, 1268]]"
            ]
        },
        "markov_matrices": {
            "abs": {
                "actual": [
                    "[[2267, 413, 59, 2, 15], [177, 247, 342, 0, 14], [239, 108, 6570, 128, 60], [22, 0, 108, 1384, 0], [50, 13, 26, 0, 2129]]"
                ],
                "predicted": [
                    "[[2006, 0, 363, 64, 281], [0, 0, 0, 0, 0], [378, 0, 7057, 126, 395], [68, 0, 119, 940, 46], [261, 0, 418, 43, 1808]]"
                ]
            }
        },
        "metrics": {
            "downstream": {
                "cohen_kappa": [
                    0.4599523578648629
                ],
                "f1_scores": {
                    "N1": [
                        0.0
                    ],
                    "N2": [
                        0.7483733899880495
                    ],
                    "N3": [
                        0.48232229251953845
                    ],
                    "REM": [
                        0.5341196293176074
                    ],
                    "Wake": [
                        0.6369287020109689
                    ],
                    "macro": [
                        0.4803488027672328
                    ]
                },
                "loss": [
                    1.0132300278236126
                ],
                "precisions": {
                    "N1": [
                        0.0
                    ],
                    "N2": [
                        0.7083071509362825
                    ],
                    "N3": [
                        0.5524296675191815
                    ],
                    "REM": [
                        0.5011857707509881
                    ],
                    "Wake": [
                        0.6418570375829035
                    ],
                    "macro": [
                        0.48075592535787115
                    ]
                },
                "recalls": {
                    "N1": [
                        0.0
                    ],
                    "N2": [
                        0.7932441942294159
                    ],
                    "N3": [
                        0.42800528401585203
                    ],
                    "REM": [
                        0.5716862037871957
                    ],
                    "Wake": [
                        0.6320754716981132
                    ],
                    "macro": [
                        0.48500223074611537
                    ]
                }
            }
        }
    },
    "train": {},
    "valid_pretraining": {}
}
