{"earlystopping":{"confusion_matrices":{"abs":["[[917, 11, 22, 283, 327], [145, 16, 46, 500, 124], [54, 27, 370, 1931, 49], [4, 0, 2, 1411, 0], [10, 9, 6, 469, 701]]"]},"markov_matrices":{"abs":{"actual":["[[1273, 229, 40, 1, 17], [112, 387, 291, 0, 41], [103, 174, 2054, 62, 37], [22, 5, 35, 1354, 1], [49, 36, 11, 0, 1099]]"],"predicted":["[[938, 14, 10, 89, 79], [13, 8, 14, 15, 13], [17, 17, 274, 123, 15], [79, 11, 136, 4202, 165], [82, 13, 12, 165, 929]]"]}},"metrics":{"downstream":{"cohen_kappa":[0.32739330254305676],"f1_scores":{"N1":[0.035794183445190156],"N2":[0.2572123740006952],"N3":[0.4694726335052404],"REM":[0.5851419031719532],"Wake":[0.6817843866171004],"macro":[0.40588109614803586]},"loss":[4.356130981445313],"precisions":{"N1":[0.25396825396825395],"N2":[0.8295964125560538],"N3":[0.3071397474967349],"REM":[0.5836802664446294],"Wake":[0.8115044247787611],"macro":[0.5571778210488866]},"recalls":{"N1":[0.019253910950661854],"N2":[0.15220074043603454],"N3":[0.9957657021877205],"REM":[0.5866108786610879],"Wake":[0.5878205128205128],"macro":[0.4683303490112035]}}}},"test":{"confusion_matrices":{"abs":["[[2834, 157, 175, 871, 819], [550, 58, 143, 1678, 301], [319, 146, 968, 5586, 84], [15, 7, 54, 4051, 3], [124, 40, 41, 1384, 1386]]"]},"markov_matrices":{"abs":{"actual":["[[4051, 689, 82, 1, 32], [350, 1373, 861, 3, 143], [263, 497, 5960, 282, 101], [67, 39, 179, 3844, 1], [124, 132, 21, 0, 2698]]"],"predicted":["[[3025, 161, 122, 291, 242], [133, 80, 61, 79, 55], [95, 80, 780, 359, 67], [295, 57, 376, 12466, 376], [293, 30, 42, 375, 1853]]"]}},"metrics":{"downstream":{"cohen_kappa":[0.28634476116656504],"f1_scores":{"N1":[0.036966220522625874],"N2":[0.2281942479962282],"N3":[0.4577401129943503],"REM":[0.4978448275862069],"Wake":[0.6516440561048517],"macro":[0.3744778930408526]},"loss":[4.7827879439952765],"precisions":{"N1":[0.14215686274509803],"N2":[0.7009413468501087],"N3":[0.2985261606484893],"REM":[0.5345160046278442],"Wake":[0.7376366475793857],"macro":[0.4827554044901852]},"recalls":{"N1":[0.021245421245421246],"N2":[0.13628044488244404],"N3":[0.9808716707021792],"REM":[0.46588235294117647],"Wake":[0.5836079077429983],"macro":[0.4375775595028439]}}}},"train":{},"valid_pretraining":{}}