{
    "earlystopping": {
        "confusion_matrices": {
            "abs": [
                "[[1175, 109, 72, 1, 15], [29, 244, 116, 1, 22], [31, 70, 3450, 306, 88], [1, 0, 27, 877, 0], [8, 28, 19, 0, 1254]]"
            ]
        },
        "markov_matrices": {
            "abs": {
                "actual": [
                    "[[1122, 217, 18, 0, 15], [56, 131, 215, 0, 10], [138, 60, 3629, 84, 34], [13, 1, 70, 821, 0], [42, 3, 13, 0, 1250]]"
                ],
                "predicted": [
                    "[[1035, 179, 19, 0, 11], [48, 226, 164, 0, 13], [113, 33, 3441, 66, 31], [17, 1, 48, 1119, 0], [30, 12, 12, 0, 1324]]"
                ]
            }
        },
        "metrics": {
            "downstream": {
                "cohen_kappa": [
                    0.82894191898817
                ],
                "f1_scores": {
                    "N1": [
                        0.5654692931633836
                    ],
                    "N2": [
                        0.9044435705859222
                    ],
                    "N3": [
                        0.8392344497607656
                    ],
                    "REM": [
                        0.9330357142857143
                    ],
                    "Wake": [
                        0.8983180428134556
                    ],
                    "macro": [
                        0.8281002141218483
                    ]
                },
                "loss": [
                    0.32879066467285156
                ],
                "precisions": {
                    "N1": [
                        0.541019955654102
                    ],
                    "N2": [
                        0.9364820846905537
                    ],
                    "N3": [
                        0.740084388185654
                    ],
                    "REM": [
                        0.9093546047860769
                    ],
                    "Wake": [
                        0.9445337620578779
                    ],
                    "macro": [
                        0.8142949590748529
                    ]
                },
                "recalls": {
                    "N1": [
                        0.5922330097087378
                    ],
                    "N2": [
                        0.8745247148288974
                    ],
                    "N3": [
                        0.969060773480663
                    ],
                    "REM": [
                        0.957983193277311
                    ],
                    "Wake": [
                        0.8564139941690962
                    ],
                    "macro": [
                        0.8500431370929411
                    ]
                }
            }
        }
    },
    "test": {
        "confusion_matrices": {
            "abs": [
                "[[2279, 215, 184, 8, 70], [72, 431, 204, 2, 72], [119, 201, 5964, 580, 241], [2, 2, 76, 1434, 0], [52, 37, 71, 0, 2058]]"
            ]
        },
        "markov_matrices": {
            "abs": {
                "actual": [
                    "[[2267, 413, 59, 2, 15], [177, 247, 342, 0, 14], [239, 108, 6570, 128, 60], [22, 0, 108, 1384, 0], [50, 13, 26, 0, 2129]]"
                ],
                "predicted": [
                    "[[2040, 387, 61, 2, 34], [150, 382, 315, 3, 36], [240, 103, 5993, 86, 76], [19, 1, 71, 1933, 0], [74, 13, 59, 0, 2295]]"
                ]
            }
        },
        "metrics": {
            "downstream": {
                "cohen_kappa": [
                    0.7800719655423217
                ],
                "f1_scores": {
                    "N1": [
                        0.5170965806838632
                    ],
                    "N2": [
                        0.8768009408997354
                    ],
                    "N3": [
                        0.8106274731486716
                    ],
                    "REM": [
                        0.8834513844172569
                    ],
                    "Wake": [
                        0.8632575757575758
                    ],
                    "macro": [
                        0.7902467909814206
                    ]
                },
                "loss": [
                    0.4307047087570717
                ],
                "precisions": {
                    "N1": [
                        0.48645598194130923
                    ],
                    "N2": [
                        0.9176796430220033
                    ],
                    "N3": [
                        0.708498023715415
                    ],
                    "REM": [
                        0.8430970913560016
                    ],
                    "Wake": [
                        0.902931854199683
                    ],
                    "macro": [
                        0.7717325188468824
                    ]
                },
                "recalls": {
                    "N1": [
                        0.5518565941101152
                    ],
                    "N2": [
                        0.8394088669950739
                    ],
                    "N3": [
                        0.9471598414795245
                    ],
                    "REM": [
                        0.9278629395852119
                    ],
                    "Wake": [
                        0.8269230769230769
                    ],
                    "macro": [
                        0.8186422638186004
                    ]
                }
            }
        }
    },
    "train": {},
    "valid_pretraining": {}
}
