{"earlystopping":{"confusion_matrices":{"abs":["[[7165, 555, 19, 12, 207], [588, 393, 411, 57, 497], [188, 492, 4711, 446, 791], [12, 27, 415, 1042, 35], [275, 111, 134, 33, 2229]]"]},"markov_matrices":{"abs":{"actual":["[[7584, 353, 15, 0, 5], [200, 1236, 385, 2, 123], [98, 210, 5964, 245, 111], [13, 14, 220, 1284, 0], [62, 133, 44, 0, 2543]]"],"predicted":["[[7643, 244, 98, 19, 223], [177, 974, 242, 26, 159], [98, 151, 4887, 238, 316], [30, 24, 221, 1271, 44], [279, 185, 242, 36, 3017]]"]}},"metrics":{"downstream":{"cohen_kappa":[0.6493441068311637],"f1_scores":{"N1":[0.22304199772985245],"N2":[0.7648968988472155],"N3":[0.6677347004165332],"REM":[0.6815471640421954],"Wake":[0.8853330038304708],"macro":[0.6445107529732534]},"loss":[1.310701137635766],"precisions":{"N1":[0.24904942965779467],"N2":[0.8279437609841828],"N3":[0.6553459119496855],"REM":[0.592976855546688],"Wake":[0.8708070004861449],"macro":[0.6392245917248991]},"recalls":{"N1":[0.20195272353545735],"N2":[0.7107724803862402],"N3":[0.6806009144350098],"REM":[0.8012221423436376],"Wake":[0.9003518471977884],"macro":[0.6589800215796267]}}}},"test":{"confusion_matrices":{"abs":["[[11412, 419, 300, 36, 381], [1323, 748, 1145, 136, 1140], [676, 764, 8208, 846, 1671], [44, 22, 820, 1707, 8], [957, 121, 431, 2, 3061]]"]},"markov_matrices":{"abs":{"actual":["[[11874, 617, 28, 3, 25], [348, 3420, 622, 0, 102], [199, 328, 10935, 568, 135], [29, 16, 522, 2030, 4], [97, 111, 58, 0, 4306]]"],"predicted":["[[13499, 317, 148, 18, 429], [189, 1134, 472, 38, 241], [170, 318, 9448, 468, 500], [38, 46, 429, 2162, 52], [515, 259, 407, 41, 5039]]"]}},"metrics":{"downstream":{"cohen_kappa":[0.5761333907467925],"f1_scores":{"N1":[0.2278403898872982],"N2":[0.7116043174823355],"N3":[0.6407657657657657],"REM":[0.5651250807717161],"Wake":[0.8465875370919881],"macro":[0.5983846181998207]},"loss":[1.8087363772922092],"precisions":{"N1":[0.36065573770491804],"N2":[0.7527512839325018],"N3":[0.6259625962596259],"REM":[0.48889953681520526],"Wake":[0.7918401332223147],"macro":[0.6040218575869132]},"recalls":{"N1":[0.16651825467497774],"N2":[0.6747225647348952],"N3":[0.6562860438292965],"REM":[0.6695100612423447],"Wake":[0.9094676442460949],"macro":[0.6153009137455218]}}}},"train":{},"valid_pretraining":{}}