{
    "earlystopping": {
        "confusion_matrices": {
            "abs": [
                "[[1130, 52, 86, 2, 102], [83, 64, 170, 3, 92], [277, 19, 2662, 231, 756], [0, 0, 129, 746, 30], [63, 26, 48, 0, 1172]]"
            ]
        },
        "markov_matrices": {
            "abs": {
                "actual": [
                    "[[1122, 217, 18, 0, 15], [56, 131, 215, 0, 10], [138, 60, 3629, 84, 34], [13, 1, 70, 821, 0], [42, 3, 13, 0, 1250]]"
                ],
                "predicted": [
                    "[[1301, 80, 82, 4, 86], [28, 55, 70, 0, 8], [111, 13, 2775, 68, 128], [13, 0, 57, 888, 24], [99, 13, 111, 22, 1906]]"
                ]
            }
        },
        "metrics": {
            "downstream": {
                "cohen_kappa": [
                    0.6169665060485898
                ],
                "f1_scores": {
                    "N1": [
                        0.22338568935427572
                    ],
                    "N2": [
                        0.7562500000000001
                    ],
                    "N3": [
                        0.7906730259671435
                    ],
                    "REM": [
                        0.6772609072522392
                    ],
                    "Wake": [
                        0.7726495726495727
                    ],
                    "macro": [
                        0.6440438390446462
                    ]
                },
                "loss": [
                    1.566346526145935
                ],
                "precisions": {
                    "N1": [
                        0.39751552795031053
                    ],
                    "N2": [
                        0.860096930533118
                    ],
                    "N3": [
                        0.7596741344195519
                    ],
                    "REM": [
                        0.5446096654275093
                    ],
                    "Wake": [
                        0.7276239536381197
                    ],
                    "macro": [
                        0.6579040423937219
                    ]
                },
                "recalls": {
                    "N1": [
                        0.1553398058252427
                    ],
                    "N2": [
                        0.6747782002534854
                    ],
                    "N3": [
                        0.8243093922651934
                    ],
                    "REM": [
                        0.8953399541634836
                    ],
                    "Wake": [
                        0.8236151603498543
                    ],
                    "macro": [
                        0.674676502571452
                    ]
                }
            }
        }
    },
    "test": {
        "confusion_matrices": {
            "abs": [
                "[[2376, 28, 66, 13, 273], [232, 135, 152, 15, 247], [430, 79, 4570, 654, 1372], [1, 0, 190, 1289, 34], [122, 41, 274, 0, 1781]]"
            ]
        },
        "markov_matrices": {
            "abs": {
                "actual": [
                    "[[2267, 413, 59, 2, 15], [177, 247, 342, 0, 14], [239, 108, 6570, 128, 60], [22, 0, 108, 1384, 0], [50, 13, 26, 0, 2129]]"
                ],
                "predicted": [
                    "[[2722, 147, 115, 21, 156], [54, 84, 118, 0, 27], [169, 40, 4742, 78, 223], [36, 0, 58, 1818, 59], [180, 12, 219, 54, 3241]]"
                ]
            }
        },
        "metrics": {
            "downstream": {
                "cohen_kappa": [
                    0.5930381006696837
                ],
                "f1_scores": {
                    "N1": [
                        0.2537593984962406
                    ],
                    "N2": [
                        0.7396617301934126
                    ],
                    "N3": [
                        0.7397417503586802
                    ],
                    "REM": [
                        0.6011814345991561
                    ],
                    "Wake": [
                        0.803109683961467
                    ],
                    "macro": [
                        0.6274907995217913
                    ]
                },
                "loss": [
                    2.1287176197972792
                ],
                "precisions": {
                    "N1": [
                        0.47703180212014135
                    ],
                    "N2": [
                        0.8701447067783702
                    ],
                    "N3": [
                        0.6539827498731609
                    ],
                    "REM": [
                        0.48044240625843
                    ],
                    "Wake": [
                        0.7516608668142992
                    ],
                    "macro": [
                        0.6466525063688804
                    ]
                },
                "recalls": {
                    "N1": [
                        0.17285531370038412
                    ],
                    "N2": [
                        0.6432090077410274
                    ],
                    "N3": [
                        0.8513870541611624
                    ],
                    "REM": [
                        0.80297565374211
                    ],
                    "Wake": [
                        0.8621190130624092
                    ],
                    "macro": [
                        0.6665092084814187
                    ]
                }
            }
        }
    },
    "train": {},
    "valid_pretraining": {}
}
