{"earlystopping":{"confusion_matrices":{"abs":["[[6719, 213, 100, 0, 84], [596, 298, 764, 0, 154], [576, 56, 6028, 0, 195], [27, 0, 1403, 0, 0], [773, 76, 687, 0, 1219]]"]},"markov_matrices":{"abs":{"actual":["[[6823, 271, 17, 0, 4], [151, 1184, 365, 3, 109], [78, 212, 6189, 261, 115], [11, 15, 238, 1166, 0], [52, 130, 46, 0, 2527]]"],"predicted":["[[8201, 119, 219, 0, 151], [97, 456, 65, 0, 25], [206, 44, 8589, 0, 143], [0, 0, 0, 0, 0], [186, 24, 109, 0, 1333]]"]}},"metrics":{"downstream":{"cohen_kappa":[0.5775126420556247],"f1_scores":{"N1":[0.24276985743380855],"N2":[0.7612552882490371],"N3":[0.0],"REM":[0.5532108009984116],"Wake":[0.8501296893781236],"macro":[0.48147312721187613]},"loss":[1.4077303959773138],"precisions":{"N1":[0.463452566096423],"N2":[0.6711200178134046],"N3":[0.0],"REM":[0.7378934624697336],"Wake":[0.773098607755149],"macro":[0.529112930826942]},"recalls":{"N1":[0.16445916114790288],"N2":[0.8793581327498177],"N3":[0.0],"REM":[0.4424682395644283],"Wake":[0.9442102304665543],"macro":[0.4860991527857406]}}}},"test":{"confusion_matrices":{"abs":["[[13391, 846, 578, 0, 607], [1309, 602, 1561, 0, 542], [1497, 184, 9269, 0, 763], [75, 1, 2162, 0, 15], [1142, 272, 936, 0, 1593]]"]},"markov_matrices":{"abs":{"actual":["[[14659, 720, 37, 1, 4], [431, 2829, 660, 3, 91], [229, 338, 10472, 535, 139], [24, 14, 498, 1714, 3], [78, 113, 46, 0, 3706]]"],"predicted":["[[16359, 273, 434, 0, 347], [260, 1391, 143, 0, 111], [379, 96, 13702, 0, 329], [0, 0, 0, 0, 0], [415, 145, 227, 0, 2733]]"]}},"metrics":{"downstream":{"cohen_kappa":[0.5009508364220212],"f1_scores":{"N1":[0.2034127386382835],"N2":[0.7070445097067013],"N3":[0.0],"REM":[0.4269060699450623],"Wake":[0.8156291874771592],"macro":[0.4305985011534412]},"loss":[1.5880095599448845],"precisions":{"N1":[0.31601049868766407],"N2":[0.638976975044809],"N3":[0.0],"REM":[0.4525568181818182],"Wake":[0.7689789824279315],"macro":[0.43530465486844455]},"recalls":{"N1":[0.14997508719481814],"N2":[0.7913429522752498],"N3":[0.0],"REM":[0.4040071011919858],"Wake":[0.8683050188043056],"macro":[0.44272603189327187]}}}},"train":{},"valid_pretraining":{}}