{
    "earlystopping": {
        "confusion_matrices": {
            "abs": [
                "[[1300, 58, 70, 4, 26], [158, 100, 99, 1, 50], [491, 43, 2818, 141, 209], [117, 0, 244, 689, 0], [132, 19, 166, 0, 748]]"
            ]
        },
        "markov_matrices": {
            "abs": {
                "actual": [
                    "[[1259, 184, 13, 0, 1], [48, 150, 197, 0, 13], [112, 70, 3412, 84, 24], [12, 1, 71, 966, 0], [26, 3, 9, 0, 1027]]"
                ],
                "predicted": [
                    "[[1999, 122, 66, 1, 9], [34, 66, 102, 0, 18], [130, 24, 3084, 92, 67], [12, 0, 80, 742, 1], [22, 8, 65, 0, 938]]"
                ]
            }
        },
        "metrics": {
            "downstream": {
                "cohen_kappa": [
                    0.6216470830948765
                ],
                "f1_scores": {
                    "N1": [
                        0.3184713375796179
                    ],
                    "N2": [
                        0.7939146358642062
                    ],
                    "N3": [
                        0.7310344827586207
                    ],
                    "REM": [
                        0.7130600571973308
                    ],
                    "Wake": [
                        0.711159737417943
                    ],
                    "macro": [
                        0.6535280501635438
                    ]
                },
                "loss": [
                    1.842298984527588
                ],
                "precisions": {
                    "N1": [
                        0.45454545454545453
                    ],
                    "N2": [
                        0.8295554901383574
                    ],
                    "N3": [
                        0.8251497005988024
                    ],
                    "REM": [
                        0.7241045498547919
                    ],
                    "Wake": [
                        0.5914467697907189
                    ],
                    "macro": [
                        0.6849603929856249
                    ]
                },
                "recalls": {
                    "N1": [
                        0.24509803921568626
                    ],
                    "N2": [
                        0.7612101566720691
                    ],
                    "N3": [
                        0.6561904761904762
                    ],
                    "REM": [
                        0.7023474178403756
                    ],
                    "Wake": [
                        0.8916323731138546
                    ],
                    "macro": [
                        0.6512956926064924
                    ]
                }
            }
        }
    },
    "test": {
        "confusion_matrices": {
            "abs": [
                "[[1628, 62, 259, 1, 59], [136, 163, 199, 3, 83], [220, 60, 5311, 262, 789], [5, 0, 296, 1554, 5], [97, 74, 634, 2, 1363]]"
            ]
        },
        "markov_matrices": {
            "abs": {
                "actual": [
                    "[[1680, 283, 29, 0, 17], [67, 196, 302, 0, 18], [192, 88, 6163, 147, 52], [23, 1, 123, 1713, 0], [46, 16, 25, 0, 2083]]"
                ],
                "predicted": [
                    "[[1655, 197, 171, 7, 56], [54, 91, 170, 0, 44], [268, 41, 6061, 147, 181], [17, 0, 131, 1663, 11], [91, 30, 166, 5, 2007]]"
                ]
            }
        },
        "metrics": {
            "downstream": {
                "cohen_kappa": [
                    0.6372131246036485
                ],
                "f1_scores": {
                    "N1": [
                        0.3457051961823966
                    ],
                    "N2": [
                        0.7961921894910426
                    ],
                    "N3": [
                        0.8441064638783269
                    ],
                    "REM": [
                        0.6099798612665026
                    ],
                    "Wake": [
                        0.7951159951159952
                    ],
                    "macro": [
                        0.6782199411868527
                    ]
                },
                "loss": [
                    1.1676089213444636
                ],
                "precisions": {
                    "N1": [
                        0.45403899721448465
                    ],
                    "N2": [
                        0.7928048962531721
                    ],
                    "N3": [
                        0.8529088913282108
                    ],
                    "REM": [
                        0.5928664636798608
                    ],
                    "Wake": [
                        0.7804410354745925
                    ],
                    "macro": [
                        0.6946120567900641
                    ]
                },
                "recalls": {
                    "N1": [
                        0.2791095890410959
                    ],
                    "N2": [
                        0.7996085516410719
                    ],
                    "N3": [
                        0.8354838709677419
                    ],
                    "REM": [
                        0.628110599078341
                    ],
                    "Wake": [
                        0.8103534096565456
                    ],
                    "macro": [
                        0.6705332040769593
                    ]
                }
            }
        }
    },
    "train": {},
    "valid_pretraining": {}
}
