{"earlystopping":{"confusion_matrices":{"abs":["[[1254, 40, 41, 9, 142], [259, 114, 51, 5, 32], [1333, 216, 1744, 232, 303], [140, 3, 72, 652, 159], [220, 115, 224, 11, 637]]"]},"markov_matrices":{"abs":{"actual":["[[1212, 234, 24, 0, 15], [70, 143, 236, 0, 12], [144, 80, 3479, 94, 31], [13, 1, 80, 932, 0], [46, 3, 9, 0, 1149]]"],"predicted":["[[2816, 235, 77, 14, 63], [161, 160, 116, 2, 49], [123, 46, 1799, 52, 112], [16, 1, 46, 806, 40], [89, 46, 94, 35, 1009]]"]}},"metrics":{"downstream":{"cohen_kappa":[0.40454079641524554],"f1_scores":{"N1":[0.24025289778714434],"N2":[0.5852348993288591],"N3":[0.6739018087855297],"REM":[0.5137096774193549],"Wake":[0.5345268542199488],"macro":[0.5095252275081673]},"loss":[3.8301680088043213],"precisions":{"N1":[0.2336065573770492],"N2":[0.8180112570356473],"N3":[0.7172717271727173],"REM":[0.5003927729772192],"Wake":[0.3911416094822208],"macro":[0.5320847848089707]},"recalls":{"N1":[0.2472885032537961],"N2":[0.4555903866248694],"N3":[0.6354775828460039],"REM":[0.527754763877382],"Wake":[0.8438761776581427],"macro":[0.5419974828520389]}}}},"test":{"confusion_matrices":{"abs":["[[1601, 121, 176, 89, 226], [331, 200, 52, 75, 176], [2938, 302, 2135, 633, 590], [445, 4, 161, 650, 255], [754, 176, 749, 49, 921]]"]},"markov_matrices":{"abs":{"actual":["[[1846, 336, 22, 0, 8], [106, 332, 383, 0, 13], [188, 148, 6049, 144, 69], [24, 1, 119, 1371, 0], [48, 17, 25, 0, 2559]]"],"predicted":["[[5306, 346, 218, 65, 133], [175, 293, 221, 7, 107], [313, 99, 2625, 67, 169], [81, 3, 58, 1308, 46], [194, 62, 151, 48, 1713]]"]}},"metrics":{"downstream":{"cohen_kappa":[0.22003197423251097],"f1_scores":{"N1":[0.2443494196701283],"N2":[0.4325802856853409],"N3":[0.43175024908668214],"REM":[0.38239568195972595],"Wake":[0.38662158898816706],"macro":[0.37553944507800885]},"loss":[5.406658596462673],"precisions":{"N1":[0.24906600249066002],"N2":[0.6523067522150932],"N3":[0.4344919786096257],"REM":[0.42481549815498154],"Wake":[0.26379963750205965],"macro":[0.40489597379448405]},"recalls":{"N1":[0.23980815347721823],"N2":[0.32358290391027583],"N3":[0.429042904290429],"REM":[0.347678369195923],"Wake":[0.7234523271577045],"macro":[0.4127129316063101]}}}},"train":{},"valid_pretraining":{}}