{
    "earlystopping": {
        "confusion_matrices": {
            "abs": [
                "[[1269, 68, 114, 3, 32], [60, 153, 222, 0, 26], [88, 49, 3559, 91, 41], [3, 3, 322, 698, 0], [24, 59, 262, 0, 862]]"
            ]
        },
        "markov_matrices": {
            "abs": {
                "actual": [
                    "[[1212, 234, 24, 0, 15], [70, 143, 236, 0, 12], [144, 80, 3479, 94, 31], [13, 1, 80, 932, 0], [46, 3, 9, 0, 1149]]"
                ],
                "predicted": [
                    "[[1197, 158, 72, 2, 14], [46, 102, 167, 1, 16], [158, 57, 4117, 86, 61], [8, 2, 78, 703, 1], [34, 13, 45, 0, 869]]"
                ]
            }
        },
        "metrics": {
            "downstream": {
                "cohen_kappa": [
                    0.7249488581386706
                ],
                "f1_scores": {
                    "N1": [
                        0.38587641866330386
                    ],
                    "N2": [
                        0.8568677019381246
                    ],
                    "N3": [
                        0.767876787678768
                    ],
                    "REM": [
                        0.7952029520295204
                    ],
                    "Wake": [
                        0.8662116040955632
                    ],
                    "macro": [
                        0.734407092881056
                    ]
                },
                "loss": [
                    0.9188066124916077
                ],
                "precisions": {
                    "N1": [
                        0.4608433734939759
                    ],
                    "N2": [
                        0.7945970082607725
                    ],
                    "N3": [
                        0.8813131313131313
                    ],
                    "REM": [
                        0.8969823100936525
                    ],
                    "Wake": [
                        0.878808864265928
                    ],
                    "macro": [
                        0.7825089374854921
                    ]
                },
                "recalls": {
                    "N1": [
                        0.3318872017353579
                    ],
                    "N2": [
                        0.9297283176593522
                    ],
                    "N3": [
                        0.6803118908382066
                    ],
                    "REM": [
                        0.7141673570836785
                    ],
                    "Wake": [
                        0.8539703903095559
                    ],
                    "macro": [
                        0.7020130315252302
                    ]
                }
            }
        }
    },
    "test": {
        "confusion_matrices": {
            "abs": [
                "[[1703, 98, 259, 14, 139], [161, 330, 192, 5, 146], [191, 158, 5785, 197, 267], [2, 0, 558, 955, 0], [120, 35, 607, 4, 1883]]"
            ]
        },
        "markov_matrices": {
            "abs": {
                "actual": [
                    "[[1846, 336, 22, 0, 8], [106, 332, 383, 0, 13], [188, 148, 6049, 144, 69], [24, 1, 119, 1371, 0], [48, 17, 25, 0, 2559]]"
                ],
                "predicted": [
                    "[[1708, 304, 119, 9, 36], [109, 224, 255, 0, 33], [284, 70, 6766, 128, 153], [17, 2, 120, 1033, 3], [59, 21, 140, 5, 2210]]"
                ]
            }
        },
        "metrics": {
            "downstream": {
                "cohen_kappa": [
                    0.6606160739972369
                ],
                "f1_scores": {
                    "N1": [
                        0.4536082474226804
                    ],
                    "N2": [
                        0.8264876062575899
                    ],
                    "N3": [
                        0.7100371747211895
                    ],
                    "REM": [
                        0.7407553107789142
                    ],
                    "Wake": [
                        0.7758542141230068
                    ],
                    "macro": [
                        0.701348510660676
                    ]
                },
                "loss": [
                    1.1368017549867984
                ],
                "precisions": {
                    "N1": [
                        0.5314009661835749
                    ],
                    "N2": [
                        0.7816511282259154
                    ],
                    "N3": [
                        0.8127659574468085
                    ],
                    "REM": [
                        0.773305954825462
                    ],
                    "Wake": [
                        0.7822691777675701
                    ],
                    "macro": [
                        0.7362786368898661
                    ]
                },
                "recalls": {
                    "N1": [
                        0.39568345323741005
                    ],
                    "N2": [
                        0.8767808426795999
                    ],
                    "N3": [
                        0.6303630363036303
                    ],
                    "REM": [
                        0.7108342770856927
                    ],
                    "Wake": [
                        0.7695436059647537
                    ],
                    "macro": [
                        0.6766410430542174
                    ]
                }
            }
        }
    },
    "train": {},
    "valid_pretraining": {}
}
