{"earlystopping":{"confusion_matrices":{"abs":["[[5279, 1058, 594, 5, 724], [122, 626, 902, 35, 242], [78, 512, 5559, 702, 255], [11, 14, 348, 754, 1], [116, 209, 477, 32, 2007]]"]},"markov_matrices":{"abs":{"actual":["[[7290, 345, 19, 0, 5], [197, 1257, 361, 3, 109], [94, 200, 6433, 271, 108], [13, 13, 248, 854, 0], [65, 112, 45, 0, 2619]]"],"predicted":["[[5004, 101, 280, 3, 217], [66, 1893, 302, 32, 126], [305, 286, 6885, 111, 293], [22, 17, 105, 1382, 2], [208, 122, 308, 0, 2591]]"]}},"metrics":{"downstream":{"cohen_kappa":[0.574290171456262],"f1_scores":{"N1":[0.2880809940174873],"N2":[0.7418924329374083],"N3":[0.5677710843373494],"REM":[0.6612850082372322],"Wake":[0.7958691391527213],"macro":[0.6109797317364397]},"loss":[3.072601690524962],"precisions":{"N1":[0.25878462174452255],"N2":[0.7054568527918782],"N3":[0.49345549738219896],"REM":[0.6215546608857231],"Wake":[0.9416696396717802],"macro":[0.6041842544952206]},"recalls":{"N1":[0.32485729112610273],"N2":[0.7822966507177034],"N3":[0.6684397163120568],"REM":[0.706441393875396],"Wake":[0.6891644908616188],"macro":[0.6342399085785756]}}}},"test":{"confusion_matrices":{"abs":["[[6561, 1244, 1138, 14, 1824], [714, 774, 1278, 0, 939], [196, 877, 10150, 430, 1267], [36, 28, 929, 1040, 3], [325, 264, 853, 0, 3398]]"]},"markov_matrices":{"abs":{"actual":["[[10118, 616, 19, 0, 27], [361, 2625, 600, 0, 119], [180, 332, 11792, 467, 149], [22, 6, 436, 1569, 3], [99, 126, 73, 0, 4542]]"],"predicted":["[[6737, 204, 425, 5, 460], [195, 2347, 323, 28, 294], [436, 337, 12749, 167, 659], [21, 20, 160, 1283, 0], [442, 279, 691, 1, 6018]]"]}},"metrics":{"downstream":{"cohen_kappa":[0.5042501726908336],"f1_scores":{"N1":[0.22460824143934996],"N2":[0.7444623734780695],"N3":[0.5909090909090909],"REM":[0.5538260940428653],"Wake":[0.7049911352280664],"macro":[0.5637593870194885]},"loss":[3.3886987486881996],"precisions":{"N1":[0.24286162535299655],"N2":[0.7074156676888765],"N3":[0.7008086253369272],"REM":[0.457273583636119],"Wake":[0.8377170582226762],"macro":[0.5892153120475191]},"recalls":{"N1":[0.2089068825910931],"N2":[0.7856037151702786],"N3":[0.5108055009823183],"REM":[0.7020661157024793],"Wake":[0.6085706335219367],"macro":[0.5631905695936212]}}}},"train":{},"valid_pretraining":{}}