{
    "earlystopping": {
        "confusion_matrices": {
            "abs": [
                "[[1070, 204, 161, 21, 32], [62, 184, 151, 4, 70], [32, 192, 2783, 415, 418], [1, 9, 148, 759, 2], [25, 166, 254, 31, 690]]"
            ]
        },
        "markov_matrices": {
            "abs": {
                "actual": [
                    "[[1224, 231, 17, 0, 15], [74, 164, 222, 0, 11], [132, 73, 3531, 73, 31], [11, 0, 62, 846, 0], [46, 3, 8, 0, 1109]]"
                ],
                "predicted": [
                    "[[980, 134, 54, 6, 15], [63, 417, 225, 7, 43], [97, 160, 3040, 58, 142], [15, 6, 48, 1123, 38], [34, 38, 130, 36, 974]]"
                ]
            }
        },
        "metrics": {
            "downstream": {
                "cohen_kappa": [
                    0.5708982543874206
                ],
                "f1_scores": {
                    "N1": [
                        0.300163132137031
                    ],
                    "N2": [
                        0.7586206896551724
                    ],
                    "N3": [
                        0.7063750581665891
                    ],
                    "REM": [
                        0.5803195962994113
                    ],
                    "Wake": [
                        0.7991038088125467
                    ],
                    "macro": [
                        0.6289164570141501
                    ]
                },
                "loss": [
                    2.291165590286255
                ],
                "precisions": {
                    "N1": [
                        0.24370860927152319
                    ],
                    "N2": [
                        0.7958249928510152
                    ],
                    "N3": [
                        0.6170731707317073
                    ],
                    "REM": [
                        0.5693069306930693
                    ],
                    "Wake": [
                        0.8991596638655462
                    ],
                    "macro": [
                        0.6250146734825723
                    ]
                },
                "recalls": {
                    "N1": [
                        0.39065817409766457
                    ],
                    "N2": [
                        0.7247395833333333
                    ],
                    "N3": [
                        0.8258977149075082
                    ],
                    "REM": [
                        0.5917667238421955
                    ],
                    "Wake": [
                        0.7190860215053764
                    ],
                    "macro": [
                        0.6504296435372157
                    ]
                }
            }
        }
    },
    "test": {
        "confusion_matrices": {
            "abs": [
                "[[1494, 392, 518, 73, 39], [96, 272, 264, 4, 70], [375, 665, 4040, 637, 814], [28, 36, 187, 1181, 95], [100, 224, 801, 195, 851]]"
            ]
        },
        "markov_matrices": {
            "abs": {
                "actual": [
                    "[[2107, 335, 57, 1, 15], [101, 257, 328, 0, 20], [233, 100, 5972, 176, 50], [18, 3, 155, 1350, 1], [56, 11, 19, 0, 2085]]"
                ],
                "predicted": [
                    "[[1588, 267, 157, 36, 44], [115, 802, 529, 27, 116], [243, 385, 4866, 101, 215], [55, 19, 94, 1891, 31], [91, 116, 164, 35, 1463]]"
                ]
            }
        },
        "metrics": {
            "downstream": {
                "cohen_kappa": [
                    0.41629719923332065
                ],
                "f1_scores": {
                    "N1": [
                        0.23703703703703705
                    ],
                    "N2": [
                        0.6547281419658051
                    ],
                    "N3": [
                        0.6530273707492397
                    ],
                    "REM": [
                        0.4212871287128713
                    ],
                    "Wake": [
                        0.64829681058798
                    ],
                    "macro": [
                        0.5228752978105866
                    ]
                },
                "loss": [
                    2.9204143948025174
                ],
                "precisions": {
                    "N1": [
                        0.17117684078036502
                    ],
                    "N2": [
                        0.6953528399311532
                    ],
                    "N3": [
                        0.5650717703349283
                    ],
                    "REM": [
                        0.45532370251471377
                    ],
                    "Wake": [
                        0.7138079311992356
                    ],
                    "macro": [
                        0.5201466169520792
                    ]
                },
                "recalls": {
                    "N1": [
                        0.38526912181303113
                    ],
                    "N2": [
                        0.6185882713213903
                    ],
                    "N3": [
                        0.7734119187950229
                    ],
                    "REM": [
                        0.3919852602487333
                    ],
                    "Wake": [
                        0.5937996820349761
                    ],
                    "macro": [
                        0.5526108508426308
                    ]
                }
            }
        }
    },
    "train": {},
    "valid_pretraining": {}
}
