{"earlystopping":{"confusion_matrices":{"abs":["[[781, 61, 278, 102, 155], [102, 26, 379, 349, 19], [26, 42, 1308, 1066, 15], [0, 0, 142, 1400, 1], [30, 46, 191, 475, 486]]"]},"markov_matrices":{"abs":{"actual":["[[1107, 224, 32, 1, 13], [103, 420, 304, 1, 47], [91, 183, 2069, 75, 39], [26, 6, 44, 1466, 0], [49, 42, 8, 0, 1129]]"],"predicted":["[[721, 14, 132, 59, 13], [20, 30, 64, 39, 22], [126, 64, 1678, 338, 92], [54, 36, 321, 2882, 98], [18, 30, 103, 74, 451]]"]}},"metrics":{"downstream":{"cohen_kappa":[0.3919040525724783],"f1_scores":{"N1":[0.049523809523809526],"N2":[0.5501577287066246],"N3":[0.5673758865248227],"REM":[0.5105042016806722],"Wake":[0.6744386873920553],"macro":[0.47040006276559687]},"loss":[2.563817596435547],"precisions":{"N1":[0.14857142857142858],"N2":[0.5691906005221932],"N3":[0.41273584905660377],"REM":[0.7189349112426036],"Wake":[0.8317358892438764],"macro":[0.5362337357273411]},"recalls":{"N1":[0.029714285714285714],"N2":[0.5323565323565324],"N3":[0.9073233959818535],"REM":[0.3957654723127036],"Wake":[0.5671750181554103],"macro":[0.48646694090415704]}}}},"test":{"confusion_matrices":{"abs":["[[2564, 242, 1015, 623, 717], [379, 65, 1113, 952, 74], [74, 66, 2788, 2552, 26], [0, 2, 447, 3271, 3], [61, 75, 453, 727, 977]]"]},"markov_matrices":{"abs":{"actual":["[[4415, 676, 55, 1, 13], [385, 1308, 745, 5, 140], [218, 440, 4532, 223, 93], [51, 23, 150, 3494, 5], [91, 136, 24, 0, 2042]]"],"predicted":["[[2356, 85, 384, 177, 76], [96, 74, 160, 56, 64], [392, 150, 4266, 821, 187], [129, 66, 802, 6901, 226], [104, 75, 204, 170, 1244]]"]}},"metrics":{"downstream":{"cohen_kappa":[0.35714841279111165],"f1_scores":{"N1":[0.04286185295087372],"N2":[0.4924924924924925],"N3":[0.5521607022282242],"REM":[0.4777506112469438],"Wake":[0.6224056317514262],"macro":[0.4375342581339921]},"loss":[3.0632848237690173],"precisions":{"N1":[0.14444444444444443],"N2":[0.4793672627235213],"N3":[0.4025846153846154],"REM":[0.5436839176405119],"Wake":[0.8330084470435347],"macro":[0.4806177374473256]},"recalls":{"N1":[0.02516453735965931],"N2":[0.5063567017798765],"N3":[0.8785925329035724],"REM":[0.42607937200174445],"Wake":[0.4968029451656656],"macro":[0.4665992178421036]}}}},"train":{},"valid_pretraining":{}}