{"earlystopping":{"confusion_matrices":{"abs":["[[998, 358, 1, 4, 57], [205, 365, 39, 6, 180], [238, 374, 948, 166, 890], [11, 5, 65, 1086, 151], [41, 85, 15, 3, 1097]]"]},"markov_matrices":{"abs":{"actual":["[[1126, 224, 50, 1, 17], [105, 349, 308, 1, 32], [110, 186, 2216, 66, 37], [28, 7, 32, 1250, 1], [48, 29, 10, 0, 1154]]"],"predicted":["[[1152, 270, 36, 8, 27], [162, 778, 116, 5, 125], [63, 56, 812, 46, 91], [33, 5, 26, 1174, 27], [82, 78, 78, 32, 2105]]"]}},"metrics":{"downstream":{"cohen_kappa":[0.5153188364717085],"f1_scores":{"N1":[0.3683148335015136],"N2":[0.5146579804560261],"N3":[0.8408826945412311],"REM":[0.6067477876106194],"Wake":[0.6856750257643421],"macro":[0.6032556643747464]},"loss":[2.4808868408203124],"precisions":{"N1":[0.3074978938500421],"N2":[0.8876404494382022],"N3":[0.8584980237154151],"REM":[0.46189473684210525],"Wake":[0.6684527796383122],"macro":[0.6367967766968153]},"recalls":{"N1":[0.4591194968553459],"N2":[0.3623853211009174],"N3":[0.8239757207890743],"REM":[0.8839645447219984],"Wake":[0.7038081805359662],"macro":[0.6466506528006605]}}}},"test":{"confusion_matrices":{"abs":["[[3316, 1177, 43, 14, 134], [300, 1231, 152, 7, 623], [178, 831, 2000, 209, 2394], [14, 15, 432, 3037, 494], [114, 307, 128, 1, 2389]]"]},"markov_matrices":{"abs":{"actual":["[[4011, 610, 44, 4, 15], [319, 1176, 689, 6, 122], [195, 395, 4680, 248, 94], [57, 20, 176, 3734, 5], [101, 112, 23, 0, 2703]]"],"predicted":["[[3223, 621, 18, 8, 52], [416, 2537, 308, 13, 286], [88, 164, 2107, 132, 264], [48, 20, 92, 3041, 67], [146, 219, 230, 74, 5365]]"]}},"metrics":{"downstream":{"cohen_kappa":[0.5214348236461847],"f1_scores":{"N1":[0.4191351719441607],"N2":[0.4780686028445082],"N3":[0.8366391184573003],"REM":[0.5324863479326869],"Wake":[0.7706251452475017],"macro":[0.6073908772852314]},"loss":[2.453341557429387],"precisions":{"N1":[0.34568941308621176],"N2":[0.7259528130671506],"N3":[0.9293145654834761],"REM":[0.39592310241962214],"Wake":[0.8454869964303927],"macro":[0.6484733780973707]},"recalls":{"N1":[0.53220925205361],"N2":[0.3563791874554526],"N3":[0.7607715430861723],"REM":[0.812861517522967],"Wake":[0.7079419299743809],"macro":[0.6340326860185166]}}}},"train":{},"valid_pretraining":{}}