{"earlystopping":{"confusion_matrices":{"abs":["[[4334, 605, 194, 23, 236], [282, 616, 337, 90, 402], [54, 508, 4617, 1098, 565], [1, 43, 212, 1290, 12], [47, 88, 88, 23, 2436]]"]},"markov_matrices":{"abs":{"actual":["[[5051, 318, 17, 0, 5], [183, 1134, 318, 2, 90], [88, 164, 6222, 274, 94], [12, 10, 254, 1282, 0], [57, 101, 31, 0, 2493]]"],"predicted":["[[4349, 221, 54, 20, 73], [155, 1227, 252, 25, 201], [88, 147, 4673, 289, 251], [26, 39, 252, 2173, 34], [99, 226, 217, 17, 3092]]"]}},"metrics":{"downstream":{"cohen_kappa":[0.6449857523176292],"f1_scores":{"N1":[0.3434625034848062],"N2":[0.7513425549227014],"N3":[0.6320431161195492],"REM":[0.7693036475603979],"Wake":[0.8573689416419387],"macro":[0.6707041527458786]},"loss":[1.3655159208509657],"precisions":{"N1":[0.3311827956989247],"N2":[0.8474669603524229],"N3":[0.5110935023771791],"REM":[0.6672144617912901],"Wake":[0.9186095803306485],"macro":[0.6551134601100931]},"recalls":{"N1":[0.35668789808917195],"N2":[0.6748026892721426],"N3":[0.82798459563543],"REM":[0.9082774049217002],"Wake":[0.8037833827893175],"macro":[0.7143071941415524]}}}},"test":{"confusion_matrices":{"abs":["[[7505, 719, 199, 190, 352], [1093, 710, 840, 510, 866], [86, 384, 6063, 2845, 1708], [1, 3, 228, 1920, 24], [111, 58, 180, 159, 3882]]"]},"markov_matrices":{"abs":{"actual":["[[8369, 557, 27, 1, 10], [330, 3076, 529, 0, 84], [166, 277, 10122, 394, 127], [26, 9, 359, 1780, 2], [73, 100, 49, 1, 4167]]"],"predicted":["[[8153, 361, 58, 75, 148], [262, 1096, 240, 52, 224], [101, 133, 6240, 641, 395], [60, 43, 613, 4734, 174], [219, 241, 359, 122, 5891]]"]}},"metrics":{"downstream":{"cohen_kappa":[0.554977562348661],"f1_scores":{"N1":[0.24096385542168675],"N2":[0.6520757152075716],"N3":[0.49230769230769234],"REM":[0.6918552842630548],"Wake":[0.8451100726310455],"macro":[0.5844625239662101]},"loss":[1.9600069681803385],"precisions":{"N1":[0.37886872998932764],"N2":[0.807323568575233],"N3":[0.3413940256045519],"REM":[0.5682084309133489],"Wake":[0.8532287403365166],"macro":[0.5898046990837956]},"recalls":{"N1":[0.1766608609106743],"N2":[0.5469060075771243],"N3":[0.8823529411764706],"REM":[0.8842824601366742],"Wake":[0.8371444506413832],"macro":[0.6654693440884654]}}}},"train":{},"valid_pretraining":{}}