{
    "earlystopping": {
        "confusion_matrices": {
            "abs": [
                "[[1086, 83, 97, 35, 71], [88, 120, 139, 23, 42], [608, 64, 2308, 689, 276], [6, 0, 25, 845, 29], [258, 92, 243, 44, 672]]"
            ]
        },
        "markov_matrices": {
            "abs": {
                "actual": [
                    "[[1122, 217, 18, 0, 15], [56, 131, 215, 0, 10], [138, 60, 3629, 84, 34], [13, 1, 70, 821, 0], [42, 3, 13, 0, 1250]]"
                ],
                "predicted": [
                    "[[1736, 146, 104, 36, 24], [46, 126, 154, 6, 27], [159, 61, 2389, 132, 71], [57, 2, 110, 1427, 40], [47, 24, 55, 35, 928]]"
                ]
            }
        },
        "metrics": {
            "downstream": {
                "cohen_kappa": [
                    0.4986503559872626
                ],
                "f1_scores": {
                    "N1": [
                        0.311284046692607
                    ],
                    "N2": [
                        0.6831434068373539
                    ],
                    "N3": [
                        0.6650924832743015
                    ],
                    "REM": [
                        0.5602334305960817
                    ],
                    "Wake": [
                        0.6354593329432416
                    ],
                    "macro": [
                        0.5710425400687171
                    ]
                },
                "loss": [
                    2.010331153869629
                ],
                "precisions": {
                    "N1": [
                        0.3342618384401114
                    ],
                    "N2": [
                        0.8207681365576103
                    ],
                    "N3": [
                        0.5165036674816625
                    ],
                    "REM": [
                        0.6165137614678899
                    ],
                    "Wake": [
                        0.530791788856305
                    ],
                    "macro": [
                        0.5637678385607158
                    ]
                },
                "recalls": {
                    "N1": [
                        0.2912621359223301
                    ],
                    "N2": [
                        0.5850443599493029
                    ],
                    "N3": [
                        0.9337016574585635
                    ],
                    "REM": [
                        0.5133689839572193
                    ],
                    "Wake": [
                        0.7915451895043731
                    ],
                    "macro": [
                        0.6229844653583578
                    ]
                }
            }
        }
    },
    "test": {
        "confusion_matrices": {
            "abs": [
                "[[2369, 71, 92, 65, 159], [322, 175, 98, 60, 126], [827, 165, 3662, 1694, 757], [18, 0, 56, 1362, 78], [377, 59, 167, 111, 1504]]"
            ]
        },
        "markov_matrices": {
            "abs": {
                "actual": [
                    "[[2267, 413, 59, 2, 15], [177, 247, 342, 0, 14], [239, 108, 6570, 128, 60], [22, 0, 108, 1384, 0], [50, 13, 26, 0, 2129]]"
                ],
                "predicted": [
                    "[[3339, 232, 170, 94, 78], [104, 152, 166, 10, 38], [244, 64, 3414, 262, 91], [108, 4, 246, 2785, 149], [117, 18, 79, 141, 2268]]"
                ]
            }
        },
        "metrics": {
            "downstream": {
                "cohen_kappa": [
                    0.5105382513901431
                ],
                "f1_scores": {
                    "N1": [
                        0.2797761790567546
                    ],
                    "N2": [
                        0.6550983899821109
                    ],
                    "N3": [
                        0.5667915106117354
                    ],
                    "REM": [
                        0.6212308963238331
                    ],
                    "Wake": [
                        0.7104513420302894
                    ],
                    "macro": [
                        0.5666696636009447
                    ]
                },
                "loss": [
                    2.4466934204101562
                ],
                "precisions": {
                    "N1": [
                        0.3723404255319149
                    ],
                    "N2": [
                        0.8986503067484662
                    ],
                    "N3": [
                        0.413730255164034
                    ],
                    "REM": [
                        0.573170731707317
                    ],
                    "Wake": [
                        0.6054178379759775
                    ],
                    "macro": [
                        0.572661911425542
                    ]
                },
                "recalls": {
                    "N1": [
                        0.22407170294494239
                    ],
                    "N2": [
                        0.515411681914145
                    ],
                    "N3": [
                        0.8996036988110965
                    ],
                    "REM": [
                        0.6780883678990082
                    ],
                    "Wake": [
                        0.8595791001451378
                    ],
                    "macro": [
                        0.6353509103428661
                    ]
                }
            }
        }
    },
    "train": {},
    "valid_pretraining": {}
}
