{
    "earlystopping": {
        "confusion_matrices": {
            "abs": [
                "[[640, 68, 240, 0, 424], [41, 32, 165, 0, 174], [301, 76, 1467, 77, 2024], [21, 6, 169, 103, 606], [179, 47, 171, 7, 905]]"
            ]
        },
        "markov_matrices": {
            "abs": {
                "actual": [
                    "[[1122, 217, 18, 0, 15], [56, 131, 215, 0, 10], [138, 60, 3629, 84, 34], [13, 1, 70, 821, 0], [42, 3, 13, 0, 1250]]"
                ],
                "predicted": [
                    "[[791, 83, 110, 8, 190], [33, 72, 81, 3, 40], [134, 48, 1936, 29, 64], [6, 2, 35, 139, 5], [217, 24, 50, 8, 3834]]"
                ]
            }
        },
        "metrics": {
            "downstream": {
                "cohen_kappa": [
                    0.19067320097239127
                ],
                "f1_scores": {
                    "N1": [
                        0.0998439937597504
                    ],
                    "N2": [
                        0.4765307779762872
                    ],
                    "N3": [
                        0.18864468864468864
                    ],
                    "REM": [
                        0.33259830944505697
                    ],
                    "Wake": [
                        0.5011746280344558
                    ],
                    "macro": [
                        0.3197584795720478
                    ]
                },
                "loss": [
                    7.411455154418945
                ],
                "precisions": {
                    "N1": [
                        0.13973799126637554
                    ],
                    "N2": [
                        0.6632007233273056
                    ],
                    "N3": [
                        0.5508021390374331
                    ],
                    "REM": [
                        0.21896927171546093
                    ],
                    "Wake": [
                        0.5414551607445008
                    ],
                    "macro": [
                        0.4228330572182152
                    ]
                },
                "recalls": {
                    "N1": [
                        0.07766990291262135
                    ],
                    "N2": [
                        0.37186311787072246
                    ],
                    "N3": [
                        0.1138121546961326
                    ],
                    "REM": [
                        0.6913674560733384
                    ],
                    "Wake": [
                        0.46647230320699706
                    ],
                    "macro": [
                        0.34423698695196236
                    ]
                }
            }
        }
    },
    "test": {
        "confusion_matrices": {
            "abs": [
                "[[1319, 140, 354, 7, 936], [209, 80, 202, 1, 289], [818, 243, 3227, 104, 2713], [69, 16, 414, 251, 764], [294, 180, 698, 22, 1024]]"
            ]
        },
        "markov_matrices": {
            "abs": {
                "actual": [
                    "[[2267, 413, 59, 2, 15], [177, 247, 342, 0, 14], [239, 108, 6570, 128, 60], [22, 0, 108, 1384, 0], [50, 13, 26, 0, 2129]]"
                ],
                "predicted": [
                    "[[1777, 187, 295, 33, 417], [76, 257, 216, 12, 98], [348, 131, 4166, 68, 181], [24, 10, 75, 253, 23], [484, 74, 143, 19, 5006]]"
                ]
            }
        },
        "metrics": {
            "downstream": {
                "cohen_kappa": [
                    0.1911292930964702
                ],
                "f1_scores": {
                    "N1": [
                        0.1111111111111111
                    ],
                    "N2": [
                        0.5378333333333334
                    ],
                    "N3": [
                        0.2643496577145866
                    ],
                    "REM": [
                        0.2578046324269889
                    ],
                    "Wake": [
                        0.48270814272644097
                    ],
                    "macro": [
                        0.3307613754624922
                    ]
                },
                "loss": [
                    6.44952760893723
                ],
                "precisions": {
                    "N1": [
                        0.12139605462822459
                    ],
                    "N2": [
                        0.659244126659857
                    ],
                    "N3": [
                        0.6519480519480519
                    ],
                    "REM": [
                        0.17883339154732797
                    ],
                    "Wake": [
                        0.4868955334071613
                    ],
                    "macro": [
                        0.41966343163812453
                    ]
                },
                "recalls": {
                    "N1": [
                        0.10243277848911651
                    ],
                    "N2": [
                        0.4541871921182266
                    ],
                    "N3": [
                        0.16578599735799207
                    ],
                    "REM": [
                        0.4616771866546438
                    ],
                    "Wake": [
                        0.4785921625544267
                    ],
                    "macro": [
                        0.33253506343488115
                    ]
                }
            }
        }
    },
    "train": {},
    "valid_pretraining": {}
}
