{"earlystopping":{"confusion_matrices":{"abs":["[[7695, 175, 26, 3, 59], [324, 919, 473, 28, 202], [48, 386, 5679, 401, 114], [2, 2, 386, 1140, 1], [37, 70, 327, 3, 2345]]"]},"markov_matrices":{"abs":{"actual":["[[7584, 353, 15, 0, 5], [200, 1236, 385, 2, 123], [98, 210, 5964, 245, 111], [13, 14, 220, 1284, 0], [62, 133, 44, 0, 2543]]"],"predicted":["[[7765, 283, 28, 0, 29], [114, 1071, 303, 2, 62], [122, 130, 6414, 133, 92], [16, 6, 113, 1439, 1], [88, 62, 33, 1, 2537]]"]}},"metrics":{"downstream":{"cohen_kappa":[0.7946510503479586],"f1_scores":{"N1":[0.5254431103487708],"N2":[0.8401508987351135],"N3":[0.7340631036703155],"REM":[0.852262402326004],"Wake":[0.9580428286852589],"macro":[0.7819924687530925]},"loss":[0.3866944661954554],"precisions":{"N1":[0.592139175257732],"N2":[0.824118415324336],"N3":[0.7238095238095238],"REM":[0.8618155090040426],"Wake":[0.9492968171724648],"macro":[0.7902358881136198]},"recalls":{"N1":[0.4722507708119219],"N2":[0.8568195534097767],"N3":[0.744611365120836],"REM":[0.8429187634795111],"Wake":[0.9669514953505906],"macro":[0.7767103896345272]}}}},"test":{"confusion_matrices":{"abs":["[[11918, 410, 111, 10, 99], [892, 1656, 1486, 81, 377], [595, 572, 9718, 862, 418], [12, 0, 668, 1920, 1], [99, 55, 318, 3, 4097]]"]},"markov_matrices":{"abs":{"actual":["[[11874, 617, 28, 3, 25], [348, 3420, 622, 0, 102], [199, 328, 10935, 568, 135], [29, 16, 522, 2030, 4], [97, 111, 58, 0, 4306]]"],"predicted":["[[12969, 448, 39, 0, 59], [243, 1907, 472, 0, 71], [171, 243, 11488, 245, 154], [23, 3, 215, 2631, 4], [109, 92, 87, 0, 4704]]"]}},"metrics":{"downstream":{"cohen_kappa":[0.7326074896238121],"f1_scores":{"N1":[0.46096033402922754],"N2":[0.7944085669909262],"N3":[0.70111374840241],"REM":[0.856754496026767],"Wake":[0.9145181092694905],"macro":[0.7455510509437643]},"loss":[0.5218210220336914],"precisions":{"N1":[0.6149275900482734],"N2":[0.7900170717827819],"N3":[0.6675938803894298],"REM":[0.8207131410256411],"Wake":[0.8817697543651968],"macro":[0.7550042875222646]},"recalls":{"N1":[0.3686553873552983],"N2":[0.7988491574188245],"N3":[0.7381776239907728],"REM":[0.8961067366579177],"Wake":[0.9497927956646478],"macro":[0.7503163402174923]}}}},"train":{},"valid_pretraining":{}}