{
    "earlystopping": {
        "confusion_matrices": {
            "abs": [
                "[[1060, 160, 104, 9, 125], [22, 197, 182, 1, 6], [16, 80, 3366, 205, 35], [0, 0, 215, 835, 0], [6, 108, 473, 0, 478]]"
            ]
        },
        "markov_matrices": {
            "abs": {
                "actual": [
                    "[[1259, 184, 13, 0, 1], [48, 150, 197, 0, 13], [112, 70, 3412, 84, 24], [12, 1, 71, 966, 0], [26, 3, 9, 0, 1027]]"
                ],
                "predicted": [
                    "[[909, 166, 13, 1, 15], [48, 231, 237, 0, 29], [110, 109, 4010, 66, 45], [10, 4, 51, 982, 3], [26, 35, 29, 1, 552]]"
                ]
            }
        },
        "metrics": {
            "downstream": {
                "cohen_kappa": [
                    0.6588280652645885
                ],
                "f1_scores": {
                    "N1": [
                        0.41343126967471144
                    ],
                    "N2": [
                        0.837105197712012
                    ],
                    "N3": [
                        0.7952380952380952
                    ],
                    "REM": [
                        0.5593914569923931
                    ],
                    "Wake": [
                        0.8274785323965652
                    ],
                    "macro": [
                        0.6865289104027553
                    ]
                },
                "loss": [
                    1.8139219284057617
                ],
                "precisions": {
                    "N1": [
                        0.3614678899082569
                    ],
                    "N2": [
                        0.7755760368663595
                    ],
                    "N3": [
                        0.7952380952380952
                    ],
                    "REM": [
                        0.7422360248447205
                    ],
                    "Wake": [
                        0.9601449275362319
                    ],
                    "macro": [
                        0.7269325948787329
                    ]
                },
                "recalls": {
                    "N1": [
                        0.48284313725490197
                    ],
                    "N2": [
                        0.9092382495948136
                    ],
                    "N3": [
                        0.7952380952380952
                    ],
                    "REM": [
                        0.4488262910798122
                    ],
                    "Wake": [
                        0.7270233196159122
                    ],
                    "macro": [
                        0.672633818556707
                    ]
                }
            }
        }
    },
    "test": {
        "confusion_matrices": {
            "abs": [
                "[[1055, 206, 411, 14, 323], [23, 266, 226, 3, 66], [14, 160, 5587, 452, 429], [1, 1, 194, 1657, 7], [14, 247, 1186, 6, 717]]"
            ]
        },
        "markov_matrices": {
            "abs": {
                "actual": [
                    "[[1680, 283, 29, 0, 17], [67, 196, 302, 0, 18], [192, 88, 6163, 147, 52], [23, 1, 123, 1713, 0], [46, 16, 25, 0, 2083]]"
                ],
                "predicted": [
                    "[[834, 197, 43, 5, 28], [57, 321, 459, 3, 40], [149, 283, 6866, 112, 193], [18, 10, 83, 2005, 16], [48, 69, 153, 7, 1265]]"
                ]
            }
        },
        "metrics": {
            "downstream": {
                "cohen_kappa": [
                    0.5421815833596133
                ],
                "f1_scores": {
                    "N1": [
                        0.3633879781420765
                    ],
                    "N2": [
                        0.7843605222518601
                    ],
                    "N3": [
                        0.8301603206412825
                    ],
                    "REM": [
                        0.38631465517241376
                    ],
                    "Wake": [
                        0.6771501925545572
                    ],
                    "macro": [
                        0.608274733752438
                    ]
                },
                "loss": [
                    2.4092574486365685
                ],
                "precisions": {
                    "N1": [
                        0.30227272727272725
                    ],
                    "N2": [
                        0.7347448711204629
                    ],
                    "N3": [
                        0.7772045028142589
                    ],
                    "REM": [
                        0.4649805447470817
                    ],
                    "Wake": [
                        0.953026196928636
                    ],
                    "macro": [
                        0.6464457685766334
                    ]
                },
                "recalls": {
                    "N1": [
                        0.4554794520547945
                    ],
                    "N2": [
                        0.841162300511894
                    ],
                    "N3": [
                        0.8908602150537634
                    ],
                    "REM": [
                        0.3304147465437788
                    ],
                    "Wake": [
                        0.5251368840219014
                    ],
                    "macro": [
                        0.6086107196372265
                    ]
                }
            }
        }
    },
    "train": {},
    "valid_pretraining": {}
}
