{"earlystopping":{},"train":{"metrics":{"freq":{"acc_freq":[0.01155,0.04635,0.04923,0.0498,0.04949,0.05189,0.05445,0.07319,0.08095,0.09266,0.10765,0.12702,0.14296,0.15369,0.16239,0.1655,0.17201,0.17691,0.18006,0.18351],"hamming_freq":[0.5117125,0.5243329999999999,0.5252304999999999,0.5253209999999999,0.588213,0.7010195,0.7436795,0.7735145,0.796134,0.818935,0.8435305,0.8656515,0.8781535,0.8838865,0.887709,0.890489,0.8928045,0.8944815,0.896159,0.8974455],"loss":[0.897021171875,0.694237578125,0.69249703125,0.692125859375,0.670222890625,0.603545625,0.5350975390625,0.4672575390625,0.4246969140625,0.38350671875,0.3355729296875,0.289504609375,0.26138009765625,0.246581796875,0.23769892578125,0.2312098046875,0.2258434375,0.22146740234375,0.2178894140625,0.2144032421875]}}},"valid_pretraining":{"metrics":{"freq":{"acc_freq":[0.0,0.056,0.056,0.056,0.056,0.056,0.072,0.097,0.109,0.124,0.145,0.16,0.182,0.197,0.211,0.216,0.215,0.219,0.219,0.229,0.233],"hamming_freq":[0.5135000000000001,0.5205,0.5205,0.5205,0.5205,0.6908000000000001,0.74275,0.77885,0.8026,0.8251999999999999,0.8495,0.881,0.89615,0.9024,0.90685,0.9074,0.909,0.9093,0.9102,0.9117,0.913],"loss":[1.3372430419921875,0.6926412353515625,0.6923600463867188,0.692314697265625,0.6923228759765625,0.6181856689453125,0.55523876953125,0.4948244018554688,0.4444270629882813,0.3977011108398438,0.3459232177734375,0.2718640747070312,0.23007807922363283,0.2113560791015625,0.1983114013671875,0.19570736694335938,0.19038359069824218,0.18765481567382813,0.18391983032226564,0.1816793212890625,0.17857958984375]}}}}