{"earlystopping":{"confusion_matrices":{"abs":["[[1301, 96, 38, 2, 51], [131, 199, 91, 0, 50], [250, 101, 3105, 140, 244], [82, 0, 171, 618, 48], [174, 90, 140, 0, 762]]"]},"markov_matrices":{"abs":{"actual":["[[1224, 231, 17, 0, 15], [74, 164, 222, 0, 11], [132, 73, 3531, 73, 31], [11, 0, 62, 846, 0], [46, 3, 8, 0, 1109]]"],"predicted":["[[1611, 196, 110, 2, 18], [56, 216, 171, 0, 43], [211, 59, 3153, 42, 80], [8, 0, 37, 707, 8], [51, 15, 74, 9, 1006]]"]}},"metrics":{"downstream":{"cohen_kappa":[0.6549249177792085],"f1_scores":{"N1":[0.4158829676071055],"N2":[0.8408937034529451],"N3":[0.7361524717093508],"REM":[0.6566135286514434],"Wake":[0.7594862813776999],"macro":[0.681805790559709]},"loss":[1.1211239099502563],"precisions":{"N1":[0.4094650205761317],"N2":[0.8758815232722144],"N3":[0.8131578947368421],"REM":[0.6597402597402597],"Wake":[0.6713106295149639],"macro":[0.6859110655680823]},"recalls":{"N1":[0.42250530785562634],"N2":[0.80859375],"N3":[0.6724700761697497],"REM":[0.6535162950257289],"Wake":[0.8743279569892473],"macro":[0.6862826772080705]}}}},"test":{"confusion_matrices":{"abs":["[[1963, 92, 171, 61, 229], [153, 287, 155, 5, 106], [401, 408, 4437, 682, 603], [4, 0, 370, 1068, 85], [243, 110, 205, 11, 1602]]"]},"markov_matrices":{"abs":{"actual":["[[2107, 335, 57, 1, 15], [101, 257, 328, 0, 20], [233, 100, 5972, 176, 50], [18, 3, 155, 1350, 1], [56, 11, 19, 0, 2085]]"],"predicted":["[[2149, 387, 91, 33, 103], [148, 388, 271, 1, 89], [238, 99, 4748, 110, 143], [41, 1, 101, 1667, 17], [187, 22, 127, 16, 2273]]"]}},"metrics":{"downstream":{"cohen_kappa":[0.5763667055199551],"f1_scores":{"N1":[0.3580786026200874],"N2":[0.7476619765776393],"N3":[0.6368515205724508],"REM":[0.6680567139282736],"Wake":[0.743560606060606],"macro":[0.6308418839518115]},"loss":[1.582525747793692],"precisions":{"N1":[0.31995540691192864],"N2":[0.8312101910828026],"N3":[0.5845648604269293],"REM":[0.6102857142857143],"Wake":[0.7102026049204052],"macro":[0.6112437555255561]},"recalls":{"N1":[0.4065155807365439],"N2":[0.6793752870923289],"N3":[0.6994106090373281],"REM":[0.7379087977890373],"Wake":[0.7802066772655007],"macro":[0.6606833903841478]}}}},"train":{},"valid_pretraining":{}}