{"earlystopping":{"confusion_matrices":{"abs":["[[1009, 0, 250, 17, 212], [115, 0, 222, 4, 130], [68, 0, 3202, 133, 437], [1, 0, 215, 633, 70], [144, 0, 256, 10, 756]]"]},"markov_matrices":{"abs":{"actual":["[[1224, 231, 17, 0, 15], [74, 164, 222, 0, 11], [132, 73, 3531, 73, 31], [11, 0, 62, 846, 0], [46, 3, 8, 0, 1109]]"],"predicted":["[[1159, 0, 109, 3, 65], [0, 0, 0, 0, 0], [107, 0, 3804, 33, 201], [8, 0, 36, 735, 18], [62, 0, 196, 26, 1321]]"]}},"metrics":{"downstream":{"cohen_kappa":[0.5676299705861074],"f1_scores":{"N1":[0.0],"N2":[0.8020037570444584],"N3":[0.7377622377622378],"REM":[0.5456513893901119],"Wake":[0.7143362831858406],"macro":[0.5599507334765298]},"loss":[1.2169772386550903],"precisions":{"N1":[0.0],"N2":[0.7724969843184559],"N3":[0.794228356336261],"REM":[0.47102803738317756],"Wake":[0.7546746447270007],"macro":[0.558485604552979]},"recalls":{"N1":[0.0],"N2":[0.8338541666666667],"N3":[0.6887921653971708],"REM":[0.6483704974271012],"Wake":[0.6780913978494624],"macro":[0.5698216454680802]}}}},"test":{"confusion_matrices":{"abs":["[[1684, 0, 416, 121, 295], [143, 0, 243, 18, 302], [211, 0, 4722, 744, 854], [2, 0, 330, 1142, 53], [162, 0, 412, 65, 1532]]"]},"markov_matrices":{"abs":{"actual":["[[2107, 335, 57, 1, 15], [101, 257, 328, 0, 20], [233, 100, 5972, 176, 50], [18, 3, 155, 1350, 1], [56, 11, 19, 0, 2085]]"],"predicted":["[[1836, 0, 167, 24, 174], [0, 0, 0, 0, 0], [169, 0, 5531, 105, 318], [27, 0, 116, 1902, 45], [169, 0, 309, 59, 2499]]"]}},"metrics":{"downstream":{"cohen_kappa":[0.5319567046792213],"f1_scores":{"N1":[0.0],"N2":[0.7463252726410622],"N3":[0.6314625380149296],"REM":[0.5884386402919147],"Wake":[0.7138618058499364],"macro":[0.5360176513595685]},"loss":[1.4201386063187211],"precisions":{"N1":[0.0],"N2":[0.7711905928466438],"N3":[0.5464114832535886],"REM":[0.5046113306982872],"Wake":[0.7647593097184378],"macro":[0.5173945433033914]},"recalls":{"N1":[0.0],"N2":[0.7230133210840606],"N3":[0.747871643745907],"REM":[0.7056655918931368],"Wake":[0.6693163751987281],"macro":[0.5691733863843665]}}}},"train":{},"valid_pretraining":{}}