{
    "earlystopping": {
        "confusion_matrices": {
            "abs": [
                "[[559, 75, 222, 18, 614], [73, 30, 131, 3, 234], [73, 72, 1871, 331, 1493], [1, 0, 203, 654, 61], [35, 16, 51, 2, 1062]]"
            ]
        },
        "markov_matrices": {
            "abs": {
                "actual": [
                    "[[1224, 231, 17, 0, 15], [74, 164, 222, 0, 11], [132, 73, 3531, 73, 31], [11, 0, 62, 846, 0], [46, 3, 8, 0, 1109]]"
                ],
                "predicted": [
                    "[[562, 48, 34, 2, 95], [18, 74, 52, 8, 41], [42, 60, 2009, 138, 228], [5, 5, 137, 796, 65], [113, 6, 246, 64, 3035]]"
                ]
            }
        },
        "metrics": {
            "downstream": {
                "cohen_kappa": [
                    0.37108531757458507
                ],
                "f1_scores": {
                    "N1": [
                        0.09036144578313254
                    ],
                    "N2": [
                        0.5922760367204811
                    ],
                    "N3": [
                        0.6787752983912819
                    ],
                    "REM": [
                        0.45874730021598265
                    ],
                    "Wake": [
                        0.5015702108568866
                    ],
                    "macro": [
                        0.4643460583935529
                    ]
                },
                "loss": [
                    3.8760151863098145
                ],
                "precisions": {
                    "N1": [
                        0.15544041450777202
                    ],
                    "N2": [
                        0.755044390637611
                    ],
                    "N3": [
                        0.6488095238095238
                    ],
                    "REM": [
                        0.30658198614318705
                    ],
                    "Wake": [
                        0.7543859649122807
                    ],
                    "macro": [
                        0.524052456002075
                    ]
                },
                "recalls": {
                    "N1": [
                        0.06369426751592357
                    ],
                    "N2": [
                        0.48723958333333334
                    ],
                    "N3": [
                        0.7116430903155604
                    ],
                    "REM": [
                        0.9108061749571184
                    ],
                    "Wake": [
                        0.3756720430107527
                    ],
                    "macro": [
                        0.5098110318265376
                    ]
                }
            }
        }
    },
    "test": {
        "confusion_matrices": {
            "abs": [
                "[[571, 126, 599, 86, 1134], [19, 79, 178, 6, 424], [15, 52, 3114, 539, 2811], [0, 0, 530, 936, 61], [38, 35, 266, 21, 1811]]"
            ]
        },
        "markov_matrices": {
            "abs": {
                "actual": [
                    "[[2107, 335, 57, 1, 15], [101, 257, 328, 0, 20], [233, 100, 5972, 176, 50], [18, 3, 155, 1350, 1], [56, 11, 19, 0, 2085]]"
                ],
                "predicted": [
                    "[[360, 62, 54, 5, 162], [29, 114, 65, 5, 79], [59, 100, 3798, 269, 460], [5, 8, 266, 1211, 98], [190, 7, 504, 98, 5442]]"
                ]
            }
        },
        "metrics": {
            "downstream": {
                "cohen_kappa": [
                    0.2955815458002421
                ],
                "f1_scores": {
                    "N1": [
                        0.15831663326653309
                    ],
                    "N2": [
                        0.5551791763237653
                    ],
                    "N3": [
                        0.6009630818619583
                    ],
                    "REM": [
                        0.43057536852116024
                    ],
                    "Wake": [
                        0.36150680595125034
                    ],
                    "macro": [
                        0.4213082131849335
                    ]
                },
                "loss": [
                    4.168086016619647
                ],
                "precisions": {
                    "N1": [
                        0.2705479452054795
                    ],
                    "N2": [
                        0.6643908683592916
                    ],
                    "N3": [
                        0.5894206549118388
                    ],
                    "REM": [
                        0.29017785611280245
                    ],
                    "Wake": [
                        0.8880248833592534
                    ],
                    "macro": [
                        0.5405124415897331
                    ]
                },
                "recalls": {
                    "N1": [
                        0.11189801699716714
                    ],
                    "N2": [
                        0.47680293982544786
                    ],
                    "N3": [
                        0.6129666011787819
                    ],
                    "REM": [
                        0.8341777982496545
                    ],
                    "Wake": [
                        0.2269475357710652
                    ],
                    "macro": [
                        0.4525585784044234
                    ]
                }
            }
        }
    },
    "train": {},
    "valid_pretraining": {}
}
