{"earlystopping":{"confusion_matrices":{"abs":["[[7241, 361, 44, 0, 14], [774, 547, 582, 0, 24], [1185, 555, 5360, 0, 6], [66, 9, 1053, 0, 0], [1097, 523, 882, 0, 339]]"]},"markov_matrices":{"abs":{"actual":["[[7290, 345, 19, 0, 5], [197, 1257, 361, 3, 109], [94, 200, 6433, 271, 108], [13, 13, 248, 854, 0], [65, 112, 45, 0, 2619]]"],"predicted":["[[9436, 452, 431, 0, 43], [319, 1140, 481, 0, 55], [560, 352, 6911, 0, 98], [0, 0, 0, 0, 0], [47, 51, 98, 0, 187]]"]}},"metrics":{"downstream":{"cohen_kappa":[0.4822206257875624],"f1_scores":{"N1":[0.27893931667516575],"N2":[0.7133825780262195],"N3":[0.0],"REM":[0.21029776674937964],"Wake":[0.8035288242800865],"macro":[0.4012296971461703]},"loss":[1.4003246586497238],"precisions":{"N1":[0.27418546365914787],"N2":[0.6766822370912764],"N3":[0.0],"REM":[0.8851174934725848],"Wake":[0.6987358872913249],"macro":[0.5069442163028668]},"recalls":{"N1":[0.28386092371562016],"N2":[0.7542921474810019],"N3":[0.0],"REM":[0.11932418162618796],"Wake":[0.9453002610966057],"macro":[0.4205555027838832]}}}},"test":{"confusion_matrices":{"abs":["[[10318, 309, 125, 0, 29], [2525, 502, 631, 0, 47], [5083, 499, 7307, 0, 31], [259, 15, 1762, 0, 0], [3000, 527, 1081, 0, 232]]"]},"markov_matrices":{"abs":{"actual":["[[10118, 616, 19, 0, 27], [361, 2625, 600, 0, 119], [180, 332, 11792, 467, 149], [22, 6, 436, 1569, 3], [99, 126, 73, 0, 4542]]"],"predicted":["[[19874, 435, 771, 0, 104], [340, 997, 463, 0, 52], [869, 356, 9609, 0, 72], [0, 0, 0, 0, 0], [101, 64, 63, 0, 111]]"]}},"metrics":{"downstream":{"cohen_kappa":[0.3154795295109004],"f1_scores":{"N1":[0.1806730250134965],"N2":[0.6133635524217241],"N3":[0.0],"REM":[0.08959258544120487],"Wake":[0.6455609084652443],"macro":[0.30583801426833396]},"loss":[2.8656789295708953],"precisions":{"N1":[0.2710583153347732],"N2":[0.669998166147075],"N3":[0.0],"REM":[0.6843657817109144],"Wake":[0.48704271890488554],"macro":[0.42249299641952964]},"recalls":{"N1":[0.13549257759784075],"N2":[0.5655572755417957],"N3":[0.0],"REM":[0.047933884297520664],"Wake":[0.9570540766162694],"macro":[0.3412075628106853]}}}},"train":{},"valid_pretraining":{}}