{"earlystopping":{"confusion_matrices":{"abs":["[[1108, 173, 80, 16, 41], [204, 229, 250, 27, 85], [157, 70, 1913, 374, 102], [7, 0, 92, 1219, 0], [60, 38, 52, 14, 1077]]"]},"markov_matrices":{"abs":{"actual":["[[1126, 224, 50, 1, 17], [105, 349, 308, 1, 32], [110, 186, 2216, 66, 37], [28, 7, 32, 1250, 1], [48, 29, 10, 0, 1154]]"],"predicted":["[[1192, 154, 132, 22, 36], [75, 271, 125, 0, 39], [152, 59, 2022, 92, 61], [57, 2, 56, 1525, 10], [59, 24, 52, 11, 1159]]"]}},"metrics":{"downstream":{"cohen_kappa":[0.6756780176494299],"f1_scores":{"N1":[0.35095785440613025],"N2":[0.7647411553068159],"N3":[0.8214285714285714],"REM":[0.8460329929300864],"Wake":[0.7501692620176033],"macro":[0.7066659672178415]},"loss":[1.1174776713053385],"precisions":{"N1":[0.44901960784313727],"N2":[0.8014243820695434],"N3":[0.7387878787878788],"REM":[0.825287356321839],"Wake":[0.7213541666666666],"macro":[0.707174678337813]},"recalls":{"N1":[0.2880503144654088],"N2":[0.7312691131498471],"N3":[0.924886191198786],"REM":[0.8678485092667204],"Wake":[0.7813822284908322],"macro":[0.7186872713143189]}}}},"test":{"confusion_matrices":{"abs":["[[3716, 622, 222, 78, 46], [434, 647, 777, 72, 383], [129, 142, 4119, 874, 348], [14, 0, 487, 3484, 7], [187, 113, 144, 49, 2446]]"]},"markov_matrices":{"abs":{"actual":["[[4011, 610, 44, 4, 15], [319, 1176, 689, 6, 122], [195, 395, 4680, 248, 94], [57, 20, 176, 3734, 5], [101, 112, 23, 0, 2703]]"],"predicted":["[[3747, 442, 136, 53, 102], [213, 865, 342, 2, 102], [249, 136, 5012, 207, 144], [106, 9, 146, 4283, 13], [164, 72, 113, 12, 2869]]"]}},"metrics":{"downstream":{"cohen_kappa":[0.6630245543460425],"f1_scores":{"N1":[0.33724263747719574],"N2":[0.7251122260364404],"N3":[0.8150660896011229],"REM":[0.7929972442859459],"Wake":[0.8109995635093845],"macro":[0.6962835521820179]},"loss":[1.3154285137469952],"precisions":{"N1":[0.42454068241469817],"N2":[0.716472429987824],"N3":[0.7645380732938336],"REM":[0.7572755417956656],"Wake":[0.8294642857142858],"macro":[0.6984582026412615]},"recalls":{"N1":[0.2797233030696066],"N2":[0.7339629365645046],"N3":[0.872745490981964],"REM":[0.8322558693433141],"Wake":[0.7933390264731],"macro":[0.7024053252864979]}}}},"train":{},"valid_pretraining":{}}