{"earlystopping":{"confusion_matrices":{"abs":["[[5632, 298, 113, 21, 22], [347, 413, 713, 180, 107], [139, 136, 5397, 771, 54], [3, 5, 402, 1139, 0], [106, 48, 623, 209, 1766]]"]},"markov_matrices":{"abs":{"actual":["[[5819, 253, 12, 0, 1], [157, 1185, 319, 2, 97], [66, 186, 5820, 317, 108], [7, 16, 296, 1230, 0], [36, 120, 50, 0, 2546]]"],"predicted":["[[5901, 177, 113, 20, 15], [102, 542, 234, 9, 13], [168, 113, 6460, 365, 142], [27, 35, 347, 1877, 34], [28, 33, 94, 49, 1745]]"]}},"metrics":{"downstream":{"cohen_kappa":[0.6821780235881649],"f1_scores":{"N1":[0.3105263157894737],"N2":[0.7853037468170244],"N3":[0.5887826311708452],"REM":[0.7513295043607743],"Wake":[0.9148054901323804],"macro":[0.6701495376540996]},"loss":[1.4246769466915645],"precisions":{"N1":[0.4588888888888889],"N2":[0.7446192052980133],"N3":[0.49094827586206896],"REM":[0.9061056952283222],"Wake":[0.9044483700016059],"macro":[0.7010020870557799]},"recalls":{"N1":[0.2346590909090909],"N2":[0.8306910881945513],"N3":[0.7353131052291801],"REM":[0.6417151162790697],"Wake":[0.9254025632599409],"macro":[0.6735561927743665]}}}},"test":{"confusion_matrices":{"abs":["[[9048, 320, 155, 112, 47], [798, 799, 903, 323, 176], [195, 336, 10857, 1217, 161], [4, 2, 579, 1586, 3], [326, 211, 717, 123, 3260]]"]},"markov_matrices":{"abs":{"actual":["[[9241, 410, 25, 0, 5], [217, 2136, 559, 2, 85], [152, 323, 11813, 339, 139], [16, 13, 311, 1833, 1], [55, 117, 58, 0, 4407]]"],"predicted":["[[9793, 286, 151, 60, 80], [142, 985, 439, 49, 53], [270, 255, 11841, 643, 202], [54, 72, 626, 2548, 61], [111, 70, 154, 61, 3251]]"]}},"metrics":{"downstream":{"cohen_kappa":[0.7084895202481938],"f1_scores":{"N1":[0.3424041139918577],"N2":[0.83589329021827],"N3":[0.5730803974706413],"REM":[0.7870593915982617],"Wake":[0.902408617164514],"macro":[0.6881691620887089]},"loss":[1.1605925559997559],"precisions":{"N1":[0.4790167865707434],"N2":[0.8218151540383014],"N3":[0.4718833680452246],"REM":[0.8938853852481492],"Wake":[0.8724327451547584],"macro":[0.7078066878114354]},"recalls":{"N1":[0.2664221407135712],"N2":[0.8504621651261163],"N3":[0.7295308187672493],"REM":[0.7030407591114946],"Wake":[0.934517661640157],"macro":[0.6967947090717177]}}}},"train":{},"valid_pretraining":{}}