{"earlystopping":{"confusion_matrices":{"abs":["[[6531, 494, 27, 17, 47], [131, 1071, 483, 27, 100], [45, 483, 5886, 374, 67], [4, 4, 589, 832, 1], [37, 300, 360, 35, 2023]]"]},"markov_matrices":{"abs":{"actual":["[[6823, 271, 17, 0, 4], [151, 1184, 365, 3, 109], [78, 212, 6189, 261, 115], [11, 15, 238, 1166, 0], [52, 130, 46, 0, 2527]]"],"predicted":["[[6379, 326, 17, 5, 20], [207, 1667, 382, 5, 91], [89, 263, 6647, 247, 99], [12, 8, 236, 1028, 1], [60, 88, 63, 0, 2027]]"]}},"metrics":{"downstream":{"cohen_kappa":[0.7487427566076283],"f1_scores":{"N1":[0.5144092219020173],"N2":[0.8290140845070423],"N3":[0.612891344383057],"REM":[0.8103344682555578],"Wake":[0.9421523369878823],"macro":[0.7417602912071113]},"loss":[0.6625088911790115],"precisions":{"N1":[0.45535714285714285],"N2":[0.8013614703880191],"N3":[0.6474708171206226],"REM":[0.9039320822162645],"Wake":[0.9678423236514523],"macro":[0.7551927672467003]},"recalls":{"N1":[0.5910596026490066],"N2":[0.8586433260393873],"N3":[0.5818181818181818],"REM":[0.7343012704174229],"Wake":[0.9177908937605397],"macro":[0.7367226549369077]}}}},"test":{"confusion_matrices":{"abs":["[[12064, 2464, 513, 78, 303], [322, 2093, 1330, 16, 253], [25, 939, 10014, 482, 253], [0, 3, 1275, 975, 0], [63, 478, 552, 9, 2841]]"]},"markov_matrices":{"abs":{"actual":["[[14659, 720, 37, 1, 4], [431, 2829, 660, 3, 91], [229, 338, 10472, 535, 139], [24, 14, 498, 1714, 3], [78, 113, 46, 0, 3706]]"],"predicted":["[[11568, 792, 53, 11, 49], [587, 4477, 764, 7, 142], [200, 557, 12392, 366, 169], [17, 10, 354, 1169, 10], [101, 141, 121, 7, 3280]]"]}},"metrics":{"downstream":{"cohen_kappa":[0.6505590352842898],"f1_scores":{"N1":[0.4189770793714343],"N2":[0.7885970783950861],"N3":[0.5114083398898505],"REM":[0.7483208218095614],"Wake":[0.8649268712360195],"macro":[0.6664460381403903]},"loss":[1.0126725288286602],"precisions":{"N1":[0.3501756734147566],"N2":[0.7318035662087109],"N3":[0.625],"REM":[0.7783561643835616],"Wake":[0.9671316337983005],"macro":[0.6904934075610659]},"recalls":{"N1":[0.5214250124564026],"N2":[0.8549474942371724],"N3":[0.43275632490013316],"REM":[0.7205173725589653],"Wake":[0.7822591103618208],"macro":[0.6623810629028988]}}}},"train":{},"valid_pretraining":{}}