{"earlystopping":{"confusion_matrices":{"abs":["[[921, 104, 249, 12, 86], [84, 82, 214, 17, 15], [61, 54, 3169, 511, 150], [0, 51, 378, 475, 1], [57, 123, 942, 27, 160]]"]},"markov_matrices":{"abs":{"actual":["[[1122, 217, 18, 0, 15], [56, 131, 215, 0, 10], [138, 60, 3629, 84, 34], [13, 1, 70, 821, 0], [42, 3, 13, 0, 1250]]"],"predicted":["[[878, 103, 111, 9, 22], [35, 187, 138, 34, 20], [137, 82, 4469, 137, 126], [11, 30, 133, 858, 10], [61, 12, 101, 4, 234]]"]}},"metrics":{"downstream":{"cohen_kappa":[0.38285346697795974],"f1_scores":{"N1":[0.198547215496368],"N2":[0.7123749578509609],"N3":[0.4879301489470981],"REM":[0.18593840790238234],"Wake":[0.7382765531062123],"macro":[0.4646134566606043]},"loss":[2.352191925048828],"precisions":{"N1":[0.19806763285024154],"N2":[0.6399434571890146],"N3":[0.45585412667946257],"REM":[0.3883495145631068],"Wake":[0.8201246660730187],"macro":[0.5004678794709688]},"recalls":{"N1":[0.19902912621359223],"N2":[0.8032953105196451],"N3":[0.5248618784530387],"REM":[0.12223071046600459],"Wake":[0.6712827988338192],"macro":[0.46413996489722004]}}}},"test":{"confusion_matrices":{"abs":["[[1414, 197, 659, 102, 384], [105, 211, 280, 71, 114], [296, 381, 5060, 1133, 235], [2, 119, 443, 949, 1], [212, 398, 1053, 90, 465]]"]},"markov_matrices":{"abs":{"actual":["[[2267, 413, 59, 2, 15], [177, 247, 342, 0, 14], [239, 108, 6570, 128, 60], [22, 0, 108, 1384, 0], [50, 13, 26, 0, 2129]]"],"predicted":["[[1494, 207, 229, 18, 81], [72, 672, 358, 129, 75], [286, 246, 6435, 316, 212], [34, 107, 290, 1861, 52], [143, 73, 183, 21, 779]]"]}},"metrics":{"downstream":{"cohen_kappa":[0.3582043935517384],"f1_scores":{"N1":[0.2022041207474844],"N2":[0.6931506849315068],"N3":[0.49183726353977714],"REM":[0.2721685689201053],"Wake":[0.5910135841170324],"macro":[0.4500748444511812]},"loss":[2.3195571899414062],"precisions":{"N1":[0.16156202143950996],"N2":[0.6751167444963309],"N3":[0.4046908315565032],"REM":[0.3878231859883236],"Wake":[0.696895022178413],"macro":[0.4652175611318161]},"recalls":{"N1":[0.2701664532650448],"N2":[0.7121745249824067],"N3":[0.6268163804491413],"REM":[0.2096483318304779],"Wake":[0.5130624092888244],"macro":[0.46637361996317905]}}}},"train":{},"valid_pretraining":{}}