{
    "earlystopping": {
        "confusion_matrices": {
            "abs": [
                "[[1222, 50, 129, 1, 86], [159, 86, 161, 0, 65], [474, 39, 3078, 95, 154], [121, 0, 169, 629, 0], [261, 50, 185, 0, 670]]"
            ]
        },
        "markov_matrices": {
            "abs": {
                "actual": [
                    "[[1224, 231, 17, 0, 15], [74, 164, 222, 0, 11], [132, 73, 3531, 73, 31], [11, 0, 62, 846, 0], [46, 3, 8, 0, 1109]]"
                ],
                "predicted": [
                    "[[2000, 121, 58, 0, 57], [37, 71, 99, 0, 18], [128, 21, 3441, 61, 71], [3, 0, 58, 664, 0], [68, 12, 66, 0, 829]]"
                ]
            }
        },
        "metrics": {
            "downstream": {
                "cohen_kappa": [
                    0.5932900151593278
                ],
                "f1_scores": {
                    "N1": [
                        0.2471264367816092
                    ],
                    "N2": [
                        0.814070351758794
                    ],
                    "N3": [
                        0.765206812652068
                    ],
                    "REM": [
                        0.6258757589911258
                    ],
                    "Wake": [
                        0.6561073825503356
                    ],
                    "macro": [
                        0.6216773485467865
                    ]
                },
                "loss": [
                    1.0936017036437988
                ],
                "precisions": {
                    "N1": [
                        0.38222222222222224
                    ],
                    "N2": [
                        0.8269747447608813
                    ],
                    "N3": [
                        0.8675862068965517
                    ],
                    "REM": [
                        0.6871794871794872
                    ],
                    "Wake": [
                        0.5462673223066608
                    ],
                    "macro": [
                        0.6620459966731607
                    ]
                },
                "recalls": {
                    "N1": [
                        0.18259023354564755
                    ],
                    "N2": [
                        0.8015625
                    ],
                    "N3": [
                        0.6844396082698585
                    ],
                    "REM": [
                        0.5746140651801029
                    ],
                    "Wake": [
                        0.821236559139785
                    ],
                    "macro": [
                        0.6128885932270788
                    ]
                }
            }
        }
    },
    "test": {
        "confusion_matrices": {
            "abs": [
                "[[2087, 62, 265, 3, 99], [240, 162, 230, 3, 71], [601, 113, 4931, 409, 477], [23, 0, 387, 1115, 2], [519, 70, 304, 0, 1278]]"
            ]
        },
        "markov_matrices": {
            "abs": {
                "actual": [
                    "[[2107, 335, 57, 1, 15], [101, 257, 328, 0, 20], [233, 100, 5972, 176, 50], [18, 3, 155, 1350, 1], [56, 11, 19, 0, 2085]]"
                ],
                "predicted": [
                    "[[2872, 229, 209, 3, 156], [77, 128, 155, 0, 47], [316, 27, 5503, 129, 142], [11, 0, 119, 1398, 2], [193, 23, 131, 0, 1580]]"
                ]
            }
        },
        "metrics": {
            "downstream": {
                "cohen_kappa": [
                    0.584165187326037
                ],
                "f1_scores": {
                    "N1": [
                        0.2911051212938005
                    ],
                    "N2": [
                        0.7797280202403543
                    ],
                    "N3": [
                        0.7294733398756952
                    ],
                    "REM": [
                        0.623718887262079
                    ],
                    "Wake": [
                        0.6972936852656197
                    ],
                    "macro": [
                        0.6242638107875098
                    ]
                },
                "loss": [
                    0.7610595844410084
                ],
                "precisions": {
                    "N1": [
                        0.39803439803439805
                    ],
                    "N2": [
                        0.8061141082229851
                    ],
                    "N3": [
                        0.7287581699346405
                    ],
                    "REM": [
                        0.6632070576024909
                    ],
                    "Wake": [
                        0.6014409221902017
                    ],
                    "macro": [
                        0.6395109311969434
                    ]
                },
                "recalls": {
                    "N1": [
                        0.22946175637393768
                    ],
                    "N2": [
                        0.7550145460113306
                    ],
                    "N3": [
                        0.7301899148657498
                    ],
                    "REM": [
                        0.5886688162137264
                    ],
                    "Wake": [
                        0.8294912559618441
                    ],
                    "macro": [
                        0.6265652578853176
                    ]
                }
            }
        }
    },
    "train": {},
    "valid_ssl": {}
}
