{"earlystopping":{"confusion_matrices":{"abs":["[[1068, 74, 139, 10, 269], [258, 160, 221, 10, 182], [236, 460, 1261, 210, 264], [3, 83, 222, 1095, 14], [188, 131, 269, 58, 549]]"]},"markov_matrices":{"abs":{"actual":["[[1273, 229, 40, 1, 17], [112, 387, 291, 0, 41], [103, 174, 2054, 62, 37], [22, 5, 35, 1354, 1], [49, 36, 11, 0, 1099]]"],"predicted":["[[1324, 126, 129, 4, 170], [66, 447, 248, 45, 101], [163, 214, 1367, 167, 201], [17, 28, 167, 1152, 19], [182, 93, 201, 15, 787]]"]}},"metrics":{"downstream":{"cohen_kappa":[0.43134655043624637],"f1_scores":{"N1":[0.18401380103507764],"N2":[0.5551397754787585],"N3":[0.7821428571428571],"REM":[0.44399514759401537],"Wake":[0.6447328705101116],"macro":[0.522004890352164]},"loss":[3.0666173299153647],"precisions":{"N1":[0.1762114537444934],"N2":[0.5970643939393939],"N3":[0.7917570498915402],"REM":[0.4295774647887324],"Wake":[0.6092413006274957],"macro":[0.5207703325983312]},"recalls":{"N1":[0.19253910950661854],"N2":[0.5187165775401069],"N3":[0.7727593507410021],"REM":[0.4594142259414226],"Wake":[0.6846153846153846],"macro":[0.525608929668907]}}}},"test":{"confusion_matrices":{"abs":["[[3561, 248, 454, 77, 516], [794, 486, 743, 82, 625], [674, 1161, 3663, 835, 770], [14, 279, 841, 2856, 140], [573, 208, 591, 218, 1385]]"]},"markov_matrices":{"abs":{"actual":["[[4051, 689, 82, 1, 32], [350, 1373, 861, 3, 143], [263, 497, 5960, 282, 101], [67, 39, 179, 3844, 1], [124, 132, 21, 0, 2698]]"],"predicted":["[[4304, 339, 426, 16, 530], [215, 1094, 721, 192, 160], [513, 666, 4082, 401, 630], [49, 121, 441, 3420, 37], [535, 162, 621, 39, 2079]]"]}},"metrics":{"downstream":{"cohen_kappa":[0.4194192825045113],"f1_scores":{"N1":[0.19014084507042253],"N2":[0.5469204927211646],"N3":[0.6967553061722371],"REM":[0.4320698798939323],"Wake":[0.6800993124522536],"macro":[0.509197167262002]},"loss":[3.1832140545512355],"precisions":{"N1":[0.2040302267002519],"N2":[0.5821678321678322],"N3":[0.7020648967551623],"REM":[0.4030849825378347],"Wake":[0.6340811965811965],"macro":[0.5050858269484555]},"recalls":{"N1":[0.17802197802197803],"N2":[0.5156975925665211],"N3":[0.6915254237288135],"REM":[0.46554621848739497],"Wake":[0.7333196046128501],"macro":[0.5168221634835115]}}}},"train":{},"valid_pretraining":{}}