{"earlystopping":{"confusion_matrices":{"abs":["[[1070, 109, 29, 9, 34], [48, 545, 193, 1, 54], [11, 194, 2197, 252, 67], [1, 2, 57, 1460, 0], [6, 52, 15, 1, 997]]"]},"markov_matrices":{"abs":{"actual":["[[981, 212, 41, 1, 16], [91, 401, 312, 1, 36], [102, 188, 2320, 72, 38], [30, 5, 38, 1446, 1], [46, 35, 10, 0, 980]]"],"predicted":["[[906, 217, 6, 1, 6], [87, 475, 284, 0, 55], [76, 158, 2152, 74, 31], [22, 8, 44, 1648, 1], [44, 44, 5, 0, 1059]]"]}},"metrics":{"downstream":{"cohen_kappa":[0.7999573184005659],"f1_scores":{"N1":[0.6253585771658061],"N2":[0.843054489639294],"N3":[0.9004008633980882],"REM":[0.8969860548807917],"Wake":[0.896522832006703],"macro":[0.8324645634181366]},"loss":[0.38812297185262046],"precisions":{"N1":[0.6042128603104213],"N2":[0.8819751103974307],"N3":[0.8473592571096924],"REM":[0.8654513888888888],"Wake":[0.9419014084507042],"macro":[0.8281800050314274]},"recalls":{"N1":[0.6480380499405469],"N2":[0.8074237412715913],"N3":[0.9605263157894737],"REM":[0.930905695611578],"Wake":[0.8553157474020784],"macro":[0.8404419100030538]}}}},"test":{"confusion_matrices":{"abs":["[[2742, 273, 89, 8, 99], [245, 1321, 837, 14, 182], [112, 556, 5366, 590, 298], [2, 6, 571, 3715, 2], [37, 204, 206, 0, 2364]]"]},"markov_matrices":{"abs":{"actual":["[[2639, 499, 37, 1, 34], [225, 1407, 847, 6, 114], [206, 561, 5876, 194, 85], [45, 19, 132, 4095, 5], [95, 113, 30, 0, 2573]]"],"predicted":["[[2627, 464, 27, 0, 19], [197, 1430, 602, 0, 131], [199, 332, 6249, 178, 111], [28, 7, 141, 4149, 2], [86, 127, 50, 0, 2682]]"]}},"metrics":{"downstream":{"cohen_kappa":[0.7150889921915159],"f1_scores":{"N1":[0.5327687033676144],"N2":[0.7670645414909585],"N3":[0.8616490780470833],"REM":[0.8214037526059764],"Wake":[0.8637580721373445],"macro":[0.7693288295297954]},"loss":[0.6195214100373096],"precisions":{"N1":[0.5597457627118644],"N2":[0.7590889800537558],"N3":[0.8585625144441876],"REM":[0.8027164685908319],"Wake":[0.8738049713193117],"macro":[0.7707837394239903]},"recalls":{"N1":[0.5082724124663333],"N2":[0.7752094770297602],"N3":[0.8647579143389199],"REM":[0.8409818569903948],"Wake":[0.853939582684522],"macro":[0.7686322487019861]}}}},"train":{},"valid_pretraining":{}}