{"earlystopping":{"confusion_matrices":{"abs":["[[1036, 220, 38, 12, 254], [136, 321, 287, 10, 77], [94, 123, 1939, 211, 64], [5, 2, 145, 1265, 0], [10, 54, 98, 6, 1027]]"]},"markov_matrices":{"abs":{"actual":["[[1273, 229, 40, 1, 17], [112, 387, 291, 0, 41], [103, 174, 2054, 62, 37], [22, 5, 35, 1354, 1], [49, 36, 11, 0, 1099]]"],"predicted":["[[1010, 146, 70, 13, 42], [92, 409, 174, 3, 41], [80, 109, 2133, 113, 72], [42, 4, 85, 1365, 8], [56, 52, 45, 10, 1259]]"]}},"metrics":{"downstream":{"cohen_kappa":[0.6789354982503328],"f1_scores":{"N1":[0.41392649903288203],"N2":[0.785338193600648],"N3":[0.8661417322834646],"REM":[0.7848681696599159],"Wake":[0.7293206617388244],"macro":[0.7159190512631469]},"loss":[1.5770586649576823],"precisions":{"N1":[0.44583333333333336],"N2":[0.7734343837255684],"N3":[0.8410904255319149],"REM":[0.7222222222222222],"Wake":[0.8087431693989071],"macro":[0.7182647068423892]},"recalls":{"N1":[0.3862815884476534],"N2":[0.797614150555327],"N3":[0.8927311220889202],"REM":[0.8594142259414226],"Wake":[0.6641025641025641],"macro":[0.7200287302271775]}}}},"test":{"confusion_matrices":{"abs":["[[3400, 853, 243, 93, 267], [351, 931, 1055, 133, 260], [168, 281, 5322, 1107, 225], [16, 5, 782, 3325, 2], [85, 198, 540, 135, 2017]]"]},"markov_matrices":{"abs":{"actual":["[[4051, 689, 82, 1, 32], [350, 1373, 861, 3, 143], [263, 497, 5960, 282, 101], [67, 39, 179, 3844, 1], [124, 132, 21, 0, 2698]]"],"predicted":["[[3154, 528, 178, 53, 106], [333, 1361, 435, 41, 98], [236, 227, 6995, 265, 219], [151, 34, 177, 4410, 21], [145, 118, 157, 24, 2327]]"]}},"metrics":{"downstream":{"cohen_kappa":[0.5938284527272581],"f1_scores":{"N1":[0.37254901960784315],"N2":[0.7074775672981057],"N3":[0.7452650453883223],"REM":[0.7020536025060912],"Wake":[0.7661108607480848],"macro":[0.6586912191096894]},"loss":[2.33708865143532],"precisions":{"N1":[0.4104938271604938],"N2":[0.6701082850667338],"N3":[0.6937200083455038],"REM":[0.727896066402021],"Wake":[0.845771144278607],"macro":[0.6695978662506719]},"recalls":{"N1":[0.34102564102564104],"N2":[0.7492608756863297],"N3":[0.8050847457627118],"REM":[0.6779831932773109],"Wake":[0.700164744645799],"macro":[0.6547038400795585]}}}},"train":{},"valid_pretraining":{}}