{"earlystopping":{"confusion_matrices":{"abs":["[[1065, 98, 99, 56, 242], [135, 203, 332, 78, 83], [77, 139, 1803, 334, 78], [5, 10, 115, 1274, 13], [13, 33, 118, 110, 921]]"]},"markov_matrices":{"abs":{"actual":["[[1273, 229, 40, 1, 17], [112, 387, 291, 0, 41], [103, 174, 2054, 62, 37], [22, 5, 35, 1354, 1], [49, 36, 11, 0, 1099]]"],"predicted":["[[1056, 116, 54, 31, 38], [58, 208, 134, 31, 52], [73, 91, 2084, 137, 82], [44, 20, 130, 1606, 52], [64, 48, 65, 47, 1112]]"]}},"metrics":{"downstream":{"cohen_kappa":[0.6218773832946218],"f1_scores":{"N1":[0.3089802130898021],"N2":[0.736218864842793],"N3":[0.7794432548179872],"REM":[0.7274881516587678],"Wake":[0.7460595446584939],"macro":[0.6596380058135688]},"loss":[1.1228267669677734],"precisions":{"N1":[0.42028985507246375],"N2":[0.7308471828131333],"N3":[0.6879049676025918],"REM":[0.6888556469708302],"Wake":[0.8223938223938224],"macro":[0.6700582949705683]},"recalls":{"N1":[0.24428399518652227],"N2":[0.7416700946112711],"N3":[0.8990825688073395],"REM":[0.7707112970711297],"Wake":[0.6826923076923077],"macro":[0.6676880526737141]}}}},"test":{"confusion_matrices":{"abs":["[[3053, 448, 410, 318, 627], [502, 540, 959, 427, 302], [74, 335, 4896, 1601, 197], [0, 4, 709, 3405, 12], [90, 105, 357, 446, 1977]]"]},"markov_matrices":{"abs":{"actual":["[[4051, 689, 82, 1, 32], [350, 1373, 861, 3, 143], [263, 497, 5960, 282, 101], [67, 39, 179, 3844, 1], [124, 132, 21, 0, 2698]]"],"predicted":["[[3059, 385, 110, 58, 107], [240, 681, 325, 85, 101], [172, 202, 6316, 426, 214], [78, 63, 416, 5516, 124], [170, 101, 164, 112, 2568]]"]}},"metrics":{"downstream":{"cohen_kappa":[0.5283124482430985],"f1_scores":{"N1":[0.25949062950504564],"N2":[0.6783982264098656],"N3":[0.659436428778929],"REM":[0.6492610837438424],"Wake":[0.7120699708454811],"macro":[0.5917312678566328]},"loss":[1.5532891916674236],"precisions":{"N1":[0.3770949720670391],"N2":[0.6678488610012276],"N3":[0.5494594158463773],"REM":[0.6346709470304976],"Wake":[0.8209196020435601],"macro":[0.6099987595977403]},"recalls":{"N1":[0.1978021978021978],"N2":[0.6892862170913698],"N3":[0.8244552058111381],"REM":[0.6645378151260504],"Wake":[0.6287067545304778],"macro":[0.6009576380722468]}}}},"train":{},"valid_pretraining":{}}