{"earlystopping":{"confusion_matrices":{"abs":["[[1182, 145, 17, 3, 30], [82, 511, 214, 3, 65], [18, 150, 2091, 147, 51], [2, 0, 119, 1422, 0], [7, 61, 36, 0, 1124]]"]},"markov_matrices":{"abs":{"actual":["[[1107, 224, 32, 1, 13], [103, 420, 304, 1, 47], [91, 183, 2069, 75, 39], [26, 6, 44, 1466, 0], [49, 42, 8, 0, 1129]]"],"predicted":["[[1033, 228, 22, 2, 6], [92, 477, 249, 0, 49], [87, 130, 2163, 59, 38], [25, 2, 32, 1514, 1], [53, 30, 11, 0, 1176]]"]}},"metrics":{"downstream":{"cohen_kappa":[0.8015150296409914],"f1_scores":{"N1":[0.5866819747416763],"N2":[0.8475881637616538],"N3":[0.9121231558691469],"REM":[0.899919935948759],"Wake":[0.8860569715142429],"macro":[0.8264740403670958]},"loss":[0.3902676264444987],"precisions":{"N1":[0.5893886966551326],"N2":[0.8441663302381913],"N3":[0.9028571428571428],"REM":[0.8850393700787401],"Wake":[0.9155693261037955],"macro":[0.8274041731866004]},"recalls":{"N1":[0.584],"N2":[0.851037851037851],"N3":[0.9215813350615684],"REM":[0.9153094462540716],"Wake":[0.8583877995642701],"macro":[0.8260632863835522]}}}},"test":{"confusion_matrices":{"abs":["[[4522, 372, 82, 12, 173], [268, 1542, 479, 12, 282], [35, 476, 4323, 516, 156], [24, 2, 484, 3209, 4], [23, 87, 115, 3, 2065]]"]},"markov_matrices":{"abs":{"actual":["[[4415, 676, 55, 1, 13], [385, 1308, 745, 5, 140], [218, 440, 4532, 223, 93], [51, 23, 150, 3494, 5], [91, 136, 24, 0, 2042]]"],"predicted":["[[4247, 547, 32, 2, 43], [280, 1534, 554, 1, 110], [171, 295, 4728, 172, 117], [45, 8, 118, 3574, 7], [128, 95, 51, 3, 2403]]"]}},"metrics":{"downstream":{"cohen_kappa":[0.7599472415667472],"f1_scores":{"N1":[0.6092453575661794],"N2":[0.7867867867867868],"N3":[0.8585953177257525],"REM":[0.8304846169314297],"Wake":[0.9014252965214791],"macro":[0.7973074751063255]},"loss":[0.48692442241467926],"precisions":{"N1":[0.6220250100847116],"N2":[0.7884369870508845],"N3":[0.8552771855010661],"REM":[0.7705223880597015],"Wake":[0.9281609195402298],"macro":[0.7928844980473186]},"recalls":{"N1":[0.5969802555168409],"N2":[0.7851434798401744],"N3":[0.8619392962664518],"REM":[0.9005669428696031],"Wake":[0.8761867855066847],"macro":[0.8041633519999509]}}}},"train":{},"valid_pretraining":{}}