{"earlystopping":{"confusion_matrices":{"abs":["[[1126, 215, 42, 4, 31], [144, 355, 244, 7, 45], [64, 205, 2099, 210, 38], [4, 0, 167, 1144, 3], [5, 79, 86, 1, 1070]]"]},"markov_matrices":{"abs":{"actual":["[[1126, 224, 50, 1, 17], [105, 349, 308, 1, 32], [110, 186, 2216, 66, 37], [28, 7, 32, 1250, 1], [48, 29, 10, 0, 1154]]"],"predicted":["[[1091, 185, 53, 5, 9], [90, 482, 210, 6, 65], [103, 104, 2301, 89, 41], [29, 7, 61, 1266, 3], [29, 76, 13, 0, 1069]]"]}},"metrics":{"downstream":{"cohen_kappa":[0.7184331192010899],"f1_scores":{"N1":[0.43056397816858705],"N2":[0.7990102778835173],"N3":[0.8524590163934426],"REM":[0.8813838550247117],"Wake":[0.8156465048895328],"macro":[0.7558127264719584]},"loss":[0.7108086268107097],"precisions":{"N1":[0.41569086651053866],"N2":[0.7956785443517816],"N3":[0.8374816983894583],"REM":[0.9014321819713563],"Wake":[0.8384214445271779],"macro":[0.7577409471500626]},"recalls":{"N1":[0.44654088050314467],"N2":[0.8023700305810397],"N3":[0.8679817905918058],"REM":[0.8622078968573731],"Wake":[0.7940761636107193],"macro":[0.7546353524288165]}}}},"test":{"confusion_matrices":{"abs":["[[3814, 419, 203, 23, 225], [250, 1112, 702, 20, 229], [56, 313, 4602, 506, 135], [4, 4, 618, 3364, 2], [53, 177, 241, 3, 2465]]"]},"markov_matrices":{"abs":{"actual":["[[4011, 610, 44, 4, 15], [319, 1176, 689, 6, 122], [195, 395, 4680, 248, 94], [57, 20, 176, 3734, 5], [101, 112, 23, 0, 2703]]"],"predicted":["[[3515, 542, 41, 13, 66], [239, 1171, 461, 16, 138], [214, 155, 5642, 212, 142], [65, 10, 165, 3673, 3], [143, 147, 57, 2, 2707]]"]}},"metrics":{"downstream":{"cohen_kappa":[0.725001198513064],"f1_scores":{"N1":[0.5126786537574919],"N2":[0.7684087493738521],"N3":[0.8507840161861406],"REM":[0.8223519599666389],"Wake":[0.8608509197607493],"macro":[0.7630148598089745]},"loss":[0.7500446515205579],"precisions":{"N1":[0.5491358024691358],"N2":[0.7229029217719133],"N3":[0.8590398365679265],"REM":[0.8066099476439791],"Wake":[0.9130955231027053],"macro":[0.770156806311132]},"recalls":{"N1":[0.48076091655858194],"N2":[0.8200285103349965],"N3":[0.842685370741483],"REM":[0.8387206532834297],"Wake":[0.8142613151152861],"macro":[0.7592913532067553]}}}},"train":{},"valid_pretraining":{}}