{"earlystopping":{"confusion_matrices":{"abs":["[[834, 5, 354, 133, 51], [189, 0, 479, 199, 8], [51, 0, 1549, 849, 8], [1, 0, 40, 1502, 0], [162, 1, 565, 259, 241]]"]},"markov_matrices":{"abs":{"actual":["[[1107, 224, 32, 1, 13], [103, 420, 304, 1, 47], [91, 183, 2069, 75, 39], [26, 6, 44, 1466, 0], [49, 42, 8, 0, 1129]]"],"predicted":["[[955, 1, 183, 69, 29], [0, 1, 4, 1, 0], [172, 4, 2438, 288, 85], [72, 0, 290, 2544, 35], [37, 0, 72, 40, 159]]"]}},"metrics":{"downstream":{"cohen_kappa":[0.40245533334609984],"f1_scores":{"N1":[0.0],"N2":[0.5690668626010287],"N3":[0.6697881828316611],"REM":[0.3138020833333333],"Wake":[0.6381025248661056],"macro":[0.4381519307264258]},"loss":[1.2308916727701822],"precisions":{"N1":[0.0],"N2":[0.518580515567459],"N3":[0.5105370496261047],"REM":[0.7824675324675324],"Wake":[0.6742118027485853],"macro":[0.4971593800819362]},"recalls":{"N1":[0.0],"N2":[0.6304436304436305],"N3":[0.9734283862605314],"REM":[0.1962540716612378],"Wake":[0.6056644880174292],"macro":[0.4811581152765658]}}}},"test":{"confusion_matrices":{"abs":["[[3372, 58, 1046, 330, 355], [591, 14, 1307, 600, 71], [141, 7, 3219, 2101, 38], [11, 1, 240, 3471, 0], [288, 2, 1009, 471, 523]]"]},"markov_matrices":{"abs":{"actual":["[[4415, 676, 55, 1, 13], [385, 1308, 745, 5, 140], [218, 440, 4532, 223, 93], [51, 23, 150, 3494, 5], [91, 136, 24, 0, 2042]]"],"predicted":["[[3490, 12, 532, 205, 163], [8, 29, 28, 10, 7], [514, 28, 5459, 640, 180], [211, 9, 621, 6044, 88], [179, 4, 181, 74, 549]]"]}},"metrics":{"downstream":{"cohen_kappa":[0.40884845398018554],"f1_scores":{"N1":[0.01050656660412758],"N2":[0.5222681917741543],"N3":[0.6490276738967838],"REM":[0.31890243902439025],"Wake":[0.7051442910915935],"macro":[0.44116983247820996]},"loss":[1.2624580985621403],"precisions":{"N1":[0.17073170731707318],"N2":[0.47192493769242044],"N3":[0.49777714039868065],"REM":[0.5298885511651469],"Wake":[0.7658414717238247],"macro":[0.48723276165942914]},"recalls":{"N1":[0.005420054200542005],"N2":[0.5846349436977842],"N3":[0.9323126510878323],"REM":[0.22808547754034017],"Wake":[0.6533617515985274],"macro":[0.48076297562500525]}}}},"train":{},"valid_pretraining":{}}