{"earlystopping":{"confusion_matrices":{"abs":["[[4321, 840, 37, 0, 194], [108, 872, 505, 5, 237], [65, 437, 6100, 79, 161], [27, 4, 888, 639, 0], [11, 202, 177, 0, 2292]]"]},"markov_matrices":{"abs":{"actual":["[[5051, 318, 17, 0, 5], [183, 1134, 318, 2, 90], [88, 164, 6222, 274, 94], [12, 10, 254, 1282, 0], [57, 101, 31, 0, 2493]]"],"predicted":["[[4085, 371, 41, 1, 33], [237, 1615, 343, 1, 159], [119, 209, 7026, 237, 116], [11, 4, 224, 484, 0], [79, 156, 73, 0, 2576]]"]}},"metrics":{"downstream":{"cohen_kappa":[0.6998700962777386],"f1_scores":{"N1":[0.4272415482606565],"N2":[0.8385456045089009],"N3":[0.5602805786935554],"REM":[0.8235716852317643],"Wake":[0.8708182184602983],"macro":[0.7040915270310351]},"loss":[1.1574248207939997],"precisions":{"N1":[0.370276008492569],"N2":[0.791488257428312],"N3":[0.8838174273858921],"REM":[0.7947295423023578],"Wake":[0.953442188879082],"macro":[0.7587506848976425]},"recalls":{"N1":[0.5049218297625941],"N2":[0.8915521777258112],"N3":[0.41014120667522463],"REM":[0.854586129753915],"Wake":[0.8013724035608308],"macro":[0.6925147494956752]}}}},"test":{"confusion_matrices":{"abs":["[[7121, 1371, 120, 13, 340], [472, 1702, 1398, 21, 426], [45, 568, 9658, 365, 450], [3, 19, 1534, 615, 5], [27, 226, 368, 1, 3768]]"]},"markov_matrices":{"abs":{"actual":["[[8369, 557, 27, 1, 10], [330, 3076, 529, 0, 84], [166, 277, 10122, 394, 127], [26, 9, 359, 1780, 2], [73, 100, 49, 1, 4167]]"],"predicted":["[[6892, 661, 32, 3, 79], [501, 2705, 458, 8, 214], [134, 290, 11962, 453, 239], [14, 17, 430, 545, 9], [126, 213, 196, 6, 4448]]"]}},"metrics":{"downstream":{"cohen_kappa":[0.6524601924353214],"f1_scores":{"N1":[0.4306135357368754],"N2":[0.799370965072008],"N3":[0.3854591037292385],"REM":[0.8034971745388634],"Wake":[0.8562496242409667],"macro":[0.6550380806635905]},"loss":[1.4430011749267577],"precisions":{"N1":[0.4379825012866701],"N2":[0.7384921241780089],"N3":[0.6059113300492611],"REM":[0.7552615754660252],"Wake":[0.9286645800730308],"macro":[0.6932624222105993]},"recalls":{"N1":[0.4234884299577009],"N2":[0.8711888868843587],"N3":[0.28262867647058826],"REM":[0.8583143507972665],"Wake":[0.7943112102621305],"macro":[0.6459863108744089]}}}},"train":{},"valid_pretraining":{}}