{"earlystopping":{"confusion_matrices":{"abs":["[[978, 197, 113, 39, 131], [15, 164, 144, 21, 64], [18, 198, 2909, 423, 154], [0, 1, 198, 851, 0], [37, 178, 130, 20, 700]]"]},"markov_matrices":{"abs":{"actual":["[[1259, 184, 13, 0, 1], [48, 150, 197, 0, 13], [112, 70, 3412, 84, 24], [12, 1, 71, 966, 0], [26, 3, 9, 0, 1027]]"],"predicted":["[[844, 148, 29, 4, 22], [79, 412, 159, 12, 76], [72, 77, 3126, 92, 127], [8, 12, 84, 1239, 11], [44, 89, 96, 7, 813]]"]}},"metrics":{"downstream":{"cohen_kappa":[0.6168233901155662],"f1_scores":{"N1":[0.2862129144851658],"N2":[0.8085047248471372],"N3":[0.7079866888519135],"REM":[0.662251655629139],"Wake":[0.7805267358339983],"macro":[0.6490965439294708]},"loss":[1.237362265586853],"precisions":{"N1":[0.2222222222222222],"N2":[0.8325701202060676],"N3":[0.6285081240768094],"REM":[0.667302192564347],"Wake":[0.933206106870229],"macro":[0.6567617531879351]},"recalls":{"N1":[0.4019607843137255],"N2":[0.7857914640734738],"N3":[0.8104761904761905],"REM":[0.6572769953051644],"Wake":[0.6707818930041153],"macro":[0.6652574654345339]}}}},"test":{"confusion_matrices":{"abs":["[[1220, 418, 170, 87, 114], [39, 303, 164, 26, 52], [118, 386, 5194, 689, 255], [0, 1, 304, 1554, 1], [87, 464, 408, 37, 1174]]"]},"markov_matrices":{"abs":{"actual":["[[1680, 283, 29, 0, 17], [67, 196, 302, 0, 18], [192, 88, 6163, 147, 52], [23, 1, 123, 1713, 0], [46, 16, 25, 0, 2083]]"],"predicted":["[[1054, 291, 58, 16, 45], [137, 951, 334, 31, 119], [171, 138, 5529, 205, 196], [22, 54, 176, 2121, 20], [79, 138, 143, 20, 1216]]"]}},"metrics":{"downstream":{"cohen_kappa":[0.5871594946549927],"f1_scores":{"N1":[0.28107606679035246],"N2":[0.8063965222791492],"N3":[0.730778274159417],"REM":[0.623473181093999],"Wake":[0.7025626259717822],"macro":[0.62885733405894]},"loss":[1.2025679074800932],"precisions":{"N1":[0.19274809160305342],"N2":[0.8323717948717949],"N3":[0.6493940660259089],"REM":[0.7355889724310777],"Wake":[0.8333333333333334],"macro":[0.6486872516530336]},"recalls":{"N1":[0.5188356164383562],"N2":[0.7819933754893105],"N3":[0.8354838709677419],"REM":[0.5410138248847927],"Wake":[0.6072672971627675],"macro":[0.6569187969885938]}}}},"train":{},"valid_pretraining":{}}