{
    "earlystopping": {
        "confusion_matrices": {
            "abs": [
                "[[1219, 84, 88, 3, 64], [27, 115, 207, 0, 59], [11, 30, 3456, 58, 147], [0, 0, 482, 568, 0], [19, 37, 197, 0, 812]]"
            ]
        },
        "markov_matrices": {
            "abs": {
                "actual": [
                    "[[1259, 184, 13, 0, 1], [48, 150, 197, 0, 13], [112, 70, 3412, 84, 24], [12, 1, 71, 966, 0], [26, 3, 9, 0, 1027]]"
                ],
                "predicted": [
                    "[[1074, 116, 68, 0, 17], [30, 114, 96, 0, 26], [128, 21, 4159, 59, 63], [5, 2, 52, 570, 0], [38, 13, 55, 0, 976]]"
                ]
            }
        },
        "metrics": {
            "downstream": {
                "cohen_kappa": [
                    0.7007644082298123
                ],
                "f1_scores": {
                    "N1": [
                        0.3412462908011869
                    ],
                    "N2": [
                        0.8499754058042301
                    ],
                    "N3": [
                        0.676593210244193
                    ],
                    "REM": [
                        0.7564042850489054
                    ],
                    "Wake": [
                        0.8917337234820774
                    ],
                    "macro": [
                        0.7031905830761186
                    ]
                },
                "loss": [
                    0.9269339442253113
                ],
                "precisions": {
                    "N1": [
                        0.4323308270676692
                    ],
                    "N2": [
                        0.7801354401805869
                    ],
                    "N3": [
                        0.9030206677265501
                    ],
                    "REM": [
                        0.7504621072088724
                    ],
                    "Wake": [
                        0.9553291536050157
                    ],
                    "macro": [
                        0.7642556391577389
                    ]
                },
                "recalls": {
                    "N1": [
                        0.2818627450980392
                    ],
                    "N2": [
                        0.93354943273906
                    ],
                    "N3": [
                        0.540952380952381
                    ],
                    "REM": [
                        0.7624413145539906
                    ],
                    "Wake": [
                        0.836076817558299
                    ],
                    "macro": [
                        0.6709765381803539
                    ]
                }
            }
        }
    },
    "test": {
        "confusion_matrices": {
            "abs": [
                "[[1552, 92, 255, 1, 109], [78, 165, 282, 4, 55], [98, 46, 6042, 222, 234], [9, 0, 564, 1287, 0], [73, 177, 468, 29, 1423]]"
            ]
        },
        "markov_matrices": {
            "abs": {
                "actual": [
                    "[[1680, 283, 29, 0, 17], [67, 196, 302, 0, 18], [192, 88, 6163, 147, 52], [23, 1, 123, 1713, 0], [46, 16, 25, 0, 2083]]"
                ],
                "predicted": [
                    "[[1421, 178, 168, 12, 31], [48, 219, 171, 0, 42], [257, 46, 7017, 126, 164], [24, 0, 111, 1398, 10], [59, 37, 144, 7, 1574]]"
                ]
            }
        },
        "metrics": {
            "downstream": {
                "cohen_kappa": [
                    0.6765587885417401
                ],
                "f1_scores": {
                    "N1": [
                        0.3101503759398496
                    ],
                    "N2": [
                        0.8478215112607872
                    ],
                    "N3": [
                        0.75639141933588
                    ],
                    "REM": [
                        0.7131044850914557
                    ],
                    "Wake": [
                        0.812778214192197
                    ],
                    "macro": [
                        0.688049201164034
                    ]
                },
                "loss": [
                    0.8991833466749924
                ],
                "precisions": {
                    "N1": [
                        0.34375
                    ],
                    "N2": [
                        0.7938510051241624
                    ],
                    "N3": [
                        0.8340894361633182
                    ],
                    "REM": [
                        0.7814387699066447
                    ],
                    "Wake": [
                        0.8574585635359117
                    ],
                    "macro": [
                        0.7221175549460075
                    ]
                },
                "recalls": {
                    "N1": [
                        0.2825342465753425
                    ],
                    "N2": [
                        0.9096657633242999
                    ],
                    "N3": [
                        0.6919354838709677
                    ],
                    "REM": [
                        0.6557603686635944
                    ],
                    "Wake": [
                        0.772523643603783
                    ],
                    "macro": [
                        0.6624839012075976
                    ]
                }
            }
        }
    },
    "train": {},
    "valid_pretraining": {}
}
