{"earlystopping":{"confusion_matrices":{"abs":["[[6500, 401, 24, 0, 191], [152, 625, 670, 0, 365], [244, 323, 5729, 0, 559], [16, 0, 1364, 0, 50], [279, 222, 462, 0, 1792]]"]},"markov_matrices":{"abs":{"actual":["[[6823, 271, 17, 0, 4], [151, 1184, 365, 3, 109], [78, 212, 6189, 261, 115], [11, 15, 238, 1166, 0], [52, 130, 46, 0, 2527]]"],"predicted":["[[6826, 188, 88, 0, 89], [146, 1099, 261, 0, 64], [111, 188, 7575, 0, 375], [0, 0, 0, 0, 0], [107, 96, 325, 0, 2429]]"]}},"metrics":{"downstream":{"cohen_kappa":[0.6204786357002536],"f1_scores":{"N1":[0.3694945314809341],"N2":[0.7586069915254238],"N3":[0.0],"REM":[0.6274509803921569],"Wake":[0.908646117285245],"macro":[0.532839724136752]},"loss":[2.6608102260491786],"precisions":{"N1":[0.39783577339274345],"N2":[0.6945084252636683],"N3":[0.0],"REM":[0.6060196144741292],"Wake":[0.9039076623557224],"macro":[0.5204542950972526]},"recalls":{"N1":[0.34492273730684325],"N2":[0.8357403355215172],"N3":[0.0],"REM":[0.650453720508167],"Wake":[0.9134345137717819],"macro":[0.5489102614216619]}}}},"test":{"confusion_matrices":{"abs":["[[12403, 1844, 216, 0, 959], [579, 1331, 1498, 0, 606], [321, 720, 10106, 0, 566], [14, 0, 2218, 0, 21], [170, 623, 722, 0, 2428]]"]},"markov_matrices":{"abs":{"actual":["[[14659, 720, 37, 1, 4], [431, 2829, 660, 3, 91], [229, 338, 10472, 535, 139], [24, 14, 498, 1714, 3], [78, 113, 46, 0, 3706]]"],"predicted":["[[12655, 452, 185, 0, 194], [337, 3332, 665, 0, 184], [261, 483, 13486, 0, 530], [0, 0, 0, 0, 0], [233, 251, 424, 0, 3672]]"]}},"metrics":{"downstream":{"cohen_kappa":[0.5768398308131295],"f1_scores":{"N1":[0.31200187529301454],"N2":[0.7634948815774563],"N3":[0.0],"REM":[0.5697524345887598],"Wake":[0.8580718807291847],"macro":[0.500664214437683]},"loss":[2.8984646731860018],"precisions":{"N1":[0.29459938025675075],"N2":[0.6846883468834688],"N3":[0.0],"REM":[0.5301310043668123],"Wake":[0.919626306813969],"macro":[0.4858090076642002]},"recalls":{"N1":[0.3315894369706029],"N2":[0.862802014855289],"N3":[0.0],"REM":[0.6157747907684504],"Wake":[0.8042406951108806],"macro":[0.5228813875410445]}}}},"train":{},"valid_pretraining":{}}