{"earlystopping":{"confusion_matrices":{"abs":["[[320, 350, 507, 127, 114], [25, 145, 473, 83, 69], [12, 162, 1949, 406, 87], [0, 3, 132, 1176, 7], [22, 152, 433, 327, 307]]"]},"markov_matrices":{"abs":{"actual":["[[1126, 224, 50, 1, 17], [105, 349, 308, 1, 32], [110, 186, 2216, 66, 37], [28, 7, 32, 1250, 1], [48, 29, 10, 0, 1154]]"],"predicted":["[[248, 53, 53, 12, 13], [42, 473, 225, 32, 40], [56, 210, 2821, 299, 108], [21, 35, 289, 1752, 22], [12, 40, 106, 24, 401]]"]}},"metrics":{"downstream":{"cohen_kappa":[0.3669504938577417],"f1_scores":{"N1":[0.1804604853764779],"N2":[0.6379705400981996],"N3":[0.6843177189409368],"REM":[0.33643835616438356],"Wake":[0.3561491374513077],"macro":[0.4390672476062612]},"loss":[1.2208831787109375],"precisions":{"N1":[0.17857142857142858],"N2":[0.5578133943903835],"N3":[0.5549787635677206],"REM":[0.5256849315068494],"Wake":[0.8443271767810027],"macro":[0.5322751389634769]},"recalls":{"N1":[0.18238993710691823],"N2":[0.7450305810397554],"N3":[0.8922610015174507],"REM":[0.24738114423851731],"Wake":[0.22566995768688294],"macro":[0.45854652431790494]}}}},"test":{"confusion_matrices":{"abs":["[[1689, 995, 1169, 493, 338], [142, 359, 1186, 230, 396], [29, 278, 4174, 810, 321], [0, 11, 788, 3190, 3], [209, 398, 1036, 570, 726]]"]},"markov_matrices":{"abs":{"actual":["[[4011, 610, 44, 4, 15], [319, 1176, 689, 6, 122], [195, 395, 4680, 248, 94], [57, 20, 176, 3734, 5], [101, 112, 23, 0, 2703]]"],"predicted":["[[1485, 200, 238, 48, 98], [189, 1107, 510, 94, 141], [246, 517, 6596, 631, 362], [50, 108, 620, 4469, 46], [98, 109, 389, 51, 1137]]"]}},"metrics":{"downstream":{"cohen_kappa":[0.3754367992681604],"f1_scores":{"N1":[0.1649058337161231],"N2":[0.597780164697458],"N3":[0.6871297792137857],"REM":[0.30743171712894346],"Wake":[0.5002221235006664],"macro":[0.45149392365139535]},"loss":[1.2228875771546974],"precisions":{"N1":[0.17589416952474277],"N2":[0.49970070633305397],"N3":[0.6026827885887021],"REM":[0.4069506726457399],"Wake":[0.8163363943934268],"macro":[0.5003129462971332]},"recalls":{"N1":[0.15520968439256377],"N2":[0.7437633642195296],"N3":[0.7990981963927856],"REM":[0.24702279686968356],"Wake":[0.36058923996584114],"macro":[0.4611366563680807]}}}},"train":{},"valid_pretraining":{}}