{"earlystopping":{"confusion_matrices":{"abs":["[[843, 63, 258, 37, 50], [361, 127, 246, 36, 71], [730, 397, 995, 483, 116], [133, 24, 141, 1219, 3], [437, 169, 283, 11, 171]]"]},"markov_matrices":{"abs":{"actual":["[[981, 212, 41, 1, 16], [91, 401, 312, 1, 36], [102, 188, 2320, 72, 38], [30, 5, 38, 1446, 1], [46, 35, 10, 0, 980]]"],"predicted":["[[1907, 128, 281, 118, 69], [140, 429, 148, 35, 28], [248, 164, 1301, 106, 104], [122, 36, 106, 1520, 2], [87, 23, 86, 7, 208]]"]}},"metrics":{"downstream":{"cohen_kappa":[0.2969877505865627],"f1_scores":{"N1":[0.1566933991363356],"N2":[0.42850990525409133],"N3":[0.7374470659407139],"REM":[0.23076923076923078],"Wake":[0.44900133155792277],"macro":[0.4004841865316589]},"loss":[2.2424964904785156],"precisions":{"N1":[0.16282051282051282],"N2":[0.5174206968278731],"N3":[0.6825307950727884],"REM":[0.41605839416058393],"Wake":[0.33666134185303515],"macro":[0.4230983481469586]},"recalls":{"N1":[0.15101070154577884],"N2":[0.36567438441749356],"N3":[0.8019736842105263],"REM":[0.15966386554621848],"Wake":[0.6738609112709832],"macro":[0.4304367093982001]}}}},"test":{"confusion_matrices":{"abs":["[[2252, 332, 498, 44, 85], [1160, 479, 750, 91, 119], [2472, 1096, 2167, 1025, 162], [359, 93, 405, 3430, 9], [1344, 488, 611, 61, 307]]"]},"markov_matrices":{"abs":{"actual":["[[2639, 499, 37, 1, 34], [225, 1407, 847, 6, 114], [206, 561, 5876, 194, 85], [45, 19, 132, 4095, 5], [95, 113, 30, 0, 2573]]"],"predicted":["[[5949, 481, 781, 252, 123], [516, 1440, 372, 100, 60], [668, 435, 2947, 256, 125], [299, 83, 232, 4034, 3], [154, 49, 99, 9, 371]]"]}},"metrics":{"downstream":{"cohen_kappa":[0.2834160376482212],"f1_scores":{"N1":[0.18832317672498525],"N2":[0.38174931736104994],"N3":[0.7667374538951603],"REM":[0.17578013169195533],"Wake":[0.4171142804223004],"macro":[0.3859408720190903]},"loss":[2.2159034533378406],"precisions":{"N1":[0.192524115755627],"N2":[0.4890543895283232],"N3":[0.7374758116534079],"REM":[0.4501466275659824],"Wake":[0.29682351390536443],"macro":[0.433204891681741]},"recalls":{"N1":[0.18430165448249328],"N2":[0.31305980930366945],"N3":[0.7984171322160148],"REM":[0.10921380291711134],"Wake":[0.7013391466832762],"macro":[0.42126630912051305]}}}},"train":{},"valid_pretraining":{}}