{
    "earlystopping": {
        "confusion_matrices": {
            "abs": [
                "[[1156, 114, 90, 3, 9], [21, 250, 129, 1, 11], [11, 84, 3606, 216, 28], [1, 0, 79, 825, 0], [10, 79, 64, 0, 1156]]"
            ]
        },
        "markov_matrices": {
            "abs": {
                "actual": [
                    "[[1122, 217, 18, 0, 15], [56, 131, 215, 0, 10], [138, 60, 3629, 84, 34], [13, 1, 70, 821, 0], [42, 3, 13, 0, 1250]]"
                ],
                "predicted": [
                    "[[1016, 168, 8, 0, 7], [46, 292, 172, 0, 17], [95, 47, 3708, 79, 38], [13, 2, 64, 966, 0], [28, 18, 16, 0, 1142]]"
                ]
            }
        },
        "metrics": {
            "downstream": {
                "cohen_kappa": [
                    0.824733490198352
                ],
                "f1_scores": {
                    "N1": [
                        0.5324813631522897
                    ],
                    "N2": [
                        0.9114116011626437
                    ],
                    "N3": [
                        0.8461538461538461
                    ],
                    "REM": [
                        0.9200159172304019
                    ],
                    "Wake": [
                        0.8992609879424348
                    ],
                    "macro": [
                        0.8218647431283232
                    ]
                },
                "loss": [
                    0.3172529339790344
                ],
                "precisions": {
                    "N1": [
                        0.47438330170777987
                    ],
                    "N2": [
                        0.9087701612903226
                    ],
                    "N3": [
                        0.7894736842105263
                    ],
                    "REM": [
                        0.9601328903654485
                    ],
                    "Wake": [
                        0.9641367806505421
                    ],
                    "macro": [
                        0.8193793636449239
                    ]
                },
                "recalls": {
                    "N1": [
                        0.6067961165048543
                    ],
                    "N2": [
                        0.9140684410646388
                    ],
                    "N3": [
                        0.9116022099447514
                    ],
                    "REM": [
                        0.8831168831168831
                    ],
                    "Wake": [
                        0.8425655976676385
                    ],
                    "macro": [
                        0.8316298496597533
                    ]
                }
            }
        }
    },
    "test": {
        "confusion_matrices": {
            "abs": [
                "[[2213, 264, 214, 9, 56], [55, 449, 226, 2, 49], [39, 237, 6320, 405, 104], [1, 2, 140, 1352, 19], [8, 143, 212, 0, 1855]]"
            ]
        },
        "markov_matrices": {
            "abs": {
                "actual": [
                    "[[2267, 413, 59, 2, 15], [177, 247, 342, 0, 14], [239, 108, 6570, 128, 60], [22, 0, 108, 1384, 0], [50, 13, 26, 0, 2129]]"
                ],
                "predicted": [
                    "[[1951, 326, 34, 0, 5], [124, 596, 337, 0, 38], [187, 139, 6613, 74, 98], [10, 0, 64, 1693, 1], [43, 34, 64, 1, 1941]]"
                ]
            }
        },
        "metrics": {
            "downstream": {
                "cohen_kappa": [
                    0.7781134734834488
                ],
                "f1_scores": {
                    "N1": [
                        0.47867803837953093
                    ],
                    "N2": [
                        0.8890764577618344
                    ],
                    "N3": [
                        0.8238878732480195
                    ],
                    "REM": [
                        0.8625900953266682
                    ],
                    "Wake": [
                        0.8726340694006309
                    ],
                    "macro": [
                        0.7853733068233367
                    ]
                },
                "loss": [
                    0.41126774097311086
                ],
                "precisions": {
                    "N1": [
                        0.4100456621004566
                    ],
                    "N2": [
                        0.8886389201349831
                    ],
                    "N3": [
                        0.7647058823529411
                    ],
                    "REM": [
                        0.8905424867978876
                    ],
                    "Wake": [
                        0.9555267702936097
                    ],
                    "macro": [
                        0.7818919443359756
                    ]
                },
                "recalls": {
                    "N1": [
                        0.5749039692701664
                    ],
                    "N2": [
                        0.8895144264602393
                    ],
                    "N3": [
                        0.892998678996037
                    ],
                    "REM": [
                        0.8363390441839496
                    ],
                    "Wake": [
                        0.8029753265602322
                    ],
                    "macro": [
                        0.7993462890941249
                    ]
                }
            }
        }
    },
    "train": {},
    "valid_pretraining": {}
}
