{
    "earlystopping": {
        "confusion_matrices": {
            "abs": [
                "[[1027, 33, 53, 16, 243], [47, 79, 65, 12, 209], [144, 34, 1273, 520, 1974], [10, 0, 1, 772, 122], [28, 5, 14, 6, 1256]]"
            ]
        },
        "markov_matrices": {
            "abs": {
                "actual": [
                    "[[1122, 217, 18, 0, 15], [56, 131, 215, 0, 10], [138, 60, 3629, 84, 34], [13, 1, 70, 821, 0], [42, 3, 13, 0, 1250]]"
                ],
                "predicted": [
                    "[[1066, 67, 13, 19, 91], [14, 56, 58, 1, 22], [48, 18, 1252, 36, 51], [32, 2, 32, 1239, 21], [95, 8, 51, 31, 3619]]"
                ]
            }
        },
        "metrics": {
            "downstream": {
                "cohen_kappa": [
                    0.4335087634409177
                ],
                "f1_scores": {
                    "N1": [
                        0.28063943161634103
                    ],
                    "N2": [
                        0.47579891609045033
                    ],
                    "N3": [
                        0.6920663379650381
                    ],
                    "REM": [
                        0.4912966946997849
                    ],
                    "Wake": [
                        0.7815829528158296
                    ],
                    "macro": [
                        0.5442768666374888
                    ]
                },
                "loss": [
                    5.238625526428223
                ],
                "precisions": {
                    "N1": [
                        0.5231788079470199
                    ],
                    "N2": [
                        0.9054054054054054
                    ],
                    "N3": [
                        0.5822021116138764
                    ],
                    "REM": [
                        0.3301787592008412
                    ],
                    "Wake": [
                        0.8176751592356688
                    ],
                    "macro": [
                        0.6317280486805623
                    ]
                },
                "recalls": {
                    "N1": [
                        0.19174757281553398
                    ],
                    "N2": [
                        0.3226869455006337
                    ],
                    "N3": [
                        0.8530386740331491
                    ],
                    "REM": [
                        0.959511077158136
                    ],
                    "Wake": [
                        0.7485422740524781
                    ],
                    "macro": [
                        0.6151053087119862
                    ]
                }
            }
        }
    },
    "test": {
        "confusion_matrices": {
            "abs": [
                "[[2280, 34, 80, 19, 343], [249, 97, 85, 22, 328], [619, 73, 2754, 1023, 2636], [77, 6, 8, 1361, 62], [226, 5, 35, 5, 1947]]"
            ]
        },
        "markov_matrices": {
            "abs": {
                "actual": [
                    "[[2267, 413, 59, 2, 15], [177, 247, 342, 0, 14], [239, 108, 6570, 128, 60], [22, 0, 108, 1384, 0], [50, 13, 26, 0, 2129]]"
                ],
                "predicted": [
                    "[[2996, 99, 65, 73, 218], [22, 72, 73, 4, 44], [113, 26, 2594, 89, 140], [89, 6, 84, 2213, 37], [231, 12, 146, 51, 4876]]"
                ]
            }
        },
        "metrics": {
            "downstream": {
                "cohen_kappa": [
                    0.4682040436001458
                ],
                "f1_scores": {
                    "N1": [
                        0.19477911646586346
                    ],
                    "N2": [
                        0.5471342008542763
                    ],
                    "N3": [
                        0.6901622718052738
                    ],
                    "REM": [
                        0.5168569153172285
                    ],
                    "Wake": [
                        0.734654422426293
                    ],
                    "macro": [
                        0.536717385373787
                    ]
                },
                "loss": [
                    4.339708262476428
                ],
                "precisions": {
                    "N1": [
                        0.4511627906976744
                    ],
                    "N2": [
                        0.9297771775827144
                    ],
                    "N3": [
                        0.560082304526749
                    ],
                    "REM": [
                        0.3662528216704289
                    ],
                    "Wake": [
                        0.66067806432918
                    ],
                    "macro": [
                        0.5935906317613494
                    ]
                },
                "recalls": {
                    "N1": [
                        0.12419974391805377
                    ],
                    "N2": [
                        0.38761435608726247
                    ],
                    "N3": [
                        0.8989431968295905
                    ],
                    "REM": [
                        0.8778178539224527
                    ],
                    "Wake": [
                        0.8272859216255443
                    ],
                    "macro": [
                        0.6231722144765807
                    ]
                }
            }
        }
    },
    "train": {},
    "valid_pretraining": {}
}
