{"earlystopping":{"confusion_matrices":{"abs":["[[950, 95, 26, 27, 153], [122, 399, 218, 25, 77], [40, 294, 2053, 252, 82], [4, 6, 167, 1324, 19], [10, 107, 36, 10, 908]]"]},"markov_matrices":{"abs":{"actual":["[[981, 212, 41, 1, 16], [91, 401, 312, 1, 36], [102, 188, 2320, 72, 38], [30, 5, 38, 1446, 1], [46, 35, 10, 0, 980]]"],"predicted":["[[897, 166, 24, 12, 27], [69, 474, 221, 14, 122], [76, 122, 2140, 126, 36], [33, 13, 100, 1481, 11], [50, 126, 15, 5, 1043]]"]}},"metrics":{"downstream":{"cohen_kappa":[0.6882238550950406],"f1_scores":{"N1":[0.4580941446613088],"N2":[0.7864393794292281],"N3":[0.8385053831538949],"REM":[0.7861471861471861],"Wake":[0.7993268826251577],"macro":[0.7337025952033551]},"loss":[1.352746073404948],"precisions":{"N1":[0.4428412874583796],"N2":[0.8212],"N3":[0.8083028083028083],"REM":[0.7328490718321227],"Wake":[0.8436944937833037],"macro":[0.7297775322753229]},"recalls":{"N1":[0.47443519619500596],"N2":[0.7545020213156928],"N3":[0.8710526315789474],"REM":[0.8478057889822596],"Wake":[0.759392486011191],"macro":[0.7414376248166195]}}}},"test":{"confusion_matrices":{"abs":["[[2521, 291, 259, 21, 119], [436, 916, 886, 22, 339], [277, 933, 4866, 414, 432], [15, 36, 907, 3315, 23], [60, 441, 305, 6, 1999]]"]},"markov_matrices":{"abs":{"actual":["[[2639, 499, 37, 1, 34], [225, 1407, 847, 6, 114], [206, 561, 5876, 194, 85], [45, 19, 132, 4095, 5], [95, 113, 30, 0, 2573]]"],"predicted":["[[2745, 421, 81, 9, 52], [251, 1415, 598, 26, 327], [185, 403, 6239, 258, 138], [33, 30, 217, 3471, 27], [94, 348, 88, 14, 2368]]"]}},"metrics":{"downstream":{"cohen_kappa":[0.5909194610229511],"f1_scores":{"N1":[0.3512269938650307],"N2":[0.688016967126193],"N3":[0.8211543225167204],"REM":[0.6985846583959462],"Wake":[0.7733128834355828],"macro":[0.6664591650678946]},"loss":[2.1490492209410057],"precisions":{"N1":[0.350019105846389],"N2":[0.6736812958604458],"N3":[0.8774483853890948],"REM":[0.6864697802197802],"Wake":[0.76186158960411],"macro":[0.6698960313839639]},"recalls":{"N1":[0.35244324740284727],"N2":[0.7029760184917654],"N3":[0.7716480446927374],"REM":[0.7111348274635361],"Wake":[0.7851136717533479],"macro":[0.6646631619608468]}}}},"train":{},"valid_pretraining":{}}