{"earlystopping":{"confusion_matrices":{"abs":["[[1292, 194, 48, 5, 167], [184, 378, 224, 8, 116], [97, 263, 1699, 174, 122], [13, 2, 214, 1153, 0], [31, 41, 82, 14, 925]]"]},"markov_matrices":{"abs":{"actual":["[[1401, 259, 37, 0, 9], [125, 439, 301, 1, 44], [114, 165, 1969, 73, 33], [25, 5, 43, 1308, 1], [40, 42, 5, 0, 1006]]"],"predicted":["[[1276, 233, 68, 10, 30], [130, 390, 309, 1, 47], [132, 207, 1774, 89, 65], [38, 2, 61, 1252, 1], [40, 46, 55, 2, 1187]]"]}},"metrics":{"downstream":{"cohen_kappa":[0.6556225747242161],"f1_scores":{"N1":[0.4228187919463087],"N2":[0.735179575941151],"N3":[0.8428362573099415],"REM":[0.7635163021048287],"Wake":[0.7776105928377972],"macro":[0.7083923040280055]},"loss":[1.335411580403646],"precisions":{"N1":[0.4305239179954442],"N2":[0.7494486104984561],"N3":[0.8515509601181684],"REM":[0.6954887218045113],"Wake":[0.7990105132962276],"macro":[0.7052045447425616]},"recalls":{"N1":[0.4153846153846154],"N2":[0.7214437367303609],"N3":[0.8342981186685963],"REM":[0.8462946020128088],"Wake":[0.757327080890973],"macro":[0.7149496307374709]}}}},"test":{"confusion_matrices":{"abs":["[[4135, 503, 121, 25, 256], [675, 1149, 899, 57, 627], [639, 738, 4394, 679, 659], [78, 4, 469, 3143, 107], [206, 82, 169, 3, 1974]]"]},"markov_matrices":{"abs":{"actual":["[[4102, 786, 104, 4, 43], [364, 1729, 1099, 3, 212], [382, 681, 5745, 228, 73], [56, 29, 147, 3566, 3], [135, 182, 14, 0, 2103]]"],"predicted":["[[4686, 639, 201, 52, 154], [407, 1154, 737, 4, 174], [328, 517, 4791, 211, 205], [115, 10, 144, 3619, 19], [196, 156, 179, 21, 3071]]"]}},"metrics":{"downstream":{"cohen_kappa":[0.5888901600482936],"f1_scores":{"N1":[0.3906170321264661],"N2":[0.6677304156219133],"N3":[0.8155163466528282],"REM":[0.6518078256562655],"Wake":[0.767659890466908],"macro":[0.6586663021048762]},"loss":[1.7758155645326126],"precisions":{"N1":[0.4640549273021002],"N2":[0.7260409781890285],"N3":[0.8044535449193755],"REM":[0.5448523323212807],"Wake":[0.721262864120007],"macro":[0.6521329293703584]},"recalls":{"N1":[0.3372468447314353],"N2":[0.6180897453931636],"N3":[0.8268876611418048],"REM":[0.8110106820049302],"Wake":[0.8204365079365079],"macro":[0.6827342882415683]}}}},"train":{},"valid_pretraining":{}}