{"earlystopping":{"confusion_matrices":{"abs":["[[5776, 278, 18, 4, 10], [257, 853, 511, 16, 123], [32, 234, 5657, 473, 101], [1, 1, 354, 1191, 2], [14, 140, 310, 2, 2286]]"]},"markov_matrices":{"abs":{"actual":["[[5819, 253, 12, 0, 1], [157, 1185, 319, 2, 97], [66, 186, 5820, 317, 108], [7, 16, 296, 1230, 0], [36, 120, 50, 0, 2546]]"],"predicted":["[[5797, 242, 27, 1, 12], [120, 1116, 243, 0, 27], [100, 110, 6371, 176, 93], [7, 2, 168, 1509, 0], [55, 36, 41, 0, 2390]]"]}},"metrics":{"downstream":{"cohen_kappa":[0.7884373485753725],"f1_scores":{"N1":[0.5223515003061849],"N2":[0.8476811268449839],"N3":[0.736321483771252],"REM":[0.8668941979522184],"Wake":[0.9495314811770508],"macro":[0.7845559580103381]},"loss":[0.4156758591935441],"precisions":{"N1":[0.5664010624169987],"N2":[0.8258394160583942],"N3":[0.7064056939501779],"REM":[0.9064234734337827],"Wake":[0.95],"macro":[0.7910139291718707]},"recalls":{"N1":[0.48465909090909093],"N2":[0.8707095582576574],"N3":[0.7688831504196255],"REM":[0.8306686046511628],"Wake":[0.9490634242523825],"macro":[0.7807967656979837]}}}},"test":{"confusion_matrices":{"abs":["[[9293, 330, 34, 3, 22], [383, 1699, 665, 4, 248], [61, 704, 11186, 475, 340], [0, 5, 439, 1730, 0], [68, 194, 258, 0, 4117]]"]},"markov_matrices":{"abs":{"actual":["[[9241, 410, 25, 0, 5], [217, 2136, 559, 2, 85], [152, 323, 11813, 339, 139], [16, 13, 311, 1833, 1], [55, 117, 58, 0, 4407]]"],"predicted":["[[9332, 415, 21, 1, 35], [172, 2185, 488, 0, 87], [191, 226, 11840, 170, 155], [13, 1, 157, 2041, 0], [96, 105, 76, 0, 4450]]"]}},"metrics":{"downstream":{"cohen_kappa":[0.8178152871448117],"f1_scores":{"N1":[0.5729219355926488],"N2":[0.8825942875177529],"N3":[0.7888736890104879],"REM":[0.8793250747543785],"Wake":[0.9537640478267563],"macro":[0.8154958069404049]},"loss":[0.34924909472465515],"precisions":{"N1":[0.5794679399727148],"N2":[0.8890478461293911],"N3":[0.7820976491862568],"REM":[0.8709540935053945],"Wake":[0.9477817440081591],"macro":[0.8138698545603834]},"recalls":{"N1":[0.5665221740580193],"N2":[0.8762337458875137],"N3":[0.795768169273229],"REM":[0.8878585292214795],"Wake":[0.9598223507539765],"macro":[0.8172409938388435]}}}},"train":{},"valid_pretraining":{}}