{"earlystopping":{"confusion_matrices":{"abs":["[[1213, 81, 113, 14, 67], [89, 107, 177, 14, 84], [27, 36, 3157, 357, 263], [0, 0, 149, 770, 0], [103, 10, 193, 2, 858]]"]},"markov_matrices":{"abs":{"actual":["[[1224, 231, 17, 0, 15], [74, 164, 222, 0, 11], [132, 73, 3531, 73, 31], [11, 0, 62, 846, 0], [46, 3, 8, 0, 1109]]"],"predicted":["[[1217, 89, 97, 2, 26], [36, 100, 77, 3, 18], [119, 36, 3446, 75, 113], [12, 1, 63, 1072, 9], [47, 8, 106, 5, 1106]]"]}},"metrics":{"downstream":{"cohen_kappa":[0.6724530514559812],"f1_scores":{"N1":[0.30354609929078014],"N2":[0.8276314064752918],"N3":[0.7418111753371869],"REM":[0.7038556193601312],"Wake":[0.8308219178082191],"macro":[0.6815332436543218]},"loss":[1.805368423461914],"precisions":{"N1":[0.45726495726495725],"N2":[0.8332013723937715],"N3":[0.665514261019879],"REM":[0.6745283018867925],"Wake":[0.8470670391061452],"macro":[0.6955151863343091]},"recalls":{"N1":[0.22717622080679406],"N2":[0.8221354166666667],"N3":[0.8378672470076169],"REM":[0.7358490566037735],"Wake":[0.8151881720430108],"macro":[0.6876432226255724]}}}},"test":{"confusion_matrices":{"abs":["[[1978, 115, 236, 29, 158], [147, 202, 224, 17, 116], [235, 69, 4418, 1018, 791], [2, 1, 144, 1370, 10], [186, 51, 265, 19, 1650]]"]},"markov_matrices":{"abs":{"actual":["[[2107, 335, 57, 1, 15], [101, 257, 328, 0, 20], [233, 100, 5972, 176, 50], [18, 3, 155, 1350, 1], [56, 11, 19, 0, 2085]]"],"predicted":["[[2074, 180, 183, 8, 103], [63, 175, 149, 3, 48], [254, 52, 4677, 165, 138], [29, 4, 148, 2236, 36], [127, 27, 130, 41, 2400]]"]}},"metrics":{"downstream":{"cohen_kappa":[0.6034582654371229],"f1_scores":{"N1":[0.3531468531468531],"N2":[0.7476730411237096],"N3":[0.6884422110552763],"REM":[0.6740196078431373],"Wake":[0.7812006319115324],"macro":[0.6488964690161018]},"loss":[1.9938752916124132],"precisions":{"N1":[0.4611872146118721],"N2":[0.8356345753735578],"N3":[0.5584997961679576],"REM":[0.6055045871559633],"Wake":[0.7762951334379906],"macro":[0.6474242613494683]},"recalls":{"N1":[0.28611898016997167],"N2":[0.6764660848262134],"N3":[0.8971840209561232],"REM":[0.7600184246890834],"Wake":[0.7861685214626392],"macro":[0.6811912064208061]}}}},"train":{},"valid_pretraining":{}}