{"earlystopping":{"confusion_matrices":{"abs":["[[595, 552, 246, 263, 50], [169, 367, 214, 145, 15], [229, 563, 817, 734, 12], [22, 57, 129, 1174, 0], [170, 404, 272, 196, 51]]"]},"markov_matrices":{"abs":{"actual":["[[1401, 259, 37, 0, 9], [125, 439, 301, 1, 44], [114, 165, 1969, 73, 33], [25, 5, 43, 1308, 1], [40, 42, 5, 0, 1006]]"],"predicted":["[[788, 166, 101, 108, 22], [208, 1336, 239, 129, 30], [69, 233, 1204, 148, 24], [101, 173, 118, 2114, 6], [19, 35, 16, 13, 45]]"]}},"metrics":{"downstream":{"cohen_kappa":[0.24982686549452782],"f1_scores":{"N1":[0.257273045916579],"N2":[0.4051574510290107],"N3":[0.6029789419619929],"REM":[0.08353808353808354],"Wake":[0.4116222760290557],"macro":[0.35211395969494436]},"loss":[3.042853291829427],"precisions":{"N1":[0.18888317035512095],"N2":[0.4868891537544696],"N3":[0.46735668789808915],"REM":[0.3984375],"Wake":[0.5021097046413502],"macro":[0.408735243329806]},"recalls":{"N1":[0.4032967032967033],"N2":[0.34692144373673034],"N3":[0.849493487698987],"REM":[0.04666056724611162],"Wake":[0.34876905041031653],"macro":[0.39902825047776974]}}}},"test":{"confusion_matrices":{"abs":["[[1732, 2086, 597, 495, 130], [672, 1388, 648, 641, 58], [1159, 2075, 1844, 1962, 69], [126, 187, 238, 3240, 10], [636, 898, 450, 347, 103]]"]},"markov_matrices":{"abs":{"actual":["[[4102, 786, 104, 4, 43], [364, 1729, 1099, 3, 212], [382, 681, 5745, 228, 73], [56, 29, 147, 3566, 3], [135, 182, 14, 0, 2103]]"],"predicted":["[[2959, 678, 292, 329, 67], [745, 4735, 640, 420, 94], [226, 586, 2585, 324, 55], [321, 535, 227, 5576, 26], [74, 99, 33, 36, 128]]"]}},"metrics":{"downstream":{"cohen_kappa":[0.22120272015430398],"f1_scores":{"N1":[0.27646648740165325],"N2":[0.33878375895645785],"N3":[0.6179668128933816],"REM":[0.07346647646219687],"Wake":[0.36988788040576615],"macro":[0.3353142832238911]},"loss":[3.0274846276571585],"precisions":{"N1":[0.20922520349713597],"N2":[0.4882181625628806],"N3":[0.4846671652954376],"REM":[0.27837837837837837],"Wake":[0.40046242774566476],"macro":[0.37219026749589945]},"recalls":{"N1":[0.4073965365424127],"N2":[0.25938950625967083],"N3":[0.8524072612470402],"REM":[0.042317173377156944],"Wake":[0.34365079365079365],"macro":[0.38103225421541487]}}}},"train":{},"valid_pretraining":{}}