{"earlystopping":{"confusion_matrices":{"abs":["[[1139, 5, 221, 2, 5], [313, 0, 98, 1, 0], [2562, 4, 1190, 188, 1], [613, 0, 116, 176, 0], [1167, 1, 139, 2, 0]]"]},"markov_matrices":{"abs":{"actual":["[[1122, 217, 18, 0, 15], [56, 131, 215, 0, 10], [138, 60, 3629, 84, 34], [13, 1, 70, 821, 0], [42, 3, 13, 0, 1250]]"],"predicted":["[[5401, 5, 354, 29, 4], [3, 1, 5, 1, 0], [357, 3, 1362, 41, 1], [32, 1, 38, 298, 0], [1, 0, 4, 0, 1]]"]}},"metrics":{"downstream":{"cohen_kappa":[0.09705771154208687],"f1_scores":{"N1":[0.0],"N2":[0.4168856191977579],"N3":[0.27629513343799056],"REM":[0.0],"Wake":[0.3178900362824449],"macro":[0.20221415778363866]},"loss":[5.415541648864746],"precisions":{"N1":[0.0],"N2":[0.6746031746031746],"N3":[0.47696476964769646],"REM":[0.0],"Wake":[0.1965826717293752],"macro":[0.2696301231960493]},"recalls":{"N1":[0.0],"N2":[0.30164765525982257],"N3":[0.19447513812154696],"REM":[0.0],"Wake":[0.8301749271137027],"macro":[0.2652595440990145]}}}},"test":{"confusion_matrices":{"abs":["[[2246, 8, 473, 29, 0], [625, 1, 150, 4, 1], [4311, 11, 2449, 332, 2], [723, 1, 188, 602, 0], [1870, 5, 327, 16, 0]]"]},"markov_matrices":{"abs":{"actual":["[[2267, 413, 59, 2, 15], [177, 247, 342, 0, 14], [239, 108, 6570, 128, 60], [22, 0, 108, 1384, 0], [50, 13, 26, 0, 2129]]"],"predicted":["[[8882, 12, 818, 60, 2], [13, 6, 7, 0, 0], [831, 6, 2667, 82, 1], [48, 2, 92, 841, 0], [0, 0, 3, 0, 0]]"]}},"metrics":{"downstream":{"cohen_kappa":[0.14549375903899686],"f1_scores":{"N1":[0.0024783147459727386],"N2":[0.45809951365506923],"N3":[0.48217861433720466],"REM":[0.0],"Wake":[0.3584709919399888],"macro":[0.2602454869356471]},"loss":[4.501915241109914],"precisions":{"N1":[0.038461538461538464],"N2":[0.6827432394758851],"N3":[0.612410986775178],"REM":[0.0],"Wake":[0.22976982097186702],"macro":[0.3126771171368937]},"recalls":{"N1":[0.0012804097311139564],"N2":[0.34468684025334273],"N3":[0.39762219286657857],"REM":[0.0],"Wake":[0.8149492017416545],"macro":[0.311707728918538]}}}},"train":{},"valid_pretraining":{}}