{
    "earlystopping": {
        "confusion_matrices": {
            "abs": [
                "[[837, 20, 85, 0, 166], [111, 81, 88, 2, 146], [74, 81, 1717, 309, 1916], [3, 33, 16, 603, 253], [46, 27, 37, 0, 1143]]"
            ]
        },
        "markov_matrices": {
            "abs": {
                "actual": [
                    "[[862, 210, 21, 0, 14], [64, 148, 206, 0, 10], [130, 65, 3781, 89, 32], [11, 1, 77, 819, 0], [40, 4, 12, 0, 1197]]"
                ],
                "predicted": [
                    "[[813, 89, 51, 6, 112], [15, 108, 61, 1, 57], [73, 15, 1561, 36, 258], [7, 1, 31, 808, 67], [162, 29, 239, 63, 3130]]"
                ]
            }
        },
        "metrics": {
            "downstream": {
                "cohen_kappa": [
                    0.4232854561947694
                ],
                "f1_scores": {
                    "N1": [
                        0.24179104477611935
                    ],
                    "N2": [
                        0.568543046357616
                    ],
                    "N3": [
                        0.6619099890230516
                    ],
                    "REM": [
                        0.4687307771170801
                    ],
                    "Wake": [
                        0.768242312987609
                    ],
                    "macro": [
                        0.5418434340522952
                    ]
                },
                "loss": [
                    3.675645112991333
                ],
                "precisions": {
                    "N1": [
                        0.3347107438016529
                    ],
                    "N2": [
                        0.8836850231600618
                    ],
                    "N3": [
                        0.6597374179431073
                    ],
                    "REM": [
                        0.31539735099337746
                    ],
                    "Wake": [
                        0.7815126050420168
                    ],
                    "macro": [
                        0.5950086281880432
                    ]
                },
                "recalls": {
                    "N1": [
                        0.18925233644859812
                    ],
                    "N2": [
                        0.4190871369294606
                    ],
                    "N3": [
                        0.6640969162995595
                    ],
                    "REM": [
                        0.9122106943335994
                    ],
                    "Wake": [
                        0.7554151624548736
                    ],
                    "macro": [
                        0.5880124492932183
                    ]
                }
            }
        }
    },
    "test": {
        "confusion_matrices": {
            "abs": [
                "[[1937, 41, 91, 3, 299], [417, 131, 51, 1, 154], [895, 267, 2367, 207, 2748], [18, 3, 55, 910, 455], [98, 35, 102, 0, 1889]]"
            ]
        },
        "markov_matrices": {
            "abs": {
                "actual": [
                    "[[1925, 362, 71, 0, 13], [125, 270, 344, 1, 14], [256, 108, 5893, 174, 52], [18, 2, 155, 1266, 0], [46, 12, 21, 0, 2045]]"
                ],
                "predicted": [
                    "[[2861, 170, 104, 25, 205], [58, 196, 140, 3, 80], [135, 74, 2108, 64, 285], [38, 1, 65, 954, 63], [272, 36, 249, 75, 4912]]"
                ]
            }
        },
        "metrics": {
            "downstream": {
                "cohen_kappa": [
                    0.41834879850599827
                ],
                "f1_scores": {
                    "N1": [
                        0.2128350934199838
                    ],
                    "N2": [
                        0.5173770491803279
                    ],
                    "N3": [
                        0.7103825136612022
                    ],
                    "REM": [
                        0.4926326770113444
                    ],
                    "Wake": [
                        0.6753835425383542
                    ],
                    "macro": [
                        0.5217221751622424
                    ]
                },
                "loss": [
                    4.057402977576623
                ],
                "precisions": {
                    "N1": [
                        0.2746331236897275
                    ],
                    "N2": [
                        0.8878469617404351
                    ],
                    "N3": [
                        0.8117752007136485
                    ],
                    "REM": [
                        0.34066726780883677
                    ],
                    "Wake": [
                        0.575631500742942
                    ],
                    "macro": [
                        0.578110810939118
                    ]
                },
                "recalls": {
                    "N1": [
                        0.17374005305039789
                    ],
                    "N2": [
                        0.3650524367674275
                    ],
                    "N3": [
                        0.6315058986814712
                    ],
                    "REM": [
                        0.8893596986817326
                    ],
                    "Wake": [
                        0.8169548713622944
                    ],
                    "macro": [
                        0.5753225917086647
                    ]
                }
            }
        }
    },
    "train": {},
    "valid_pretraining": {}
}
