{"earlystopping":{"confusion_matrices":{"abs":["[[995, 35, 5, 12, 330], [261, 86, 72, 73, 383], [131, 49, 902, 647, 728], [28, 0, 24, 1395, 96], [27, 3, 10, 1, 1187]]"]},"markov_matrices":{"abs":{"actual":["[[1107, 224, 32, 1, 13], [103, 420, 304, 1, 47], [91, 183, 2069, 75, 39], [26, 6, 44, 1466, 0], [49, 42, 8, 0, 1129]]"],"predicted":["[[1178, 82, 41, 30, 111], [30, 56, 61, 5, 21], [55, 22, 745, 69, 122], [54, 1, 53, 1955, 64], [124, 12, 113, 69, 2406]]"]}},"metrics":{"downstream":{"cohen_kappa":[0.5121652616078165],"f1_scores":{"N1":[0.16412213740458015],"N2":[0.5198847262247839],"N3":[0.7600108962135658],"REM":[0.6007085020242915],"Wake":[0.7059240865555162],"macro":[0.5501300696845475]},"loss":[3.0840728759765623],"precisions":{"N1":[0.49710982658959535],"N2":[0.8904244817374136],"N3":[0.6555451127819549],"REM":[0.4357562408223201],"Wake":[0.6900138696255201],"macro":[0.6337699063113609]},"recalls":{"N1":[0.09828571428571428],"N2":[0.3671143671143671],"N3":[0.9040829552819183],"REM":[0.9666123778501629],"Wake":[0.7225853304284677],"macro":[0.611736148992126]}}}},"test":{"confusion_matrices":{"abs":["[[3229, 298, 50, 49, 1535], [478, 318, 259, 102, 1426], [258, 131, 1894, 1112, 2111], [50, 1, 107, 3300, 265], [50, 5, 25, 30, 2183]]"]},"markov_matrices":{"abs":{"actual":["[[4415, 676, 55, 1, 13], [385, 1308, 745, 5, 140], [218, 440, 4532, 223, 93], [51, 23, 150, 3494, 5], [91, 136, 24, 0, 2042]]"],"predicted":["[[3350, 191, 68, 40, 416], [94, 370, 167, 6, 116], [112, 94, 1727, 176, 226], [83, 6, 156, 4185, 163], [425, 92, 217, 186, 6599]]"]}},"metrics":{"downstream":{"cohen_kappa":[0.46615355589735163],"f1_scores":{"N1":[0.1906474820143885],"N2":[0.48310164519831655],"N3":[0.7936507936507936],"REM":[0.4449200040762254],"Wake":[0.6999783221331021],"macro":[0.5224596494145652]},"loss":[3.654027035361842],"precisions":{"N1":[0.42231075697211157],"N2":[0.811134903640257],"N3":[0.7184846505551927],"REM":[0.2902925531914894],"Wake":[0.7943419434194342],"macro":[0.6073129615556969]},"recalls":{"N1":[0.12311265969802555],"N2":[0.3439883763167454],"N3":[0.8863819500402901],"REM":[0.9520279110335804],"Wake":[0.6256539430342957],"macro":[0.5862329680245874]}}}},"train":{},"valid_pretraining":{}}