{"earlystopping":{"confusion_matrices":{"abs":["[[578, 78, 489, 62, 44], [110, 50, 569, 57, 55], [140, 196, 1823, 426, 136], [43, 7, 363, 1077, 30], [358, 72, 502, 41, 98]]"]},"markov_matrices":{"abs":{"actual":["[[981, 212, 41, 1, 16], [91, 401, 312, 1, 36], [102, 188, 2320, 72, 38], [30, 5, 38, 1446, 1], [46, 35, 10, 0, 980]]"],"predicted":["[[828, 43, 269, 53, 35], [38, 149, 170, 28, 18], [261, 172, 2857, 315, 141], [53, 20, 315, 1246, 29], [49, 19, 134, 21, 140]]"]}},"metrics":{"downstream":{"cohen_kappa":[0.29776766566461865],"f1_scores":{"N1":[0.08038585209003216],"N2":[0.563785371888047],"N3":[0.6767200754005656],"REM":[0.13668061366806136],"Wake":[0.4661290322580645],"macro":[0.38474018906095414]},"loss":[2.850145467122396],"precisions":{"N1":[0.12406947890818859],"N2":[0.48665242925787505],"N3":[0.6476247745039087],"REM":[0.2699724517906336],"Wake":[0.47030105777054515],"macro":[0.3997240384462302]},"recalls":{"N1":[0.059453032104637336],"N2":[0.6699742741639103],"N3":[0.7085526315789473],"REM":[0.0915032679738562],"Wake":[0.46203037569944044],"macro":[0.3983027163041583]}}}},"test":{"confusion_matrices":{"abs":["[[723, 125, 1960, 112, 291], [205, 125, 1912, 168, 189], [399, 314, 4836, 1041, 332], [113, 47, 1221, 2875, 40], [487, 161, 1593, 128, 442]]"]},"markov_matrices":{"abs":{"actual":["[[2639, 499, 37, 1, 34], [225, 1407, 847, 6, 114], [206, 561, 5876, 194, 85], [45, 19, 132, 4095, 5], [95, 113, 30, 0, 2573]]"],"predicted":["[[1064, 69, 532, 151, 111], [58, 266, 314, 67, 67], [530, 335, 9265, 868, 524], [142, 60, 886, 3174, 61], [133, 42, 524, 64, 531]]"]}},"metrics":{"downstream":{"cohen_kappa":[0.2413640596078923],"f1_scores":{"N1":[0.07416196974191634],"N2":[0.5243981782693559],"N3":[0.6670533642691415],"REM":[0.215347137637028],"Wake":[0.2814324639937719],"macro":[0.35247862278224273]},"loss":[2.7928826747796474],"precisions":{"N1":[0.16191709844559585],"N2":[0.41971879881964935],"N3":[0.6648936170212766],"REM":[0.3415765069551777],"Wake":[0.3751946030098599],"macro":[0.3926601248503119]},"recalls":{"N1":[0.04809542131589073],"N2":[0.6986420109794858],"N3":[0.6692271880819367],"REM":[0.15723941657773036],"Wake":[0.2251635004671442],"macro":[0.35967350748443755]}}}},"train":{},"valid_pretraining":{}}