{
    "earlystopping": {
        "confusion_matrices": {
            "abs": [
                "[[578, 2, 340, 30, 538], [63, 0, 201, 8, 199], [18, 1, 2586, 624, 611], [0, 0, 127, 791, 1], [9, 0, 153, 49, 955]]"
            ]
        },
        "markov_matrices": {
            "abs": {
                "actual": [
                    "[[1224, 231, 17, 0, 15], [74, 164, 222, 0, 11], [132, 73, 3531, 73, 31], [11, 0, 62, 846, 0], [46, 3, 8, 0, 1109]]"
                ],
                "predicted": [
                    "[[598, 2, 29, 0, 39], [0, 0, 1, 0, 2], [28, 0, 3061, 108, 210], [0, 0, 97, 1368, 37], [41, 1, 219, 26, 2016]]"
                ]
            }
        },
        "metrics": {
            "downstream": {
                "cohen_kappa": [
                    0.467263129187501
                ],
                "f1_scores": {
                    "N1": [
                        0.0
                    ],
                    "N2": [
                        0.7136746239823375
                    ],
                    "N3": [
                        0.6534489880214788
                    ],
                    "REM": [
                        0.5504322766570605
                    ],
                    "Wake": [
                        0.536178107606679
                    ],
                    "macro": [
                        0.4907467992535112
                    ]
                },
                "loss": [
                    1.8611702919006348
                ],
                "precisions": {
                    "N1": [
                        0.0
                    ],
                    "N2": [
                        0.7590255356618726
                    ],
                    "N3": [
                        0.5266311584553928
                    ],
                    "REM": [
                        0.4144965277777778
                    ],
                    "Wake": [
                        0.8652694610778443
                    ],
                    "macro": [
                        0.5130845365945775
                    ]
                },
                "recalls": {
                    "N1": [
                        0.0
                    ],
                    "N2": [
                        0.6734375
                    ],
                    "N3": [
                        0.8607181719260065
                    ],
                    "REM": [
                        0.8190394511149228
                    ],
                    "Wake": [
                        0.38844086021505375
                    ],
                    "macro": [
                        0.5483271966511967
                    ]
                }
            }
        }
    },
    "test": {
        "confusion_matrices": {
            "abs": [
                "[[766, 4, 746, 196, 804], [34, 2, 265, 30, 375], [17, 1, 3785, 1294, 1434], [0, 0, 165, 1356, 6], [15, 1, 310, 290, 1555]]"
            ]
        },
        "markov_matrices": {
            "abs": {
                "actual": [
                    "[[2107, 335, 57, 1, 15], [101, 257, 328, 0, 20], [233, 100, 5972, 176, 50], [18, 3, 155, 1350, 1], [56, 11, 19, 0, 2085]]"
                ],
                "predicted": [
                    "[[724, 3, 36, 4, 65], [2, 2, 2, 1, 1], [52, 2, 4552, 313, 352], [7, 1, 291, 2781, 85], [47, 0, 390, 67, 3670]]"
                ]
            }
        },
        "metrics": {
            "downstream": {
                "cohen_kappa": [
                    0.3829471575451816
                ],
                "f1_scores": {
                    "N1": [
                        0.0056022408963585435
                    ],
                    "N2": [
                        0.6414167090323674
                    ],
                    "N3": [
                        0.5778819518431707
                    ],
                    "REM": [
                        0.49014972419227737
                    ],
                    "Wake": [
                        0.45758661887694146
                    ],
                    "macro": [
                        0.43452744896822304
                    ]
                },
                "loss": [
                    2.192302138717086
                ],
                "precisions": {
                    "N1": [
                        0.25
                    ],
                    "N2": [
                        0.7180800607095428
                    ],
                    "N3": [
                        0.42830069488313327
                    ],
                    "REM": [
                        0.3725443219932918
                    ],
                    "Wake": [
                        0.9206730769230769
                    ],
                    "macro": [
                        0.5379196309018089
                    ]
                },
                "recalls": {
                    "N1": [
                        0.0028328611898017
                    ],
                    "N2": [
                        0.5795437145919461
                    ],
                    "N3": [
                        0.888015717092338
                    ],
                    "REM": [
                        0.7162597881160755
                    ],
                    "Wake": [
                        0.30445151033386325
                    ],
                    "macro": [
                        0.49822071826480485
                    ]
                }
            }
        }
    },
    "train": {},
    "valid_pretraining": {}
}
