{
    "earlystopping": {
        "confusion_matrices": {
            "abs": [
                "[[1188, 55, 75, 0, 54], [77, 70, 155, 1, 109], [188, 47, 1710, 321, 1679], [10, 0, 26, 833, 36], [79, 12, 96, 1, 1121]]"
            ]
        },
        "markov_matrices": {
            "abs": {
                "actual": [
                    "[[1122, 217, 18, 0, 15], [56, 131, 215, 0, 10], [138, 60, 3629, 84, 34], [13, 1, 70, 821, 0], [42, 3, 13, 0, 1250]]"
                ],
                "predicted": [
                    "[[1344, 75, 63, 5, 55], [16, 73, 62, 1, 32], [73, 19, 1808, 38, 123], [24, 1, 27, 1079, 25], [84, 16, 102, 33, 2764]]"
                ]
            }
        },
        "metrics": {
            "downstream": {
                "cohen_kappa": [
                    0.49792596694820934
                ],
                "f1_scores": {
                    "N1": [
                        0.23489932885906042
                    ],
                    "N2": [
                        0.5693357749292492
                    ],
                    "N3": [
                        0.8083454633672974
                    ],
                    "REM": [
                        0.520427112349118
                    ],
                    "Wake": [
                        0.8153740562800275
                    ],
                    "macro": [
                        0.5896763471569505
                    ]
                },
                "loss": [
                    2.87334942817688
                ],
                "precisions": {
                    "N1": [
                        0.3804347826086957
                    ],
                    "N2": [
                        0.8292919495635306
                    ],
                    "N3": [
                        0.7205882352941176
                    ],
                    "REM": [
                        0.3737912637545849
                    ],
                    "Wake": [
                        0.7704280155642024
                    ],
                    "macro": [
                        0.6149068493570262
                    ]
                },
                "recalls": {
                    "N1": [
                        0.16990291262135923
                    ],
                    "N2": [
                        0.43346007604562736
                    ],
                    "N3": [
                        0.9204419889502763
                    ],
                    "REM": [
                        0.8563789152024446
                    ],
                    "Wake": [
                        0.8658892128279884
                    ],
                    "macro": [
                        0.6492146211295392
                    ]
                }
            }
        }
    },
    "test": {
        "confusion_matrices": {
            "abs": [
                "[[2523, 21, 59, 5, 148], [379, 69, 164, 6, 163], [612, 107, 3784, 769, 1833], [18, 2, 36, 1426, 32], [229, 12, 453, 11, 1513]]"
            ]
        },
        "markov_matrices": {
            "abs": {
                "actual": [
                    "[[2267, 413, 59, 2, 15], [177, 247, 342, 0, 14], [239, 108, 6570, 128, 60], [22, 0, 108, 1384, 0], [50, 13, 26, 0, 2129]]"
                ],
                "predicted": [
                    "[[3396, 84, 134, 28, 119], [21, 62, 59, 25, 44], [142, 11, 4105, 71, 167], [59, 17, 50, 2065, 25], [142, 37, 148, 28, 3334]]"
                ]
            }
        },
        "metrics": {
            "downstream": {
                "cohen_kappa": [
                    0.5234694178660431
                ],
                "f1_scores": {
                    "N1": [
                        0.13911290322580644
                    ],
                    "N2": [
                        0.6523575553831567
                    ],
                    "N3": [
                        0.7644063253819351
                    ],
                    "REM": [
                        0.5122735737260877
                    ],
                    "Wake": [
                        0.7742826453889825
                    ],
                    "macro": [
                        0.5684866006211937
                    ]
                },
                "loss": [
                    3.0683428007980873
                ],
                "precisions": {
                    "N1": [
                        0.32701421800947866
                    ],
                    "N2": [
                        0.8416370106761566
                    ],
                    "N3": [
                        0.6432115471357691
                    ],
                    "REM": [
                        0.41013824884792627
                    ],
                    "Wake": [
                        0.670832225471949
                    ],
                    "macro": [
                        0.5785666500282559
                    ]
                },
                "recalls": {
                    "N1": [
                        0.088348271446863
                    ],
                    "N2": [
                        0.5325826882477129
                    ],
                    "N3": [
                        0.9418758256274768
                    ],
                    "REM": [
                        0.6821460775473399
                    ],
                    "Wake": [
                        0.9154571843251088
                    ],
                    "macro": [
                        0.6320820094389004
                    ]
                }
            }
        }
    },
    "train": {},
    "valid_pretraining": {}
}
